page,json_path,classification,finding
https://www.805shutters.com/,$[0].@graph[0],Approved identity,telephone lacks approved +1 format
https://www.805shutters.com/,$[0].@graph[0],Approved identity,url lacks trailing slash
https://www.805shutters.com/,$[0].@graph[0],Google required / deliberately omitted,address absent; service-area privacy rule retained; LocalBusiness rich-result eligibility gap
https://www.805shutters.com/,$[0].@graph[0],Google recommended / deliberately omitted,geo absent; no verified customer-facing physical location
https://www.805shutters.com/,$[0].@graph[0],Approved geography,areaServed includes Santa Clarita; lacks explicit Ventura County; serviceArea includes North Los Angeles County
https://www.805shutters.com/,$[0].@graph[0],Approved identity,sameAs Maps and Instagram variants differ from requested exact URLs (not evidence of wrong entity)
https://www.805shutters.com/,$[0].@graph[0].makesOffer,Schema.org range error,makesOffer contains Text; expected Offer
https://www.805shutters.com/shutters/,$[0].@graph[0],Approved identity,telephone lacks approved +1 format
https://www.805shutters.com/shutters/,$[0].@graph[0],Approved identity,url lacks trailing slash
https://www.805shutters.com/shutters/,$[0].@graph[0],Google required / deliberately omitted,address absent; service-area privacy rule retained; LocalBusiness rich-result eligibility gap
https://www.805shutters.com/shutters/,$[0].@graph[0],Google recommended / deliberately omitted,geo absent; no verified customer-facing physical location
https://www.805shutters.com/shutters/,$[0].@graph[0],Approved geography,areaServed includes Santa Clarita; lacks explicit Ventura County; serviceArea includes North Los Angeles County
https://www.805shutters.com/shutters/,$[0].@graph[0],Approved identity,sameAs Maps and Instagram variants differ from requested exact URLs (not evidence of wrong entity)
https://www.805shutters.com/shutters/,$[0].@graph[0].makesOffer,Schema.org range error,makesOffer contains Text; expected Offer
https://www.805shutters.com/shutters/,$[1].@graph[1].provider,Approved identity,telephone lacks approved +1 format
https://www.805shutters.com/shutters/,$[1].@graph[1].provider,Approved identity,url lacks trailing slash
https://www.805shutters.com/shutters/,$[1].@graph[1].provider,Reference consistency,partial business definition lacks email; consolidate into @id reference
https://www.805shutters.com/shades/,$[0].@graph[0],Approved identity,telephone lacks approved +1 format
https://www.805shutters.com/shades/,$[0].@graph[0],Approved identity,url lacks trailing slash
https://www.805shutters.com/shades/,$[0].@graph[0],Google required / deliberately omitted,address absent; service-area privacy rule retained; LocalBusiness rich-result eligibility gap
https://www.805shutters.com/shades/,$[0].@graph[0],Google recommended / deliberately omitted,geo absent; no verified customer-facing physical location
https://www.805shutters.com/shades/,$[0].@graph[0],Approved geography,areaServed includes Santa Clarita; lacks explicit Ventura County; serviceArea includes North Los Angeles County
https://www.805shutters.com/shades/,$[0].@graph[0],Approved identity,sameAs Maps and Instagram variants differ from requested exact URLs (not evidence of wrong entity)
https://www.805shutters.com/shades/,$[0].@graph[0].makesOffer,Schema.org range error,makesOffer contains Text; expected Offer
https://www.805shutters.com/shades/,$[1].@graph[1].provider,Approved identity,telephone lacks approved +1 format
https://www.805shutters.com/shades/,$[1].@graph[1].provider,Approved identity,url lacks trailing slash
https://www.805shutters.com/shades/,$[1].@graph[1].provider,Reference consistency,partial business definition lacks email; consolidate into @id reference
https://www.805shutters.com/blinds/,$[0].@graph[0],Approved identity,telephone lacks approved +1 format
https://www.805shutters.com/blinds/,$[0].@graph[0],Approved identity,url lacks trailing slash
https://www.805shutters.com/blinds/,$[0].@graph[0],Google required / deliberately omitted,address absent; service-area privacy rule retained; LocalBusiness rich-result eligibility gap
https://www.805shutters.com/blinds/,$[0].@graph[0],Google recommended / deliberately omitted,geo absent; no verified customer-facing physical location
https://www.805shutters.com/blinds/,$[0].@graph[0],Approved geography,areaServed includes Santa Clarita; lacks explicit Ventura County; serviceArea includes North Los Angeles County
https://www.805shutters.com/blinds/,$[0].@graph[0],Approved identity,sameAs Maps and Instagram variants differ from requested exact URLs (not evidence of wrong entity)
https://www.805shutters.com/blinds/,$[0].@graph[0].makesOffer,Schema.org range error,makesOffer contains Text; expected Offer
https://www.805shutters.com/blinds/,$[1].@graph[1].provider,Approved identity,telephone lacks approved +1 format
https://www.805shutters.com/blinds/,$[1].@graph[1].provider,Approved identity,url lacks trailing slash
https://www.805shutters.com/blinds/,$[1].@graph[1].provider,Reference consistency,partial business definition lacks email; consolidate into @id reference
https://www.805shutters.com/drapery/,$[0].@graph[0],Approved identity,telephone lacks approved +1 format
https://www.805shutters.com/drapery/,$[0].@graph[0],Approved identity,url lacks trailing slash
https://www.805shutters.com/drapery/,$[0].@graph[0],Google required / deliberately omitted,address absent; service-area privacy rule retained; LocalBusiness rich-result eligibility gap
https://www.805shutters.com/drapery/,$[0].@graph[0],Google recommended / deliberately omitted,geo absent; no verified customer-facing physical location
https://www.805shutters.com/drapery/,$[0].@graph[0],Approved geography,areaServed includes Santa Clarita; lacks explicit Ventura County; serviceArea includes North Los Angeles County
https://www.805shutters.com/drapery/,$[0].@graph[0],Approved identity,sameAs Maps and Instagram variants differ from requested exact URLs (not evidence of wrong entity)
https://www.805shutters.com/drapery/,$[0].@graph[0].makesOffer,Schema.org range error,makesOffer contains Text; expected Offer
https://www.805shutters.com/drapery/,$[1].@graph[1].provider,Approved identity,telephone lacks approved +1 format
https://www.805shutters.com/drapery/,$[1].@graph[1].provider,Approved identity,url lacks trailing slash
https://www.805shutters.com/drapery/,$[1].@graph[1].provider,Reference consistency,partial business definition lacks email; consolidate into @id reference
https://www.805shutters.com/exterior-shades/,$[0].@graph[0],Approved identity,telephone lacks approved +1 format
https://www.805shutters.com/exterior-shades/,$[0].@graph[0],Approved identity,url lacks trailing slash
https://www.805shutters.com/exterior-shades/,$[0].@graph[0],Google required / deliberately omitted,address absent; service-area privacy rule retained; LocalBusiness rich-result eligibility gap
https://www.805shutters.com/exterior-shades/,$[0].@graph[0],Google recommended / deliberately omitted,geo absent; no verified customer-facing physical location
https://www.805shutters.com/exterior-shades/,$[0].@graph[0],Approved geography,areaServed includes Santa Clarita; lacks explicit Ventura County; serviceArea includes North Los Angeles County
https://www.805shutters.com/exterior-shades/,$[0].@graph[0],Approved identity,sameAs Maps and Instagram variants differ from requested exact URLs (not evidence of wrong entity)
https://www.805shutters.com/exterior-shades/,$[0].@graph[0].makesOffer,Schema.org range error,makesOffer contains Text; expected Offer
https://www.805shutters.com/exterior-shades/,$[1].@graph[1].provider,Approved identity,telephone lacks approved +1 format
https://www.805shutters.com/exterior-shades/,$[1].@graph[1].provider,Approved identity,url lacks trailing slash
https://www.805shutters.com/exterior-shades/,$[1].@graph[1].provider,Reference consistency,partial business definition lacks email; consolidate into @id reference
https://www.805shutters.com/window-treatments/,$[0].@graph[0],Approved identity,telephone lacks approved +1 format
https://www.805shutters.com/window-treatments/,$[0].@graph[0],Approved identity,url lacks trailing slash
https://www.805shutters.com/window-treatments/,$[0].@graph[0],Google required / deliberately omitted,address absent; service-area privacy rule retained; LocalBusiness rich-result eligibility gap
https://www.805shutters.com/window-treatments/,$[0].@graph[0],Google recommended / deliberately omitted,geo absent; no verified customer-facing physical location
https://www.805shutters.com/window-treatments/,$[0].@graph[0],Approved geography,areaServed includes Santa Clarita; lacks explicit Ventura County; serviceArea includes North Los Angeles County
https://www.805shutters.com/window-treatments/,$[0].@graph[0],Approved identity,sameAs Maps and Instagram variants differ from requested exact URLs (not evidence of wrong entity)
https://www.805shutters.com/window-treatments/,$[0].@graph[0].makesOffer,Schema.org range error,makesOffer contains Text; expected Offer
https://www.805shutters.com/window-treatments/,$[1].@graph[1].provider,Approved identity,telephone lacks approved +1 format
https://www.805shutters.com/window-treatments/,$[1].@graph[1].provider,Approved identity,url lacks trailing slash
https://www.805shutters.com/window-treatments/,$[1].@graph[1].provider,Reference consistency,partial business definition lacks email; consolidate into @id reference
https://www.805shutters.com/window-coverings/,$[0].@graph[0],Approved identity,telephone lacks approved +1 format
https://www.805shutters.com/window-coverings/,$[0].@graph[0],Approved identity,url lacks trailing slash
https://www.805shutters.com/window-coverings/,$[0].@graph[0],Google required / deliberately omitted,address absent; service-area privacy rule retained; LocalBusiness rich-result eligibility gap
https://www.805shutters.com/window-coverings/,$[0].@graph[0],Google recommended / deliberately omitted,geo absent; no verified customer-facing physical location
https://www.805shutters.com/window-coverings/,$[0].@graph[0],Approved geography,areaServed includes Santa Clarita; lacks explicit Ventura County; serviceArea includes North Los Angeles County
https://www.805shutters.com/window-coverings/,$[0].@graph[0],Approved identity,sameAs Maps and Instagram variants differ from requested exact URLs (not evidence of wrong entity)
https://www.805shutters.com/window-coverings/,$[0].@graph[0].makesOffer,Schema.org range error,makesOffer contains Text; expected Offer
https://www.805shutters.com/window-coverings/,$[1].@graph[1].provider,Approved identity,telephone lacks approved +1 format
https://www.805shutters.com/window-coverings/,$[1].@graph[1].provider,Approved identity,url lacks trailing slash
https://www.805shutters.com/window-coverings/,$[1].@graph[1].provider,Reference consistency,partial business definition lacks email; consolidate into @id reference
https://www.805shutters.com/commercial-window-coverings/,$[0].@graph[0],Approved identity,telephone lacks approved +1 format
https://www.805shutters.com/commercial-window-coverings/,$[0].@graph[0],Approved identity,url lacks trailing slash
https://www.805shutters.com/commercial-window-coverings/,$[0].@graph[0],Google required / deliberately omitted,address absent; service-area privacy rule retained; LocalBusiness rich-result eligibility gap
https://www.805shutters.com/commercial-window-coverings/,$[0].@graph[0],Google recommended / deliberately omitted,geo absent; no verified customer-facing physical location
https://www.805shutters.com/commercial-window-coverings/,$[0].@graph[0],Approved geography,areaServed includes Santa Clarita; lacks explicit Ventura County; serviceArea includes North Los Angeles County
https://www.805shutters.com/commercial-window-coverings/,$[0].@graph[0],Approved identity,sameAs Maps and Instagram variants differ from requested exact URLs (not evidence of wrong entity)
https://www.805shutters.com/commercial-window-coverings/,$[0].@graph[0].makesOffer,Schema.org range error,makesOffer contains Text; expected Offer
https://www.805shutters.com/commercial-window-coverings/,$[1].@graph[1].provider,Approved identity,telephone lacks approved +1 format
https://www.805shutters.com/commercial-window-coverings/,$[1].@graph[1].provider,Approved identity,url lacks trailing slash
https://www.805shutters.com/commercial-window-coverings/,$[1].@graph[1].provider,Reference consistency,partial business definition lacks email; consolidate into @id reference
https://www.805shutters.com/commercial-roller-shades/,$[0].@graph[0],Approved identity,telephone lacks approved +1 format
https://www.805shutters.com/commercial-roller-shades/,$[0].@graph[0],Approved identity,url lacks trailing slash
https://www.805shutters.com/commercial-roller-shades/,$[0].@graph[0],Google required / deliberately omitted,address absent; service-area privacy rule retained; LocalBusiness rich-result eligibility gap
https://www.805shutters.com/commercial-roller-shades/,$[0].@graph[0],Google recommended / deliberately omitted,geo absent; no verified customer-facing physical location
https://www.805shutters.com/commercial-roller-shades/,$[0].@graph[0],Approved geography,areaServed includes Santa Clarita; lacks explicit Ventura County; serviceArea includes North Los Angeles County
https://www.805shutters.com/commercial-roller-shades/,$[0].@graph[0],Approved identity,sameAs Maps and Instagram variants differ from requested exact URLs (not evidence of wrong entity)
https://www.805shutters.com/commercial-roller-shades/,$[0].@graph[0].makesOffer,Schema.org range error,makesOffer contains Text; expected Offer
https://www.805shutters.com/commercial-roller-shades/,$[1].@graph[1].provider,Approved identity,telephone lacks approved +1 format
https://www.805shutters.com/commercial-roller-shades/,$[1].@graph[1].provider,Approved identity,url lacks trailing slash
https://www.805shutters.com/commercial-roller-shades/,$[1].@graph[1].provider,Reference consistency,partial business definition lacks email; consolidate into @id reference
https://www.805shutters.com/about/,$[0].@graph[0],Approved identity,telephone lacks approved +1 format
https://www.805shutters.com/about/,$[0].@graph[0],Approved identity,url lacks trailing slash
https://www.805shutters.com/about/,$[0].@graph[0],Google required / deliberately omitted,address absent; service-area privacy rule retained; LocalBusiness rich-result eligibility gap
https://www.805shutters.com/about/,$[0].@graph[0],Google recommended / deliberately omitted,geo absent; no verified customer-facing physical location
https://www.805shutters.com/about/,$[0].@graph[0],Approved geography,areaServed includes Santa Clarita; lacks explicit Ventura County; serviceArea includes North Los Angeles County
https://www.805shutters.com/about/,$[0].@graph[0],Approved identity,sameAs Maps and Instagram variants differ from requested exact URLs (not evidence of wrong entity)
https://www.805shutters.com/about/,$[0].@graph[0].makesOffer,Schema.org range error,makesOffer contains Text; expected Offer
https://www.805shutters.com/contact/,$[0].@graph[0],Approved identity,telephone lacks approved +1 format
https://www.805shutters.com/contact/,$[0].@graph[0],Approved identity,url lacks trailing slash
https://www.805shutters.com/contact/,$[0].@graph[0],Google required / deliberately omitted,address absent; service-area privacy rule retained; LocalBusiness rich-result eligibility gap
https://www.805shutters.com/contact/,$[0].@graph[0],Google recommended / deliberately omitted,geo absent; no verified customer-facing physical location
https://www.805shutters.com/contact/,$[0].@graph[0],Approved geography,areaServed includes Santa Clarita; lacks explicit Ventura County; serviceArea includes North Los Angeles County
https://www.805shutters.com/contact/,$[0].@graph[0],Approved identity,sameAs Maps and Instagram variants differ from requested exact URLs (not evidence of wrong entity)
https://www.805shutters.com/contact/,$[0].@graph[0].makesOffer,Schema.org range error,makesOffer contains Text; expected Offer
https://www.805shutters.com/free-window-treatment-consultation/,$[0].@graph[0],Approved identity,telephone lacks approved +1 format
https://www.805shutters.com/free-window-treatment-consultation/,$[0].@graph[0],Approved identity,url lacks trailing slash
https://www.805shutters.com/free-window-treatment-consultation/,$[0].@graph[0],Google required / deliberately omitted,address absent; service-area privacy rule retained; LocalBusiness rich-result eligibility gap
https://www.805shutters.com/free-window-treatment-consultation/,$[0].@graph[0],Google recommended / deliberately omitted,geo absent; no verified customer-facing physical location
https://www.805shutters.com/free-window-treatment-consultation/,$[0].@graph[0],Approved geography,areaServed includes Santa Clarita; lacks explicit Ventura County; serviceArea includes North Los Angeles County
https://www.805shutters.com/free-window-treatment-consultation/,$[0].@graph[0],Approved identity,sameAs Maps and Instagram variants differ from requested exact URLs (not evidence of wrong entity)
https://www.805shutters.com/free-window-treatment-consultation/,$[0].@graph[0].makesOffer,Schema.org range error,makesOffer contains Text; expected Offer
https://www.805shutters.com/financing/,$[0].@graph[0],Approved identity,telephone lacks approved +1 format
https://www.805shutters.com/financing/,$[0].@graph[0],Approved identity,url lacks trailing slash
https://www.805shutters.com/financing/,$[0].@graph[0],Google required / deliberately omitted,address absent; service-area privacy rule retained; LocalBusiness rich-result eligibility gap
https://www.805shutters.com/financing/,$[0].@graph[0],Google recommended / deliberately omitted,geo absent; no verified customer-facing physical location
https://www.805shutters.com/financing/,$[0].@graph[0],Approved geography,areaServed includes Santa Clarita; lacks explicit Ventura County; serviceArea includes North Los Angeles County
https://www.805shutters.com/financing/,$[0].@graph[0],Approved identity,sameAs Maps and Instagram variants differ from requested exact URLs (not evidence of wrong entity)
https://www.805shutters.com/financing/,$[0].@graph[0].makesOffer,Schema.org range error,makesOffer contains Text; expected Offer
https://www.805shutters.com/financing/,$[1].@graph[1].provider,Approved identity,telephone lacks approved +1 format
https://www.805shutters.com/financing/,$[1].@graph[1].provider,Approved identity,url lacks trailing slash
https://www.805shutters.com/financing/,$[1].@graph[1].provider,Reference consistency,partial business definition lacks email; consolidate into @id reference
https://www.805shutters.com/faq/,$[0].@graph[0],Approved identity,telephone lacks approved +1 format
https://www.805shutters.com/faq/,$[0].@graph[0],Approved identity,url lacks trailing slash
https://www.805shutters.com/faq/,$[0].@graph[0],Google required / deliberately omitted,address absent; service-area privacy rule retained; LocalBusiness rich-result eligibility gap
https://www.805shutters.com/faq/,$[0].@graph[0],Google recommended / deliberately omitted,geo absent; no verified customer-facing physical location
https://www.805shutters.com/faq/,$[0].@graph[0],Approved geography,areaServed includes Santa Clarita; lacks explicit Ventura County; serviceArea includes North Los Angeles County
https://www.805shutters.com/faq/,$[0].@graph[0],Approved identity,sameAs Maps and Instagram variants differ from requested exact URLs (not evidence of wrong entity)
https://www.805shutters.com/faq/,$[0].@graph[0].makesOffer,Schema.org range error,makesOffer contains Text; expected Offer
https://www.805shutters.com/gallery/,$[0].@graph[0],Approved identity,telephone lacks approved +1 format
https://www.805shutters.com/gallery/,$[0].@graph[0],Approved identity,url lacks trailing slash
https://www.805shutters.com/gallery/,$[0].@graph[0],Google required / deliberately omitted,address absent; service-area privacy rule retained; LocalBusiness rich-result eligibility gap
https://www.805shutters.com/gallery/,$[0].@graph[0],Google recommended / deliberately omitted,geo absent; no verified customer-facing physical location
https://www.805shutters.com/gallery/,$[0].@graph[0],Approved geography,areaServed includes Santa Clarita; lacks explicit Ventura County; serviceArea includes North Los Angeles County
https://www.805shutters.com/gallery/,$[0].@graph[0],Approved identity,sameAs Maps and Instagram variants differ from requested exact URLs (not evidence of wrong entity)
https://www.805shutters.com/gallery/,$[0].@graph[0].makesOffer,Schema.org range error,makesOffer contains Text; expected Offer
https://www.805shutters.com/reviews/,$[0].@graph[0],Approved identity,telephone lacks approved +1 format
https://www.805shutters.com/reviews/,$[0].@graph[0],Approved identity,url lacks trailing slash
https://www.805shutters.com/reviews/,$[0].@graph[0],Google required / deliberately omitted,address absent; service-area privacy rule retained; LocalBusiness rich-result eligibility gap
https://www.805shutters.com/reviews/,$[0].@graph[0],Google recommended / deliberately omitted,geo absent; no verified customer-facing physical location
https://www.805shutters.com/reviews/,$[0].@graph[0],Approved geography,areaServed includes Santa Clarita; lacks explicit Ventura County; serviceArea includes North Los Angeles County
https://www.805shutters.com/reviews/,$[0].@graph[0],Approved identity,sameAs Maps and Instagram variants differ from requested exact URLs (not evidence of wrong entity)
https://www.805shutters.com/reviews/,$[0].@graph[0].makesOffer,Schema.org range error,makesOffer contains Text; expected Offer
https://www.805shutters.com/reviews/,$[1].@graph[1].provider,Approved identity,telephone lacks approved +1 format
https://www.805shutters.com/reviews/,$[1].@graph[1].provider,Approved identity,url lacks trailing slash
https://www.805shutters.com/reviews/,$[1].@graph[1].provider,Reference consistency,partial business definition lacks email; consolidate into @id reference
https://www.805shutters.com/recent-projects/,$[0].@graph[0],Approved identity,telephone lacks approved +1 format
https://www.805shutters.com/recent-projects/,$[0].@graph[0],Approved identity,url lacks trailing slash
https://www.805shutters.com/recent-projects/,$[0].@graph[0],Google required / deliberately omitted,address absent; service-area privacy rule retained; LocalBusiness rich-result eligibility gap
https://www.805shutters.com/recent-projects/,$[0].@graph[0],Google recommended / deliberately omitted,geo absent; no verified customer-facing physical location
https://www.805shutters.com/recent-projects/,$[0].@graph[0],Approved geography,areaServed includes Santa Clarita; lacks explicit Ventura County; serviceArea includes North Los Angeles County
https://www.805shutters.com/recent-projects/,$[0].@graph[0],Approved identity,sameAs Maps and Instagram variants differ from requested exact URLs (not evidence of wrong entity)
https://www.805shutters.com/recent-projects/,$[0].@graph[0].makesOffer,Schema.org range error,makesOffer contains Text; expected Offer
https://www.805shutters.com/shutters/camarillo/,$[0].@graph[0],Approved identity,telephone lacks approved +1 format
https://www.805shutters.com/shutters/camarillo/,$[0].@graph[0],Approved identity,url lacks trailing slash
https://www.805shutters.com/shutters/camarillo/,$[0].@graph[0],Google required / deliberately omitted,address absent; service-area privacy rule retained; LocalBusiness rich-result eligibility gap
https://www.805shutters.com/shutters/camarillo/,$[0].@graph[0],Google recommended / deliberately omitted,geo absent; no verified customer-facing physical location
https://www.805shutters.com/shutters/camarillo/,$[0].@graph[0],Approved geography,areaServed includes Santa Clarita; lacks explicit Ventura County; serviceArea includes North Los Angeles County
https://www.805shutters.com/shutters/camarillo/,$[0].@graph[0],Approved identity,sameAs Maps and Instagram variants differ from requested exact URLs (not evidence of wrong entity)
https://www.805shutters.com/shutters/camarillo/,$[0].@graph[0].makesOffer,Schema.org range error,makesOffer contains Text; expected Offer
https://www.805shutters.com/shutters/camarillo/,$[1].@graph[1].provider,Approved identity,telephone lacks approved +1 format
https://www.805shutters.com/shutters/camarillo/,$[1].@graph[1].provider,Approved identity,url lacks trailing slash
https://www.805shutters.com/shutters/camarillo/,$[1].@graph[1].provider,Reference consistency,partial business definition lacks email; consolidate into @id reference
https://www.805shutters.com/shades/camarillo-ca/,$[0].@graph[0],Approved identity,telephone lacks approved +1 format
https://www.805shutters.com/shades/camarillo-ca/,$[0].@graph[0],Approved identity,url lacks trailing slash
https://www.805shutters.com/shades/camarillo-ca/,$[0].@graph[0],Google required / deliberately omitted,address absent; service-area privacy rule retained; LocalBusiness rich-result eligibility gap
https://www.805shutters.com/shades/camarillo-ca/,$[0].@graph[0],Google recommended / deliberately omitted,geo absent; no verified customer-facing physical location
https://www.805shutters.com/shades/camarillo-ca/,$[0].@graph[0],Approved geography,areaServed includes Santa Clarita; lacks explicit Ventura County; serviceArea includes North Los Angeles County
https://www.805shutters.com/shades/camarillo-ca/,$[0].@graph[0],Approved identity,sameAs Maps and Instagram variants differ from requested exact URLs (not evidence of wrong entity)
https://www.805shutters.com/shades/camarillo-ca/,$[0].@graph[0].makesOffer,Schema.org range error,makesOffer contains Text; expected Offer
https://www.805shutters.com/shades/camarillo-ca/,$[1].@graph[1].provider,Approved identity,telephone lacks approved +1 format
https://www.805shutters.com/shades/camarillo-ca/,$[1].@graph[1].provider,Approved identity,url lacks trailing slash
https://www.805shutters.com/shades/camarillo-ca/,$[1].@graph[1].provider,Reference consistency,partial business definition lacks email; consolidate into @id reference
https://www.805shutters.com/blinds/camarillo-ca/,$[0].@graph[0],Approved identity,telephone lacks approved +1 format
https://www.805shutters.com/blinds/camarillo-ca/,$[0].@graph[0],Approved identity,url lacks trailing slash
https://www.805shutters.com/blinds/camarillo-ca/,$[0].@graph[0],Google required / deliberately omitted,address absent; service-area privacy rule retained; LocalBusiness rich-result eligibility gap
https://www.805shutters.com/blinds/camarillo-ca/,$[0].@graph[0],Google recommended / deliberately omitted,geo absent; no verified customer-facing physical location
https://www.805shutters.com/blinds/camarillo-ca/,$[0].@graph[0],Approved geography,areaServed includes Santa Clarita; lacks explicit Ventura County; serviceArea includes North Los Angeles County
https://www.805shutters.com/blinds/camarillo-ca/,$[0].@graph[0],Approved identity,sameAs Maps and Instagram variants differ from requested exact URLs (not evidence of wrong entity)
https://www.805shutters.com/blinds/camarillo-ca/,$[0].@graph[0].makesOffer,Schema.org range error,makesOffer contains Text; expected Offer
https://www.805shutters.com/blinds/camarillo-ca/,$[1].@graph[1].provider,Approved identity,telephone lacks approved +1 format
https://www.805shutters.com/blinds/camarillo-ca/,$[1].@graph[1].provider,Approved identity,url lacks trailing slash
https://www.805shutters.com/blinds/camarillo-ca/,$[1].@graph[1].provider,Reference consistency,partial business definition lacks email; consolidate into @id reference
https://www.805shutters.com/drapery/camarillo-ca/,$[0].@graph[0],Approved identity,telephone lacks approved +1 format
https://www.805shutters.com/drapery/camarillo-ca/,$[0].@graph[0],Approved identity,url lacks trailing slash
https://www.805shutters.com/drapery/camarillo-ca/,$[0].@graph[0],Google required / deliberately omitted,address absent; service-area privacy rule retained; LocalBusiness rich-result eligibility gap
https://www.805shutters.com/drapery/camarillo-ca/,$[0].@graph[0],Google recommended / deliberately omitted,geo absent; no verified customer-facing physical location
https://www.805shutters.com/drapery/camarillo-ca/,$[0].@graph[0],Approved geography,areaServed includes Santa Clarita; lacks explicit Ventura County; serviceArea includes North Los Angeles County
https://www.805shutters.com/drapery/camarillo-ca/,$[0].@graph[0],Approved identity,sameAs Maps and Instagram variants differ from requested exact URLs (not evidence of wrong entity)
https://www.805shutters.com/drapery/camarillo-ca/,$[0].@graph[0].makesOffer,Schema.org range error,makesOffer contains Text; expected Offer
https://www.805shutters.com/drapery/camarillo-ca/,$[1].@graph[1].provider,Approved identity,telephone lacks approved +1 format
https://www.805shutters.com/drapery/camarillo-ca/,$[1].@graph[1].provider,Approved identity,url lacks trailing slash
https://www.805shutters.com/drapery/camarillo-ca/,$[1].@graph[1].provider,Reference consistency,partial business definition lacks email; consolidate into @id reference
https://www.805shutters.com/window-coverings/camarillo-ca/,$[0].@graph[0],Approved identity,telephone lacks approved +1 format
https://www.805shutters.com/window-coverings/camarillo-ca/,$[0].@graph[0],Approved identity,url lacks trailing slash
https://www.805shutters.com/window-coverings/camarillo-ca/,$[0].@graph[0],Google required / deliberately omitted,address absent; service-area privacy rule retained; LocalBusiness rich-result eligibility gap
https://www.805shutters.com/window-coverings/camarillo-ca/,$[0].@graph[0],Google recommended / deliberately omitted,geo absent; no verified customer-facing physical location
https://www.805shutters.com/window-coverings/camarillo-ca/,$[0].@graph[0],Approved geography,areaServed includes Santa Clarita; lacks explicit Ventura County; serviceArea includes North Los Angeles County
https://www.805shutters.com/window-coverings/camarillo-ca/,$[0].@graph[0],Approved identity,sameAs Maps and Instagram variants differ from requested exact URLs (not evidence of wrong entity)
https://www.805shutters.com/window-coverings/camarillo-ca/,$[0].@graph[0].makesOffer,Schema.org range error,makesOffer contains Text; expected Offer
https://www.805shutters.com/window-coverings/camarillo-ca/,$[1].@graph[1].provider,Approved identity,telephone lacks approved +1 format
https://www.805shutters.com/window-coverings/camarillo-ca/,$[1].@graph[1].provider,Approved identity,url lacks trailing slash
https://www.805shutters.com/window-coverings/camarillo-ca/,$[1].@graph[1].provider,Reference consistency,partial business definition lacks email; consolidate into @id reference
https://www.805shutters.com/window-treatments/camarillo-ca/,$[0].@graph[0],Approved identity,telephone lacks approved +1 format
https://www.805shutters.com/window-treatments/camarillo-ca/,$[0].@graph[0],Approved identity,url lacks trailing slash
https://www.805shutters.com/window-treatments/camarillo-ca/,$[0].@graph[0],Google required / deliberately omitted,address absent; service-area privacy rule retained; LocalBusiness rich-result eligibility gap
https://www.805shutters.com/window-treatments/camarillo-ca/,$[0].@graph[0],Google recommended / deliberately omitted,geo absent; no verified customer-facing physical location
https://www.805shutters.com/window-treatments/camarillo-ca/,$[0].@graph[0],Approved geography,areaServed includes Santa Clarita; lacks explicit Ventura County; serviceArea includes North Los Angeles County
https://www.805shutters.com/window-treatments/camarillo-ca/,$[0].@graph[0],Approved identity,sameAs Maps and Instagram variants differ from requested exact URLs (not evidence of wrong entity)
https://www.805shutters.com/window-treatments/camarillo-ca/,$[0].@graph[0].makesOffer,Schema.org range error,makesOffer contains Text; expected Offer
https://www.805shutters.com/window-treatments/camarillo-ca/,$[1].@graph[1].provider,Approved identity,telephone lacks approved +1 format
https://www.805shutters.com/window-treatments/camarillo-ca/,$[1].@graph[1].provider,Approved identity,url lacks trailing slash
https://www.805shutters.com/window-treatments/camarillo-ca/,$[1].@graph[1].provider,Reference consistency,partial business definition lacks email; consolidate into @id reference
https://www.805shutters.com/shutters/fillmore/,$[0].@graph[0],Approved identity,telephone lacks approved +1 format
https://www.805shutters.com/shutters/fillmore/,$[0].@graph[0],Approved identity,url lacks trailing slash
https://www.805shutters.com/shutters/fillmore/,$[0].@graph[0],Google required / deliberately omitted,address absent; service-area privacy rule retained; LocalBusiness rich-result eligibility gap
https://www.805shutters.com/shutters/fillmore/,$[0].@graph[0],Google recommended / deliberately omitted,geo absent; no verified customer-facing physical location
https://www.805shutters.com/shutters/fillmore/,$[0].@graph[0],Approved geography,areaServed includes Santa Clarita; lacks explicit Ventura County; serviceArea includes North Los Angeles County
https://www.805shutters.com/shutters/fillmore/,$[0].@graph[0],Approved identity,sameAs Maps and Instagram variants differ from requested exact URLs (not evidence of wrong entity)
https://www.805shutters.com/shutters/fillmore/,$[0].@graph[0].makesOffer,Schema.org range error,makesOffer contains Text; expected Offer
https://www.805shutters.com/shutters/fillmore/,$[1].@graph[1].provider,Approved identity,telephone lacks approved +1 format
https://www.805shutters.com/shutters/fillmore/,$[1].@graph[1].provider,Approved identity,url lacks trailing slash
https://www.805shutters.com/shutters/fillmore/,$[1].@graph[1].provider,Reference consistency,partial business definition lacks email; consolidate into @id reference
https://www.805shutters.com/shades/fillmore-ca/,$[0].@graph[0],Approved identity,telephone lacks approved +1 format
https://www.805shutters.com/shades/fillmore-ca/,$[0].@graph[0],Approved identity,url lacks trailing slash
https://www.805shutters.com/shades/fillmore-ca/,$[0].@graph[0],Google required / deliberately omitted,address absent; service-area privacy rule retained; LocalBusiness rich-result eligibility gap
https://www.805shutters.com/shades/fillmore-ca/,$[0].@graph[0],Google recommended / deliberately omitted,geo absent; no verified customer-facing physical location
https://www.805shutters.com/shades/fillmore-ca/,$[0].@graph[0],Approved geography,areaServed includes Santa Clarita; lacks explicit Ventura County; serviceArea includes North Los Angeles County
https://www.805shutters.com/shades/fillmore-ca/,$[0].@graph[0],Approved identity,sameAs Maps and Instagram variants differ from requested exact URLs (not evidence of wrong entity)
https://www.805shutters.com/shades/fillmore-ca/,$[0].@graph[0].makesOffer,Schema.org range error,makesOffer contains Text; expected Offer
https://www.805shutters.com/shades/fillmore-ca/,$[1].@graph[1].provider,Approved identity,telephone lacks approved +1 format
https://www.805shutters.com/shades/fillmore-ca/,$[1].@graph[1].provider,Approved identity,url lacks trailing slash
https://www.805shutters.com/shades/fillmore-ca/,$[1].@graph[1].provider,Reference consistency,partial business definition lacks email; consolidate into @id reference
https://www.805shutters.com/blinds/fillmore-ca/,$[0].@graph[0],Approved identity,telephone lacks approved +1 format
https://www.805shutters.com/blinds/fillmore-ca/,$[0].@graph[0],Approved identity,url lacks trailing slash
https://www.805shutters.com/blinds/fillmore-ca/,$[0].@graph[0],Google required / deliberately omitted,address absent; service-area privacy rule retained; LocalBusiness rich-result eligibility gap
https://www.805shutters.com/blinds/fillmore-ca/,$[0].@graph[0],Google recommended / deliberately omitted,geo absent; no verified customer-facing physical location
https://www.805shutters.com/blinds/fillmore-ca/,$[0].@graph[0],Approved geography,areaServed includes Santa Clarita; lacks explicit Ventura County; serviceArea includes North Los Angeles County
https://www.805shutters.com/blinds/fillmore-ca/,$[0].@graph[0],Approved identity,sameAs Maps and Instagram variants differ from requested exact URLs (not evidence of wrong entity)
https://www.805shutters.com/blinds/fillmore-ca/,$[0].@graph[0].makesOffer,Schema.org range error,makesOffer contains Text; expected Offer
https://www.805shutters.com/blinds/fillmore-ca/,$[1].@graph[1].provider,Approved identity,telephone lacks approved +1 format
https://www.805shutters.com/blinds/fillmore-ca/,$[1].@graph[1].provider,Approved identity,url lacks trailing slash
https://www.805shutters.com/blinds/fillmore-ca/,$[1].@graph[1].provider,Reference consistency,partial business definition lacks email; consolidate into @id reference
https://www.805shutters.com/drapery/fillmore-ca/,$[0].@graph[0],Approved identity,telephone lacks approved +1 format
https://www.805shutters.com/drapery/fillmore-ca/,$[0].@graph[0],Approved identity,url lacks trailing slash
https://www.805shutters.com/drapery/fillmore-ca/,$[0].@graph[0],Google required / deliberately omitted,address absent; service-area privacy rule retained; LocalBusiness rich-result eligibility gap
https://www.805shutters.com/drapery/fillmore-ca/,$[0].@graph[0],Google recommended / deliberately omitted,geo absent; no verified customer-facing physical location
https://www.805shutters.com/drapery/fillmore-ca/,$[0].@graph[0],Approved geography,areaServed includes Santa Clarita; lacks explicit Ventura County; serviceArea includes North Los Angeles County
https://www.805shutters.com/drapery/fillmore-ca/,$[0].@graph[0],Approved identity,sameAs Maps and Instagram variants differ from requested exact URLs (not evidence of wrong entity)
https://www.805shutters.com/drapery/fillmore-ca/,$[0].@graph[0].makesOffer,Schema.org range error,makesOffer contains Text; expected Offer
https://www.805shutters.com/drapery/fillmore-ca/,$[1].@graph[1].provider,Approved identity,telephone lacks approved +1 format
https://www.805shutters.com/drapery/fillmore-ca/,$[1].@graph[1].provider,Approved identity,url lacks trailing slash
https://www.805shutters.com/drapery/fillmore-ca/,$[1].@graph[1].provider,Reference consistency,partial business definition lacks email; consolidate into @id reference
https://www.805shutters.com/window-coverings/fillmore-ca/,$[0].@graph[0],Approved identity,telephone lacks approved +1 format
https://www.805shutters.com/window-coverings/fillmore-ca/,$[0].@graph[0],Approved identity,url lacks trailing slash
https://www.805shutters.com/window-coverings/fillmore-ca/,$[0].@graph[0],Google required / deliberately omitted,address absent; service-area privacy rule retained; LocalBusiness rich-result eligibility gap
https://www.805shutters.com/window-coverings/fillmore-ca/,$[0].@graph[0],Google recommended / deliberately omitted,geo absent; no verified customer-facing physical location
https://www.805shutters.com/window-coverings/fillmore-ca/,$[0].@graph[0],Approved geography,areaServed includes Santa Clarita; lacks explicit Ventura County; serviceArea includes North Los Angeles County
https://www.805shutters.com/window-coverings/fillmore-ca/,$[0].@graph[0],Approved identity,sameAs Maps and Instagram variants differ from requested exact URLs (not evidence of wrong entity)
https://www.805shutters.com/window-coverings/fillmore-ca/,$[0].@graph[0].makesOffer,Schema.org range error,makesOffer contains Text; expected Offer
https://www.805shutters.com/window-coverings/fillmore-ca/,$[1].@graph[1].provider,Approved identity,telephone lacks approved +1 format
https://www.805shutters.com/window-coverings/fillmore-ca/,$[1].@graph[1].provider,Approved identity,url lacks trailing slash
https://www.805shutters.com/window-coverings/fillmore-ca/,$[1].@graph[1].provider,Reference consistency,partial business definition lacks email; consolidate into @id reference
https://www.805shutters.com/window-treatments/fillmore-ca/,$[0].@graph[0],Approved identity,telephone lacks approved +1 format
https://www.805shutters.com/window-treatments/fillmore-ca/,$[0].@graph[0],Approved identity,url lacks trailing slash
https://www.805shutters.com/window-treatments/fillmore-ca/,$[0].@graph[0],Google required / deliberately omitted,address absent; service-area privacy rule retained; LocalBusiness rich-result eligibility gap
https://www.805shutters.com/window-treatments/fillmore-ca/,$[0].@graph[0],Google recommended / deliberately omitted,geo absent; no verified customer-facing physical location
https://www.805shutters.com/window-treatments/fillmore-ca/,$[0].@graph[0],Approved geography,areaServed includes Santa Clarita; lacks explicit Ventura County; serviceArea includes North Los Angeles County
https://www.805shutters.com/window-treatments/fillmore-ca/,$[0].@graph[0],Approved identity,sameAs Maps and Instagram variants differ from requested exact URLs (not evidence of wrong entity)
https://www.805shutters.com/window-treatments/fillmore-ca/,$[0].@graph[0].makesOffer,Schema.org range error,makesOffer contains Text; expected Offer
https://www.805shutters.com/window-treatments/fillmore-ca/,$[1].@graph[1].provider,Approved identity,telephone lacks approved +1 format
https://www.805shutters.com/window-treatments/fillmore-ca/,$[1].@graph[1].provider,Approved identity,url lacks trailing slash
https://www.805shutters.com/window-treatments/fillmore-ca/,$[1].@graph[1].provider,Reference consistency,partial business definition lacks email; consolidate into @id reference
https://www.805shutters.com/shutters/moorpark/,$[0].@graph[0],Approved identity,telephone lacks approved +1 format
https://www.805shutters.com/shutters/moorpark/,$[0].@graph[0],Approved identity,url lacks trailing slash
https://www.805shutters.com/shutters/moorpark/,$[0].@graph[0],Google required / deliberately omitted,address absent; service-area privacy rule retained; LocalBusiness rich-result eligibility gap
https://www.805shutters.com/shutters/moorpark/,$[0].@graph[0],Google recommended / deliberately omitted,geo absent; no verified customer-facing physical location
https://www.805shutters.com/shutters/moorpark/,$[0].@graph[0],Approved geography,areaServed includes Santa Clarita; lacks explicit Ventura County; serviceArea includes North Los Angeles County
https://www.805shutters.com/shutters/moorpark/,$[0].@graph[0],Approved identity,sameAs Maps and Instagram variants differ from requested exact URLs (not evidence of wrong entity)
https://www.805shutters.com/shutters/moorpark/,$[0].@graph[0].makesOffer,Schema.org range error,makesOffer contains Text; expected Offer
https://www.805shutters.com/shutters/moorpark/,$[1].@graph[1].provider,Approved identity,telephone lacks approved +1 format
https://www.805shutters.com/shutters/moorpark/,$[1].@graph[1].provider,Approved identity,url lacks trailing slash
https://www.805shutters.com/shutters/moorpark/,$[1].@graph[1].provider,Reference consistency,partial business definition lacks email; consolidate into @id reference
https://www.805shutters.com/shades/moorpark-ca/,$[0].@graph[0],Approved identity,telephone lacks approved +1 format
https://www.805shutters.com/shades/moorpark-ca/,$[0].@graph[0],Approved identity,url lacks trailing slash
https://www.805shutters.com/shades/moorpark-ca/,$[0].@graph[0],Google required / deliberately omitted,address absent; service-area privacy rule retained; LocalBusiness rich-result eligibility gap
https://www.805shutters.com/shades/moorpark-ca/,$[0].@graph[0],Google recommended / deliberately omitted,geo absent; no verified customer-facing physical location
https://www.805shutters.com/shades/moorpark-ca/,$[0].@graph[0],Approved geography,areaServed includes Santa Clarita; lacks explicit Ventura County; serviceArea includes North Los Angeles County
https://www.805shutters.com/shades/moorpark-ca/,$[0].@graph[0],Approved identity,sameAs Maps and Instagram variants differ from requested exact URLs (not evidence of wrong entity)
https://www.805shutters.com/shades/moorpark-ca/,$[0].@graph[0].makesOffer,Schema.org range error,makesOffer contains Text; expected Offer
https://www.805shutters.com/shades/moorpark-ca/,$[1].@graph[1].provider,Approved identity,telephone lacks approved +1 format
https://www.805shutters.com/shades/moorpark-ca/,$[1].@graph[1].provider,Approved identity,url lacks trailing slash
https://www.805shutters.com/shades/moorpark-ca/,$[1].@graph[1].provider,Reference consistency,partial business definition lacks email; consolidate into @id reference
https://www.805shutters.com/blinds/moorpark-ca/,$[0].@graph[0],Approved identity,telephone lacks approved +1 format
https://www.805shutters.com/blinds/moorpark-ca/,$[0].@graph[0],Approved identity,url lacks trailing slash
https://www.805shutters.com/blinds/moorpark-ca/,$[0].@graph[0],Google required / deliberately omitted,address absent; service-area privacy rule retained; LocalBusiness rich-result eligibility gap
https://www.805shutters.com/blinds/moorpark-ca/,$[0].@graph[0],Google recommended / deliberately omitted,geo absent; no verified customer-facing physical location
https://www.805shutters.com/blinds/moorpark-ca/,$[0].@graph[0],Approved geography,areaServed includes Santa Clarita; lacks explicit Ventura County; serviceArea includes North Los Angeles County
https://www.805shutters.com/blinds/moorpark-ca/,$[0].@graph[0],Approved identity,sameAs Maps and Instagram variants differ from requested exact URLs (not evidence of wrong entity)
https://www.805shutters.com/blinds/moorpark-ca/,$[0].@graph[0].makesOffer,Schema.org range error,makesOffer contains Text; expected Offer
https://www.805shutters.com/blinds/moorpark-ca/,$[1].@graph[1].provider,Approved identity,telephone lacks approved +1 format
https://www.805shutters.com/blinds/moorpark-ca/,$[1].@graph[1].provider,Approved identity,url lacks trailing slash
https://www.805shutters.com/blinds/moorpark-ca/,$[1].@graph[1].provider,Reference consistency,partial business definition lacks email; consolidate into @id reference
https://www.805shutters.com/drapery/moorpark-ca/,$[0].@graph[0],Approved identity,telephone lacks approved +1 format
https://www.805shutters.com/drapery/moorpark-ca/,$[0].@graph[0],Approved identity,url lacks trailing slash
https://www.805shutters.com/drapery/moorpark-ca/,$[0].@graph[0],Google required / deliberately omitted,address absent; service-area privacy rule retained; LocalBusiness rich-result eligibility gap
https://www.805shutters.com/drapery/moorpark-ca/,$[0].@graph[0],Google recommended / deliberately omitted,geo absent; no verified customer-facing physical location
https://www.805shutters.com/drapery/moorpark-ca/,$[0].@graph[0],Approved geography,areaServed includes Santa Clarita; lacks explicit Ventura County; serviceArea includes North Los Angeles County
https://www.805shutters.com/drapery/moorpark-ca/,$[0].@graph[0],Approved identity,sameAs Maps and Instagram variants differ from requested exact URLs (not evidence of wrong entity)
https://www.805shutters.com/drapery/moorpark-ca/,$[0].@graph[0].makesOffer,Schema.org range error,makesOffer contains Text; expected Offer
https://www.805shutters.com/drapery/moorpark-ca/,$[1].@graph[1].provider,Approved identity,telephone lacks approved +1 format
https://www.805shutters.com/drapery/moorpark-ca/,$[1].@graph[1].provider,Approved identity,url lacks trailing slash
https://www.805shutters.com/drapery/moorpark-ca/,$[1].@graph[1].provider,Reference consistency,partial business definition lacks email; consolidate into @id reference
https://www.805shutters.com/window-coverings/moorpark-ca/,$[0].@graph[0],Approved identity,telephone lacks approved +1 format
https://www.805shutters.com/window-coverings/moorpark-ca/,$[0].@graph[0],Approved identity,url lacks trailing slash
https://www.805shutters.com/window-coverings/moorpark-ca/,$[0].@graph[0],Google required / deliberately omitted,address absent; service-area privacy rule retained; LocalBusiness rich-result eligibility gap
https://www.805shutters.com/window-coverings/moorpark-ca/,$[0].@graph[0],Google recommended / deliberately omitted,geo absent; no verified customer-facing physical location
https://www.805shutters.com/window-coverings/moorpark-ca/,$[0].@graph[0],Approved geography,areaServed includes Santa Clarita; lacks explicit Ventura County; serviceArea includes North Los Angeles County
https://www.805shutters.com/window-coverings/moorpark-ca/,$[0].@graph[0],Approved identity,sameAs Maps and Instagram variants differ from requested exact URLs (not evidence of wrong entity)
https://www.805shutters.com/window-coverings/moorpark-ca/,$[0].@graph[0].makesOffer,Schema.org range error,makesOffer contains Text; expected Offer
https://www.805shutters.com/window-coverings/moorpark-ca/,$[1].@graph[1].provider,Approved identity,telephone lacks approved +1 format
https://www.805shutters.com/window-coverings/moorpark-ca/,$[1].@graph[1].provider,Approved identity,url lacks trailing slash
https://www.805shutters.com/window-coverings/moorpark-ca/,$[1].@graph[1].provider,Reference consistency,partial business definition lacks email; consolidate into @id reference
https://www.805shutters.com/window-treatments/moorpark-ca/,$[0].@graph[0],Approved identity,telephone lacks approved +1 format
https://www.805shutters.com/window-treatments/moorpark-ca/,$[0].@graph[0],Approved identity,url lacks trailing slash
https://www.805shutters.com/window-treatments/moorpark-ca/,$[0].@graph[0],Google required / deliberately omitted,address absent; service-area privacy rule retained; LocalBusiness rich-result eligibility gap
https://www.805shutters.com/window-treatments/moorpark-ca/,$[0].@graph[0],Google recommended / deliberately omitted,geo absent; no verified customer-facing physical location
https://www.805shutters.com/window-treatments/moorpark-ca/,$[0].@graph[0],Approved geography,areaServed includes Santa Clarita; lacks explicit Ventura County; serviceArea includes North Los Angeles County
https://www.805shutters.com/window-treatments/moorpark-ca/,$[0].@graph[0],Approved identity,sameAs Maps and Instagram variants differ from requested exact URLs (not evidence of wrong entity)
https://www.805shutters.com/window-treatments/moorpark-ca/,$[0].@graph[0].makesOffer,Schema.org range error,makesOffer contains Text; expected Offer
https://www.805shutters.com/window-treatments/moorpark-ca/,$[1].@graph[1].provider,Approved identity,telephone lacks approved +1 format
https://www.805shutters.com/window-treatments/moorpark-ca/,$[1].@graph[1].provider,Approved identity,url lacks trailing slash
https://www.805shutters.com/window-treatments/moorpark-ca/,$[1].@graph[1].provider,Reference consistency,partial business definition lacks email; consolidate into @id reference
https://www.805shutters.com/shutters/newbury-park/,$[0].@graph[0],Approved identity,telephone lacks approved +1 format
https://www.805shutters.com/shutters/newbury-park/,$[0].@graph[0],Approved identity,url lacks trailing slash
https://www.805shutters.com/shutters/newbury-park/,$[0].@graph[0],Google required / deliberately omitted,address absent; service-area privacy rule retained; LocalBusiness rich-result eligibility gap
https://www.805shutters.com/shutters/newbury-park/,$[0].@graph[0],Google recommended / deliberately omitted,geo absent; no verified customer-facing physical location
https://www.805shutters.com/shutters/newbury-park/,$[0].@graph[0],Approved geography,areaServed includes Santa Clarita; lacks explicit Ventura County; serviceArea includes North Los Angeles County
https://www.805shutters.com/shutters/newbury-park/,$[0].@graph[0],Approved identity,sameAs Maps and Instagram variants differ from requested exact URLs (not evidence of wrong entity)
https://www.805shutters.com/shutters/newbury-park/,$[0].@graph[0].makesOffer,Schema.org range error,makesOffer contains Text; expected Offer
https://www.805shutters.com/shutters/newbury-park/,$[1].@graph[1].provider,Approved identity,telephone lacks approved +1 format
https://www.805shutters.com/shutters/newbury-park/,$[1].@graph[1].provider,Approved identity,url lacks trailing slash
https://www.805shutters.com/shutters/newbury-park/,$[1].@graph[1].provider,Reference consistency,partial business definition lacks email; consolidate into @id reference
https://www.805shutters.com/shades/newbury-park-ca/,$[0].@graph[0],Approved identity,telephone lacks approved +1 format
https://www.805shutters.com/shades/newbury-park-ca/,$[0].@graph[0],Approved identity,url lacks trailing slash
https://www.805shutters.com/shades/newbury-park-ca/,$[0].@graph[0],Google required / deliberately omitted,address absent; service-area privacy rule retained; LocalBusiness rich-result eligibility gap
https://www.805shutters.com/shades/newbury-park-ca/,$[0].@graph[0],Google recommended / deliberately omitted,geo absent; no verified customer-facing physical location
https://www.805shutters.com/shades/newbury-park-ca/,$[0].@graph[0],Approved geography,areaServed includes Santa Clarita; lacks explicit Ventura County; serviceArea includes North Los Angeles County
https://www.805shutters.com/shades/newbury-park-ca/,$[0].@graph[0],Approved identity,sameAs Maps and Instagram variants differ from requested exact URLs (not evidence of wrong entity)
https://www.805shutters.com/shades/newbury-park-ca/,$[0].@graph[0].makesOffer,Schema.org range error,makesOffer contains Text; expected Offer
https://www.805shutters.com/shades/newbury-park-ca/,$[1].@graph[1].provider,Approved identity,telephone lacks approved +1 format
https://www.805shutters.com/shades/newbury-park-ca/,$[1].@graph[1].provider,Approved identity,url lacks trailing slash
https://www.805shutters.com/shades/newbury-park-ca/,$[1].@graph[1].provider,Reference consistency,partial business definition lacks email; consolidate into @id reference
https://www.805shutters.com/blinds/newbury-park-ca/,$[0].@graph[0],Approved identity,telephone lacks approved +1 format
https://www.805shutters.com/blinds/newbury-park-ca/,$[0].@graph[0],Approved identity,url lacks trailing slash
https://www.805shutters.com/blinds/newbury-park-ca/,$[0].@graph[0],Google required / deliberately omitted,address absent; service-area privacy rule retained; LocalBusiness rich-result eligibility gap
https://www.805shutters.com/blinds/newbury-park-ca/,$[0].@graph[0],Google recommended / deliberately omitted,geo absent; no verified customer-facing physical location
https://www.805shutters.com/blinds/newbury-park-ca/,$[0].@graph[0],Approved geography,areaServed includes Santa Clarita; lacks explicit Ventura County; serviceArea includes North Los Angeles County
https://www.805shutters.com/blinds/newbury-park-ca/,$[0].@graph[0],Approved identity,sameAs Maps and Instagram variants differ from requested exact URLs (not evidence of wrong entity)
https://www.805shutters.com/blinds/newbury-park-ca/,$[0].@graph[0].makesOffer,Schema.org range error,makesOffer contains Text; expected Offer
https://www.805shutters.com/blinds/newbury-park-ca/,$[1].@graph[1].provider,Approved identity,telephone lacks approved +1 format
https://www.805shutters.com/blinds/newbury-park-ca/,$[1].@graph[1].provider,Approved identity,url lacks trailing slash
https://www.805shutters.com/blinds/newbury-park-ca/,$[1].@graph[1].provider,Reference consistency,partial business definition lacks email; consolidate into @id reference
https://www.805shutters.com/drapery/newbury-park-ca/,$[0].@graph[0],Approved identity,telephone lacks approved +1 format
https://www.805shutters.com/drapery/newbury-park-ca/,$[0].@graph[0],Approved identity,url lacks trailing slash
https://www.805shutters.com/drapery/newbury-park-ca/,$[0].@graph[0],Google required / deliberately omitted,address absent; service-area privacy rule retained; LocalBusiness rich-result eligibility gap
https://www.805shutters.com/drapery/newbury-park-ca/,$[0].@graph[0],Google recommended / deliberately omitted,geo absent; no verified customer-facing physical location
https://www.805shutters.com/drapery/newbury-park-ca/,$[0].@graph[0],Approved geography,areaServed includes Santa Clarita; lacks explicit Ventura County; serviceArea includes North Los Angeles County
https://www.805shutters.com/drapery/newbury-park-ca/,$[0].@graph[0],Approved identity,sameAs Maps and Instagram variants differ from requested exact URLs (not evidence of wrong entity)
https://www.805shutters.com/drapery/newbury-park-ca/,$[0].@graph[0].makesOffer,Schema.org range error,makesOffer contains Text; expected Offer
https://www.805shutters.com/drapery/newbury-park-ca/,$[1].@graph[1].provider,Approved identity,telephone lacks approved +1 format
https://www.805shutters.com/drapery/newbury-park-ca/,$[1].@graph[1].provider,Approved identity,url lacks trailing slash
https://www.805shutters.com/drapery/newbury-park-ca/,$[1].@graph[1].provider,Reference consistency,partial business definition lacks email; consolidate into @id reference
https://www.805shutters.com/window-coverings/newbury-park-ca/,$[0].@graph[0],Approved identity,telephone lacks approved +1 format
https://www.805shutters.com/window-coverings/newbury-park-ca/,$[0].@graph[0],Approved identity,url lacks trailing slash
https://www.805shutters.com/window-coverings/newbury-park-ca/,$[0].@graph[0],Google required / deliberately omitted,address absent; service-area privacy rule retained; LocalBusiness rich-result eligibility gap
https://www.805shutters.com/window-coverings/newbury-park-ca/,$[0].@graph[0],Google recommended / deliberately omitted,geo absent; no verified customer-facing physical location
https://www.805shutters.com/window-coverings/newbury-park-ca/,$[0].@graph[0],Approved geography,areaServed includes Santa Clarita; lacks explicit Ventura County; serviceArea includes North Los Angeles County
https://www.805shutters.com/window-coverings/newbury-park-ca/,$[0].@graph[0],Approved identity,sameAs Maps and Instagram variants differ from requested exact URLs (not evidence of wrong entity)
https://www.805shutters.com/window-coverings/newbury-park-ca/,$[0].@graph[0].makesOffer,Schema.org range error,makesOffer contains Text; expected Offer
https://www.805shutters.com/window-coverings/newbury-park-ca/,$[1].@graph[1].provider,Approved identity,telephone lacks approved +1 format
https://www.805shutters.com/window-coverings/newbury-park-ca/,$[1].@graph[1].provider,Approved identity,url lacks trailing slash
https://www.805shutters.com/window-coverings/newbury-park-ca/,$[1].@graph[1].provider,Reference consistency,partial business definition lacks email; consolidate into @id reference
https://www.805shutters.com/window-treatments/newbury-park-ca/,$[0].@graph[0],Approved identity,telephone lacks approved +1 format
https://www.805shutters.com/window-treatments/newbury-park-ca/,$[0].@graph[0],Approved identity,url lacks trailing slash
https://www.805shutters.com/window-treatments/newbury-park-ca/,$[0].@graph[0],Google required / deliberately omitted,address absent; service-area privacy rule retained; LocalBusiness rich-result eligibility gap
https://www.805shutters.com/window-treatments/newbury-park-ca/,$[0].@graph[0],Google recommended / deliberately omitted,geo absent; no verified customer-facing physical location
https://www.805shutters.com/window-treatments/newbury-park-ca/,$[0].@graph[0],Approved geography,areaServed includes Santa Clarita; lacks explicit Ventura County; serviceArea includes North Los Angeles County
https://www.805shutters.com/window-treatments/newbury-park-ca/,$[0].@graph[0],Approved identity,sameAs Maps and Instagram variants differ from requested exact URLs (not evidence of wrong entity)
https://www.805shutters.com/window-treatments/newbury-park-ca/,$[0].@graph[0].makesOffer,Schema.org range error,makesOffer contains Text; expected Offer
https://www.805shutters.com/window-treatments/newbury-park-ca/,$[1].@graph[1].provider,Approved identity,telephone lacks approved +1 format
https://www.805shutters.com/window-treatments/newbury-park-ca/,$[1].@graph[1].provider,Approved identity,url lacks trailing slash
https://www.805shutters.com/window-treatments/newbury-park-ca/,$[1].@graph[1].provider,Reference consistency,partial business definition lacks email; consolidate into @id reference
https://www.805shutters.com/shutters/oak-park/,$[0].@graph[0],Approved identity,telephone lacks approved +1 format
https://www.805shutters.com/shutters/oak-park/,$[0].@graph[0],Approved identity,url lacks trailing slash
https://www.805shutters.com/shutters/oak-park/,$[0].@graph[0],Google required / deliberately omitted,address absent; service-area privacy rule retained; LocalBusiness rich-result eligibility gap
https://www.805shutters.com/shutters/oak-park/,$[0].@graph[0],Google recommended / deliberately omitted,geo absent; no verified customer-facing physical location
https://www.805shutters.com/shutters/oak-park/,$[0].@graph[0],Approved geography,areaServed includes Santa Clarita; lacks explicit Ventura County; serviceArea includes North Los Angeles County
https://www.805shutters.com/shutters/oak-park/,$[0].@graph[0],Approved identity,sameAs Maps and Instagram variants differ from requested exact URLs (not evidence of wrong entity)
https://www.805shutters.com/shutters/oak-park/,$[0].@graph[0].makesOffer,Schema.org range error,makesOffer contains Text; expected Offer
https://www.805shutters.com/shutters/oak-park/,$[1].@graph[1].provider,Approved identity,telephone lacks approved +1 format
https://www.805shutters.com/shutters/oak-park/,$[1].@graph[1].provider,Approved identity,url lacks trailing slash
https://www.805shutters.com/shutters/oak-park/,$[1].@graph[1].provider,Reference consistency,partial business definition lacks email; consolidate into @id reference
https://www.805shutters.com/shades/oak-park-ca/,$[0].@graph[0],Approved identity,telephone lacks approved +1 format
https://www.805shutters.com/shades/oak-park-ca/,$[0].@graph[0],Approved identity,url lacks trailing slash
https://www.805shutters.com/shades/oak-park-ca/,$[0].@graph[0],Google required / deliberately omitted,address absent; service-area privacy rule retained; LocalBusiness rich-result eligibility gap
https://www.805shutters.com/shades/oak-park-ca/,$[0].@graph[0],Google recommended / deliberately omitted,geo absent; no verified customer-facing physical location
https://www.805shutters.com/shades/oak-park-ca/,$[0].@graph[0],Approved geography,areaServed includes Santa Clarita; lacks explicit Ventura County; serviceArea includes North Los Angeles County
https://www.805shutters.com/shades/oak-park-ca/,$[0].@graph[0],Approved identity,sameAs Maps and Instagram variants differ from requested exact URLs (not evidence of wrong entity)
https://www.805shutters.com/shades/oak-park-ca/,$[0].@graph[0].makesOffer,Schema.org range error,makesOffer contains Text; expected Offer
https://www.805shutters.com/shades/oak-park-ca/,$[1].@graph[1].provider,Approved identity,telephone lacks approved +1 format
https://www.805shutters.com/shades/oak-park-ca/,$[1].@graph[1].provider,Approved identity,url lacks trailing slash
https://www.805shutters.com/shades/oak-park-ca/,$[1].@graph[1].provider,Reference consistency,partial business definition lacks email; consolidate into @id reference
https://www.805shutters.com/blinds/oak-park-ca/,$[0].@graph[0],Approved identity,telephone lacks approved +1 format
https://www.805shutters.com/blinds/oak-park-ca/,$[0].@graph[0],Approved identity,url lacks trailing slash
https://www.805shutters.com/blinds/oak-park-ca/,$[0].@graph[0],Google required / deliberately omitted,address absent; service-area privacy rule retained; LocalBusiness rich-result eligibility gap
https://www.805shutters.com/blinds/oak-park-ca/,$[0].@graph[0],Google recommended / deliberately omitted,geo absent; no verified customer-facing physical location
https://www.805shutters.com/blinds/oak-park-ca/,$[0].@graph[0],Approved geography,areaServed includes Santa Clarita; lacks explicit Ventura County; serviceArea includes North Los Angeles County
https://www.805shutters.com/blinds/oak-park-ca/,$[0].@graph[0],Approved identity,sameAs Maps and Instagram variants differ from requested exact URLs (not evidence of wrong entity)
https://www.805shutters.com/blinds/oak-park-ca/,$[0].@graph[0].makesOffer,Schema.org range error,makesOffer contains Text; expected Offer
https://www.805shutters.com/blinds/oak-park-ca/,$[1].@graph[1].provider,Approved identity,telephone lacks approved +1 format
https://www.805shutters.com/blinds/oak-park-ca/,$[1].@graph[1].provider,Approved identity,url lacks trailing slash
https://www.805shutters.com/blinds/oak-park-ca/,$[1].@graph[1].provider,Reference consistency,partial business definition lacks email; consolidate into @id reference
https://www.805shutters.com/drapery/oak-park-ca/,$[0].@graph[0],Approved identity,telephone lacks approved +1 format
https://www.805shutters.com/drapery/oak-park-ca/,$[0].@graph[0],Approved identity,url lacks trailing slash
https://www.805shutters.com/drapery/oak-park-ca/,$[0].@graph[0],Google required / deliberately omitted,address absent; service-area privacy rule retained; LocalBusiness rich-result eligibility gap
https://www.805shutters.com/drapery/oak-park-ca/,$[0].@graph[0],Google recommended / deliberately omitted,geo absent; no verified customer-facing physical location
https://www.805shutters.com/drapery/oak-park-ca/,$[0].@graph[0],Approved geography,areaServed includes Santa Clarita; lacks explicit Ventura County; serviceArea includes North Los Angeles County
https://www.805shutters.com/drapery/oak-park-ca/,$[0].@graph[0],Approved identity,sameAs Maps and Instagram variants differ from requested exact URLs (not evidence of wrong entity)
https://www.805shutters.com/drapery/oak-park-ca/,$[0].@graph[0].makesOffer,Schema.org range error,makesOffer contains Text; expected Offer
https://www.805shutters.com/drapery/oak-park-ca/,$[1].@graph[1].provider,Approved identity,telephone lacks approved +1 format
https://www.805shutters.com/drapery/oak-park-ca/,$[1].@graph[1].provider,Approved identity,url lacks trailing slash
https://www.805shutters.com/drapery/oak-park-ca/,$[1].@graph[1].provider,Reference consistency,partial business definition lacks email; consolidate into @id reference
https://www.805shutters.com/window-coverings/oak-park-ca/,$[0].@graph[0],Approved identity,telephone lacks approved +1 format
https://www.805shutters.com/window-coverings/oak-park-ca/,$[0].@graph[0],Approved identity,url lacks trailing slash
https://www.805shutters.com/window-coverings/oak-park-ca/,$[0].@graph[0],Google required / deliberately omitted,address absent; service-area privacy rule retained; LocalBusiness rich-result eligibility gap
https://www.805shutters.com/window-coverings/oak-park-ca/,$[0].@graph[0],Google recommended / deliberately omitted,geo absent; no verified customer-facing physical location
https://www.805shutters.com/window-coverings/oak-park-ca/,$[0].@graph[0],Approved geography,areaServed includes Santa Clarita; lacks explicit Ventura County; serviceArea includes North Los Angeles County
https://www.805shutters.com/window-coverings/oak-park-ca/,$[0].@graph[0],Approved identity,sameAs Maps and Instagram variants differ from requested exact URLs (not evidence of wrong entity)
https://www.805shutters.com/window-coverings/oak-park-ca/,$[0].@graph[0].makesOffer,Schema.org range error,makesOffer contains Text; expected Offer
https://www.805shutters.com/window-coverings/oak-park-ca/,$[1].@graph[1].provider,Approved identity,telephone lacks approved +1 format
https://www.805shutters.com/window-coverings/oak-park-ca/,$[1].@graph[1].provider,Approved identity,url lacks trailing slash
https://www.805shutters.com/window-coverings/oak-park-ca/,$[1].@graph[1].provider,Reference consistency,partial business definition lacks email; consolidate into @id reference
https://www.805shutters.com/window-treatments/oak-park-ca/,$[0].@graph[0],Approved identity,telephone lacks approved +1 format
https://www.805shutters.com/window-treatments/oak-park-ca/,$[0].@graph[0],Approved identity,url lacks trailing slash
https://www.805shutters.com/window-treatments/oak-park-ca/,$[0].@graph[0],Google required / deliberately omitted,address absent; service-area privacy rule retained; LocalBusiness rich-result eligibility gap
https://www.805shutters.com/window-treatments/oak-park-ca/,$[0].@graph[0],Google recommended / deliberately omitted,geo absent; no verified customer-facing physical location
https://www.805shutters.com/window-treatments/oak-park-ca/,$[0].@graph[0],Approved geography,areaServed includes Santa Clarita; lacks explicit Ventura County; serviceArea includes North Los Angeles County
https://www.805shutters.com/window-treatments/oak-park-ca/,$[0].@graph[0],Approved identity,sameAs Maps and Instagram variants differ from requested exact URLs (not evidence of wrong entity)
https://www.805shutters.com/window-treatments/oak-park-ca/,$[0].@graph[0].makesOffer,Schema.org range error,makesOffer contains Text; expected Offer
https://www.805shutters.com/window-treatments/oak-park-ca/,$[1].@graph[1].provider,Approved identity,telephone lacks approved +1 format
https://www.805shutters.com/window-treatments/oak-park-ca/,$[1].@graph[1].provider,Approved identity,url lacks trailing slash
https://www.805shutters.com/window-treatments/oak-park-ca/,$[1].@graph[1].provider,Reference consistency,partial business definition lacks email; consolidate into @id reference
https://www.805shutters.com/shutters/ojai/,$[0].@graph[0],Approved identity,telephone lacks approved +1 format
https://www.805shutters.com/shutters/ojai/,$[0].@graph[0],Approved identity,url lacks trailing slash
https://www.805shutters.com/shutters/ojai/,$[0].@graph[0],Google required / deliberately omitted,address absent; service-area privacy rule retained; LocalBusiness rich-result eligibility gap
https://www.805shutters.com/shutters/ojai/,$[0].@graph[0],Google recommended / deliberately omitted,geo absent; no verified customer-facing physical location
https://www.805shutters.com/shutters/ojai/,$[0].@graph[0],Approved geography,areaServed includes Santa Clarita; lacks explicit Ventura County; serviceArea includes North Los Angeles County
https://www.805shutters.com/shutters/ojai/,$[0].@graph[0],Approved identity,sameAs Maps and Instagram variants differ from requested exact URLs (not evidence of wrong entity)
https://www.805shutters.com/shutters/ojai/,$[0].@graph[0].makesOffer,Schema.org range error,makesOffer contains Text; expected Offer
https://www.805shutters.com/shutters/ojai/,$[1].@graph[1].provider,Approved identity,telephone lacks approved +1 format
https://www.805shutters.com/shutters/ojai/,$[1].@graph[1].provider,Approved identity,url lacks trailing slash
https://www.805shutters.com/shutters/ojai/,$[1].@graph[1].provider,Reference consistency,partial business definition lacks email; consolidate into @id reference
https://www.805shutters.com/shades/ojai-ca/,$[0].@graph[0],Approved identity,telephone lacks approved +1 format
https://www.805shutters.com/shades/ojai-ca/,$[0].@graph[0],Approved identity,url lacks trailing slash
https://www.805shutters.com/shades/ojai-ca/,$[0].@graph[0],Google required / deliberately omitted,address absent; service-area privacy rule retained; LocalBusiness rich-result eligibility gap
https://www.805shutters.com/shades/ojai-ca/,$[0].@graph[0],Google recommended / deliberately omitted,geo absent; no verified customer-facing physical location
https://www.805shutters.com/shades/ojai-ca/,$[0].@graph[0],Approved geography,areaServed includes Santa Clarita; lacks explicit Ventura County; serviceArea includes North Los Angeles County
https://www.805shutters.com/shades/ojai-ca/,$[0].@graph[0],Approved identity,sameAs Maps and Instagram variants differ from requested exact URLs (not evidence of wrong entity)
https://www.805shutters.com/shades/ojai-ca/,$[0].@graph[0].makesOffer,Schema.org range error,makesOffer contains Text; expected Offer
https://www.805shutters.com/shades/ojai-ca/,$[1].@graph[1].provider,Approved identity,telephone lacks approved +1 format
https://www.805shutters.com/shades/ojai-ca/,$[1].@graph[1].provider,Approved identity,url lacks trailing slash
https://www.805shutters.com/shades/ojai-ca/,$[1].@graph[1].provider,Reference consistency,partial business definition lacks email; consolidate into @id reference
https://www.805shutters.com/blinds/ojai-ca/,$[0].@graph[0],Approved identity,telephone lacks approved +1 format
https://www.805shutters.com/blinds/ojai-ca/,$[0].@graph[0],Approved identity,url lacks trailing slash
https://www.805shutters.com/blinds/ojai-ca/,$[0].@graph[0],Google required / deliberately omitted,address absent; service-area privacy rule retained; LocalBusiness rich-result eligibility gap
https://www.805shutters.com/blinds/ojai-ca/,$[0].@graph[0],Google recommended / deliberately omitted,geo absent; no verified customer-facing physical location
https://www.805shutters.com/blinds/ojai-ca/,$[0].@graph[0],Approved geography,areaServed includes Santa Clarita; lacks explicit Ventura County; serviceArea includes North Los Angeles County
https://www.805shutters.com/blinds/ojai-ca/,$[0].@graph[0],Approved identity,sameAs Maps and Instagram variants differ from requested exact URLs (not evidence of wrong entity)
https://www.805shutters.com/blinds/ojai-ca/,$[0].@graph[0].makesOffer,Schema.org range error,makesOffer contains Text; expected Offer
https://www.805shutters.com/blinds/ojai-ca/,$[1].@graph[1].provider,Approved identity,telephone lacks approved +1 format
https://www.805shutters.com/blinds/ojai-ca/,$[1].@graph[1].provider,Approved identity,url lacks trailing slash
https://www.805shutters.com/blinds/ojai-ca/,$[1].@graph[1].provider,Reference consistency,partial business definition lacks email; consolidate into @id reference
https://www.805shutters.com/drapery/ojai-ca/,$[0].@graph[0],Approved identity,telephone lacks approved +1 format
https://www.805shutters.com/drapery/ojai-ca/,$[0].@graph[0],Approved identity,url lacks trailing slash
https://www.805shutters.com/drapery/ojai-ca/,$[0].@graph[0],Google required / deliberately omitted,address absent; service-area privacy rule retained; LocalBusiness rich-result eligibility gap
https://www.805shutters.com/drapery/ojai-ca/,$[0].@graph[0],Google recommended / deliberately omitted,geo absent; no verified customer-facing physical location
https://www.805shutters.com/drapery/ojai-ca/,$[0].@graph[0],Approved geography,areaServed includes Santa Clarita; lacks explicit Ventura County; serviceArea includes North Los Angeles County
https://www.805shutters.com/drapery/ojai-ca/,$[0].@graph[0],Approved identity,sameAs Maps and Instagram variants differ from requested exact URLs (not evidence of wrong entity)
https://www.805shutters.com/drapery/ojai-ca/,$[0].@graph[0].makesOffer,Schema.org range error,makesOffer contains Text; expected Offer
https://www.805shutters.com/drapery/ojai-ca/,$[1].@graph[1].provider,Approved identity,telephone lacks approved +1 format
https://www.805shutters.com/drapery/ojai-ca/,$[1].@graph[1].provider,Approved identity,url lacks trailing slash
https://www.805shutters.com/drapery/ojai-ca/,$[1].@graph[1].provider,Reference consistency,partial business definition lacks email; consolidate into @id reference
https://www.805shutters.com/window-coverings/ojai-ca/,$[0].@graph[0],Approved identity,telephone lacks approved +1 format
https://www.805shutters.com/window-coverings/ojai-ca/,$[0].@graph[0],Approved identity,url lacks trailing slash
https://www.805shutters.com/window-coverings/ojai-ca/,$[0].@graph[0],Google required / deliberately omitted,address absent; service-area privacy rule retained; LocalBusiness rich-result eligibility gap
https://www.805shutters.com/window-coverings/ojai-ca/,$[0].@graph[0],Google recommended / deliberately omitted,geo absent; no verified customer-facing physical location
https://www.805shutters.com/window-coverings/ojai-ca/,$[0].@graph[0],Approved geography,areaServed includes Santa Clarita; lacks explicit Ventura County; serviceArea includes North Los Angeles County
https://www.805shutters.com/window-coverings/ojai-ca/,$[0].@graph[0],Approved identity,sameAs Maps and Instagram variants differ from requested exact URLs (not evidence of wrong entity)
https://www.805shutters.com/window-coverings/ojai-ca/,$[0].@graph[0].makesOffer,Schema.org range error,makesOffer contains Text; expected Offer
https://www.805shutters.com/window-coverings/ojai-ca/,$[1].@graph[1].provider,Approved identity,telephone lacks approved +1 format
https://www.805shutters.com/window-coverings/ojai-ca/,$[1].@graph[1].provider,Approved identity,url lacks trailing slash
https://www.805shutters.com/window-coverings/ojai-ca/,$[1].@graph[1].provider,Reference consistency,partial business definition lacks email; consolidate into @id reference
https://www.805shutters.com/window-treatments/ojai-ca/,$[0].@graph[0],Approved identity,telephone lacks approved +1 format
https://www.805shutters.com/window-treatments/ojai-ca/,$[0].@graph[0],Approved identity,url lacks trailing slash
https://www.805shutters.com/window-treatments/ojai-ca/,$[0].@graph[0],Google required / deliberately omitted,address absent; service-area privacy rule retained; LocalBusiness rich-result eligibility gap
https://www.805shutters.com/window-treatments/ojai-ca/,$[0].@graph[0],Google recommended / deliberately omitted,geo absent; no verified customer-facing physical location
https://www.805shutters.com/window-treatments/ojai-ca/,$[0].@graph[0],Approved geography,areaServed includes Santa Clarita; lacks explicit Ventura County; serviceArea includes North Los Angeles County
https://www.805shutters.com/window-treatments/ojai-ca/,$[0].@graph[0],Approved identity,sameAs Maps and Instagram variants differ from requested exact URLs (not evidence of wrong entity)
https://www.805shutters.com/window-treatments/ojai-ca/,$[0].@graph[0].makesOffer,Schema.org range error,makesOffer contains Text; expected Offer
https://www.805shutters.com/window-treatments/ojai-ca/,$[1].@graph[1].provider,Approved identity,telephone lacks approved +1 format
https://www.805shutters.com/window-treatments/ojai-ca/,$[1].@graph[1].provider,Approved identity,url lacks trailing slash
https://www.805shutters.com/window-treatments/ojai-ca/,$[1].@graph[1].provider,Reference consistency,partial business definition lacks email; consolidate into @id reference
https://www.805shutters.com/shutters/oxnard/,$[0].@graph[0],Approved identity,telephone lacks approved +1 format
https://www.805shutters.com/shutters/oxnard/,$[0].@graph[0],Approved identity,url lacks trailing slash
https://www.805shutters.com/shutters/oxnard/,$[0].@graph[0],Google required / deliberately omitted,address absent; service-area privacy rule retained; LocalBusiness rich-result eligibility gap
https://www.805shutters.com/shutters/oxnard/,$[0].@graph[0],Google recommended / deliberately omitted,geo absent; no verified customer-facing physical location
https://www.805shutters.com/shutters/oxnard/,$[0].@graph[0],Approved geography,areaServed includes Santa Clarita; lacks explicit Ventura County; serviceArea includes North Los Angeles County
https://www.805shutters.com/shutters/oxnard/,$[0].@graph[0],Approved identity,sameAs Maps and Instagram variants differ from requested exact URLs (not evidence of wrong entity)
https://www.805shutters.com/shutters/oxnard/,$[0].@graph[0].makesOffer,Schema.org range error,makesOffer contains Text; expected Offer
https://www.805shutters.com/shutters/oxnard/,$[1].@graph[1].provider,Approved identity,telephone lacks approved +1 format
https://www.805shutters.com/shutters/oxnard/,$[1].@graph[1].provider,Approved identity,url lacks trailing slash
https://www.805shutters.com/shutters/oxnard/,$[1].@graph[1].provider,Reference consistency,partial business definition lacks email; consolidate into @id reference
https://www.805shutters.com/shades/oxnard-ca/,$[0].@graph[0],Approved identity,telephone lacks approved +1 format
https://www.805shutters.com/shades/oxnard-ca/,$[0].@graph[0],Approved identity,url lacks trailing slash
https://www.805shutters.com/shades/oxnard-ca/,$[0].@graph[0],Google required / deliberately omitted,address absent; service-area privacy rule retained; LocalBusiness rich-result eligibility gap
https://www.805shutters.com/shades/oxnard-ca/,$[0].@graph[0],Google recommended / deliberately omitted,geo absent; no verified customer-facing physical location
https://www.805shutters.com/shades/oxnard-ca/,$[0].@graph[0],Approved geography,areaServed includes Santa Clarita; lacks explicit Ventura County; serviceArea includes North Los Angeles County
https://www.805shutters.com/shades/oxnard-ca/,$[0].@graph[0],Approved identity,sameAs Maps and Instagram variants differ from requested exact URLs (not evidence of wrong entity)
https://www.805shutters.com/shades/oxnard-ca/,$[0].@graph[0].makesOffer,Schema.org range error,makesOffer contains Text; expected Offer
https://www.805shutters.com/shades/oxnard-ca/,$[1].@graph[1].provider,Approved identity,telephone lacks approved +1 format
https://www.805shutters.com/shades/oxnard-ca/,$[1].@graph[1].provider,Approved identity,url lacks trailing slash
https://www.805shutters.com/shades/oxnard-ca/,$[1].@graph[1].provider,Reference consistency,partial business definition lacks email; consolidate into @id reference
https://www.805shutters.com/blinds/oxnard-ca/,$[0].@graph[0],Approved identity,telephone lacks approved +1 format
https://www.805shutters.com/blinds/oxnard-ca/,$[0].@graph[0],Approved identity,url lacks trailing slash
https://www.805shutters.com/blinds/oxnard-ca/,$[0].@graph[0],Google required / deliberately omitted,address absent; service-area privacy rule retained; LocalBusiness rich-result eligibility gap
https://www.805shutters.com/blinds/oxnard-ca/,$[0].@graph[0],Google recommended / deliberately omitted,geo absent; no verified customer-facing physical location
https://www.805shutters.com/blinds/oxnard-ca/,$[0].@graph[0],Approved geography,areaServed includes Santa Clarita; lacks explicit Ventura County; serviceArea includes North Los Angeles County
https://www.805shutters.com/blinds/oxnard-ca/,$[0].@graph[0],Approved identity,sameAs Maps and Instagram variants differ from requested exact URLs (not evidence of wrong entity)
https://www.805shutters.com/blinds/oxnard-ca/,$[0].@graph[0].makesOffer,Schema.org range error,makesOffer contains Text; expected Offer
https://www.805shutters.com/blinds/oxnard-ca/,$[1].@graph[1].provider,Approved identity,telephone lacks approved +1 format
https://www.805shutters.com/blinds/oxnard-ca/,$[1].@graph[1].provider,Approved identity,url lacks trailing slash
https://www.805shutters.com/blinds/oxnard-ca/,$[1].@graph[1].provider,Reference consistency,partial business definition lacks email; consolidate into @id reference
https://www.805shutters.com/drapery/oxnard-ca/,$[0].@graph[0],Approved identity,telephone lacks approved +1 format
https://www.805shutters.com/drapery/oxnard-ca/,$[0].@graph[0],Approved identity,url lacks trailing slash
https://www.805shutters.com/drapery/oxnard-ca/,$[0].@graph[0],Google required / deliberately omitted,address absent; service-area privacy rule retained; LocalBusiness rich-result eligibility gap
https://www.805shutters.com/drapery/oxnard-ca/,$[0].@graph[0],Google recommended / deliberately omitted,geo absent; no verified customer-facing physical location
https://www.805shutters.com/drapery/oxnard-ca/,$[0].@graph[0],Approved geography,areaServed includes Santa Clarita; lacks explicit Ventura County; serviceArea includes North Los Angeles County
https://www.805shutters.com/drapery/oxnard-ca/,$[0].@graph[0],Approved identity,sameAs Maps and Instagram variants differ from requested exact URLs (not evidence of wrong entity)
https://www.805shutters.com/drapery/oxnard-ca/,$[0].@graph[0].makesOffer,Schema.org range error,makesOffer contains Text; expected Offer
https://www.805shutters.com/drapery/oxnard-ca/,$[1].@graph[1].provider,Approved identity,telephone lacks approved +1 format
https://www.805shutters.com/drapery/oxnard-ca/,$[1].@graph[1].provider,Approved identity,url lacks trailing slash
https://www.805shutters.com/drapery/oxnard-ca/,$[1].@graph[1].provider,Reference consistency,partial business definition lacks email; consolidate into @id reference
https://www.805shutters.com/window-coverings/oxnard-ca/,$[0].@graph[0],Approved identity,telephone lacks approved +1 format
https://www.805shutters.com/window-coverings/oxnard-ca/,$[0].@graph[0],Approved identity,url lacks trailing slash
https://www.805shutters.com/window-coverings/oxnard-ca/,$[0].@graph[0],Google required / deliberately omitted,address absent; service-area privacy rule retained; LocalBusiness rich-result eligibility gap
https://www.805shutters.com/window-coverings/oxnard-ca/,$[0].@graph[0],Google recommended / deliberately omitted,geo absent; no verified customer-facing physical location
https://www.805shutters.com/window-coverings/oxnard-ca/,$[0].@graph[0],Approved geography,areaServed includes Santa Clarita; lacks explicit Ventura County; serviceArea includes North Los Angeles County
https://www.805shutters.com/window-coverings/oxnard-ca/,$[0].@graph[0],Approved identity,sameAs Maps and Instagram variants differ from requested exact URLs (not evidence of wrong entity)
https://www.805shutters.com/window-coverings/oxnard-ca/,$[0].@graph[0].makesOffer,Schema.org range error,makesOffer contains Text; expected Offer
https://www.805shutters.com/window-coverings/oxnard-ca/,$[1].@graph[1].provider,Approved identity,telephone lacks approved +1 format
https://www.805shutters.com/window-coverings/oxnard-ca/,$[1].@graph[1].provider,Approved identity,url lacks trailing slash
https://www.805shutters.com/window-coverings/oxnard-ca/,$[1].@graph[1].provider,Reference consistency,partial business definition lacks email; consolidate into @id reference
https://www.805shutters.com/window-treatments/oxnard-ca/,$[0].@graph[0],Approved identity,telephone lacks approved +1 format
https://www.805shutters.com/window-treatments/oxnard-ca/,$[0].@graph[0],Approved identity,url lacks trailing slash
https://www.805shutters.com/window-treatments/oxnard-ca/,$[0].@graph[0],Google required / deliberately omitted,address absent; service-area privacy rule retained; LocalBusiness rich-result eligibility gap
https://www.805shutters.com/window-treatments/oxnard-ca/,$[0].@graph[0],Google recommended / deliberately omitted,geo absent; no verified customer-facing physical location
https://www.805shutters.com/window-treatments/oxnard-ca/,$[0].@graph[0],Approved geography,areaServed includes Santa Clarita; lacks explicit Ventura County; serviceArea includes North Los Angeles County
https://www.805shutters.com/window-treatments/oxnard-ca/,$[0].@graph[0],Approved identity,sameAs Maps and Instagram variants differ from requested exact URLs (not evidence of wrong entity)
https://www.805shutters.com/window-treatments/oxnard-ca/,$[0].@graph[0].makesOffer,Schema.org range error,makesOffer contains Text; expected Offer
https://www.805shutters.com/window-treatments/oxnard-ca/,$[1].@graph[1].provider,Approved identity,telephone lacks approved +1 format
https://www.805shutters.com/window-treatments/oxnard-ca/,$[1].@graph[1].provider,Approved identity,url lacks trailing slash
https://www.805shutters.com/window-treatments/oxnard-ca/,$[1].@graph[1].provider,Reference consistency,partial business definition lacks email; consolidate into @id reference
https://www.805shutters.com/shutters/port-hueneme/,$[0].@graph[0],Approved identity,telephone lacks approved +1 format
https://www.805shutters.com/shutters/port-hueneme/,$[0].@graph[0],Approved identity,url lacks trailing slash
https://www.805shutters.com/shutters/port-hueneme/,$[0].@graph[0],Google required / deliberately omitted,address absent; service-area privacy rule retained; LocalBusiness rich-result eligibility gap
https://www.805shutters.com/shutters/port-hueneme/,$[0].@graph[0],Google recommended / deliberately omitted,geo absent; no verified customer-facing physical location
https://www.805shutters.com/shutters/port-hueneme/,$[0].@graph[0],Approved geography,areaServed includes Santa Clarita; lacks explicit Ventura County; serviceArea includes North Los Angeles County
https://www.805shutters.com/shutters/port-hueneme/,$[0].@graph[0],Approved identity,sameAs Maps and Instagram variants differ from requested exact URLs (not evidence of wrong entity)
https://www.805shutters.com/shutters/port-hueneme/,$[0].@graph[0].makesOffer,Schema.org range error,makesOffer contains Text; expected Offer
https://www.805shutters.com/shutters/port-hueneme/,$[1].@graph[1].provider,Approved identity,telephone lacks approved +1 format
https://www.805shutters.com/shutters/port-hueneme/,$[1].@graph[1].provider,Approved identity,url lacks trailing slash
https://www.805shutters.com/shutters/port-hueneme/,$[1].@graph[1].provider,Reference consistency,partial business definition lacks email; consolidate into @id reference
https://www.805shutters.com/shades/port-hueneme-ca/,$[0].@graph[0],Approved identity,telephone lacks approved +1 format
https://www.805shutters.com/shades/port-hueneme-ca/,$[0].@graph[0],Approved identity,url lacks trailing slash
https://www.805shutters.com/shades/port-hueneme-ca/,$[0].@graph[0],Google required / deliberately omitted,address absent; service-area privacy rule retained; LocalBusiness rich-result eligibility gap
https://www.805shutters.com/shades/port-hueneme-ca/,$[0].@graph[0],Google recommended / deliberately omitted,geo absent; no verified customer-facing physical location
https://www.805shutters.com/shades/port-hueneme-ca/,$[0].@graph[0],Approved geography,areaServed includes Santa Clarita; lacks explicit Ventura County; serviceArea includes North Los Angeles County
https://www.805shutters.com/shades/port-hueneme-ca/,$[0].@graph[0],Approved identity,sameAs Maps and Instagram variants differ from requested exact URLs (not evidence of wrong entity)
https://www.805shutters.com/shades/port-hueneme-ca/,$[0].@graph[0].makesOffer,Schema.org range error,makesOffer contains Text; expected Offer
https://www.805shutters.com/shades/port-hueneme-ca/,$[1].@graph[1].provider,Approved identity,telephone lacks approved +1 format
https://www.805shutters.com/shades/port-hueneme-ca/,$[1].@graph[1].provider,Approved identity,url lacks trailing slash
https://www.805shutters.com/shades/port-hueneme-ca/,$[1].@graph[1].provider,Reference consistency,partial business definition lacks email; consolidate into @id reference
https://www.805shutters.com/blinds/port-hueneme-ca/,$[0].@graph[0],Approved identity,telephone lacks approved +1 format
https://www.805shutters.com/blinds/port-hueneme-ca/,$[0].@graph[0],Approved identity,url lacks trailing slash
https://www.805shutters.com/blinds/port-hueneme-ca/,$[0].@graph[0],Google required / deliberately omitted,address absent; service-area privacy rule retained; LocalBusiness rich-result eligibility gap
https://www.805shutters.com/blinds/port-hueneme-ca/,$[0].@graph[0],Google recommended / deliberately omitted,geo absent; no verified customer-facing physical location
https://www.805shutters.com/blinds/port-hueneme-ca/,$[0].@graph[0],Approved geography,areaServed includes Santa Clarita; lacks explicit Ventura County; serviceArea includes North Los Angeles County
https://www.805shutters.com/blinds/port-hueneme-ca/,$[0].@graph[0],Approved identity,sameAs Maps and Instagram variants differ from requested exact URLs (not evidence of wrong entity)
https://www.805shutters.com/blinds/port-hueneme-ca/,$[0].@graph[0].makesOffer,Schema.org range error,makesOffer contains Text; expected Offer
https://www.805shutters.com/blinds/port-hueneme-ca/,$[1].@graph[1].provider,Approved identity,telephone lacks approved +1 format
https://www.805shutters.com/blinds/port-hueneme-ca/,$[1].@graph[1].provider,Approved identity,url lacks trailing slash
https://www.805shutters.com/blinds/port-hueneme-ca/,$[1].@graph[1].provider,Reference consistency,partial business definition lacks email; consolidate into @id reference
https://www.805shutters.com/drapery/port-hueneme-ca/,$[0].@graph[0],Approved identity,telephone lacks approved +1 format
https://www.805shutters.com/drapery/port-hueneme-ca/,$[0].@graph[0],Approved identity,url lacks trailing slash
https://www.805shutters.com/drapery/port-hueneme-ca/,$[0].@graph[0],Google required / deliberately omitted,address absent; service-area privacy rule retained; LocalBusiness rich-result eligibility gap
https://www.805shutters.com/drapery/port-hueneme-ca/,$[0].@graph[0],Google recommended / deliberately omitted,geo absent; no verified customer-facing physical location
https://www.805shutters.com/drapery/port-hueneme-ca/,$[0].@graph[0],Approved geography,areaServed includes Santa Clarita; lacks explicit Ventura County; serviceArea includes North Los Angeles County
https://www.805shutters.com/drapery/port-hueneme-ca/,$[0].@graph[0],Approved identity,sameAs Maps and Instagram variants differ from requested exact URLs (not evidence of wrong entity)
https://www.805shutters.com/drapery/port-hueneme-ca/,$[0].@graph[0].makesOffer,Schema.org range error,makesOffer contains Text; expected Offer
https://www.805shutters.com/drapery/port-hueneme-ca/,$[1].@graph[1].provider,Approved identity,telephone lacks approved +1 format
https://www.805shutters.com/drapery/port-hueneme-ca/,$[1].@graph[1].provider,Approved identity,url lacks trailing slash
https://www.805shutters.com/drapery/port-hueneme-ca/,$[1].@graph[1].provider,Reference consistency,partial business definition lacks email; consolidate into @id reference
https://www.805shutters.com/window-coverings/port-hueneme-ca/,$[0].@graph[0],Approved identity,telephone lacks approved +1 format
https://www.805shutters.com/window-coverings/port-hueneme-ca/,$[0].@graph[0],Approved identity,url lacks trailing slash
https://www.805shutters.com/window-coverings/port-hueneme-ca/,$[0].@graph[0],Google required / deliberately omitted,address absent; service-area privacy rule retained; LocalBusiness rich-result eligibility gap
https://www.805shutters.com/window-coverings/port-hueneme-ca/,$[0].@graph[0],Google recommended / deliberately omitted,geo absent; no verified customer-facing physical location
https://www.805shutters.com/window-coverings/port-hueneme-ca/,$[0].@graph[0],Approved geography,areaServed includes Santa Clarita; lacks explicit Ventura County; serviceArea includes North Los Angeles County
https://www.805shutters.com/window-coverings/port-hueneme-ca/,$[0].@graph[0],Approved identity,sameAs Maps and Instagram variants differ from requested exact URLs (not evidence of wrong entity)
https://www.805shutters.com/window-coverings/port-hueneme-ca/,$[0].@graph[0].makesOffer,Schema.org range error,makesOffer contains Text; expected Offer
https://www.805shutters.com/window-coverings/port-hueneme-ca/,$[1].@graph[1].provider,Approved identity,telephone lacks approved +1 format
https://www.805shutters.com/window-coverings/port-hueneme-ca/,$[1].@graph[1].provider,Approved identity,url lacks trailing slash
https://www.805shutters.com/window-coverings/port-hueneme-ca/,$[1].@graph[1].provider,Reference consistency,partial business definition lacks email; consolidate into @id reference
https://www.805shutters.com/window-treatments/port-hueneme-ca/,$[0].@graph[0],Approved identity,telephone lacks approved +1 format
https://www.805shutters.com/window-treatments/port-hueneme-ca/,$[0].@graph[0],Approved identity,url lacks trailing slash
https://www.805shutters.com/window-treatments/port-hueneme-ca/,$[0].@graph[0],Google required / deliberately omitted,address absent; service-area privacy rule retained; LocalBusiness rich-result eligibility gap
https://www.805shutters.com/window-treatments/port-hueneme-ca/,$[0].@graph[0],Google recommended / deliberately omitted,geo absent; no verified customer-facing physical location
https://www.805shutters.com/window-treatments/port-hueneme-ca/,$[0].@graph[0],Approved geography,areaServed includes Santa Clarita; lacks explicit Ventura County; serviceArea includes North Los Angeles County
https://www.805shutters.com/window-treatments/port-hueneme-ca/,$[0].@graph[0],Approved identity,sameAs Maps and Instagram variants differ from requested exact URLs (not evidence of wrong entity)
https://www.805shutters.com/window-treatments/port-hueneme-ca/,$[0].@graph[0].makesOffer,Schema.org range error,makesOffer contains Text; expected Offer
https://www.805shutters.com/window-treatments/port-hueneme-ca/,$[1].@graph[1].provider,Approved identity,telephone lacks approved +1 format
https://www.805shutters.com/window-treatments/port-hueneme-ca/,$[1].@graph[1].provider,Approved identity,url lacks trailing slash
https://www.805shutters.com/window-treatments/port-hueneme-ca/,$[1].@graph[1].provider,Reference consistency,partial business definition lacks email; consolidate into @id reference
https://www.805shutters.com/shutters/santa-paula/,$[0].@graph[0],Approved identity,telephone lacks approved +1 format
https://www.805shutters.com/shutters/santa-paula/,$[0].@graph[0],Approved identity,url lacks trailing slash
https://www.805shutters.com/shutters/santa-paula/,$[0].@graph[0],Google required / deliberately omitted,address absent; service-area privacy rule retained; LocalBusiness rich-result eligibility gap
https://www.805shutters.com/shutters/santa-paula/,$[0].@graph[0],Google recommended / deliberately omitted,geo absent; no verified customer-facing physical location
https://www.805shutters.com/shutters/santa-paula/,$[0].@graph[0],Approved geography,areaServed includes Santa Clarita; lacks explicit Ventura County; serviceArea includes North Los Angeles County
https://www.805shutters.com/shutters/santa-paula/,$[0].@graph[0],Approved identity,sameAs Maps and Instagram variants differ from requested exact URLs (not evidence of wrong entity)
https://www.805shutters.com/shutters/santa-paula/,$[0].@graph[0].makesOffer,Schema.org range error,makesOffer contains Text; expected Offer
https://www.805shutters.com/shutters/santa-paula/,$[1].@graph[1].provider,Approved identity,telephone lacks approved +1 format
https://www.805shutters.com/shutters/santa-paula/,$[1].@graph[1].provider,Approved identity,url lacks trailing slash
https://www.805shutters.com/shutters/santa-paula/,$[1].@graph[1].provider,Reference consistency,partial business definition lacks email; consolidate into @id reference
https://www.805shutters.com/shades/santa-paula-ca/,$[0].@graph[0],Approved identity,telephone lacks approved +1 format
https://www.805shutters.com/shades/santa-paula-ca/,$[0].@graph[0],Approved identity,url lacks trailing slash
https://www.805shutters.com/shades/santa-paula-ca/,$[0].@graph[0],Google required / deliberately omitted,address absent; service-area privacy rule retained; LocalBusiness rich-result eligibility gap
https://www.805shutters.com/shades/santa-paula-ca/,$[0].@graph[0],Google recommended / deliberately omitted,geo absent; no verified customer-facing physical location
https://www.805shutters.com/shades/santa-paula-ca/,$[0].@graph[0],Approved geography,areaServed includes Santa Clarita; lacks explicit Ventura County; serviceArea includes North Los Angeles County
https://www.805shutters.com/shades/santa-paula-ca/,$[0].@graph[0],Approved identity,sameAs Maps and Instagram variants differ from requested exact URLs (not evidence of wrong entity)
https://www.805shutters.com/shades/santa-paula-ca/,$[0].@graph[0].makesOffer,Schema.org range error,makesOffer contains Text; expected Offer
https://www.805shutters.com/shades/santa-paula-ca/,$[1].@graph[1].provider,Approved identity,telephone lacks approved +1 format
https://www.805shutters.com/shades/santa-paula-ca/,$[1].@graph[1].provider,Approved identity,url lacks trailing slash
https://www.805shutters.com/shades/santa-paula-ca/,$[1].@graph[1].provider,Reference consistency,partial business definition lacks email; consolidate into @id reference
https://www.805shutters.com/blinds/santa-paula-ca/,$[0].@graph[0],Approved identity,telephone lacks approved +1 format
https://www.805shutters.com/blinds/santa-paula-ca/,$[0].@graph[0],Approved identity,url lacks trailing slash
https://www.805shutters.com/blinds/santa-paula-ca/,$[0].@graph[0],Google required / deliberately omitted,address absent; service-area privacy rule retained; LocalBusiness rich-result eligibility gap
https://www.805shutters.com/blinds/santa-paula-ca/,$[0].@graph[0],Google recommended / deliberately omitted,geo absent; no verified customer-facing physical location
https://www.805shutters.com/blinds/santa-paula-ca/,$[0].@graph[0],Approved geography,areaServed includes Santa Clarita; lacks explicit Ventura County; serviceArea includes North Los Angeles County
https://www.805shutters.com/blinds/santa-paula-ca/,$[0].@graph[0],Approved identity,sameAs Maps and Instagram variants differ from requested exact URLs (not evidence of wrong entity)
https://www.805shutters.com/blinds/santa-paula-ca/,$[0].@graph[0].makesOffer,Schema.org range error,makesOffer contains Text; expected Offer
https://www.805shutters.com/blinds/santa-paula-ca/,$[1].@graph[1].provider,Approved identity,telephone lacks approved +1 format
https://www.805shutters.com/blinds/santa-paula-ca/,$[1].@graph[1].provider,Approved identity,url lacks trailing slash
https://www.805shutters.com/blinds/santa-paula-ca/,$[1].@graph[1].provider,Reference consistency,partial business definition lacks email; consolidate into @id reference
https://www.805shutters.com/drapery/santa-paula-ca/,$[0].@graph[0],Approved identity,telephone lacks approved +1 format
https://www.805shutters.com/drapery/santa-paula-ca/,$[0].@graph[0],Approved identity,url lacks trailing slash
https://www.805shutters.com/drapery/santa-paula-ca/,$[0].@graph[0],Google required / deliberately omitted,address absent; service-area privacy rule retained; LocalBusiness rich-result eligibility gap
https://www.805shutters.com/drapery/santa-paula-ca/,$[0].@graph[0],Google recommended / deliberately omitted,geo absent; no verified customer-facing physical location
https://www.805shutters.com/drapery/santa-paula-ca/,$[0].@graph[0],Approved geography,areaServed includes Santa Clarita; lacks explicit Ventura County; serviceArea includes North Los Angeles County
https://www.805shutters.com/drapery/santa-paula-ca/,$[0].@graph[0],Approved identity,sameAs Maps and Instagram variants differ from requested exact URLs (not evidence of wrong entity)
https://www.805shutters.com/drapery/santa-paula-ca/,$[0].@graph[0].makesOffer,Schema.org range error,makesOffer contains Text; expected Offer
https://www.805shutters.com/drapery/santa-paula-ca/,$[1].@graph[1].provider,Approved identity,telephone lacks approved +1 format
https://www.805shutters.com/drapery/santa-paula-ca/,$[1].@graph[1].provider,Approved identity,url lacks trailing slash
https://www.805shutters.com/drapery/santa-paula-ca/,$[1].@graph[1].provider,Reference consistency,partial business definition lacks email; consolidate into @id reference
https://www.805shutters.com/window-coverings/santa-paula-ca/,$[0].@graph[0],Approved identity,telephone lacks approved +1 format
https://www.805shutters.com/window-coverings/santa-paula-ca/,$[0].@graph[0],Approved identity,url lacks trailing slash
https://www.805shutters.com/window-coverings/santa-paula-ca/,$[0].@graph[0],Google required / deliberately omitted,address absent; service-area privacy rule retained; LocalBusiness rich-result eligibility gap
https://www.805shutters.com/window-coverings/santa-paula-ca/,$[0].@graph[0],Google recommended / deliberately omitted,geo absent; no verified customer-facing physical location
https://www.805shutters.com/window-coverings/santa-paula-ca/,$[0].@graph[0],Approved geography,areaServed includes Santa Clarita; lacks explicit Ventura County; serviceArea includes North Los Angeles County
https://www.805shutters.com/window-coverings/santa-paula-ca/,$[0].@graph[0],Approved identity,sameAs Maps and Instagram variants differ from requested exact URLs (not evidence of wrong entity)
https://www.805shutters.com/window-coverings/santa-paula-ca/,$[0].@graph[0].makesOffer,Schema.org range error,makesOffer contains Text; expected Offer
https://www.805shutters.com/window-coverings/santa-paula-ca/,$[1].@graph[1].provider,Approved identity,telephone lacks approved +1 format
https://www.805shutters.com/window-coverings/santa-paula-ca/,$[1].@graph[1].provider,Approved identity,url lacks trailing slash
https://www.805shutters.com/window-coverings/santa-paula-ca/,$[1].@graph[1].provider,Reference consistency,partial business definition lacks email; consolidate into @id reference
https://www.805shutters.com/window-treatments/santa-paula-ca/,$[0].@graph[0],Approved identity,telephone lacks approved +1 format
https://www.805shutters.com/window-treatments/santa-paula-ca/,$[0].@graph[0],Approved identity,url lacks trailing slash
https://www.805shutters.com/window-treatments/santa-paula-ca/,$[0].@graph[0],Google required / deliberately omitted,address absent; service-area privacy rule retained; LocalBusiness rich-result eligibility gap
https://www.805shutters.com/window-treatments/santa-paula-ca/,$[0].@graph[0],Google recommended / deliberately omitted,geo absent; no verified customer-facing physical location
https://www.805shutters.com/window-treatments/santa-paula-ca/,$[0].@graph[0],Approved geography,areaServed includes Santa Clarita; lacks explicit Ventura County; serviceArea includes North Los Angeles County
https://www.805shutters.com/window-treatments/santa-paula-ca/,$[0].@graph[0],Approved identity,sameAs Maps and Instagram variants differ from requested exact URLs (not evidence of wrong entity)
https://www.805shutters.com/window-treatments/santa-paula-ca/,$[0].@graph[0].makesOffer,Schema.org range error,makesOffer contains Text; expected Offer
https://www.805shutters.com/window-treatments/santa-paula-ca/,$[1].@graph[1].provider,Approved identity,telephone lacks approved +1 format
https://www.805shutters.com/window-treatments/santa-paula-ca/,$[1].@graph[1].provider,Approved identity,url lacks trailing slash
https://www.805shutters.com/window-treatments/santa-paula-ca/,$[1].@graph[1].provider,Reference consistency,partial business definition lacks email; consolidate into @id reference
https://www.805shutters.com/shutters/santa-clarita/,$[0].@graph[0],Approved identity,telephone lacks approved +1 format
https://www.805shutters.com/shutters/santa-clarita/,$[0].@graph[0],Approved identity,url lacks trailing slash
https://www.805shutters.com/shutters/santa-clarita/,$[0].@graph[0],Google required / deliberately omitted,address absent; service-area privacy rule retained; LocalBusiness rich-result eligibility gap
https://www.805shutters.com/shutters/santa-clarita/,$[0].@graph[0],Google recommended / deliberately omitted,geo absent; no verified customer-facing physical location
https://www.805shutters.com/shutters/santa-clarita/,$[0].@graph[0],Approved geography,areaServed includes Santa Clarita; lacks explicit Ventura County; serviceArea includes North Los Angeles County
https://www.805shutters.com/shutters/santa-clarita/,$[0].@graph[0],Approved identity,sameAs Maps and Instagram variants differ from requested exact URLs (not evidence of wrong entity)
https://www.805shutters.com/shutters/santa-clarita/,$[0].@graph[0].makesOffer,Schema.org range error,makesOffer contains Text; expected Offer
https://www.805shutters.com/shutters/santa-clarita/,$[1].@graph[1].provider,Approved identity,telephone lacks approved +1 format
https://www.805shutters.com/shutters/santa-clarita/,$[1].@graph[1].provider,Approved identity,url lacks trailing slash
https://www.805shutters.com/shutters/santa-clarita/,$[1].@graph[1].provider,Reference consistency,partial business definition lacks email; consolidate into @id reference
https://www.805shutters.com/shades/santa-clarita-ca/,$[0].@graph[0],Approved identity,telephone lacks approved +1 format
https://www.805shutters.com/shades/santa-clarita-ca/,$[0].@graph[0],Approved identity,url lacks trailing slash
https://www.805shutters.com/shades/santa-clarita-ca/,$[0].@graph[0],Google required / deliberately omitted,address absent; service-area privacy rule retained; LocalBusiness rich-result eligibility gap
https://www.805shutters.com/shades/santa-clarita-ca/,$[0].@graph[0],Google recommended / deliberately omitted,geo absent; no verified customer-facing physical location
https://www.805shutters.com/shades/santa-clarita-ca/,$[0].@graph[0],Approved geography,areaServed includes Santa Clarita; lacks explicit Ventura County; serviceArea includes North Los Angeles County
https://www.805shutters.com/shades/santa-clarita-ca/,$[0].@graph[0],Approved identity,sameAs Maps and Instagram variants differ from requested exact URLs (not evidence of wrong entity)
https://www.805shutters.com/shades/santa-clarita-ca/,$[0].@graph[0].makesOffer,Schema.org range error,makesOffer contains Text; expected Offer
https://www.805shutters.com/shades/santa-clarita-ca/,$[1].@graph[1].provider,Approved identity,telephone lacks approved +1 format
https://www.805shutters.com/shades/santa-clarita-ca/,$[1].@graph[1].provider,Approved identity,url lacks trailing slash
https://www.805shutters.com/shades/santa-clarita-ca/,$[1].@graph[1].provider,Reference consistency,partial business definition lacks email; consolidate into @id reference
https://www.805shutters.com/blinds/santa-clarita-ca/,$[0].@graph[0],Approved identity,telephone lacks approved +1 format
https://www.805shutters.com/blinds/santa-clarita-ca/,$[0].@graph[0],Approved identity,url lacks trailing slash
https://www.805shutters.com/blinds/santa-clarita-ca/,$[0].@graph[0],Google required / deliberately omitted,address absent; service-area privacy rule retained; LocalBusiness rich-result eligibility gap
https://www.805shutters.com/blinds/santa-clarita-ca/,$[0].@graph[0],Google recommended / deliberately omitted,geo absent; no verified customer-facing physical location
https://www.805shutters.com/blinds/santa-clarita-ca/,$[0].@graph[0],Approved geography,areaServed includes Santa Clarita; lacks explicit Ventura County; serviceArea includes North Los Angeles County
https://www.805shutters.com/blinds/santa-clarita-ca/,$[0].@graph[0],Approved identity,sameAs Maps and Instagram variants differ from requested exact URLs (not evidence of wrong entity)
https://www.805shutters.com/blinds/santa-clarita-ca/,$[0].@graph[0].makesOffer,Schema.org range error,makesOffer contains Text; expected Offer
https://www.805shutters.com/blinds/santa-clarita-ca/,$[1].@graph[1].provider,Approved identity,telephone lacks approved +1 format
https://www.805shutters.com/blinds/santa-clarita-ca/,$[1].@graph[1].provider,Approved identity,url lacks trailing slash
https://www.805shutters.com/blinds/santa-clarita-ca/,$[1].@graph[1].provider,Reference consistency,partial business definition lacks email; consolidate into @id reference
https://www.805shutters.com/drapery/santa-clarita-ca/,$[0].@graph[0],Approved identity,telephone lacks approved +1 format
https://www.805shutters.com/drapery/santa-clarita-ca/,$[0].@graph[0],Approved identity,url lacks trailing slash
https://www.805shutters.com/drapery/santa-clarita-ca/,$[0].@graph[0],Google required / deliberately omitted,address absent; service-area privacy rule retained; LocalBusiness rich-result eligibility gap
https://www.805shutters.com/drapery/santa-clarita-ca/,$[0].@graph[0],Google recommended / deliberately omitted,geo absent; no verified customer-facing physical location
https://www.805shutters.com/drapery/santa-clarita-ca/,$[0].@graph[0],Approved geography,areaServed includes Santa Clarita; lacks explicit Ventura County; serviceArea includes North Los Angeles County
https://www.805shutters.com/drapery/santa-clarita-ca/,$[0].@graph[0],Approved identity,sameAs Maps and Instagram variants differ from requested exact URLs (not evidence of wrong entity)
https://www.805shutters.com/drapery/santa-clarita-ca/,$[0].@graph[0].makesOffer,Schema.org range error,makesOffer contains Text; expected Offer
https://www.805shutters.com/drapery/santa-clarita-ca/,$[1].@graph[1].provider,Approved identity,telephone lacks approved +1 format
https://www.805shutters.com/drapery/santa-clarita-ca/,$[1].@graph[1].provider,Approved identity,url lacks trailing slash
https://www.805shutters.com/drapery/santa-clarita-ca/,$[1].@graph[1].provider,Reference consistency,partial business definition lacks email; consolidate into @id reference
https://www.805shutters.com/window-coverings/santa-clarita-ca/,$[0].@graph[0],Approved identity,telephone lacks approved +1 format
https://www.805shutters.com/window-coverings/santa-clarita-ca/,$[0].@graph[0],Approved identity,url lacks trailing slash
https://www.805shutters.com/window-coverings/santa-clarita-ca/,$[0].@graph[0],Google required / deliberately omitted,address absent; service-area privacy rule retained; LocalBusiness rich-result eligibility gap
https://www.805shutters.com/window-coverings/santa-clarita-ca/,$[0].@graph[0],Google recommended / deliberately omitted,geo absent; no verified customer-facing physical location
https://www.805shutters.com/window-coverings/santa-clarita-ca/,$[0].@graph[0],Approved geography,areaServed includes Santa Clarita; lacks explicit Ventura County; serviceArea includes North Los Angeles County
https://www.805shutters.com/window-coverings/santa-clarita-ca/,$[0].@graph[0],Approved identity,sameAs Maps and Instagram variants differ from requested exact URLs (not evidence of wrong entity)
https://www.805shutters.com/window-coverings/santa-clarita-ca/,$[0].@graph[0].makesOffer,Schema.org range error,makesOffer contains Text; expected Offer
https://www.805shutters.com/window-coverings/santa-clarita-ca/,$[1].@graph[1].provider,Approved identity,telephone lacks approved +1 format
https://www.805shutters.com/window-coverings/santa-clarita-ca/,$[1].@graph[1].provider,Approved identity,url lacks trailing slash
https://www.805shutters.com/window-coverings/santa-clarita-ca/,$[1].@graph[1].provider,Reference consistency,partial business definition lacks email; consolidate into @id reference
https://www.805shutters.com/window-treatments/santa-clarita-ca/,$[0].@graph[0],Approved identity,telephone lacks approved +1 format
https://www.805shutters.com/window-treatments/santa-clarita-ca/,$[0].@graph[0],Approved identity,url lacks trailing slash
https://www.805shutters.com/window-treatments/santa-clarita-ca/,$[0].@graph[0],Google required / deliberately omitted,address absent; service-area privacy rule retained; LocalBusiness rich-result eligibility gap
https://www.805shutters.com/window-treatments/santa-clarita-ca/,$[0].@graph[0],Google recommended / deliberately omitted,geo absent; no verified customer-facing physical location
https://www.805shutters.com/window-treatments/santa-clarita-ca/,$[0].@graph[0],Approved geography,areaServed includes Santa Clarita; lacks explicit Ventura County; serviceArea includes North Los Angeles County
https://www.805shutters.com/window-treatments/santa-clarita-ca/,$[0].@graph[0],Approved identity,sameAs Maps and Instagram variants differ from requested exact URLs (not evidence of wrong entity)
https://www.805shutters.com/window-treatments/santa-clarita-ca/,$[0].@graph[0].makesOffer,Schema.org range error,makesOffer contains Text; expected Offer
https://www.805shutters.com/window-treatments/santa-clarita-ca/,$[1].@graph[1].provider,Approved identity,telephone lacks approved +1 format
https://www.805shutters.com/window-treatments/santa-clarita-ca/,$[1].@graph[1].provider,Approved identity,url lacks trailing slash
https://www.805shutters.com/window-treatments/santa-clarita-ca/,$[1].@graph[1].provider,Reference consistency,partial business definition lacks email; consolidate into @id reference
https://www.805shutters.com/shutters/santa-rosa-valley/,$[0].@graph[0],Approved identity,telephone lacks approved +1 format
https://www.805shutters.com/shutters/santa-rosa-valley/,$[0].@graph[0],Approved identity,url lacks trailing slash
https://www.805shutters.com/shutters/santa-rosa-valley/,$[0].@graph[0],Google required / deliberately omitted,address absent; service-area privacy rule retained; LocalBusiness rich-result eligibility gap
https://www.805shutters.com/shutters/santa-rosa-valley/,$[0].@graph[0],Google recommended / deliberately omitted,geo absent; no verified customer-facing physical location
https://www.805shutters.com/shutters/santa-rosa-valley/,$[0].@graph[0],Approved geography,areaServed includes Santa Clarita; lacks explicit Ventura County; serviceArea includes North Los Angeles County
https://www.805shutters.com/shutters/santa-rosa-valley/,$[0].@graph[0],Approved identity,sameAs Maps and Instagram variants differ from requested exact URLs (not evidence of wrong entity)
https://www.805shutters.com/shutters/santa-rosa-valley/,$[0].@graph[0].makesOffer,Schema.org range error,makesOffer contains Text; expected Offer
https://www.805shutters.com/shutters/santa-rosa-valley/,$[1].@graph[1].provider,Approved identity,telephone lacks approved +1 format
https://www.805shutters.com/shutters/santa-rosa-valley/,$[1].@graph[1].provider,Approved identity,url lacks trailing slash
https://www.805shutters.com/shutters/santa-rosa-valley/,$[1].@graph[1].provider,Reference consistency,partial business definition lacks email; consolidate into @id reference
https://www.805shutters.com/shades/santa-rosa-valley-ca/,$[0].@graph[0],Approved identity,telephone lacks approved +1 format
https://www.805shutters.com/shades/santa-rosa-valley-ca/,$[0].@graph[0],Approved identity,url lacks trailing slash
https://www.805shutters.com/shades/santa-rosa-valley-ca/,$[0].@graph[0],Google required / deliberately omitted,address absent; service-area privacy rule retained; LocalBusiness rich-result eligibility gap
https://www.805shutters.com/shades/santa-rosa-valley-ca/,$[0].@graph[0],Google recommended / deliberately omitted,geo absent; no verified customer-facing physical location
https://www.805shutters.com/shades/santa-rosa-valley-ca/,$[0].@graph[0],Approved geography,areaServed includes Santa Clarita; lacks explicit Ventura County; serviceArea includes North Los Angeles County
https://www.805shutters.com/shades/santa-rosa-valley-ca/,$[0].@graph[0],Approved identity,sameAs Maps and Instagram variants differ from requested exact URLs (not evidence of wrong entity)
https://www.805shutters.com/shades/santa-rosa-valley-ca/,$[0].@graph[0].makesOffer,Schema.org range error,makesOffer contains Text; expected Offer
https://www.805shutters.com/shades/santa-rosa-valley-ca/,$[1].@graph[1].provider,Approved identity,telephone lacks approved +1 format
https://www.805shutters.com/shades/santa-rosa-valley-ca/,$[1].@graph[1].provider,Approved identity,url lacks trailing slash
https://www.805shutters.com/shades/santa-rosa-valley-ca/,$[1].@graph[1].provider,Reference consistency,partial business definition lacks email; consolidate into @id reference
https://www.805shutters.com/blinds/santa-rosa-valley-ca/,$[0].@graph[0],Approved identity,telephone lacks approved +1 format
https://www.805shutters.com/blinds/santa-rosa-valley-ca/,$[0].@graph[0],Approved identity,url lacks trailing slash
https://www.805shutters.com/blinds/santa-rosa-valley-ca/,$[0].@graph[0],Google required / deliberately omitted,address absent; service-area privacy rule retained; LocalBusiness rich-result eligibility gap
https://www.805shutters.com/blinds/santa-rosa-valley-ca/,$[0].@graph[0],Google recommended / deliberately omitted,geo absent; no verified customer-facing physical location
https://www.805shutters.com/blinds/santa-rosa-valley-ca/,$[0].@graph[0],Approved geography,areaServed includes Santa Clarita; lacks explicit Ventura County; serviceArea includes North Los Angeles County
https://www.805shutters.com/blinds/santa-rosa-valley-ca/,$[0].@graph[0],Approved identity,sameAs Maps and Instagram variants differ from requested exact URLs (not evidence of wrong entity)
https://www.805shutters.com/blinds/santa-rosa-valley-ca/,$[0].@graph[0].makesOffer,Schema.org range error,makesOffer contains Text; expected Offer
https://www.805shutters.com/blinds/santa-rosa-valley-ca/,$[1].@graph[1].provider,Approved identity,telephone lacks approved +1 format
https://www.805shutters.com/blinds/santa-rosa-valley-ca/,$[1].@graph[1].provider,Approved identity,url lacks trailing slash
https://www.805shutters.com/blinds/santa-rosa-valley-ca/,$[1].@graph[1].provider,Reference consistency,partial business definition lacks email; consolidate into @id reference
https://www.805shutters.com/drapery/santa-rosa-valley-ca/,$[0].@graph[0],Approved identity,telephone lacks approved +1 format
https://www.805shutters.com/drapery/santa-rosa-valley-ca/,$[0].@graph[0],Approved identity,url lacks trailing slash
https://www.805shutters.com/drapery/santa-rosa-valley-ca/,$[0].@graph[0],Google required / deliberately omitted,address absent; service-area privacy rule retained; LocalBusiness rich-result eligibility gap
https://www.805shutters.com/drapery/santa-rosa-valley-ca/,$[0].@graph[0],Google recommended / deliberately omitted,geo absent; no verified customer-facing physical location
https://www.805shutters.com/drapery/santa-rosa-valley-ca/,$[0].@graph[0],Approved geography,areaServed includes Santa Clarita; lacks explicit Ventura County; serviceArea includes North Los Angeles County
https://www.805shutters.com/drapery/santa-rosa-valley-ca/,$[0].@graph[0],Approved identity,sameAs Maps and Instagram variants differ from requested exact URLs (not evidence of wrong entity)
https://www.805shutters.com/drapery/santa-rosa-valley-ca/,$[0].@graph[0].makesOffer,Schema.org range error,makesOffer contains Text; expected Offer
https://www.805shutters.com/drapery/santa-rosa-valley-ca/,$[1].@graph[1].provider,Approved identity,telephone lacks approved +1 format
https://www.805shutters.com/drapery/santa-rosa-valley-ca/,$[1].@graph[1].provider,Approved identity,url lacks trailing slash
https://www.805shutters.com/drapery/santa-rosa-valley-ca/,$[1].@graph[1].provider,Reference consistency,partial business definition lacks email; consolidate into @id reference
https://www.805shutters.com/window-coverings/santa-rosa-valley-ca/,$[0].@graph[0],Approved identity,telephone lacks approved +1 format
https://www.805shutters.com/window-coverings/santa-rosa-valley-ca/,$[0].@graph[0],Approved identity,url lacks trailing slash
https://www.805shutters.com/window-coverings/santa-rosa-valley-ca/,$[0].@graph[0],Google required / deliberately omitted,address absent; service-area privacy rule retained; LocalBusiness rich-result eligibility gap
https://www.805shutters.com/window-coverings/santa-rosa-valley-ca/,$[0].@graph[0],Google recommended / deliberately omitted,geo absent; no verified customer-facing physical location
https://www.805shutters.com/window-coverings/santa-rosa-valley-ca/,$[0].@graph[0],Approved geography,areaServed includes Santa Clarita; lacks explicit Ventura County; serviceArea includes North Los Angeles County
https://www.805shutters.com/window-coverings/santa-rosa-valley-ca/,$[0].@graph[0],Approved identity,sameAs Maps and Instagram variants differ from requested exact URLs (not evidence of wrong entity)
https://www.805shutters.com/window-coverings/santa-rosa-valley-ca/,$[0].@graph[0].makesOffer,Schema.org range error,makesOffer contains Text; expected Offer
https://www.805shutters.com/window-coverings/santa-rosa-valley-ca/,$[1].@graph[1].provider,Approved identity,telephone lacks approved +1 format
https://www.805shutters.com/window-coverings/santa-rosa-valley-ca/,$[1].@graph[1].provider,Approved identity,url lacks trailing slash
https://www.805shutters.com/window-coverings/santa-rosa-valley-ca/,$[1].@graph[1].provider,Reference consistency,partial business definition lacks email; consolidate into @id reference
https://www.805shutters.com/window-treatments/santa-rosa-valley-ca/,$[0].@graph[0],Approved identity,telephone lacks approved +1 format
https://www.805shutters.com/window-treatments/santa-rosa-valley-ca/,$[0].@graph[0],Approved identity,url lacks trailing slash
https://www.805shutters.com/window-treatments/santa-rosa-valley-ca/,$[0].@graph[0],Google required / deliberately omitted,address absent; service-area privacy rule retained; LocalBusiness rich-result eligibility gap
https://www.805shutters.com/window-treatments/santa-rosa-valley-ca/,$[0].@graph[0],Google recommended / deliberately omitted,geo absent; no verified customer-facing physical location
https://www.805shutters.com/window-treatments/santa-rosa-valley-ca/,$[0].@graph[0],Approved geography,areaServed includes Santa Clarita; lacks explicit Ventura County; serviceArea includes North Los Angeles County
https://www.805shutters.com/window-treatments/santa-rosa-valley-ca/,$[0].@graph[0],Approved identity,sameAs Maps and Instagram variants differ from requested exact URLs (not evidence of wrong entity)
https://www.805shutters.com/window-treatments/santa-rosa-valley-ca/,$[0].@graph[0].makesOffer,Schema.org range error,makesOffer contains Text; expected Offer
https://www.805shutters.com/window-treatments/santa-rosa-valley-ca/,$[1].@graph[1].provider,Approved identity,telephone lacks approved +1 format
https://www.805shutters.com/window-treatments/santa-rosa-valley-ca/,$[1].@graph[1].provider,Approved identity,url lacks trailing slash
https://www.805shutters.com/window-treatments/santa-rosa-valley-ca/,$[1].@graph[1].provider,Reference consistency,partial business definition lacks email; consolidate into @id reference
https://www.805shutters.com/shutters/simi-valley/,$[0].@graph[0],Approved identity,telephone lacks approved +1 format
https://www.805shutters.com/shutters/simi-valley/,$[0].@graph[0],Approved identity,url lacks trailing slash
https://www.805shutters.com/shutters/simi-valley/,$[0].@graph[0],Google required / deliberately omitted,address absent; service-area privacy rule retained; LocalBusiness rich-result eligibility gap
https://www.805shutters.com/shutters/simi-valley/,$[0].@graph[0],Google recommended / deliberately omitted,geo absent; no verified customer-facing physical location
https://www.805shutters.com/shutters/simi-valley/,$[0].@graph[0],Approved geography,areaServed includes Santa Clarita; lacks explicit Ventura County; serviceArea includes North Los Angeles County
https://www.805shutters.com/shutters/simi-valley/,$[0].@graph[0],Approved identity,sameAs Maps and Instagram variants differ from requested exact URLs (not evidence of wrong entity)
https://www.805shutters.com/shutters/simi-valley/,$[0].@graph[0].makesOffer,Schema.org range error,makesOffer contains Text; expected Offer
https://www.805shutters.com/shutters/simi-valley/,$[1].@graph[1].provider,Approved identity,telephone lacks approved +1 format
https://www.805shutters.com/shutters/simi-valley/,$[1].@graph[1].provider,Approved identity,url lacks trailing slash
https://www.805shutters.com/shutters/simi-valley/,$[1].@graph[1].provider,Reference consistency,partial business definition lacks email; consolidate into @id reference
https://www.805shutters.com/shades/simi-valley-ca/,$[0].@graph[0],Approved identity,telephone lacks approved +1 format
https://www.805shutters.com/shades/simi-valley-ca/,$[0].@graph[0],Approved identity,url lacks trailing slash
https://www.805shutters.com/shades/simi-valley-ca/,$[0].@graph[0],Google required / deliberately omitted,address absent; service-area privacy rule retained; LocalBusiness rich-result eligibility gap
https://www.805shutters.com/shades/simi-valley-ca/,$[0].@graph[0],Google recommended / deliberately omitted,geo absent; no verified customer-facing physical location
https://www.805shutters.com/shades/simi-valley-ca/,$[0].@graph[0],Approved geography,areaServed includes Santa Clarita; lacks explicit Ventura County; serviceArea includes North Los Angeles County
https://www.805shutters.com/shades/simi-valley-ca/,$[0].@graph[0],Approved identity,sameAs Maps and Instagram variants differ from requested exact URLs (not evidence of wrong entity)
https://www.805shutters.com/shades/simi-valley-ca/,$[0].@graph[0].makesOffer,Schema.org range error,makesOffer contains Text; expected Offer
https://www.805shutters.com/shades/simi-valley-ca/,$[1].@graph[1].provider,Approved identity,telephone lacks approved +1 format
https://www.805shutters.com/shades/simi-valley-ca/,$[1].@graph[1].provider,Approved identity,url lacks trailing slash
https://www.805shutters.com/shades/simi-valley-ca/,$[1].@graph[1].provider,Reference consistency,partial business definition lacks email; consolidate into @id reference
https://www.805shutters.com/blinds/simi-valley-ca/,$[0].@graph[0],Approved identity,telephone lacks approved +1 format
https://www.805shutters.com/blinds/simi-valley-ca/,$[0].@graph[0],Approved identity,url lacks trailing slash
https://www.805shutters.com/blinds/simi-valley-ca/,$[0].@graph[0],Google required / deliberately omitted,address absent; service-area privacy rule retained; LocalBusiness rich-result eligibility gap
https://www.805shutters.com/blinds/simi-valley-ca/,$[0].@graph[0],Google recommended / deliberately omitted,geo absent; no verified customer-facing physical location
https://www.805shutters.com/blinds/simi-valley-ca/,$[0].@graph[0],Approved geography,areaServed includes Santa Clarita; lacks explicit Ventura County; serviceArea includes North Los Angeles County
https://www.805shutters.com/blinds/simi-valley-ca/,$[0].@graph[0],Approved identity,sameAs Maps and Instagram variants differ from requested exact URLs (not evidence of wrong entity)
https://www.805shutters.com/blinds/simi-valley-ca/,$[0].@graph[0].makesOffer,Schema.org range error,makesOffer contains Text; expected Offer
https://www.805shutters.com/blinds/simi-valley-ca/,$[1].@graph[1].provider,Approved identity,telephone lacks approved +1 format
https://www.805shutters.com/blinds/simi-valley-ca/,$[1].@graph[1].provider,Approved identity,url lacks trailing slash
https://www.805shutters.com/blinds/simi-valley-ca/,$[1].@graph[1].provider,Reference consistency,partial business definition lacks email; consolidate into @id reference
https://www.805shutters.com/drapery/simi-valley-ca/,$[0].@graph[0],Approved identity,telephone lacks approved +1 format
https://www.805shutters.com/drapery/simi-valley-ca/,$[0].@graph[0],Approved identity,url lacks trailing slash
https://www.805shutters.com/drapery/simi-valley-ca/,$[0].@graph[0],Google required / deliberately omitted,address absent; service-area privacy rule retained; LocalBusiness rich-result eligibility gap
https://www.805shutters.com/drapery/simi-valley-ca/,$[0].@graph[0],Google recommended / deliberately omitted,geo absent; no verified customer-facing physical location
https://www.805shutters.com/drapery/simi-valley-ca/,$[0].@graph[0],Approved geography,areaServed includes Santa Clarita; lacks explicit Ventura County; serviceArea includes North Los Angeles County
https://www.805shutters.com/drapery/simi-valley-ca/,$[0].@graph[0],Approved identity,sameAs Maps and Instagram variants differ from requested exact URLs (not evidence of wrong entity)
https://www.805shutters.com/drapery/simi-valley-ca/,$[0].@graph[0].makesOffer,Schema.org range error,makesOffer contains Text; expected Offer
https://www.805shutters.com/drapery/simi-valley-ca/,$[1].@graph[1].provider,Approved identity,telephone lacks approved +1 format
https://www.805shutters.com/drapery/simi-valley-ca/,$[1].@graph[1].provider,Approved identity,url lacks trailing slash
https://www.805shutters.com/drapery/simi-valley-ca/,$[1].@graph[1].provider,Reference consistency,partial business definition lacks email; consolidate into @id reference
https://www.805shutters.com/window-coverings/simi-valley-ca/,$[0].@graph[0],Approved identity,telephone lacks approved +1 format
https://www.805shutters.com/window-coverings/simi-valley-ca/,$[0].@graph[0],Approved identity,url lacks trailing slash
https://www.805shutters.com/window-coverings/simi-valley-ca/,$[0].@graph[0],Google required / deliberately omitted,address absent; service-area privacy rule retained; LocalBusiness rich-result eligibility gap
https://www.805shutters.com/window-coverings/simi-valley-ca/,$[0].@graph[0],Google recommended / deliberately omitted,geo absent; no verified customer-facing physical location
https://www.805shutters.com/window-coverings/simi-valley-ca/,$[0].@graph[0],Approved geography,areaServed includes Santa Clarita; lacks explicit Ventura County; serviceArea includes North Los Angeles County
https://www.805shutters.com/window-coverings/simi-valley-ca/,$[0].@graph[0],Approved identity,sameAs Maps and Instagram variants differ from requested exact URLs (not evidence of wrong entity)
https://www.805shutters.com/window-coverings/simi-valley-ca/,$[0].@graph[0].makesOffer,Schema.org range error,makesOffer contains Text; expected Offer
https://www.805shutters.com/window-coverings/simi-valley-ca/,$[1].@graph[1].provider,Approved identity,telephone lacks approved +1 format
https://www.805shutters.com/window-coverings/simi-valley-ca/,$[1].@graph[1].provider,Approved identity,url lacks trailing slash
https://www.805shutters.com/window-coverings/simi-valley-ca/,$[1].@graph[1].provider,Reference consistency,partial business definition lacks email; consolidate into @id reference
https://www.805shutters.com/window-treatments/simi-valley-ca/,$[0].@graph[0],Approved identity,telephone lacks approved +1 format
https://www.805shutters.com/window-treatments/simi-valley-ca/,$[0].@graph[0],Approved identity,url lacks trailing slash
https://www.805shutters.com/window-treatments/simi-valley-ca/,$[0].@graph[0],Google required / deliberately omitted,address absent; service-area privacy rule retained; LocalBusiness rich-result eligibility gap
https://www.805shutters.com/window-treatments/simi-valley-ca/,$[0].@graph[0],Google recommended / deliberately omitted,geo absent; no verified customer-facing physical location
https://www.805shutters.com/window-treatments/simi-valley-ca/,$[0].@graph[0],Approved geography,areaServed includes Santa Clarita; lacks explicit Ventura County; serviceArea includes North Los Angeles County
https://www.805shutters.com/window-treatments/simi-valley-ca/,$[0].@graph[0],Approved identity,sameAs Maps and Instagram variants differ from requested exact URLs (not evidence of wrong entity)
https://www.805shutters.com/window-treatments/simi-valley-ca/,$[0].@graph[0].makesOffer,Schema.org range error,makesOffer contains Text; expected Offer
https://www.805shutters.com/window-treatments/simi-valley-ca/,$[1].@graph[1].provider,Approved identity,telephone lacks approved +1 format
https://www.805shutters.com/window-treatments/simi-valley-ca/,$[1].@graph[1].provider,Approved identity,url lacks trailing slash
https://www.805shutters.com/window-treatments/simi-valley-ca/,$[1].@graph[1].provider,Reference consistency,partial business definition lacks email; consolidate into @id reference
https://www.805shutters.com/shutters/thousand-oaks/,$[0].@graph[0],Approved identity,telephone lacks approved +1 format
https://www.805shutters.com/shutters/thousand-oaks/,$[0].@graph[0],Approved identity,url lacks trailing slash
https://www.805shutters.com/shutters/thousand-oaks/,$[0].@graph[0],Google required / deliberately omitted,address absent; service-area privacy rule retained; LocalBusiness rich-result eligibility gap
https://www.805shutters.com/shutters/thousand-oaks/,$[0].@graph[0],Google recommended / deliberately omitted,geo absent; no verified customer-facing physical location
https://www.805shutters.com/shutters/thousand-oaks/,$[0].@graph[0],Approved geography,areaServed includes Santa Clarita; lacks explicit Ventura County; serviceArea includes North Los Angeles County
https://www.805shutters.com/shutters/thousand-oaks/,$[0].@graph[0],Approved identity,sameAs Maps and Instagram variants differ from requested exact URLs (not evidence of wrong entity)
https://www.805shutters.com/shutters/thousand-oaks/,$[0].@graph[0].makesOffer,Schema.org range error,makesOffer contains Text; expected Offer
https://www.805shutters.com/shutters/thousand-oaks/,$[1].@graph[1].provider,Approved identity,telephone lacks approved +1 format
https://www.805shutters.com/shutters/thousand-oaks/,$[1].@graph[1].provider,Approved identity,url lacks trailing slash
https://www.805shutters.com/shutters/thousand-oaks/,$[1].@graph[1].provider,Reference consistency,partial business definition lacks email; consolidate into @id reference
https://www.805shutters.com/shades/thousand-oaks-ca/,$[0].@graph[0],Approved identity,telephone lacks approved +1 format
https://www.805shutters.com/shades/thousand-oaks-ca/,$[0].@graph[0],Approved identity,url lacks trailing slash
https://www.805shutters.com/shades/thousand-oaks-ca/,$[0].@graph[0],Google required / deliberately omitted,address absent; service-area privacy rule retained; LocalBusiness rich-result eligibility gap
https://www.805shutters.com/shades/thousand-oaks-ca/,$[0].@graph[0],Google recommended / deliberately omitted,geo absent; no verified customer-facing physical location
https://www.805shutters.com/shades/thousand-oaks-ca/,$[0].@graph[0],Approved geography,areaServed includes Santa Clarita; lacks explicit Ventura County; serviceArea includes North Los Angeles County
https://www.805shutters.com/shades/thousand-oaks-ca/,$[0].@graph[0],Approved identity,sameAs Maps and Instagram variants differ from requested exact URLs (not evidence of wrong entity)
https://www.805shutters.com/shades/thousand-oaks-ca/,$[0].@graph[0].makesOffer,Schema.org range error,makesOffer contains Text; expected Offer
https://www.805shutters.com/shades/thousand-oaks-ca/,$[1].@graph[1].provider,Approved identity,telephone lacks approved +1 format
https://www.805shutters.com/shades/thousand-oaks-ca/,$[1].@graph[1].provider,Approved identity,url lacks trailing slash
https://www.805shutters.com/shades/thousand-oaks-ca/,$[1].@graph[1].provider,Reference consistency,partial business definition lacks email; consolidate into @id reference
https://www.805shutters.com/blinds/thousand-oaks-ca/,$[0].@graph[0],Approved identity,telephone lacks approved +1 format
https://www.805shutters.com/blinds/thousand-oaks-ca/,$[0].@graph[0],Approved identity,url lacks trailing slash
https://www.805shutters.com/blinds/thousand-oaks-ca/,$[0].@graph[0],Google required / deliberately omitted,address absent; service-area privacy rule retained; LocalBusiness rich-result eligibility gap
https://www.805shutters.com/blinds/thousand-oaks-ca/,$[0].@graph[0],Google recommended / deliberately omitted,geo absent; no verified customer-facing physical location
https://www.805shutters.com/blinds/thousand-oaks-ca/,$[0].@graph[0],Approved geography,areaServed includes Santa Clarita; lacks explicit Ventura County; serviceArea includes North Los Angeles County
https://www.805shutters.com/blinds/thousand-oaks-ca/,$[0].@graph[0],Approved identity,sameAs Maps and Instagram variants differ from requested exact URLs (not evidence of wrong entity)
https://www.805shutters.com/blinds/thousand-oaks-ca/,$[0].@graph[0].makesOffer,Schema.org range error,makesOffer contains Text; expected Offer
https://www.805shutters.com/blinds/thousand-oaks-ca/,$[1].@graph[1].provider,Approved identity,telephone lacks approved +1 format
https://www.805shutters.com/blinds/thousand-oaks-ca/,$[1].@graph[1].provider,Approved identity,url lacks trailing slash
https://www.805shutters.com/blinds/thousand-oaks-ca/,$[1].@graph[1].provider,Reference consistency,partial business definition lacks email; consolidate into @id reference
https://www.805shutters.com/drapery/thousand-oaks-ca/,$[0].@graph[0],Approved identity,telephone lacks approved +1 format
https://www.805shutters.com/drapery/thousand-oaks-ca/,$[0].@graph[0],Approved identity,url lacks trailing slash
https://www.805shutters.com/drapery/thousand-oaks-ca/,$[0].@graph[0],Google required / deliberately omitted,address absent; service-area privacy rule retained; LocalBusiness rich-result eligibility gap
https://www.805shutters.com/drapery/thousand-oaks-ca/,$[0].@graph[0],Google recommended / deliberately omitted,geo absent; no verified customer-facing physical location
https://www.805shutters.com/drapery/thousand-oaks-ca/,$[0].@graph[0],Approved geography,areaServed includes Santa Clarita; lacks explicit Ventura County; serviceArea includes North Los Angeles County
https://www.805shutters.com/drapery/thousand-oaks-ca/,$[0].@graph[0],Approved identity,sameAs Maps and Instagram variants differ from requested exact URLs (not evidence of wrong entity)
https://www.805shutters.com/drapery/thousand-oaks-ca/,$[0].@graph[0].makesOffer,Schema.org range error,makesOffer contains Text; expected Offer
https://www.805shutters.com/drapery/thousand-oaks-ca/,$[1].@graph[1].provider,Approved identity,telephone lacks approved +1 format
https://www.805shutters.com/drapery/thousand-oaks-ca/,$[1].@graph[1].provider,Approved identity,url lacks trailing slash
https://www.805shutters.com/drapery/thousand-oaks-ca/,$[1].@graph[1].provider,Reference consistency,partial business definition lacks email; consolidate into @id reference
https://www.805shutters.com/window-coverings/thousand-oaks-ca/,$[0].@graph[0],Approved identity,telephone lacks approved +1 format
https://www.805shutters.com/window-coverings/thousand-oaks-ca/,$[0].@graph[0],Approved identity,url lacks trailing slash
https://www.805shutters.com/window-coverings/thousand-oaks-ca/,$[0].@graph[0],Google required / deliberately omitted,address absent; service-area privacy rule retained; LocalBusiness rich-result eligibility gap
https://www.805shutters.com/window-coverings/thousand-oaks-ca/,$[0].@graph[0],Google recommended / deliberately omitted,geo absent; no verified customer-facing physical location
https://www.805shutters.com/window-coverings/thousand-oaks-ca/,$[0].@graph[0],Approved geography,areaServed includes Santa Clarita; lacks explicit Ventura County; serviceArea includes North Los Angeles County
https://www.805shutters.com/window-coverings/thousand-oaks-ca/,$[0].@graph[0],Approved identity,sameAs Maps and Instagram variants differ from requested exact URLs (not evidence of wrong entity)
https://www.805shutters.com/window-coverings/thousand-oaks-ca/,$[0].@graph[0].makesOffer,Schema.org range error,makesOffer contains Text; expected Offer
https://www.805shutters.com/window-coverings/thousand-oaks-ca/,$[1].@graph[1].provider,Approved identity,telephone lacks approved +1 format
https://www.805shutters.com/window-coverings/thousand-oaks-ca/,$[1].@graph[1].provider,Approved identity,url lacks trailing slash
https://www.805shutters.com/window-coverings/thousand-oaks-ca/,$[1].@graph[1].provider,Reference consistency,partial business definition lacks email; consolidate into @id reference
https://www.805shutters.com/window-treatments/thousand-oaks-ca/,$[0].@graph[0],Approved identity,telephone lacks approved +1 format
https://www.805shutters.com/window-treatments/thousand-oaks-ca/,$[0].@graph[0],Approved identity,url lacks trailing slash
https://www.805shutters.com/window-treatments/thousand-oaks-ca/,$[0].@graph[0],Google required / deliberately omitted,address absent; service-area privacy rule retained; LocalBusiness rich-result eligibility gap
https://www.805shutters.com/window-treatments/thousand-oaks-ca/,$[0].@graph[0],Google recommended / deliberately omitted,geo absent; no verified customer-facing physical location
https://www.805shutters.com/window-treatments/thousand-oaks-ca/,$[0].@graph[0],Approved geography,areaServed includes Santa Clarita; lacks explicit Ventura County; serviceArea includes North Los Angeles County
https://www.805shutters.com/window-treatments/thousand-oaks-ca/,$[0].@graph[0],Approved identity,sameAs Maps and Instagram variants differ from requested exact URLs (not evidence of wrong entity)
https://www.805shutters.com/window-treatments/thousand-oaks-ca/,$[0].@graph[0].makesOffer,Schema.org range error,makesOffer contains Text; expected Offer
https://www.805shutters.com/window-treatments/thousand-oaks-ca/,$[1].@graph[1].provider,Approved identity,telephone lacks approved +1 format
https://www.805shutters.com/window-treatments/thousand-oaks-ca/,$[1].@graph[1].provider,Approved identity,url lacks trailing slash
https://www.805shutters.com/window-treatments/thousand-oaks-ca/,$[1].@graph[1].provider,Reference consistency,partial business definition lacks email; consolidate into @id reference
https://www.805shutters.com/shutters/ventura/,$[0].@graph[0],Approved identity,telephone lacks approved +1 format
https://www.805shutters.com/shutters/ventura/,$[0].@graph[0],Approved identity,url lacks trailing slash
https://www.805shutters.com/shutters/ventura/,$[0].@graph[0],Google required / deliberately omitted,address absent; service-area privacy rule retained; LocalBusiness rich-result eligibility gap
https://www.805shutters.com/shutters/ventura/,$[0].@graph[0],Google recommended / deliberately omitted,geo absent; no verified customer-facing physical location
https://www.805shutters.com/shutters/ventura/,$[0].@graph[0],Approved geography,areaServed includes Santa Clarita; lacks explicit Ventura County; serviceArea includes North Los Angeles County
https://www.805shutters.com/shutters/ventura/,$[0].@graph[0],Approved identity,sameAs Maps and Instagram variants differ from requested exact URLs (not evidence of wrong entity)
https://www.805shutters.com/shutters/ventura/,$[0].@graph[0].makesOffer,Schema.org range error,makesOffer contains Text; expected Offer
https://www.805shutters.com/shutters/ventura/,$[1].@graph[1].provider,Approved identity,telephone lacks approved +1 format
https://www.805shutters.com/shutters/ventura/,$[1].@graph[1].provider,Approved identity,url lacks trailing slash
https://www.805shutters.com/shutters/ventura/,$[1].@graph[1].provider,Reference consistency,partial business definition lacks email; consolidate into @id reference
https://www.805shutters.com/shades/ventura-ca/,$[0].@graph[0],Approved identity,telephone lacks approved +1 format
https://www.805shutters.com/shades/ventura-ca/,$[0].@graph[0],Approved identity,url lacks trailing slash
https://www.805shutters.com/shades/ventura-ca/,$[0].@graph[0],Google required / deliberately omitted,address absent; service-area privacy rule retained; LocalBusiness rich-result eligibility gap
https://www.805shutters.com/shades/ventura-ca/,$[0].@graph[0],Google recommended / deliberately omitted,geo absent; no verified customer-facing physical location
https://www.805shutters.com/shades/ventura-ca/,$[0].@graph[0],Approved geography,areaServed includes Santa Clarita; lacks explicit Ventura County; serviceArea includes North Los Angeles County
https://www.805shutters.com/shades/ventura-ca/,$[0].@graph[0],Approved identity,sameAs Maps and Instagram variants differ from requested exact URLs (not evidence of wrong entity)
https://www.805shutters.com/shades/ventura-ca/,$[0].@graph[0].makesOffer,Schema.org range error,makesOffer contains Text; expected Offer
https://www.805shutters.com/shades/ventura-ca/,$[1].@graph[1].provider,Approved identity,telephone lacks approved +1 format
https://www.805shutters.com/shades/ventura-ca/,$[1].@graph[1].provider,Approved identity,url lacks trailing slash
https://www.805shutters.com/shades/ventura-ca/,$[1].@graph[1].provider,Reference consistency,partial business definition lacks email; consolidate into @id reference
https://www.805shutters.com/blinds/ventura-ca/,$[0].@graph[0],Approved identity,telephone lacks approved +1 format
https://www.805shutters.com/blinds/ventura-ca/,$[0].@graph[0],Approved identity,url lacks trailing slash
https://www.805shutters.com/blinds/ventura-ca/,$[0].@graph[0],Google required / deliberately omitted,address absent; service-area privacy rule retained; LocalBusiness rich-result eligibility gap
https://www.805shutters.com/blinds/ventura-ca/,$[0].@graph[0],Google recommended / deliberately omitted,geo absent; no verified customer-facing physical location
https://www.805shutters.com/blinds/ventura-ca/,$[0].@graph[0],Approved geography,areaServed includes Santa Clarita; lacks explicit Ventura County; serviceArea includes North Los Angeles County
https://www.805shutters.com/blinds/ventura-ca/,$[0].@graph[0],Approved identity,sameAs Maps and Instagram variants differ from requested exact URLs (not evidence of wrong entity)
https://www.805shutters.com/blinds/ventura-ca/,$[0].@graph[0].makesOffer,Schema.org range error,makesOffer contains Text; expected Offer
https://www.805shutters.com/blinds/ventura-ca/,$[1].@graph[1].provider,Approved identity,telephone lacks approved +1 format
https://www.805shutters.com/blinds/ventura-ca/,$[1].@graph[1].provider,Approved identity,url lacks trailing slash
https://www.805shutters.com/blinds/ventura-ca/,$[1].@graph[1].provider,Reference consistency,partial business definition lacks email; consolidate into @id reference
https://www.805shutters.com/drapery/ventura-ca/,$[0].@graph[0],Approved identity,telephone lacks approved +1 format
https://www.805shutters.com/drapery/ventura-ca/,$[0].@graph[0],Approved identity,url lacks trailing slash
https://www.805shutters.com/drapery/ventura-ca/,$[0].@graph[0],Google required / deliberately omitted,address absent; service-area privacy rule retained; LocalBusiness rich-result eligibility gap
https://www.805shutters.com/drapery/ventura-ca/,$[0].@graph[0],Google recommended / deliberately omitted,geo absent; no verified customer-facing physical location
https://www.805shutters.com/drapery/ventura-ca/,$[0].@graph[0],Approved geography,areaServed includes Santa Clarita; lacks explicit Ventura County; serviceArea includes North Los Angeles County
https://www.805shutters.com/drapery/ventura-ca/,$[0].@graph[0],Approved identity,sameAs Maps and Instagram variants differ from requested exact URLs (not evidence of wrong entity)
https://www.805shutters.com/drapery/ventura-ca/,$[0].@graph[0].makesOffer,Schema.org range error,makesOffer contains Text; expected Offer
https://www.805shutters.com/drapery/ventura-ca/,$[1].@graph[1].provider,Approved identity,telephone lacks approved +1 format
https://www.805shutters.com/drapery/ventura-ca/,$[1].@graph[1].provider,Approved identity,url lacks trailing slash
https://www.805shutters.com/drapery/ventura-ca/,$[1].@graph[1].provider,Reference consistency,partial business definition lacks email; consolidate into @id reference
https://www.805shutters.com/window-coverings/ventura-ca/,$[0].@graph[0],Approved identity,telephone lacks approved +1 format
https://www.805shutters.com/window-coverings/ventura-ca/,$[0].@graph[0],Approved identity,url lacks trailing slash
https://www.805shutters.com/window-coverings/ventura-ca/,$[0].@graph[0],Google required / deliberately omitted,address absent; service-area privacy rule retained; LocalBusiness rich-result eligibility gap
https://www.805shutters.com/window-coverings/ventura-ca/,$[0].@graph[0],Google recommended / deliberately omitted,geo absent; no verified customer-facing physical location
https://www.805shutters.com/window-coverings/ventura-ca/,$[0].@graph[0],Approved geography,areaServed includes Santa Clarita; lacks explicit Ventura County; serviceArea includes North Los Angeles County
https://www.805shutters.com/window-coverings/ventura-ca/,$[0].@graph[0],Approved identity,sameAs Maps and Instagram variants differ from requested exact URLs (not evidence of wrong entity)
https://www.805shutters.com/window-coverings/ventura-ca/,$[0].@graph[0].makesOffer,Schema.org range error,makesOffer contains Text; expected Offer
https://www.805shutters.com/window-coverings/ventura-ca/,$[1].@graph[1].provider,Approved identity,telephone lacks approved +1 format
https://www.805shutters.com/window-coverings/ventura-ca/,$[1].@graph[1].provider,Approved identity,url lacks trailing slash
https://www.805shutters.com/window-coverings/ventura-ca/,$[1].@graph[1].provider,Reference consistency,partial business definition lacks email; consolidate into @id reference
https://www.805shutters.com/window-treatments/ventura-ca/,$[0].@graph[0],Approved identity,telephone lacks approved +1 format
https://www.805shutters.com/window-treatments/ventura-ca/,$[0].@graph[0],Approved identity,url lacks trailing slash
https://www.805shutters.com/window-treatments/ventura-ca/,$[0].@graph[0],Google required / deliberately omitted,address absent; service-area privacy rule retained; LocalBusiness rich-result eligibility gap
https://www.805shutters.com/window-treatments/ventura-ca/,$[0].@graph[0],Google recommended / deliberately omitted,geo absent; no verified customer-facing physical location
https://www.805shutters.com/window-treatments/ventura-ca/,$[0].@graph[0],Approved geography,areaServed includes Santa Clarita; lacks explicit Ventura County; serviceArea includes North Los Angeles County
https://www.805shutters.com/window-treatments/ventura-ca/,$[0].@graph[0],Approved identity,sameAs Maps and Instagram variants differ from requested exact URLs (not evidence of wrong entity)
https://www.805shutters.com/window-treatments/ventura-ca/,$[0].@graph[0].makesOffer,Schema.org range error,makesOffer contains Text; expected Offer
https://www.805shutters.com/window-treatments/ventura-ca/,$[1].@graph[1].provider,Approved identity,telephone lacks approved +1 format
https://www.805shutters.com/window-treatments/ventura-ca/,$[1].@graph[1].provider,Approved identity,url lacks trailing slash
https://www.805shutters.com/window-treatments/ventura-ca/,$[1].@graph[1].provider,Reference consistency,partial business definition lacks email; consolidate into @id reference
https://www.805shutters.com/shutters/westlake-village/,$[0].@graph[0],Approved identity,telephone lacks approved +1 format
https://www.805shutters.com/shutters/westlake-village/,$[0].@graph[0],Approved identity,url lacks trailing slash
https://www.805shutters.com/shutters/westlake-village/,$[0].@graph[0],Google required / deliberately omitted,address absent; service-area privacy rule retained; LocalBusiness rich-result eligibility gap
https://www.805shutters.com/shutters/westlake-village/,$[0].@graph[0],Google recommended / deliberately omitted,geo absent; no verified customer-facing physical location
https://www.805shutters.com/shutters/westlake-village/,$[0].@graph[0],Approved geography,areaServed includes Santa Clarita; lacks explicit Ventura County; serviceArea includes North Los Angeles County
https://www.805shutters.com/shutters/westlake-village/,$[0].@graph[0],Approved identity,sameAs Maps and Instagram variants differ from requested exact URLs (not evidence of wrong entity)
https://www.805shutters.com/shutters/westlake-village/,$[0].@graph[0].makesOffer,Schema.org range error,makesOffer contains Text; expected Offer
https://www.805shutters.com/shutters/westlake-village/,$[1].@graph[1].provider,Approved identity,telephone lacks approved +1 format
https://www.805shutters.com/shutters/westlake-village/,$[1].@graph[1].provider,Approved identity,url lacks trailing slash
https://www.805shutters.com/shutters/westlake-village/,$[1].@graph[1].provider,Reference consistency,partial business definition lacks email; consolidate into @id reference
https://www.805shutters.com/shades/westlake-village-ca/,$[0].@graph[0],Approved identity,telephone lacks approved +1 format
https://www.805shutters.com/shades/westlake-village-ca/,$[0].@graph[0],Approved identity,url lacks trailing slash
https://www.805shutters.com/shades/westlake-village-ca/,$[0].@graph[0],Google required / deliberately omitted,address absent; service-area privacy rule retained; LocalBusiness rich-result eligibility gap
https://www.805shutters.com/shades/westlake-village-ca/,$[0].@graph[0],Google recommended / deliberately omitted,geo absent; no verified customer-facing physical location
https://www.805shutters.com/shades/westlake-village-ca/,$[0].@graph[0],Approved geography,areaServed includes Santa Clarita; lacks explicit Ventura County; serviceArea includes North Los Angeles County
https://www.805shutters.com/shades/westlake-village-ca/,$[0].@graph[0],Approved identity,sameAs Maps and Instagram variants differ from requested exact URLs (not evidence of wrong entity)
https://www.805shutters.com/shades/westlake-village-ca/,$[0].@graph[0].makesOffer,Schema.org range error,makesOffer contains Text; expected Offer
https://www.805shutters.com/shades/westlake-village-ca/,$[1].@graph[1].provider,Approved identity,telephone lacks approved +1 format
https://www.805shutters.com/shades/westlake-village-ca/,$[1].@graph[1].provider,Approved identity,url lacks trailing slash
https://www.805shutters.com/shades/westlake-village-ca/,$[1].@graph[1].provider,Reference consistency,partial business definition lacks email; consolidate into @id reference
https://www.805shutters.com/blinds/westlake-village-ca/,$[0].@graph[0],Approved identity,telephone lacks approved +1 format
https://www.805shutters.com/blinds/westlake-village-ca/,$[0].@graph[0],Approved identity,url lacks trailing slash
https://www.805shutters.com/blinds/westlake-village-ca/,$[0].@graph[0],Google required / deliberately omitted,address absent; service-area privacy rule retained; LocalBusiness rich-result eligibility gap
https://www.805shutters.com/blinds/westlake-village-ca/,$[0].@graph[0],Google recommended / deliberately omitted,geo absent; no verified customer-facing physical location
https://www.805shutters.com/blinds/westlake-village-ca/,$[0].@graph[0],Approved geography,areaServed includes Santa Clarita; lacks explicit Ventura County; serviceArea includes North Los Angeles County
https://www.805shutters.com/blinds/westlake-village-ca/,$[0].@graph[0],Approved identity,sameAs Maps and Instagram variants differ from requested exact URLs (not evidence of wrong entity)
https://www.805shutters.com/blinds/westlake-village-ca/,$[0].@graph[0].makesOffer,Schema.org range error,makesOffer contains Text; expected Offer
https://www.805shutters.com/blinds/westlake-village-ca/,$[1].@graph[1].provider,Approved identity,telephone lacks approved +1 format
https://www.805shutters.com/blinds/westlake-village-ca/,$[1].@graph[1].provider,Approved identity,url lacks trailing slash
https://www.805shutters.com/blinds/westlake-village-ca/,$[1].@graph[1].provider,Reference consistency,partial business definition lacks email; consolidate into @id reference
https://www.805shutters.com/drapery/westlake-village-ca/,$[0].@graph[0],Approved identity,telephone lacks approved +1 format
https://www.805shutters.com/drapery/westlake-village-ca/,$[0].@graph[0],Approved identity,url lacks trailing slash
https://www.805shutters.com/drapery/westlake-village-ca/,$[0].@graph[0],Google required / deliberately omitted,address absent; service-area privacy rule retained; LocalBusiness rich-result eligibility gap
https://www.805shutters.com/drapery/westlake-village-ca/,$[0].@graph[0],Google recommended / deliberately omitted,geo absent; no verified customer-facing physical location
https://www.805shutters.com/drapery/westlake-village-ca/,$[0].@graph[0],Approved geography,areaServed includes Santa Clarita; lacks explicit Ventura County; serviceArea includes North Los Angeles County
https://www.805shutters.com/drapery/westlake-village-ca/,$[0].@graph[0],Approved identity,sameAs Maps and Instagram variants differ from requested exact URLs (not evidence of wrong entity)
https://www.805shutters.com/drapery/westlake-village-ca/,$[0].@graph[0].makesOffer,Schema.org range error,makesOffer contains Text; expected Offer
https://www.805shutters.com/drapery/westlake-village-ca/,$[1].@graph[1].provider,Approved identity,telephone lacks approved +1 format
https://www.805shutters.com/drapery/westlake-village-ca/,$[1].@graph[1].provider,Approved identity,url lacks trailing slash
https://www.805shutters.com/drapery/westlake-village-ca/,$[1].@graph[1].provider,Reference consistency,partial business definition lacks email; consolidate into @id reference
https://www.805shutters.com/window-coverings/westlake-village-ca/,$[0].@graph[0],Approved identity,telephone lacks approved +1 format
https://www.805shutters.com/window-coverings/westlake-village-ca/,$[0].@graph[0],Approved identity,url lacks trailing slash
https://www.805shutters.com/window-coverings/westlake-village-ca/,$[0].@graph[0],Google required / deliberately omitted,address absent; service-area privacy rule retained; LocalBusiness rich-result eligibility gap
https://www.805shutters.com/window-coverings/westlake-village-ca/,$[0].@graph[0],Google recommended / deliberately omitted,geo absent; no verified customer-facing physical location
https://www.805shutters.com/window-coverings/westlake-village-ca/,$[0].@graph[0],Approved geography,areaServed includes Santa Clarita; lacks explicit Ventura County; serviceArea includes North Los Angeles County
https://www.805shutters.com/window-coverings/westlake-village-ca/,$[0].@graph[0],Approved identity,sameAs Maps and Instagram variants differ from requested exact URLs (not evidence of wrong entity)
https://www.805shutters.com/window-coverings/westlake-village-ca/,$[0].@graph[0].makesOffer,Schema.org range error,makesOffer contains Text; expected Offer
https://www.805shutters.com/window-coverings/westlake-village-ca/,$[1].@graph[1].provider,Approved identity,telephone lacks approved +1 format
https://www.805shutters.com/window-coverings/westlake-village-ca/,$[1].@graph[1].provider,Approved identity,url lacks trailing slash
https://www.805shutters.com/window-coverings/westlake-village-ca/,$[1].@graph[1].provider,Reference consistency,partial business definition lacks email; consolidate into @id reference
https://www.805shutters.com/window-treatments/westlake-village-ca/,$[0].@graph[0],Approved identity,telephone lacks approved +1 format
https://www.805shutters.com/window-treatments/westlake-village-ca/,$[0].@graph[0],Approved identity,url lacks trailing slash
https://www.805shutters.com/window-treatments/westlake-village-ca/,$[0].@graph[0],Google required / deliberately omitted,address absent; service-area privacy rule retained; LocalBusiness rich-result eligibility gap
https://www.805shutters.com/window-treatments/westlake-village-ca/,$[0].@graph[0],Google recommended / deliberately omitted,geo absent; no verified customer-facing physical location
https://www.805shutters.com/window-treatments/westlake-village-ca/,$[0].@graph[0],Approved geography,areaServed includes Santa Clarita; lacks explicit Ventura County; serviceArea includes North Los Angeles County
https://www.805shutters.com/window-treatments/westlake-village-ca/,$[0].@graph[0],Approved identity,sameAs Maps and Instagram variants differ from requested exact URLs (not evidence of wrong entity)
https://www.805shutters.com/window-treatments/westlake-village-ca/,$[0].@graph[0].makesOffer,Schema.org range error,makesOffer contains Text; expected Offer
https://www.805shutters.com/window-treatments/westlake-village-ca/,$[1].@graph[1].provider,Approved identity,telephone lacks approved +1 format
https://www.805shutters.com/window-treatments/westlake-village-ca/,$[1].@graph[1].provider,Approved identity,url lacks trailing slash
https://www.805shutters.com/window-treatments/westlake-village-ca/,$[1].@graph[1].provider,Reference consistency,partial business definition lacks email; consolidate into @id reference
https://www.805shutters.com/commercial-window-coverings/camarillo-ca/,$[0].@graph[0],Approved identity,telephone lacks approved +1 format
https://www.805shutters.com/commercial-window-coverings/camarillo-ca/,$[0].@graph[0],Approved identity,url lacks trailing slash
https://www.805shutters.com/commercial-window-coverings/camarillo-ca/,$[0].@graph[0],Google required / deliberately omitted,address absent; service-area privacy rule retained; LocalBusiness rich-result eligibility gap
https://www.805shutters.com/commercial-window-coverings/camarillo-ca/,$[0].@graph[0],Google recommended / deliberately omitted,geo absent; no verified customer-facing physical location
https://www.805shutters.com/commercial-window-coverings/camarillo-ca/,$[0].@graph[0],Approved geography,areaServed includes Santa Clarita; lacks explicit Ventura County; serviceArea includes North Los Angeles County
https://www.805shutters.com/commercial-window-coverings/camarillo-ca/,$[0].@graph[0],Approved identity,sameAs Maps and Instagram variants differ from requested exact URLs (not evidence of wrong entity)
https://www.805shutters.com/commercial-window-coverings/camarillo-ca/,$[0].@graph[0].makesOffer,Schema.org range error,makesOffer contains Text; expected Offer
https://www.805shutters.com/commercial-window-coverings/camarillo-ca/,$[1].@graph[1].provider,Approved identity,telephone lacks approved +1 format
https://www.805shutters.com/commercial-window-coverings/camarillo-ca/,$[1].@graph[1].provider,Approved identity,url lacks trailing slash
https://www.805shutters.com/commercial-window-coverings/camarillo-ca/,$[1].@graph[1].provider,Reference consistency,partial business definition lacks email; consolidate into @id reference
https://www.805shutters.com/commercial-window-coverings/fillmore-ca/,$[0].@graph[0],Approved identity,telephone lacks approved +1 format
https://www.805shutters.com/commercial-window-coverings/fillmore-ca/,$[0].@graph[0],Approved identity,url lacks trailing slash
https://www.805shutters.com/commercial-window-coverings/fillmore-ca/,$[0].@graph[0],Google required / deliberately omitted,address absent; service-area privacy rule retained; LocalBusiness rich-result eligibility gap
https://www.805shutters.com/commercial-window-coverings/fillmore-ca/,$[0].@graph[0],Google recommended / deliberately omitted,geo absent; no verified customer-facing physical location
https://www.805shutters.com/commercial-window-coverings/fillmore-ca/,$[0].@graph[0],Approved geography,areaServed includes Santa Clarita; lacks explicit Ventura County; serviceArea includes North Los Angeles County
https://www.805shutters.com/commercial-window-coverings/fillmore-ca/,$[0].@graph[0],Approved identity,sameAs Maps and Instagram variants differ from requested exact URLs (not evidence of wrong entity)
https://www.805shutters.com/commercial-window-coverings/fillmore-ca/,$[0].@graph[0].makesOffer,Schema.org range error,makesOffer contains Text; expected Offer
https://www.805shutters.com/commercial-window-coverings/fillmore-ca/,$[1].@graph[1].provider,Approved identity,telephone lacks approved +1 format
https://www.805shutters.com/commercial-window-coverings/fillmore-ca/,$[1].@graph[1].provider,Approved identity,url lacks trailing slash
https://www.805shutters.com/commercial-window-coverings/fillmore-ca/,$[1].@graph[1].provider,Reference consistency,partial business definition lacks email; consolidate into @id reference
https://www.805shutters.com/commercial-window-coverings/moorpark-ca/,$[0].@graph[0],Approved identity,telephone lacks approved +1 format
https://www.805shutters.com/commercial-window-coverings/moorpark-ca/,$[0].@graph[0],Approved identity,url lacks trailing slash
https://www.805shutters.com/commercial-window-coverings/moorpark-ca/,$[0].@graph[0],Google required / deliberately omitted,address absent; service-area privacy rule retained; LocalBusiness rich-result eligibility gap
https://www.805shutters.com/commercial-window-coverings/moorpark-ca/,$[0].@graph[0],Google recommended / deliberately omitted,geo absent; no verified customer-facing physical location
https://www.805shutters.com/commercial-window-coverings/moorpark-ca/,$[0].@graph[0],Approved geography,areaServed includes Santa Clarita; lacks explicit Ventura County; serviceArea includes North Los Angeles County
https://www.805shutters.com/commercial-window-coverings/moorpark-ca/,$[0].@graph[0],Approved identity,sameAs Maps and Instagram variants differ from requested exact URLs (not evidence of wrong entity)
https://www.805shutters.com/commercial-window-coverings/moorpark-ca/,$[0].@graph[0].makesOffer,Schema.org range error,makesOffer contains Text; expected Offer
https://www.805shutters.com/commercial-window-coverings/moorpark-ca/,$[1].@graph[1].provider,Approved identity,telephone lacks approved +1 format
https://www.805shutters.com/commercial-window-coverings/moorpark-ca/,$[1].@graph[1].provider,Approved identity,url lacks trailing slash
https://www.805shutters.com/commercial-window-coverings/moorpark-ca/,$[1].@graph[1].provider,Reference consistency,partial business definition lacks email; consolidate into @id reference
https://www.805shutters.com/commercial-window-coverings/newbury-park-ca/,$[0].@graph[0],Approved identity,telephone lacks approved +1 format
https://www.805shutters.com/commercial-window-coverings/newbury-park-ca/,$[0].@graph[0],Approved identity,url lacks trailing slash
https://www.805shutters.com/commercial-window-coverings/newbury-park-ca/,$[0].@graph[0],Google required / deliberately omitted,address absent; service-area privacy rule retained; LocalBusiness rich-result eligibility gap
https://www.805shutters.com/commercial-window-coverings/newbury-park-ca/,$[0].@graph[0],Google recommended / deliberately omitted,geo absent; no verified customer-facing physical location
https://www.805shutters.com/commercial-window-coverings/newbury-park-ca/,$[0].@graph[0],Approved geography,areaServed includes Santa Clarita; lacks explicit Ventura County; serviceArea includes North Los Angeles County
https://www.805shutters.com/commercial-window-coverings/newbury-park-ca/,$[0].@graph[0],Approved identity,sameAs Maps and Instagram variants differ from requested exact URLs (not evidence of wrong entity)
https://www.805shutters.com/commercial-window-coverings/newbury-park-ca/,$[0].@graph[0].makesOffer,Schema.org range error,makesOffer contains Text; expected Offer
https://www.805shutters.com/commercial-window-coverings/newbury-park-ca/,$[1].@graph[1].provider,Approved identity,telephone lacks approved +1 format
https://www.805shutters.com/commercial-window-coverings/newbury-park-ca/,$[1].@graph[1].provider,Approved identity,url lacks trailing slash
https://www.805shutters.com/commercial-window-coverings/newbury-park-ca/,$[1].@graph[1].provider,Reference consistency,partial business definition lacks email; consolidate into @id reference
https://www.805shutters.com/commercial-window-coverings/oak-park-ca/,$[0].@graph[0],Approved identity,telephone lacks approved +1 format
https://www.805shutters.com/commercial-window-coverings/oak-park-ca/,$[0].@graph[0],Approved identity,url lacks trailing slash
https://www.805shutters.com/commercial-window-coverings/oak-park-ca/,$[0].@graph[0],Google required / deliberately omitted,address absent; service-area privacy rule retained; LocalBusiness rich-result eligibility gap
https://www.805shutters.com/commercial-window-coverings/oak-park-ca/,$[0].@graph[0],Google recommended / deliberately omitted,geo absent; no verified customer-facing physical location
https://www.805shutters.com/commercial-window-coverings/oak-park-ca/,$[0].@graph[0],Approved geography,areaServed includes Santa Clarita; lacks explicit Ventura County; serviceArea includes North Los Angeles County
https://www.805shutters.com/commercial-window-coverings/oak-park-ca/,$[0].@graph[0],Approved identity,sameAs Maps and Instagram variants differ from requested exact URLs (not evidence of wrong entity)
https://www.805shutters.com/commercial-window-coverings/oak-park-ca/,$[0].@graph[0].makesOffer,Schema.org range error,makesOffer contains Text; expected Offer
https://www.805shutters.com/commercial-window-coverings/oak-park-ca/,$[1].@graph[1].provider,Approved identity,telephone lacks approved +1 format
https://www.805shutters.com/commercial-window-coverings/oak-park-ca/,$[1].@graph[1].provider,Approved identity,url lacks trailing slash
https://www.805shutters.com/commercial-window-coverings/oak-park-ca/,$[1].@graph[1].provider,Reference consistency,partial business definition lacks email; consolidate into @id reference
https://www.805shutters.com/commercial-window-coverings/ojai-ca/,$[0].@graph[0],Approved identity,telephone lacks approved +1 format
https://www.805shutters.com/commercial-window-coverings/ojai-ca/,$[0].@graph[0],Approved identity,url lacks trailing slash
https://www.805shutters.com/commercial-window-coverings/ojai-ca/,$[0].@graph[0],Google required / deliberately omitted,address absent; service-area privacy rule retained; LocalBusiness rich-result eligibility gap
https://www.805shutters.com/commercial-window-coverings/ojai-ca/,$[0].@graph[0],Google recommended / deliberately omitted,geo absent; no verified customer-facing physical location
https://www.805shutters.com/commercial-window-coverings/ojai-ca/,$[0].@graph[0],Approved geography,areaServed includes Santa Clarita; lacks explicit Ventura County; serviceArea includes North Los Angeles County
https://www.805shutters.com/commercial-window-coverings/ojai-ca/,$[0].@graph[0],Approved identity,sameAs Maps and Instagram variants differ from requested exact URLs (not evidence of wrong entity)
https://www.805shutters.com/commercial-window-coverings/ojai-ca/,$[0].@graph[0].makesOffer,Schema.org range error,makesOffer contains Text; expected Offer
https://www.805shutters.com/commercial-window-coverings/ojai-ca/,$[1].@graph[1].provider,Approved identity,telephone lacks approved +1 format
https://www.805shutters.com/commercial-window-coverings/ojai-ca/,$[1].@graph[1].provider,Approved identity,url lacks trailing slash
https://www.805shutters.com/commercial-window-coverings/ojai-ca/,$[1].@graph[1].provider,Reference consistency,partial business definition lacks email; consolidate into @id reference
https://www.805shutters.com/commercial-window-coverings/oxnard-ca/,$[0].@graph[0],Approved identity,telephone lacks approved +1 format
https://www.805shutters.com/commercial-window-coverings/oxnard-ca/,$[0].@graph[0],Approved identity,url lacks trailing slash
https://www.805shutters.com/commercial-window-coverings/oxnard-ca/,$[0].@graph[0],Google required / deliberately omitted,address absent; service-area privacy rule retained; LocalBusiness rich-result eligibility gap
https://www.805shutters.com/commercial-window-coverings/oxnard-ca/,$[0].@graph[0],Google recommended / deliberately omitted,geo absent; no verified customer-facing physical location
https://www.805shutters.com/commercial-window-coverings/oxnard-ca/,$[0].@graph[0],Approved geography,areaServed includes Santa Clarita; lacks explicit Ventura County; serviceArea includes North Los Angeles County
https://www.805shutters.com/commercial-window-coverings/oxnard-ca/,$[0].@graph[0],Approved identity,sameAs Maps and Instagram variants differ from requested exact URLs (not evidence of wrong entity)
https://www.805shutters.com/commercial-window-coverings/oxnard-ca/,$[0].@graph[0].makesOffer,Schema.org range error,makesOffer contains Text; expected Offer
https://www.805shutters.com/commercial-window-coverings/oxnard-ca/,$[1].@graph[1].provider,Approved identity,telephone lacks approved +1 format
https://www.805shutters.com/commercial-window-coverings/oxnard-ca/,$[1].@graph[1].provider,Approved identity,url lacks trailing slash
https://www.805shutters.com/commercial-window-coverings/oxnard-ca/,$[1].@graph[1].provider,Reference consistency,partial business definition lacks email; consolidate into @id reference
https://www.805shutters.com/commercial-window-coverings/port-hueneme-ca/,$[0].@graph[0],Approved identity,telephone lacks approved +1 format
https://www.805shutters.com/commercial-window-coverings/port-hueneme-ca/,$[0].@graph[0],Approved identity,url lacks trailing slash
https://www.805shutters.com/commercial-window-coverings/port-hueneme-ca/,$[0].@graph[0],Google required / deliberately omitted,address absent; service-area privacy rule retained; LocalBusiness rich-result eligibility gap
https://www.805shutters.com/commercial-window-coverings/port-hueneme-ca/,$[0].@graph[0],Google recommended / deliberately omitted,geo absent; no verified customer-facing physical location
https://www.805shutters.com/commercial-window-coverings/port-hueneme-ca/,$[0].@graph[0],Approved geography,areaServed includes Santa Clarita; lacks explicit Ventura County; serviceArea includes North Los Angeles County
https://www.805shutters.com/commercial-window-coverings/port-hueneme-ca/,$[0].@graph[0],Approved identity,sameAs Maps and Instagram variants differ from requested exact URLs (not evidence of wrong entity)
https://www.805shutters.com/commercial-window-coverings/port-hueneme-ca/,$[0].@graph[0].makesOffer,Schema.org range error,makesOffer contains Text; expected Offer
https://www.805shutters.com/commercial-window-coverings/port-hueneme-ca/,$[1].@graph[1].provider,Approved identity,telephone lacks approved +1 format
https://www.805shutters.com/commercial-window-coverings/port-hueneme-ca/,$[1].@graph[1].provider,Approved identity,url lacks trailing slash
https://www.805shutters.com/commercial-window-coverings/port-hueneme-ca/,$[1].@graph[1].provider,Reference consistency,partial business definition lacks email; consolidate into @id reference
https://www.805shutters.com/commercial-window-coverings/santa-paula-ca/,$[0].@graph[0],Approved identity,telephone lacks approved +1 format
https://www.805shutters.com/commercial-window-coverings/santa-paula-ca/,$[0].@graph[0],Approved identity,url lacks trailing slash
https://www.805shutters.com/commercial-window-coverings/santa-paula-ca/,$[0].@graph[0],Google required / deliberately omitted,address absent; service-area privacy rule retained; LocalBusiness rich-result eligibility gap
https://www.805shutters.com/commercial-window-coverings/santa-paula-ca/,$[0].@graph[0],Google recommended / deliberately omitted,geo absent; no verified customer-facing physical location
https://www.805shutters.com/commercial-window-coverings/santa-paula-ca/,$[0].@graph[0],Approved geography,areaServed includes Santa Clarita; lacks explicit Ventura County; serviceArea includes North Los Angeles County
https://www.805shutters.com/commercial-window-coverings/santa-paula-ca/,$[0].@graph[0],Approved identity,sameAs Maps and Instagram variants differ from requested exact URLs (not evidence of wrong entity)
https://www.805shutters.com/commercial-window-coverings/santa-paula-ca/,$[0].@graph[0].makesOffer,Schema.org range error,makesOffer contains Text; expected Offer
https://www.805shutters.com/commercial-window-coverings/santa-paula-ca/,$[1].@graph[1].provider,Approved identity,telephone lacks approved +1 format
https://www.805shutters.com/commercial-window-coverings/santa-paula-ca/,$[1].@graph[1].provider,Approved identity,url lacks trailing slash
https://www.805shutters.com/commercial-window-coverings/santa-paula-ca/,$[1].@graph[1].provider,Reference consistency,partial business definition lacks email; consolidate into @id reference
https://www.805shutters.com/commercial-window-coverings/santa-clarita-ca/,$[0].@graph[0],Approved identity,telephone lacks approved +1 format
https://www.805shutters.com/commercial-window-coverings/santa-clarita-ca/,$[0].@graph[0],Approved identity,url lacks trailing slash
https://www.805shutters.com/commercial-window-coverings/santa-clarita-ca/,$[0].@graph[0],Google required / deliberately omitted,address absent; service-area privacy rule retained; LocalBusiness rich-result eligibility gap
https://www.805shutters.com/commercial-window-coverings/santa-clarita-ca/,$[0].@graph[0],Google recommended / deliberately omitted,geo absent; no verified customer-facing physical location
https://www.805shutters.com/commercial-window-coverings/santa-clarita-ca/,$[0].@graph[0],Approved geography,areaServed includes Santa Clarita; lacks explicit Ventura County; serviceArea includes North Los Angeles County
https://www.805shutters.com/commercial-window-coverings/santa-clarita-ca/,$[0].@graph[0],Approved identity,sameAs Maps and Instagram variants differ from requested exact URLs (not evidence of wrong entity)
https://www.805shutters.com/commercial-window-coverings/santa-clarita-ca/,$[0].@graph[0].makesOffer,Schema.org range error,makesOffer contains Text; expected Offer
https://www.805shutters.com/commercial-window-coverings/santa-clarita-ca/,$[1].@graph[1].provider,Approved identity,telephone lacks approved +1 format
https://www.805shutters.com/commercial-window-coverings/santa-clarita-ca/,$[1].@graph[1].provider,Approved identity,url lacks trailing slash
https://www.805shutters.com/commercial-window-coverings/santa-clarita-ca/,$[1].@graph[1].provider,Reference consistency,partial business definition lacks email; consolidate into @id reference
https://www.805shutters.com/commercial-window-coverings/santa-rosa-valley-ca/,$[0].@graph[0],Approved identity,telephone lacks approved +1 format
https://www.805shutters.com/commercial-window-coverings/santa-rosa-valley-ca/,$[0].@graph[0],Approved identity,url lacks trailing slash
https://www.805shutters.com/commercial-window-coverings/santa-rosa-valley-ca/,$[0].@graph[0],Google required / deliberately omitted,address absent; service-area privacy rule retained; LocalBusiness rich-result eligibility gap
https://www.805shutters.com/commercial-window-coverings/santa-rosa-valley-ca/,$[0].@graph[0],Google recommended / deliberately omitted,geo absent; no verified customer-facing physical location
https://www.805shutters.com/commercial-window-coverings/santa-rosa-valley-ca/,$[0].@graph[0],Approved geography,areaServed includes Santa Clarita; lacks explicit Ventura County; serviceArea includes North Los Angeles County
https://www.805shutters.com/commercial-window-coverings/santa-rosa-valley-ca/,$[0].@graph[0],Approved identity,sameAs Maps and Instagram variants differ from requested exact URLs (not evidence of wrong entity)
https://www.805shutters.com/commercial-window-coverings/santa-rosa-valley-ca/,$[0].@graph[0].makesOffer,Schema.org range error,makesOffer contains Text; expected Offer
https://www.805shutters.com/commercial-window-coverings/santa-rosa-valley-ca/,$[1].@graph[1].provider,Approved identity,telephone lacks approved +1 format
https://www.805shutters.com/commercial-window-coverings/santa-rosa-valley-ca/,$[1].@graph[1].provider,Approved identity,url lacks trailing slash
https://www.805shutters.com/commercial-window-coverings/santa-rosa-valley-ca/,$[1].@graph[1].provider,Reference consistency,partial business definition lacks email; consolidate into @id reference
https://www.805shutters.com/commercial-window-coverings/simi-valley-ca/,$[0].@graph[0],Approved identity,telephone lacks approved +1 format
https://www.805shutters.com/commercial-window-coverings/simi-valley-ca/,$[0].@graph[0],Approved identity,url lacks trailing slash
https://www.805shutters.com/commercial-window-coverings/simi-valley-ca/,$[0].@graph[0],Google required / deliberately omitted,address absent; service-area privacy rule retained; LocalBusiness rich-result eligibility gap
https://www.805shutters.com/commercial-window-coverings/simi-valley-ca/,$[0].@graph[0],Google recommended / deliberately omitted,geo absent; no verified customer-facing physical location
https://www.805shutters.com/commercial-window-coverings/simi-valley-ca/,$[0].@graph[0],Approved geography,areaServed includes Santa Clarita; lacks explicit Ventura County; serviceArea includes North Los Angeles County
https://www.805shutters.com/commercial-window-coverings/simi-valley-ca/,$[0].@graph[0],Approved identity,sameAs Maps and Instagram variants differ from requested exact URLs (not evidence of wrong entity)
https://www.805shutters.com/commercial-window-coverings/simi-valley-ca/,$[0].@graph[0].makesOffer,Schema.org range error,makesOffer contains Text; expected Offer
https://www.805shutters.com/commercial-window-coverings/simi-valley-ca/,$[1].@graph[1].provider,Approved identity,telephone lacks approved +1 format
https://www.805shutters.com/commercial-window-coverings/simi-valley-ca/,$[1].@graph[1].provider,Approved identity,url lacks trailing slash
https://www.805shutters.com/commercial-window-coverings/simi-valley-ca/,$[1].@graph[1].provider,Reference consistency,partial business definition lacks email; consolidate into @id reference
https://www.805shutters.com/commercial-window-coverings/thousand-oaks-ca/,$[0].@graph[0],Approved identity,telephone lacks approved +1 format
https://www.805shutters.com/commercial-window-coverings/thousand-oaks-ca/,$[0].@graph[0],Approved identity,url lacks trailing slash
https://www.805shutters.com/commercial-window-coverings/thousand-oaks-ca/,$[0].@graph[0],Google required / deliberately omitted,address absent; service-area privacy rule retained; LocalBusiness rich-result eligibility gap
https://www.805shutters.com/commercial-window-coverings/thousand-oaks-ca/,$[0].@graph[0],Google recommended / deliberately omitted,geo absent; no verified customer-facing physical location
https://www.805shutters.com/commercial-window-coverings/thousand-oaks-ca/,$[0].@graph[0],Approved geography,areaServed includes Santa Clarita; lacks explicit Ventura County; serviceArea includes North Los Angeles County
https://www.805shutters.com/commercial-window-coverings/thousand-oaks-ca/,$[0].@graph[0],Approved identity,sameAs Maps and Instagram variants differ from requested exact URLs (not evidence of wrong entity)
https://www.805shutters.com/commercial-window-coverings/thousand-oaks-ca/,$[0].@graph[0].makesOffer,Schema.org range error,makesOffer contains Text; expected Offer
https://www.805shutters.com/commercial-window-coverings/thousand-oaks-ca/,$[1].@graph[1].provider,Approved identity,telephone lacks approved +1 format
https://www.805shutters.com/commercial-window-coverings/thousand-oaks-ca/,$[1].@graph[1].provider,Approved identity,url lacks trailing slash
https://www.805shutters.com/commercial-window-coverings/thousand-oaks-ca/,$[1].@graph[1].provider,Reference consistency,partial business definition lacks email; consolidate into @id reference
https://www.805shutters.com/commercial-window-coverings/ventura-ca/,$[0].@graph[0],Approved identity,telephone lacks approved +1 format
https://www.805shutters.com/commercial-window-coverings/ventura-ca/,$[0].@graph[0],Approved identity,url lacks trailing slash
https://www.805shutters.com/commercial-window-coverings/ventura-ca/,$[0].@graph[0],Google required / deliberately omitted,address absent; service-area privacy rule retained; LocalBusiness rich-result eligibility gap
https://www.805shutters.com/commercial-window-coverings/ventura-ca/,$[0].@graph[0],Google recommended / deliberately omitted,geo absent; no verified customer-facing physical location
https://www.805shutters.com/commercial-window-coverings/ventura-ca/,$[0].@graph[0],Approved geography,areaServed includes Santa Clarita; lacks explicit Ventura County; serviceArea includes North Los Angeles County
https://www.805shutters.com/commercial-window-coverings/ventura-ca/,$[0].@graph[0],Approved identity,sameAs Maps and Instagram variants differ from requested exact URLs (not evidence of wrong entity)
https://www.805shutters.com/commercial-window-coverings/ventura-ca/,$[0].@graph[0].makesOffer,Schema.org range error,makesOffer contains Text; expected Offer
https://www.805shutters.com/commercial-window-coverings/ventura-ca/,$[1].@graph[1].provider,Approved identity,telephone lacks approved +1 format
https://www.805shutters.com/commercial-window-coverings/ventura-ca/,$[1].@graph[1].provider,Approved identity,url lacks trailing slash
https://www.805shutters.com/commercial-window-coverings/ventura-ca/,$[1].@graph[1].provider,Reference consistency,partial business definition lacks email; consolidate into @id reference
https://www.805shutters.com/commercial-window-coverings/westlake-village-ca/,$[0].@graph[0],Approved identity,telephone lacks approved +1 format
https://www.805shutters.com/commercial-window-coverings/westlake-village-ca/,$[0].@graph[0],Approved identity,url lacks trailing slash
https://www.805shutters.com/commercial-window-coverings/westlake-village-ca/,$[0].@graph[0],Google required / deliberately omitted,address absent; service-area privacy rule retained; LocalBusiness rich-result eligibility gap
https://www.805shutters.com/commercial-window-coverings/westlake-village-ca/,$[0].@graph[0],Google recommended / deliberately omitted,geo absent; no verified customer-facing physical location
https://www.805shutters.com/commercial-window-coverings/westlake-village-ca/,$[0].@graph[0],Approved geography,areaServed includes Santa Clarita; lacks explicit Ventura County; serviceArea includes North Los Angeles County
https://www.805shutters.com/commercial-window-coverings/westlake-village-ca/,$[0].@graph[0],Approved identity,sameAs Maps and Instagram variants differ from requested exact URLs (not evidence of wrong entity)
https://www.805shutters.com/commercial-window-coverings/westlake-village-ca/,$[0].@graph[0].makesOffer,Schema.org range error,makesOffer contains Text; expected Offer
https://www.805shutters.com/commercial-window-coverings/westlake-village-ca/,$[1].@graph[1].provider,Approved identity,telephone lacks approved +1 format
https://www.805shutters.com/commercial-window-coverings/westlake-village-ca/,$[1].@graph[1].provider,Approved identity,url lacks trailing slash
https://www.805shutters.com/commercial-window-coverings/westlake-village-ca/,$[1].@graph[1].provider,Reference consistency,partial business definition lacks email; consolidate into @id reference
https://www.805shutters.com/blinds/ventura-county/,$[0].@graph[0],Approved identity,telephone lacks approved +1 format
https://www.805shutters.com/blinds/ventura-county/,$[0].@graph[0],Approved identity,url lacks trailing slash
https://www.805shutters.com/blinds/ventura-county/,$[0].@graph[0],Google required / deliberately omitted,address absent; service-area privacy rule retained; LocalBusiness rich-result eligibility gap
https://www.805shutters.com/blinds/ventura-county/,$[0].@graph[0],Google recommended / deliberately omitted,geo absent; no verified customer-facing physical location
https://www.805shutters.com/blinds/ventura-county/,$[0].@graph[0],Approved geography,areaServed includes Santa Clarita; lacks explicit Ventura County; serviceArea includes North Los Angeles County
https://www.805shutters.com/blinds/ventura-county/,$[0].@graph[0],Approved identity,sameAs Maps and Instagram variants differ from requested exact URLs (not evidence of wrong entity)
https://www.805shutters.com/blinds/ventura-county/,$[0].@graph[0].makesOffer,Schema.org range error,makesOffer contains Text; expected Offer
https://www.805shutters.com/blinds/ventura-county/,$[1].@graph[1].provider,Approved identity,telephone lacks approved +1 format
https://www.805shutters.com/blinds/ventura-county/,$[1].@graph[1].provider,Approved identity,url lacks trailing slash
https://www.805shutters.com/blinds/ventura-county/,$[1].@graph[1].provider,Reference consistency,partial business definition lacks email; consolidate into @id reference
https://www.805shutters.com/window-treatments/camarillo/,$[0].@graph[0],Approved identity,telephone lacks approved +1 format
https://www.805shutters.com/window-treatments/camarillo/,$[0].@graph[0],Approved identity,url lacks trailing slash
https://www.805shutters.com/window-treatments/camarillo/,$[0].@graph[0],Google required / deliberately omitted,address absent; service-area privacy rule retained; LocalBusiness rich-result eligibility gap
https://www.805shutters.com/window-treatments/camarillo/,$[0].@graph[0],Google recommended / deliberately omitted,geo absent; no verified customer-facing physical location
https://www.805shutters.com/window-treatments/camarillo/,$[0].@graph[0],Approved geography,areaServed includes Santa Clarita; lacks explicit Ventura County; serviceArea includes North Los Angeles County
https://www.805shutters.com/window-treatments/camarillo/,$[0].@graph[0],Approved identity,sameAs Maps and Instagram variants differ from requested exact URLs (not evidence of wrong entity)
https://www.805shutters.com/window-treatments/camarillo/,$[0].@graph[0].makesOffer,Schema.org range error,makesOffer contains Text; expected Offer
https://www.805shutters.com/window-treatments/camarillo/,$[1].@graph[1].provider,Approved identity,telephone lacks approved +1 format
https://www.805shutters.com/window-treatments/camarillo/,$[1].@graph[1].provider,Approved identity,url lacks trailing slash
https://www.805shutters.com/window-treatments/camarillo/,$[1].@graph[1].provider,Reference consistency,partial business definition lacks email; consolidate into @id reference
https://www.805shutters.com/ventura-county-window-treatments-camarillo-blinds-shades-shutters/,$[0].@graph[0],Approved identity,telephone lacks approved +1 format
https://www.805shutters.com/ventura-county-window-treatments-camarillo-blinds-shades-shutters/,$[0].@graph[0],Approved identity,url lacks trailing slash
https://www.805shutters.com/ventura-county-window-treatments-camarillo-blinds-shades-shutters/,$[0].@graph[0],Google required / deliberately omitted,address absent; service-area privacy rule retained; LocalBusiness rich-result eligibility gap
https://www.805shutters.com/ventura-county-window-treatments-camarillo-blinds-shades-shutters/,$[0].@graph[0],Google recommended / deliberately omitted,geo absent; no verified customer-facing physical location
https://www.805shutters.com/ventura-county-window-treatments-camarillo-blinds-shades-shutters/,$[0].@graph[0],Approved geography,areaServed includes Santa Clarita; lacks explicit Ventura County; serviceArea includes North Los Angeles County
https://www.805shutters.com/ventura-county-window-treatments-camarillo-blinds-shades-shutters/,$[0].@graph[0],Approved identity,sameAs Maps and Instagram variants differ from requested exact URLs (not evidence of wrong entity)
https://www.805shutters.com/ventura-county-window-treatments-camarillo-blinds-shades-shutters/,$[0].@graph[0].makesOffer,Schema.org range error,makesOffer contains Text; expected Offer
https://www.805shutters.com/shutters/plantation/,$[0].@graph[0],Approved identity,telephone lacks approved +1 format
https://www.805shutters.com/shutters/plantation/,$[0].@graph[0],Approved identity,url lacks trailing slash
https://www.805shutters.com/shutters/plantation/,$[0].@graph[0],Google required / deliberately omitted,address absent; service-area privacy rule retained; LocalBusiness rich-result eligibility gap
https://www.805shutters.com/shutters/plantation/,$[0].@graph[0],Google recommended / deliberately omitted,geo absent; no verified customer-facing physical location
https://www.805shutters.com/shutters/plantation/,$[0].@graph[0],Approved geography,areaServed includes Santa Clarita; lacks explicit Ventura County; serviceArea includes North Los Angeles County
https://www.805shutters.com/shutters/plantation/,$[0].@graph[0],Approved identity,sameAs Maps and Instagram variants differ from requested exact URLs (not evidence of wrong entity)
https://www.805shutters.com/shutters/plantation/,$[0].@graph[0].makesOffer,Schema.org range error,makesOffer contains Text; expected Offer
https://www.805shutters.com/shutters/plantation/,$[1].@graph[1].provider,Approved identity,telephone lacks approved +1 format
https://www.805shutters.com/shutters/plantation/,$[1].@graph[1].provider,Approved identity,url lacks trailing slash
https://www.805shutters.com/shutters/plantation/,$[1].@graph[1].provider,Reference consistency,partial business definition lacks email; consolidate into @id reference
https://www.805shutters.com/shutters/interior-shutters-camarillo/,$[0].@graph[0],Approved identity,telephone lacks approved +1 format
https://www.805shutters.com/shutters/interior-shutters-camarillo/,$[0].@graph[0],Approved identity,url lacks trailing slash
https://www.805shutters.com/shutters/interior-shutters-camarillo/,$[0].@graph[0],Google required / deliberately omitted,address absent; service-area privacy rule retained; LocalBusiness rich-result eligibility gap
https://www.805shutters.com/shutters/interior-shutters-camarillo/,$[0].@graph[0],Google recommended / deliberately omitted,geo absent; no verified customer-facing physical location
https://www.805shutters.com/shutters/interior-shutters-camarillo/,$[0].@graph[0],Approved geography,areaServed includes Santa Clarita; lacks explicit Ventura County; serviceArea includes North Los Angeles County
https://www.805shutters.com/shutters/interior-shutters-camarillo/,$[0].@graph[0],Approved identity,sameAs Maps and Instagram variants differ from requested exact URLs (not evidence of wrong entity)
https://www.805shutters.com/shutters/interior-shutters-camarillo/,$[0].@graph[0].makesOffer,Schema.org range error,makesOffer contains Text; expected Offer
https://www.805shutters.com/shutters/interior-shutters-camarillo/,$[1].@graph[1].provider,Approved identity,telephone lacks approved +1 format
https://www.805shutters.com/shutters/interior-shutters-camarillo/,$[1].@graph[1].provider,Approved identity,url lacks trailing slash
https://www.805shutters.com/shutters/interior-shutters-camarillo/,$[1].@graph[1].provider,Reference consistency,partial business definition lacks email; consolidate into @id reference
https://www.805shutters.com/shutters/wood-shutters-camarillo/,$[0].@graph[0],Approved identity,telephone lacks approved +1 format
https://www.805shutters.com/shutters/wood-shutters-camarillo/,$[0].@graph[0],Approved identity,url lacks trailing slash
https://www.805shutters.com/shutters/wood-shutters-camarillo/,$[0].@graph[0],Google required / deliberately omitted,address absent; service-area privacy rule retained; LocalBusiness rich-result eligibility gap
https://www.805shutters.com/shutters/wood-shutters-camarillo/,$[0].@graph[0],Google recommended / deliberately omitted,geo absent; no verified customer-facing physical location
https://www.805shutters.com/shutters/wood-shutters-camarillo/,$[0].@graph[0],Approved geography,areaServed includes Santa Clarita; lacks explicit Ventura County; serviceArea includes North Los Angeles County
https://www.805shutters.com/shutters/wood-shutters-camarillo/,$[0].@graph[0],Approved identity,sameAs Maps and Instagram variants differ from requested exact URLs (not evidence of wrong entity)
https://www.805shutters.com/shutters/wood-shutters-camarillo/,$[0].@graph[0].makesOffer,Schema.org range error,makesOffer contains Text; expected Offer
https://www.805shutters.com/shutters/wood-shutters-camarillo/,$[1].@graph[1].provider,Approved identity,telephone lacks approved +1 format
https://www.805shutters.com/shutters/wood-shutters-camarillo/,$[1].@graph[1].provider,Approved identity,url lacks trailing slash
https://www.805shutters.com/shutters/wood-shutters-camarillo/,$[1].@graph[1].provider,Reference consistency,partial business definition lacks email; consolidate into @id reference
https://www.805shutters.com/recent-projects/sliding-door-shutters-ventura-county/,$[0].@graph[0],Approved identity,telephone lacks approved +1 format
https://www.805shutters.com/recent-projects/sliding-door-shutters-ventura-county/,$[0].@graph[0],Approved identity,url lacks trailing slash
https://www.805shutters.com/recent-projects/sliding-door-shutters-ventura-county/,$[0].@graph[0],Google required / deliberately omitted,address absent; service-area privacy rule retained; LocalBusiness rich-result eligibility gap
https://www.805shutters.com/recent-projects/sliding-door-shutters-ventura-county/,$[0].@graph[0],Google recommended / deliberately omitted,geo absent; no verified customer-facing physical location
https://www.805shutters.com/recent-projects/sliding-door-shutters-ventura-county/,$[0].@graph[0],Approved geography,areaServed includes Santa Clarita; lacks explicit Ventura County; serviceArea includes North Los Angeles County
https://www.805shutters.com/recent-projects/sliding-door-shutters-ventura-county/,$[0].@graph[0],Approved identity,sameAs Maps and Instagram variants differ from requested exact URLs (not evidence of wrong entity)
https://www.805shutters.com/recent-projects/sliding-door-shutters-ventura-county/,$[0].@graph[0].makesOffer,Schema.org range error,makesOffer contains Text; expected Offer
https://www.805shutters.com/recent-projects/roller-shades-large-window-ventura-county/,$[0].@graph[0],Approved identity,telephone lacks approved +1 format
https://www.805shutters.com/recent-projects/roller-shades-large-window-ventura-county/,$[0].@graph[0],Approved identity,url lacks trailing slash
https://www.805shutters.com/recent-projects/roller-shades-large-window-ventura-county/,$[0].@graph[0],Google required / deliberately omitted,address absent; service-area privacy rule retained; LocalBusiness rich-result eligibility gap
https://www.805shutters.com/recent-projects/roller-shades-large-window-ventura-county/,$[0].@graph[0],Google recommended / deliberately omitted,geo absent; no verified customer-facing physical location
https://www.805shutters.com/recent-projects/roller-shades-large-window-ventura-county/,$[0].@graph[0],Approved geography,areaServed includes Santa Clarita; lacks explicit Ventura County; serviceArea includes North Los Angeles County
https://www.805shutters.com/recent-projects/roller-shades-large-window-ventura-county/,$[0].@graph[0],Approved identity,sameAs Maps and Instagram variants differ from requested exact URLs (not evidence of wrong entity)
https://www.805shutters.com/recent-projects/roller-shades-large-window-ventura-county/,$[0].@graph[0].makesOffer,Schema.org range error,makesOffer contains Text; expected Offer
https://www.805shutters.com/recent-projects/layered-window-shades-ventura-county/,$[0].@graph[0],Approved identity,telephone lacks approved +1 format
https://www.805shutters.com/recent-projects/layered-window-shades-ventura-county/,$[0].@graph[0],Approved identity,url lacks trailing slash
https://www.805shutters.com/recent-projects/layered-window-shades-ventura-county/,$[0].@graph[0],Google required / deliberately omitted,address absent; service-area privacy rule retained; LocalBusiness rich-result eligibility gap
https://www.805shutters.com/recent-projects/layered-window-shades-ventura-county/,$[0].@graph[0],Google recommended / deliberately omitted,geo absent; no verified customer-facing physical location
https://www.805shutters.com/recent-projects/layered-window-shades-ventura-county/,$[0].@graph[0],Approved geography,areaServed includes Santa Clarita; lacks explicit Ventura County; serviceArea includes North Los Angeles County
https://www.805shutters.com/recent-projects/layered-window-shades-ventura-county/,$[0].@graph[0],Approved identity,sameAs Maps and Instagram variants differ from requested exact URLs (not evidence of wrong entity)
https://www.805shutters.com/recent-projects/layered-window-shades-ventura-county/,$[0].@graph[0].makesOffer,Schema.org range error,makesOffer contains Text; expected Offer
https://www.805shutters.com/recent-projects/arched-plantation-shutters-ventura-county/,$[0].@graph[0],Approved identity,telephone lacks approved +1 format
https://www.805shutters.com/recent-projects/arched-plantation-shutters-ventura-county/,$[0].@graph[0],Approved identity,url lacks trailing slash
https://www.805shutters.com/recent-projects/arched-plantation-shutters-ventura-county/,$[0].@graph[0],Google required / deliberately omitted,address absent; service-area privacy rule retained; LocalBusiness rich-result eligibility gap
https://www.805shutters.com/recent-projects/arched-plantation-shutters-ventura-county/,$[0].@graph[0],Google recommended / deliberately omitted,geo absent; no verified customer-facing physical location
https://www.805shutters.com/recent-projects/arched-plantation-shutters-ventura-county/,$[0].@graph[0],Approved geography,areaServed includes Santa Clarita; lacks explicit Ventura County; serviceArea includes North Los Angeles County
https://www.805shutters.com/recent-projects/arched-plantation-shutters-ventura-county/,$[0].@graph[0],Approved identity,sameAs Maps and Instagram variants differ from requested exact URLs (not evidence of wrong entity)
https://www.805shutters.com/recent-projects/arched-plantation-shutters-ventura-county/,$[0].@graph[0].makesOffer,Schema.org range error,makesOffer contains Text; expected Offer
https://www.805shutters.com/recent-projects/dark-wood-plantation-shutters-ventura-county/,$[0].@graph[0],Approved identity,telephone lacks approved +1 format
https://www.805shutters.com/recent-projects/dark-wood-plantation-shutters-ventura-county/,$[0].@graph[0],Approved identity,url lacks trailing slash
https://www.805shutters.com/recent-projects/dark-wood-plantation-shutters-ventura-county/,$[0].@graph[0],Google required / deliberately omitted,address absent; service-area privacy rule retained; LocalBusiness rich-result eligibility gap
https://www.805shutters.com/recent-projects/dark-wood-plantation-shutters-ventura-county/,$[0].@graph[0],Google recommended / deliberately omitted,geo absent; no verified customer-facing physical location
https://www.805shutters.com/recent-projects/dark-wood-plantation-shutters-ventura-county/,$[0].@graph[0],Approved geography,areaServed includes Santa Clarita; lacks explicit Ventura County; serviceArea includes North Los Angeles County
https://www.805shutters.com/recent-projects/dark-wood-plantation-shutters-ventura-county/,$[0].@graph[0],Approved identity,sameAs Maps and Instagram variants differ from requested exact URLs (not evidence of wrong entity)
https://www.805shutters.com/recent-projects/dark-wood-plantation-shutters-ventura-county/,$[0].@graph[0].makesOffer,Schema.org range error,makesOffer contains Text; expected Offer
https://www.805shutters.com/recent-projects/plantation-shutters-ventura-county-project/,$[0].@graph[0],Approved identity,telephone lacks approved +1 format
https://www.805shutters.com/recent-projects/plantation-shutters-ventura-county-project/,$[0].@graph[0],Approved identity,url lacks trailing slash
https://www.805shutters.com/recent-projects/plantation-shutters-ventura-county-project/,$[0].@graph[0],Google required / deliberately omitted,address absent; service-area privacy rule retained; LocalBusiness rich-result eligibility gap
https://www.805shutters.com/recent-projects/plantation-shutters-ventura-county-project/,$[0].@graph[0],Google recommended / deliberately omitted,geo absent; no verified customer-facing physical location
https://www.805shutters.com/recent-projects/plantation-shutters-ventura-county-project/,$[0].@graph[0],Approved geography,areaServed includes Santa Clarita; lacks explicit Ventura County; serviceArea includes North Los Angeles County
https://www.805shutters.com/recent-projects/plantation-shutters-ventura-county-project/,$[0].@graph[0],Approved identity,sameAs Maps and Instagram variants differ from requested exact URLs (not evidence of wrong entity)
https://www.805shutters.com/recent-projects/plantation-shutters-ventura-county-project/,$[0].@graph[0].makesOffer,Schema.org range error,makesOffer contains Text; expected Offer
https://www.805shutters.com/best-window-treatments-ventura-county/,$[0].@graph[0],Approved identity,telephone lacks approved +1 format
https://www.805shutters.com/best-window-treatments-ventura-county/,$[0].@graph[0],Approved identity,url lacks trailing slash
https://www.805shutters.com/best-window-treatments-ventura-county/,$[0].@graph[0],Google required / deliberately omitted,address absent; service-area privacy rule retained; LocalBusiness rich-result eligibility gap
https://www.805shutters.com/best-window-treatments-ventura-county/,$[0].@graph[0],Google recommended / deliberately omitted,geo absent; no verified customer-facing physical location
https://www.805shutters.com/best-window-treatments-ventura-county/,$[0].@graph[0],Approved geography,areaServed includes Santa Clarita; lacks explicit Ventura County; serviceArea includes North Los Angeles County
https://www.805shutters.com/best-window-treatments-ventura-county/,$[0].@graph[0],Approved identity,sameAs Maps and Instagram variants differ from requested exact URLs (not evidence of wrong entity)
https://www.805shutters.com/best-window-treatments-ventura-county/,$[0].@graph[0].makesOffer,Schema.org range error,makesOffer contains Text; expected Offer
https://www.805shutters.com/best-window-treatments-ventura-county/,$[1].@graph[1].provider,Approved identity,telephone lacks approved +1 format
https://www.805shutters.com/best-window-treatments-ventura-county/,$[1].@graph[1].provider,Approved identity,url lacks trailing slash
https://www.805shutters.com/best-window-treatments-ventura-county/,$[1].@graph[1].provider,Reference consistency,partial business definition lacks email; consolidate into @id reference
https://www.805shutters.com/best-window-treatments-ventura-county/,$[1].@graph[1].availableChannel.servicePhone,Schema.org range error,servicePhone contains Text; expected ContactPoint
https://www.805shutters.com/plantation-shutters-vs-shades-ventura-county/,$[0].@graph[0],Approved identity,telephone lacks approved +1 format
https://www.805shutters.com/plantation-shutters-vs-shades-ventura-county/,$[0].@graph[0],Approved identity,url lacks trailing slash
https://www.805shutters.com/plantation-shutters-vs-shades-ventura-county/,$[0].@graph[0],Google required / deliberately omitted,address absent; service-area privacy rule retained; LocalBusiness rich-result eligibility gap
https://www.805shutters.com/plantation-shutters-vs-shades-ventura-county/,$[0].@graph[0],Google recommended / deliberately omitted,geo absent; no verified customer-facing physical location
https://www.805shutters.com/plantation-shutters-vs-shades-ventura-county/,$[0].@graph[0],Approved geography,areaServed includes Santa Clarita; lacks explicit Ventura County; serviceArea includes North Los Angeles County
https://www.805shutters.com/plantation-shutters-vs-shades-ventura-county/,$[0].@graph[0],Approved identity,sameAs Maps and Instagram variants differ from requested exact URLs (not evidence of wrong entity)
https://www.805shutters.com/plantation-shutters-vs-shades-ventura-county/,$[0].@graph[0].makesOffer,Schema.org range error,makesOffer contains Text; expected Offer
https://www.805shutters.com/plantation-shutters-vs-shades-ventura-county/,$[1].@graph[1].provider,Approved identity,telephone lacks approved +1 format
https://www.805shutters.com/plantation-shutters-vs-shades-ventura-county/,$[1].@graph[1].provider,Approved identity,url lacks trailing slash
https://www.805shutters.com/plantation-shutters-vs-shades-ventura-county/,$[1].@graph[1].provider,Reference consistency,partial business definition lacks email; consolidate into @id reference
https://www.805shutters.com/plantation-shutters-vs-shades-ventura-county/,$[1].@graph[1].availableChannel.servicePhone,Schema.org range error,servicePhone contains Text; expected ContactPoint
https://www.805shutters.com/custom-blinds-shades-shutters-camarillo/,$[0].@graph[0],Approved identity,telephone lacks approved +1 format
https://www.805shutters.com/custom-blinds-shades-shutters-camarillo/,$[0].@graph[0],Approved identity,url lacks trailing slash
https://www.805shutters.com/custom-blinds-shades-shutters-camarillo/,$[0].@graph[0],Google required / deliberately omitted,address absent; service-area privacy rule retained; LocalBusiness rich-result eligibility gap
https://www.805shutters.com/custom-blinds-shades-shutters-camarillo/,$[0].@graph[0],Google recommended / deliberately omitted,geo absent; no verified customer-facing physical location
https://www.805shutters.com/custom-blinds-shades-shutters-camarillo/,$[0].@graph[0],Approved geography,areaServed includes Santa Clarita; lacks explicit Ventura County; serviceArea includes North Los Angeles County
https://www.805shutters.com/custom-blinds-shades-shutters-camarillo/,$[0].@graph[0],Approved identity,sameAs Maps and Instagram variants differ from requested exact URLs (not evidence of wrong entity)
https://www.805shutters.com/custom-blinds-shades-shutters-camarillo/,$[0].@graph[0].makesOffer,Schema.org range error,makesOffer contains Text; expected Offer
https://www.805shutters.com/custom-blinds-shades-shutters-camarillo/,$[1].@graph[1].provider,Approved identity,telephone lacks approved +1 format
https://www.805shutters.com/custom-blinds-shades-shutters-camarillo/,$[1].@graph[1].provider,Approved identity,url lacks trailing slash
https://www.805shutters.com/custom-blinds-shades-shutters-camarillo/,$[1].@graph[1].provider,Reference consistency,partial business definition lacks email; consolidate into @id reference
https://www.805shutters.com/custom-blinds-shades-shutters-camarillo/,$[1].@graph[1].availableChannel.servicePhone,Schema.org range error,servicePhone contains Text; expected ContactPoint
https://www.805shutters.com/commercial-roller-shades-ventura-county/,$[0].@graph[0],Approved identity,telephone lacks approved +1 format
https://www.805shutters.com/commercial-roller-shades-ventura-county/,$[0].@graph[0],Approved identity,url lacks trailing slash
https://www.805shutters.com/commercial-roller-shades-ventura-county/,$[0].@graph[0],Google required / deliberately omitted,address absent; service-area privacy rule retained; LocalBusiness rich-result eligibility gap
https://www.805shutters.com/commercial-roller-shades-ventura-county/,$[0].@graph[0],Google recommended / deliberately omitted,geo absent; no verified customer-facing physical location
https://www.805shutters.com/commercial-roller-shades-ventura-county/,$[0].@graph[0],Approved geography,areaServed includes Santa Clarita; lacks explicit Ventura County; serviceArea includes North Los Angeles County
https://www.805shutters.com/commercial-roller-shades-ventura-county/,$[0].@graph[0],Approved identity,sameAs Maps and Instagram variants differ from requested exact URLs (not evidence of wrong entity)
https://www.805shutters.com/commercial-roller-shades-ventura-county/,$[0].@graph[0].makesOffer,Schema.org range error,makesOffer contains Text; expected Offer
https://www.805shutters.com/commercial-roller-shades-ventura-county/,$[1].@graph[1].provider,Approved identity,telephone lacks approved +1 format
https://www.805shutters.com/commercial-roller-shades-ventura-county/,$[1].@graph[1].provider,Approved identity,url lacks trailing slash
https://www.805shutters.com/commercial-roller-shades-ventura-county/,$[1].@graph[1].provider,Reference consistency,partial business definition lacks email; consolidate into @id reference
https://www.805shutters.com/commercial-roller-shades-ventura-county/,$[1].@graph[1].availableChannel.servicePhone,Schema.org range error,servicePhone contains Text; expected ContactPoint
https://www.805shutters.com/sliding-door-window-treatments-ventura-county/,$[0].@graph[0],Approved identity,telephone lacks approved +1 format
https://www.805shutters.com/sliding-door-window-treatments-ventura-county/,$[0].@graph[0],Approved identity,url lacks trailing slash
https://www.805shutters.com/sliding-door-window-treatments-ventura-county/,$[0].@graph[0],Google required / deliberately omitted,address absent; service-area privacy rule retained; LocalBusiness rich-result eligibility gap
https://www.805shutters.com/sliding-door-window-treatments-ventura-county/,$[0].@graph[0],Google recommended / deliberately omitted,geo absent; no verified customer-facing physical location
https://www.805shutters.com/sliding-door-window-treatments-ventura-county/,$[0].@graph[0],Approved geography,areaServed includes Santa Clarita; lacks explicit Ventura County; serviceArea includes North Los Angeles County
https://www.805shutters.com/sliding-door-window-treatments-ventura-county/,$[0].@graph[0],Approved identity,sameAs Maps and Instagram variants differ from requested exact URLs (not evidence of wrong entity)
https://www.805shutters.com/sliding-door-window-treatments-ventura-county/,$[0].@graph[0].makesOffer,Schema.org range error,makesOffer contains Text; expected Offer
https://www.805shutters.com/sliding-door-window-treatments-ventura-county/,$[1].@graph[1].provider,Approved identity,telephone lacks approved +1 format
https://www.805shutters.com/sliding-door-window-treatments-ventura-county/,$[1].@graph[1].provider,Approved identity,url lacks trailing slash
https://www.805shutters.com/sliding-door-window-treatments-ventura-county/,$[1].@graph[1].provider,Reference consistency,partial business definition lacks email; consolidate into @id reference
https://www.805shutters.com/sliding-door-window-treatments-ventura-county/,$[1].@graph[1].availableChannel.servicePhone,Schema.org range error,servicePhone contains Text; expected ContactPoint
https://www.805shutters.com/motorized-window-shades-ventura-county/,$[0].@graph[0],Approved identity,telephone lacks approved +1 format
https://www.805shutters.com/motorized-window-shades-ventura-county/,$[0].@graph[0],Approved identity,url lacks trailing slash
https://www.805shutters.com/motorized-window-shades-ventura-county/,$[0].@graph[0],Google required / deliberately omitted,address absent; service-area privacy rule retained; LocalBusiness rich-result eligibility gap
https://www.805shutters.com/motorized-window-shades-ventura-county/,$[0].@graph[0],Google recommended / deliberately omitted,geo absent; no verified customer-facing physical location
https://www.805shutters.com/motorized-window-shades-ventura-county/,$[0].@graph[0],Approved geography,areaServed includes Santa Clarita; lacks explicit Ventura County; serviceArea includes North Los Angeles County
https://www.805shutters.com/motorized-window-shades-ventura-county/,$[0].@graph[0],Approved identity,sameAs Maps and Instagram variants differ from requested exact URLs (not evidence of wrong entity)
https://www.805shutters.com/motorized-window-shades-ventura-county/,$[0].@graph[0].makesOffer,Schema.org range error,makesOffer contains Text; expected Offer
https://www.805shutters.com/motorized-window-shades-ventura-county/,$[1].@graph[1].provider,Approved identity,telephone lacks approved +1 format
https://www.805shutters.com/motorized-window-shades-ventura-county/,$[1].@graph[1].provider,Approved identity,url lacks trailing slash
https://www.805shutters.com/motorized-window-shades-ventura-county/,$[1].@graph[1].provider,Reference consistency,partial business definition lacks email; consolidate into @id reference
https://www.805shutters.com/motorized-window-shades-ventura-county/,$[1].@graph[1].availableChannel.servicePhone,Schema.org range error,servicePhone contains Text; expected ContactPoint
https://www.805shutters.com/coastal-window-treatments-ventura-county/,$[0].@graph[0],Approved identity,telephone lacks approved +1 format
https://www.805shutters.com/coastal-window-treatments-ventura-county/,$[0].@graph[0],Approved identity,url lacks trailing slash
https://www.805shutters.com/coastal-window-treatments-ventura-county/,$[0].@graph[0],Google required / deliberately omitted,address absent; service-area privacy rule retained; LocalBusiness rich-result eligibility gap
https://www.805shutters.com/coastal-window-treatments-ventura-county/,$[0].@graph[0],Google recommended / deliberately omitted,geo absent; no verified customer-facing physical location
https://www.805shutters.com/coastal-window-treatments-ventura-county/,$[0].@graph[0],Approved geography,areaServed includes Santa Clarita; lacks explicit Ventura County; serviceArea includes North Los Angeles County
https://www.805shutters.com/coastal-window-treatments-ventura-county/,$[0].@graph[0],Approved identity,sameAs Maps and Instagram variants differ from requested exact URLs (not evidence of wrong entity)
https://www.805shutters.com/coastal-window-treatments-ventura-county/,$[0].@graph[0].makesOffer,Schema.org range error,makesOffer contains Text; expected Offer
https://www.805shutters.com/coastal-window-treatments-ventura-county/,$[1].@graph[1].provider,Approved identity,telephone lacks approved +1 format
https://www.805shutters.com/coastal-window-treatments-ventura-county/,$[1].@graph[1].provider,Approved identity,url lacks trailing slash
https://www.805shutters.com/coastal-window-treatments-ventura-county/,$[1].@graph[1].provider,Reference consistency,partial business definition lacks email; consolidate into @id reference
https://www.805shutters.com/coastal-window-treatments-ventura-county/,$[1].@graph[1].availableChannel.servicePhone,Schema.org range error,servicePhone contains Text; expected ContactPoint
https://www.805shutters.com/window-treatment-installation-timeline-ventura-county/,$[0].@graph[0],Approved identity,telephone lacks approved +1 format
https://www.805shutters.com/window-treatment-installation-timeline-ventura-county/,$[0].@graph[0],Approved identity,url lacks trailing slash
https://www.805shutters.com/window-treatment-installation-timeline-ventura-county/,$[0].@graph[0],Google required / deliberately omitted,address absent; service-area privacy rule retained; LocalBusiness rich-result eligibility gap
https://www.805shutters.com/window-treatment-installation-timeline-ventura-county/,$[0].@graph[0],Google recommended / deliberately omitted,geo absent; no verified customer-facing physical location
https://www.805shutters.com/window-treatment-installation-timeline-ventura-county/,$[0].@graph[0],Approved geography,areaServed includes Santa Clarita; lacks explicit Ventura County; serviceArea includes North Los Angeles County
https://www.805shutters.com/window-treatment-installation-timeline-ventura-county/,$[0].@graph[0],Approved identity,sameAs Maps and Instagram variants differ from requested exact URLs (not evidence of wrong entity)
https://www.805shutters.com/window-treatment-installation-timeline-ventura-county/,$[0].@graph[0].makesOffer,Schema.org range error,makesOffer contains Text; expected Offer
https://www.805shutters.com/window-treatment-installation-timeline-ventura-county/,$[1].@graph[1].provider,Approved identity,telephone lacks approved +1 format
https://www.805shutters.com/window-treatment-installation-timeline-ventura-county/,$[1].@graph[1].provider,Approved identity,url lacks trailing slash
https://www.805shutters.com/window-treatment-installation-timeline-ventura-county/,$[1].@graph[1].provider,Reference consistency,partial business definition lacks email; consolidate into @id reference
https://www.805shutters.com/window-treatment-installation-timeline-ventura-county/,$[1].@graph[1].availableChannel.servicePhone,Schema.org range error,servicePhone contains Text; expected ContactPoint
https://www.805shutters.com/window-treatment-cost-guide-ventura-county/,$[0].@graph[0],Approved identity,telephone lacks approved +1 format
https://www.805shutters.com/window-treatment-cost-guide-ventura-county/,$[0].@graph[0],Approved identity,url lacks trailing slash
https://www.805shutters.com/window-treatment-cost-guide-ventura-county/,$[0].@graph[0],Google required / deliberately omitted,address absent; service-area privacy rule retained; LocalBusiness rich-result eligibility gap
https://www.805shutters.com/window-treatment-cost-guide-ventura-county/,$[0].@graph[0],Google recommended / deliberately omitted,geo absent; no verified customer-facing physical location
https://www.805shutters.com/window-treatment-cost-guide-ventura-county/,$[0].@graph[0],Approved geography,areaServed includes Santa Clarita; lacks explicit Ventura County; serviceArea includes North Los Angeles County
https://www.805shutters.com/window-treatment-cost-guide-ventura-county/,$[0].@graph[0],Approved identity,sameAs Maps and Instagram variants differ from requested exact URLs (not evidence of wrong entity)
https://www.805shutters.com/window-treatment-cost-guide-ventura-county/,$[0].@graph[0].makesOffer,Schema.org range error,makesOffer contains Text; expected Offer
https://www.805shutters.com/window-treatment-cost-guide-ventura-county/,$[1].@graph[1].provider,Approved identity,telephone lacks approved +1 format
https://www.805shutters.com/window-treatment-cost-guide-ventura-county/,$[1].@graph[1].provider,Approved identity,url lacks trailing slash
https://www.805shutters.com/window-treatment-cost-guide-ventura-county/,$[1].@graph[1].provider,Reference consistency,partial business definition lacks email; consolidate into @id reference
https://www.805shutters.com/window-treatment-cost-guide-ventura-county/,$[1].@graph[1].availableChannel.servicePhone,Schema.org range error,servicePhone contains Text; expected ContactPoint
https://www.805shutters.com/custom-drapery-curtains-ventura-county/,$[0].@graph[0],Approved identity,telephone lacks approved +1 format
https://www.805shutters.com/custom-drapery-curtains-ventura-county/,$[0].@graph[0],Approved identity,url lacks trailing slash
https://www.805shutters.com/custom-drapery-curtains-ventura-county/,$[0].@graph[0],Google required / deliberately omitted,address absent; service-area privacy rule retained; LocalBusiness rich-result eligibility gap
https://www.805shutters.com/custom-drapery-curtains-ventura-county/,$[0].@graph[0],Google recommended / deliberately omitted,geo absent; no verified customer-facing physical location
https://www.805shutters.com/custom-drapery-curtains-ventura-county/,$[0].@graph[0],Approved geography,areaServed includes Santa Clarita; lacks explicit Ventura County; serviceArea includes North Los Angeles County
https://www.805shutters.com/custom-drapery-curtains-ventura-county/,$[0].@graph[0],Approved identity,sameAs Maps and Instagram variants differ from requested exact URLs (not evidence of wrong entity)
https://www.805shutters.com/custom-drapery-curtains-ventura-county/,$[0].@graph[0].makesOffer,Schema.org range error,makesOffer contains Text; expected Offer
https://www.805shutters.com/custom-drapery-curtains-ventura-county/,$[1].@graph[1].provider,Approved identity,telephone lacks approved +1 format
https://www.805shutters.com/custom-drapery-curtains-ventura-county/,$[1].@graph[1].provider,Approved identity,url lacks trailing slash
https://www.805shutters.com/custom-drapery-curtains-ventura-county/,$[1].@graph[1].provider,Reference consistency,partial business definition lacks email; consolidate into @id reference
https://www.805shutters.com/custom-drapery-curtains-ventura-county/,$[1].@graph[1].availableChannel.servicePhone,Schema.org range error,servicePhone contains Text; expected ContactPoint
https://www.805shutters.com/shutters-near-me-ventura-county/,$[0].@graph[0],Approved identity,telephone lacks approved +1 format
https://www.805shutters.com/shutters-near-me-ventura-county/,$[0].@graph[0],Approved identity,url lacks trailing slash
https://www.805shutters.com/shutters-near-me-ventura-county/,$[0].@graph[0],Google required / deliberately omitted,address absent; service-area privacy rule retained; LocalBusiness rich-result eligibility gap
https://www.805shutters.com/shutters-near-me-ventura-county/,$[0].@graph[0],Google recommended / deliberately omitted,geo absent; no verified customer-facing physical location
https://www.805shutters.com/shutters-near-me-ventura-county/,$[0].@graph[0],Approved geography,areaServed includes Santa Clarita; lacks explicit Ventura County; serviceArea includes North Los Angeles County
https://www.805shutters.com/shutters-near-me-ventura-county/,$[0].@graph[0],Approved identity,sameAs Maps and Instagram variants differ from requested exact URLs (not evidence of wrong entity)
https://www.805shutters.com/shutters-near-me-ventura-county/,$[0].@graph[0].makesOffer,Schema.org range error,makesOffer contains Text; expected Offer
https://www.805shutters.com/shutters-near-me-ventura-county/,$[1].@graph[1].provider,Approved identity,telephone lacks approved +1 format
https://www.805shutters.com/shutters-near-me-ventura-county/,$[1].@graph[1].provider,Approved identity,url lacks trailing slash
https://www.805shutters.com/shutters-near-me-ventura-county/,$[1].@graph[1].provider,Reference consistency,partial business definition lacks email; consolidate into @id reference
https://www.805shutters.com/shutters-near-me-ventura-county/,$[1].@graph[1].availableChannel.servicePhone,Schema.org range error,servicePhone contains Text; expected ContactPoint
https://www.805shutters.com/blinds-near-me-ventura-county/,$[0].@graph[0],Approved identity,telephone lacks approved +1 format
https://www.805shutters.com/blinds-near-me-ventura-county/,$[0].@graph[0],Approved identity,url lacks trailing slash
https://www.805shutters.com/blinds-near-me-ventura-county/,$[0].@graph[0],Google required / deliberately omitted,address absent; service-area privacy rule retained; LocalBusiness rich-result eligibility gap
https://www.805shutters.com/blinds-near-me-ventura-county/,$[0].@graph[0],Google recommended / deliberately omitted,geo absent; no verified customer-facing physical location
https://www.805shutters.com/blinds-near-me-ventura-county/,$[0].@graph[0],Approved geography,areaServed includes Santa Clarita; lacks explicit Ventura County; serviceArea includes North Los Angeles County
https://www.805shutters.com/blinds-near-me-ventura-county/,$[0].@graph[0],Approved identity,sameAs Maps and Instagram variants differ from requested exact URLs (not evidence of wrong entity)
https://www.805shutters.com/blinds-near-me-ventura-county/,$[0].@graph[0].makesOffer,Schema.org range error,makesOffer contains Text; expected Offer
https://www.805shutters.com/blinds-near-me-ventura-county/,$[1].@graph[1].provider,Approved identity,telephone lacks approved +1 format
https://www.805shutters.com/blinds-near-me-ventura-county/,$[1].@graph[1].provider,Approved identity,url lacks trailing slash
https://www.805shutters.com/blinds-near-me-ventura-county/,$[1].@graph[1].provider,Reference consistency,partial business definition lacks email; consolidate into @id reference
https://www.805shutters.com/blinds-near-me-ventura-county/,$[1].@graph[1].availableChannel.servicePhone,Schema.org range error,servicePhone contains Text; expected ContactPoint
https://www.805shutters.com/window-shades-near-me-ventura-county/,$[0].@graph[0],Approved identity,telephone lacks approved +1 format
https://www.805shutters.com/window-shades-near-me-ventura-county/,$[0].@graph[0],Approved identity,url lacks trailing slash
https://www.805shutters.com/window-shades-near-me-ventura-county/,$[0].@graph[0],Google required / deliberately omitted,address absent; service-area privacy rule retained; LocalBusiness rich-result eligibility gap
https://www.805shutters.com/window-shades-near-me-ventura-county/,$[0].@graph[0],Google recommended / deliberately omitted,geo absent; no verified customer-facing physical location
https://www.805shutters.com/window-shades-near-me-ventura-county/,$[0].@graph[0],Approved geography,areaServed includes Santa Clarita; lacks explicit Ventura County; serviceArea includes North Los Angeles County
https://www.805shutters.com/window-shades-near-me-ventura-county/,$[0].@graph[0],Approved identity,sameAs Maps and Instagram variants differ from requested exact URLs (not evidence of wrong entity)
https://www.805shutters.com/window-shades-near-me-ventura-county/,$[0].@graph[0].makesOffer,Schema.org range error,makesOffer contains Text; expected Offer
https://www.805shutters.com/window-shades-near-me-ventura-county/,$[1].@graph[1].provider,Approved identity,telephone lacks approved +1 format
https://www.805shutters.com/window-shades-near-me-ventura-county/,$[1].@graph[1].provider,Approved identity,url lacks trailing slash
https://www.805shutters.com/window-shades-near-me-ventura-county/,$[1].@graph[1].provider,Reference consistency,partial business definition lacks email; consolidate into @id reference
https://www.805shutters.com/window-shades-near-me-ventura-county/,$[1].@graph[1].availableChannel.servicePhone,Schema.org range error,servicePhone contains Text; expected ContactPoint
https://www.805shutters.com/window-treatment-company-near-me-ventura-county/,$[0].@graph[0],Approved identity,telephone lacks approved +1 format
https://www.805shutters.com/window-treatment-company-near-me-ventura-county/,$[0].@graph[0],Approved identity,url lacks trailing slash
https://www.805shutters.com/window-treatment-company-near-me-ventura-county/,$[0].@graph[0],Google required / deliberately omitted,address absent; service-area privacy rule retained; LocalBusiness rich-result eligibility gap
https://www.805shutters.com/window-treatment-company-near-me-ventura-county/,$[0].@graph[0],Google recommended / deliberately omitted,geo absent; no verified customer-facing physical location
https://www.805shutters.com/window-treatment-company-near-me-ventura-county/,$[0].@graph[0],Approved geography,areaServed includes Santa Clarita; lacks explicit Ventura County; serviceArea includes North Los Angeles County
https://www.805shutters.com/window-treatment-company-near-me-ventura-county/,$[0].@graph[0],Approved identity,sameAs Maps and Instagram variants differ from requested exact URLs (not evidence of wrong entity)
https://www.805shutters.com/window-treatment-company-near-me-ventura-county/,$[0].@graph[0].makesOffer,Schema.org range error,makesOffer contains Text; expected Offer
https://www.805shutters.com/window-treatment-company-near-me-ventura-county/,$[1].@graph[1].provider,Approved identity,telephone lacks approved +1 format
https://www.805shutters.com/window-treatment-company-near-me-ventura-county/,$[1].@graph[1].provider,Approved identity,url lacks trailing slash
https://www.805shutters.com/window-treatment-company-near-me-ventura-county/,$[1].@graph[1].provider,Reference consistency,partial business definition lacks email; consolidate into @id reference
https://www.805shutters.com/window-treatment-company-near-me-ventura-county/,$[1].@graph[1].availableChannel.servicePhone,Schema.org range error,servicePhone contains Text; expected ContactPoint
https://www.805shutters.com/window-treatment-comparison-guide/,$[0].@graph[0],Approved identity,telephone lacks approved +1 format
https://www.805shutters.com/window-treatment-comparison-guide/,$[0].@graph[0],Approved identity,url lacks trailing slash
https://www.805shutters.com/window-treatment-comparison-guide/,$[0].@graph[0],Google required / deliberately omitted,address absent; service-area privacy rule retained; LocalBusiness rich-result eligibility gap
https://www.805shutters.com/window-treatment-comparison-guide/,$[0].@graph[0],Google recommended / deliberately omitted,geo absent; no verified customer-facing physical location
https://www.805shutters.com/window-treatment-comparison-guide/,$[0].@graph[0],Approved geography,areaServed includes Santa Clarita; lacks explicit Ventura County; serviceArea includes North Los Angeles County
https://www.805shutters.com/window-treatment-comparison-guide/,$[0].@graph[0],Approved identity,sameAs Maps and Instagram variants differ from requested exact URLs (not evidence of wrong entity)
https://www.805shutters.com/window-treatment-comparison-guide/,$[0].@graph[0].makesOffer,Schema.org range error,makesOffer contains Text; expected Offer
https://www.805shutters.com/book-consultation/,$[0].@graph[0],Approved identity,telephone lacks approved +1 format
https://www.805shutters.com/book-consultation/,$[0].@graph[0],Approved identity,url lacks trailing slash
https://www.805shutters.com/book-consultation/,$[0].@graph[0],Google required / deliberately omitted,address absent; service-area privacy rule retained; LocalBusiness rich-result eligibility gap
https://www.805shutters.com/book-consultation/,$[0].@graph[0],Google recommended / deliberately omitted,geo absent; no verified customer-facing physical location
https://www.805shutters.com/book-consultation/,$[0].@graph[0],Approved geography,areaServed includes Santa Clarita; lacks explicit Ventura County; serviceArea includes North Los Angeles County
https://www.805shutters.com/book-consultation/,$[0].@graph[0],Approved identity,sameAs Maps and Instagram variants differ from requested exact URLs (not evidence of wrong entity)
https://www.805shutters.com/book-consultation/,$[0].@graph[0].makesOffer,Schema.org range error,makesOffer contains Text; expected Offer
https://www.805shutters.com/official/,$[0].@graph[0],Approved identity,telephone lacks approved +1 format
https://www.805shutters.com/official/,$[0].@graph[0],Approved identity,url lacks trailing slash
https://www.805shutters.com/official/,$[0].@graph[0],Google required / deliberately omitted,address absent; service-area privacy rule retained; LocalBusiness rich-result eligibility gap
https://www.805shutters.com/official/,$[0].@graph[0],Google recommended / deliberately omitted,geo absent; no verified customer-facing physical location
https://www.805shutters.com/official/,$[0].@graph[0],Approved geography,areaServed includes Santa Clarita; lacks explicit Ventura County; serviceArea includes North Los Angeles County
https://www.805shutters.com/official/,$[0].@graph[0],Approved identity,sameAs Maps and Instagram variants differ from requested exact URLs (not evidence of wrong entity)
https://www.805shutters.com/official/,$[0].@graph[0].makesOffer,Schema.org range error,makesOffer contains Text; expected Offer
https://www.805shutters.com/official/,$[1].mainEntity,Approved identity,telephone lacks approved +1 format
https://www.805shutters.com/official/,$[1].mainEntity,Approved identity,url lacks trailing slash
