page,json_path,value,disposition
https://www.805shutters.com/,$[0].@graph[0].contactPoint.areaServed[7].name,Westlake Village,Explicitly approved Westlake Village; incorporated city is Los Angeles County
https://www.805shutters.com/,$[0].@graph[0].contactPoint.areaServed[14].name,Santa Clarita,"Outside-county mention; preserve page wording, correct service-area fields"
https://www.805shutters.com/,$[0].@graph[0].areaServed[7].name,Westlake Village,Explicitly approved Westlake Village; incorporated city is Los Angeles County
https://www.805shutters.com/,$[0].@graph[0].areaServed[14].name,Santa Clarita,"Outside-county mention; preserve page wording, correct service-area fields"
https://www.805shutters.com/,$[0].@graph[0].serviceArea.name,"Ventura County, North Los Angeles County, and Santa Clarita","Outside-county mention; preserve page wording, correct service-area fields"
https://www.805shutters.com/,$[0].@graph[0].hasOfferCatalog.itemListElement[0].itemOffered.areaServed,"Ventura County, North Los Angeles County, and Santa Clarita","Outside-county mention; preserve page wording, correct service-area fields"
https://www.805shutters.com/,$[0].@graph[0].hasOfferCatalog.itemListElement[1].itemOffered.areaServed,"Ventura County, North Los Angeles County, and Santa Clarita","Outside-county mention; preserve page wording, correct service-area fields"
https://www.805shutters.com/,$[0].@graph[0].hasOfferCatalog.itemListElement[2].itemOffered.areaServed,"Ventura County, North Los Angeles County, and Santa Clarita","Outside-county mention; preserve page wording, correct service-area fields"
https://www.805shutters.com/,$[0].@graph[0].hasOfferCatalog.itemListElement[3].itemOffered.areaServed,"Ventura County, North Los Angeles County, and Santa Clarita","Outside-county mention; preserve page wording, correct service-area fields"
https://www.805shutters.com/,$[0].@graph[0].hasOfferCatalog.itemListElement[4].itemOffered.areaServed,"Ventura County, North Los Angeles County, and Santa Clarita","Outside-county mention; preserve page wording, correct service-area fields"
https://www.805shutters.com/shutters/,$[0].@graph[0].contactPoint.areaServed[7].name,Westlake Village,Explicitly approved Westlake Village; incorporated city is Los Angeles County
https://www.805shutters.com/shutters/,$[0].@graph[0].contactPoint.areaServed[14].name,Santa Clarita,"Outside-county mention; preserve page wording, correct service-area fields"
https://www.805shutters.com/shutters/,$[0].@graph[0].areaServed[7].name,Westlake Village,Explicitly approved Westlake Village; incorporated city is Los Angeles County
https://www.805shutters.com/shutters/,$[0].@graph[0].areaServed[14].name,Santa Clarita,"Outside-county mention; preserve page wording, correct service-area fields"
https://www.805shutters.com/shutters/,$[0].@graph[0].serviceArea.name,"Ventura County, North Los Angeles County, and Santa Clarita","Outside-county mention; preserve page wording, correct service-area fields"
https://www.805shutters.com/shutters/,$[0].@graph[0].hasOfferCatalog.itemListElement[0].itemOffered.areaServed,"Ventura County, North Los Angeles County, and Santa Clarita","Outside-county mention; preserve page wording, correct service-area fields"
https://www.805shutters.com/shutters/,$[0].@graph[0].hasOfferCatalog.itemListElement[1].itemOffered.areaServed,"Ventura County, North Los Angeles County, and Santa Clarita","Outside-county mention; preserve page wording, correct service-area fields"
https://www.805shutters.com/shutters/,$[0].@graph[0].hasOfferCatalog.itemListElement[2].itemOffered.areaServed,"Ventura County, North Los Angeles County, and Santa Clarita","Outside-county mention; preserve page wording, correct service-area fields"
https://www.805shutters.com/shutters/,$[0].@graph[0].hasOfferCatalog.itemListElement[3].itemOffered.areaServed,"Ventura County, North Los Angeles County, and Santa Clarita","Outside-county mention; preserve page wording, correct service-area fields"
https://www.805shutters.com/shutters/,$[0].@graph[0].hasOfferCatalog.itemListElement[4].itemOffered.areaServed,"Ventura County, North Los Angeles County, and Santa Clarita","Outside-county mention; preserve page wording, correct service-area fields"
https://www.805shutters.com/shutters/,$[1].@graph[1].areaServed[7].name,Westlake Village,Explicitly approved Westlake Village; incorporated city is Los Angeles County
https://www.805shutters.com/shutters/,$[1].@graph[1].areaServed[14].name,Santa Clarita,"Outside-county mention; preserve page wording, correct service-area fields"
https://www.805shutters.com/shades/,$[0].@graph[0].contactPoint.areaServed[7].name,Westlake Village,Explicitly approved Westlake Village; incorporated city is Los Angeles County
https://www.805shutters.com/shades/,$[0].@graph[0].contactPoint.areaServed[14].name,Santa Clarita,"Outside-county mention; preserve page wording, correct service-area fields"
https://www.805shutters.com/shades/,$[0].@graph[0].areaServed[7].name,Westlake Village,Explicitly approved Westlake Village; incorporated city is Los Angeles County
https://www.805shutters.com/shades/,$[0].@graph[0].areaServed[14].name,Santa Clarita,"Outside-county mention; preserve page wording, correct service-area fields"
https://www.805shutters.com/shades/,$[0].@graph[0].serviceArea.name,"Ventura County, North Los Angeles County, and Santa Clarita","Outside-county mention; preserve page wording, correct service-area fields"
https://www.805shutters.com/shades/,$[0].@graph[0].hasOfferCatalog.itemListElement[0].itemOffered.areaServed,"Ventura County, North Los Angeles County, and Santa Clarita","Outside-county mention; preserve page wording, correct service-area fields"
https://www.805shutters.com/shades/,$[0].@graph[0].hasOfferCatalog.itemListElement[1].itemOffered.areaServed,"Ventura County, North Los Angeles County, and Santa Clarita","Outside-county mention; preserve page wording, correct service-area fields"
https://www.805shutters.com/shades/,$[0].@graph[0].hasOfferCatalog.itemListElement[2].itemOffered.areaServed,"Ventura County, North Los Angeles County, and Santa Clarita","Outside-county mention; preserve page wording, correct service-area fields"
https://www.805shutters.com/shades/,$[0].@graph[0].hasOfferCatalog.itemListElement[3].itemOffered.areaServed,"Ventura County, North Los Angeles County, and Santa Clarita","Outside-county mention; preserve page wording, correct service-area fields"
https://www.805shutters.com/shades/,$[0].@graph[0].hasOfferCatalog.itemListElement[4].itemOffered.areaServed,"Ventura County, North Los Angeles County, and Santa Clarita","Outside-county mention; preserve page wording, correct service-area fields"
https://www.805shutters.com/shades/,$[1].@graph[1].areaServed[7].name,Westlake Village,Explicitly approved Westlake Village; incorporated city is Los Angeles County
https://www.805shutters.com/shades/,$[1].@graph[1].areaServed[14].name,Santa Clarita,"Outside-county mention; preserve page wording, correct service-area fields"
https://www.805shutters.com/blinds/,$[0].@graph[0].contactPoint.areaServed[7].name,Westlake Village,Explicitly approved Westlake Village; incorporated city is Los Angeles County
https://www.805shutters.com/blinds/,$[0].@graph[0].contactPoint.areaServed[14].name,Santa Clarita,"Outside-county mention; preserve page wording, correct service-area fields"
https://www.805shutters.com/blinds/,$[0].@graph[0].areaServed[7].name,Westlake Village,Explicitly approved Westlake Village; incorporated city is Los Angeles County
https://www.805shutters.com/blinds/,$[0].@graph[0].areaServed[14].name,Santa Clarita,"Outside-county mention; preserve page wording, correct service-area fields"
https://www.805shutters.com/blinds/,$[0].@graph[0].serviceArea.name,"Ventura County, North Los Angeles County, and Santa Clarita","Outside-county mention; preserve page wording, correct service-area fields"
https://www.805shutters.com/blinds/,$[0].@graph[0].hasOfferCatalog.itemListElement[0].itemOffered.areaServed,"Ventura County, North Los Angeles County, and Santa Clarita","Outside-county mention; preserve page wording, correct service-area fields"
https://www.805shutters.com/blinds/,$[0].@graph[0].hasOfferCatalog.itemListElement[1].itemOffered.areaServed,"Ventura County, North Los Angeles County, and Santa Clarita","Outside-county mention; preserve page wording, correct service-area fields"
https://www.805shutters.com/blinds/,$[0].@graph[0].hasOfferCatalog.itemListElement[2].itemOffered.areaServed,"Ventura County, North Los Angeles County, and Santa Clarita","Outside-county mention; preserve page wording, correct service-area fields"
https://www.805shutters.com/blinds/,$[0].@graph[0].hasOfferCatalog.itemListElement[3].itemOffered.areaServed,"Ventura County, North Los Angeles County, and Santa Clarita","Outside-county mention; preserve page wording, correct service-area fields"
https://www.805shutters.com/blinds/,$[0].@graph[0].hasOfferCatalog.itemListElement[4].itemOffered.areaServed,"Ventura County, North Los Angeles County, and Santa Clarita","Outside-county mention; preserve page wording, correct service-area fields"
https://www.805shutters.com/blinds/,$[1].@graph[1].areaServed[7].name,Westlake Village,Explicitly approved Westlake Village; incorporated city is Los Angeles County
https://www.805shutters.com/blinds/,$[1].@graph[1].areaServed[14].name,Santa Clarita,"Outside-county mention; preserve page wording, correct service-area fields"
https://www.805shutters.com/drapery/,$[0].@graph[0].contactPoint.areaServed[7].name,Westlake Village,Explicitly approved Westlake Village; incorporated city is Los Angeles County
https://www.805shutters.com/drapery/,$[0].@graph[0].contactPoint.areaServed[14].name,Santa Clarita,"Outside-county mention; preserve page wording, correct service-area fields"
https://www.805shutters.com/drapery/,$[0].@graph[0].areaServed[7].name,Westlake Village,Explicitly approved Westlake Village; incorporated city is Los Angeles County
https://www.805shutters.com/drapery/,$[0].@graph[0].areaServed[14].name,Santa Clarita,"Outside-county mention; preserve page wording, correct service-area fields"
https://www.805shutters.com/drapery/,$[0].@graph[0].serviceArea.name,"Ventura County, North Los Angeles County, and Santa Clarita","Outside-county mention; preserve page wording, correct service-area fields"
https://www.805shutters.com/drapery/,$[0].@graph[0].hasOfferCatalog.itemListElement[0].itemOffered.areaServed,"Ventura County, North Los Angeles County, and Santa Clarita","Outside-county mention; preserve page wording, correct service-area fields"
https://www.805shutters.com/drapery/,$[0].@graph[0].hasOfferCatalog.itemListElement[1].itemOffered.areaServed,"Ventura County, North Los Angeles County, and Santa Clarita","Outside-county mention; preserve page wording, correct service-area fields"
https://www.805shutters.com/drapery/,$[0].@graph[0].hasOfferCatalog.itemListElement[2].itemOffered.areaServed,"Ventura County, North Los Angeles County, and Santa Clarita","Outside-county mention; preserve page wording, correct service-area fields"
https://www.805shutters.com/drapery/,$[0].@graph[0].hasOfferCatalog.itemListElement[3].itemOffered.areaServed,"Ventura County, North Los Angeles County, and Santa Clarita","Outside-county mention; preserve page wording, correct service-area fields"
https://www.805shutters.com/drapery/,$[0].@graph[0].hasOfferCatalog.itemListElement[4].itemOffered.areaServed,"Ventura County, North Los Angeles County, and Santa Clarita","Outside-county mention; preserve page wording, correct service-area fields"
https://www.805shutters.com/drapery/,$[1].@graph[1].areaServed[7].name,Westlake Village,Explicitly approved Westlake Village; incorporated city is Los Angeles County
https://www.805shutters.com/drapery/,$[1].@graph[1].areaServed[14].name,Santa Clarita,"Outside-county mention; preserve page wording, correct service-area fields"
https://www.805shutters.com/drapery/,$[1].@graph[2].mainEntity[2].acceptedAnswer.text,"805 Shutters installs custom drapery and curtains across Ventura County, including Camarillo, Thousand Oaks, Moorpark, Simi Valley, Newbury Park, Westlake Village, Oxnard, Ventura, Ojai, and nearby communities.",Explicitly approved Westlake Village; incorporated city is Los Angeles County
https://www.805shutters.com/exterior-shades/,$[0].@graph[0].contactPoint.areaServed[7].name,Westlake Village,Explicitly approved Westlake Village; incorporated city is Los Angeles County
https://www.805shutters.com/exterior-shades/,$[0].@graph[0].contactPoint.areaServed[14].name,Santa Clarita,"Outside-county mention; preserve page wording, correct service-area fields"
https://www.805shutters.com/exterior-shades/,$[0].@graph[0].areaServed[7].name,Westlake Village,Explicitly approved Westlake Village; incorporated city is Los Angeles County
https://www.805shutters.com/exterior-shades/,$[0].@graph[0].areaServed[14].name,Santa Clarita,"Outside-county mention; preserve page wording, correct service-area fields"
https://www.805shutters.com/exterior-shades/,$[0].@graph[0].serviceArea.name,"Ventura County, North Los Angeles County, and Santa Clarita","Outside-county mention; preserve page wording, correct service-area fields"
https://www.805shutters.com/exterior-shades/,$[0].@graph[0].hasOfferCatalog.itemListElement[0].itemOffered.areaServed,"Ventura County, North Los Angeles County, and Santa Clarita","Outside-county mention; preserve page wording, correct service-area fields"
https://www.805shutters.com/exterior-shades/,$[0].@graph[0].hasOfferCatalog.itemListElement[1].itemOffered.areaServed,"Ventura County, North Los Angeles County, and Santa Clarita","Outside-county mention; preserve page wording, correct service-area fields"
https://www.805shutters.com/exterior-shades/,$[0].@graph[0].hasOfferCatalog.itemListElement[2].itemOffered.areaServed,"Ventura County, North Los Angeles County, and Santa Clarita","Outside-county mention; preserve page wording, correct service-area fields"
https://www.805shutters.com/exterior-shades/,$[0].@graph[0].hasOfferCatalog.itemListElement[3].itemOffered.areaServed,"Ventura County, North Los Angeles County, and Santa Clarita","Outside-county mention; preserve page wording, correct service-area fields"
https://www.805shutters.com/exterior-shades/,$[0].@graph[0].hasOfferCatalog.itemListElement[4].itemOffered.areaServed,"Ventura County, North Los Angeles County, and Santa Clarita","Outside-county mention; preserve page wording, correct service-area fields"
https://www.805shutters.com/exterior-shades/,$[1].@graph[1].areaServed[7].name,Westlake Village,Explicitly approved Westlake Village; incorporated city is Los Angeles County
https://www.805shutters.com/exterior-shades/,$[1].@graph[1].areaServed[14].name,Santa Clarita,"Outside-county mention; preserve page wording, correct service-area fields"
https://www.805shutters.com/window-treatments/,$[0].@graph[0].contactPoint.areaServed[7].name,Westlake Village,Explicitly approved Westlake Village; incorporated city is Los Angeles County
https://www.805shutters.com/window-treatments/,$[0].@graph[0].contactPoint.areaServed[14].name,Santa Clarita,"Outside-county mention; preserve page wording, correct service-area fields"
https://www.805shutters.com/window-treatments/,$[0].@graph[0].areaServed[7].name,Westlake Village,Explicitly approved Westlake Village; incorporated city is Los Angeles County
https://www.805shutters.com/window-treatments/,$[0].@graph[0].areaServed[14].name,Santa Clarita,"Outside-county mention; preserve page wording, correct service-area fields"
https://www.805shutters.com/window-treatments/,$[0].@graph[0].serviceArea.name,"Ventura County, North Los Angeles County, and Santa Clarita","Outside-county mention; preserve page wording, correct service-area fields"
https://www.805shutters.com/window-treatments/,$[0].@graph[0].hasOfferCatalog.itemListElement[0].itemOffered.areaServed,"Ventura County, North Los Angeles County, and Santa Clarita","Outside-county mention; preserve page wording, correct service-area fields"
https://www.805shutters.com/window-treatments/,$[0].@graph[0].hasOfferCatalog.itemListElement[1].itemOffered.areaServed,"Ventura County, North Los Angeles County, and Santa Clarita","Outside-county mention; preserve page wording, correct service-area fields"
https://www.805shutters.com/window-treatments/,$[0].@graph[0].hasOfferCatalog.itemListElement[2].itemOffered.areaServed,"Ventura County, North Los Angeles County, and Santa Clarita","Outside-county mention; preserve page wording, correct service-area fields"
https://www.805shutters.com/window-treatments/,$[0].@graph[0].hasOfferCatalog.itemListElement[3].itemOffered.areaServed,"Ventura County, North Los Angeles County, and Santa Clarita","Outside-county mention; preserve page wording, correct service-area fields"
https://www.805shutters.com/window-treatments/,$[0].@graph[0].hasOfferCatalog.itemListElement[4].itemOffered.areaServed,"Ventura County, North Los Angeles County, and Santa Clarita","Outside-county mention; preserve page wording, correct service-area fields"
https://www.805shutters.com/window-treatments/,$[1].@graph[1].areaServed[7].name,Westlake Village,Explicitly approved Westlake Village; incorporated city is Los Angeles County
https://www.805shutters.com/window-treatments/,$[1].@graph[1].areaServed[14].name,Santa Clarita,"Outside-county mention; preserve page wording, correct service-area fields"
https://www.805shutters.com/window-coverings/,$[0].@graph[0].contactPoint.areaServed[7].name,Westlake Village,Explicitly approved Westlake Village; incorporated city is Los Angeles County
https://www.805shutters.com/window-coverings/,$[0].@graph[0].contactPoint.areaServed[14].name,Santa Clarita,"Outside-county mention; preserve page wording, correct service-area fields"
https://www.805shutters.com/window-coverings/,$[0].@graph[0].areaServed[7].name,Westlake Village,Explicitly approved Westlake Village; incorporated city is Los Angeles County
https://www.805shutters.com/window-coverings/,$[0].@graph[0].areaServed[14].name,Santa Clarita,"Outside-county mention; preserve page wording, correct service-area fields"
https://www.805shutters.com/window-coverings/,$[0].@graph[0].serviceArea.name,"Ventura County, North Los Angeles County, and Santa Clarita","Outside-county mention; preserve page wording, correct service-area fields"
https://www.805shutters.com/window-coverings/,$[0].@graph[0].hasOfferCatalog.itemListElement[0].itemOffered.areaServed,"Ventura County, North Los Angeles County, and Santa Clarita","Outside-county mention; preserve page wording, correct service-area fields"
https://www.805shutters.com/window-coverings/,$[0].@graph[0].hasOfferCatalog.itemListElement[1].itemOffered.areaServed,"Ventura County, North Los Angeles County, and Santa Clarita","Outside-county mention; preserve page wording, correct service-area fields"
https://www.805shutters.com/window-coverings/,$[0].@graph[0].hasOfferCatalog.itemListElement[2].itemOffered.areaServed,"Ventura County, North Los Angeles County, and Santa Clarita","Outside-county mention; preserve page wording, correct service-area fields"
https://www.805shutters.com/window-coverings/,$[0].@graph[0].hasOfferCatalog.itemListElement[3].itemOffered.areaServed,"Ventura County, North Los Angeles County, and Santa Clarita","Outside-county mention; preserve page wording, correct service-area fields"
https://www.805shutters.com/window-coverings/,$[0].@graph[0].hasOfferCatalog.itemListElement[4].itemOffered.areaServed,"Ventura County, North Los Angeles County, and Santa Clarita","Outside-county mention; preserve page wording, correct service-area fields"
https://www.805shutters.com/window-coverings/,$[1].@graph[1].areaServed[7].name,Westlake Village,Explicitly approved Westlake Village; incorporated city is Los Angeles County
https://www.805shutters.com/window-coverings/,$[1].@graph[1].areaServed[14].name,Santa Clarita,"Outside-county mention; preserve page wording, correct service-area fields"
https://www.805shutters.com/commercial-window-coverings/,$[0].@graph[0].contactPoint.areaServed[7].name,Westlake Village,Explicitly approved Westlake Village; incorporated city is Los Angeles County
https://www.805shutters.com/commercial-window-coverings/,$[0].@graph[0].contactPoint.areaServed[14].name,Santa Clarita,"Outside-county mention; preserve page wording, correct service-area fields"
https://www.805shutters.com/commercial-window-coverings/,$[0].@graph[0].areaServed[7].name,Westlake Village,Explicitly approved Westlake Village; incorporated city is Los Angeles County
https://www.805shutters.com/commercial-window-coverings/,$[0].@graph[0].areaServed[14].name,Santa Clarita,"Outside-county mention; preserve page wording, correct service-area fields"
https://www.805shutters.com/commercial-window-coverings/,$[0].@graph[0].serviceArea.name,"Ventura County, North Los Angeles County, and Santa Clarita","Outside-county mention; preserve page wording, correct service-area fields"
https://www.805shutters.com/commercial-window-coverings/,$[0].@graph[0].hasOfferCatalog.itemListElement[0].itemOffered.areaServed,"Ventura County, North Los Angeles County, and Santa Clarita","Outside-county mention; preserve page wording, correct service-area fields"
https://www.805shutters.com/commercial-window-coverings/,$[0].@graph[0].hasOfferCatalog.itemListElement[1].itemOffered.areaServed,"Ventura County, North Los Angeles County, and Santa Clarita","Outside-county mention; preserve page wording, correct service-area fields"
https://www.805shutters.com/commercial-window-coverings/,$[0].@graph[0].hasOfferCatalog.itemListElement[2].itemOffered.areaServed,"Ventura County, North Los Angeles County, and Santa Clarita","Outside-county mention; preserve page wording, correct service-area fields"
https://www.805shutters.com/commercial-window-coverings/,$[0].@graph[0].hasOfferCatalog.itemListElement[3].itemOffered.areaServed,"Ventura County, North Los Angeles County, and Santa Clarita","Outside-county mention; preserve page wording, correct service-area fields"
https://www.805shutters.com/commercial-window-coverings/,$[0].@graph[0].hasOfferCatalog.itemListElement[4].itemOffered.areaServed,"Ventura County, North Los Angeles County, and Santa Clarita","Outside-county mention; preserve page wording, correct service-area fields"
https://www.805shutters.com/commercial-window-coverings/,$[1].@graph[1].areaServed[7].name,Westlake Village,Explicitly approved Westlake Village; incorporated city is Los Angeles County
https://www.805shutters.com/commercial-window-coverings/,$[1].@graph[1].areaServed[14].name,Santa Clarita,"Outside-county mention; preserve page wording, correct service-area fields"
https://www.805shutters.com/commercial-roller-shades/,$[0].@graph[0].contactPoint.areaServed[7].name,Westlake Village,Explicitly approved Westlake Village; incorporated city is Los Angeles County
https://www.805shutters.com/commercial-roller-shades/,$[0].@graph[0].contactPoint.areaServed[14].name,Santa Clarita,"Outside-county mention; preserve page wording, correct service-area fields"
https://www.805shutters.com/commercial-roller-shades/,$[0].@graph[0].areaServed[7].name,Westlake Village,Explicitly approved Westlake Village; incorporated city is Los Angeles County
https://www.805shutters.com/commercial-roller-shades/,$[0].@graph[0].areaServed[14].name,Santa Clarita,"Outside-county mention; preserve page wording, correct service-area fields"
https://www.805shutters.com/commercial-roller-shades/,$[0].@graph[0].serviceArea.name,"Ventura County, North Los Angeles County, and Santa Clarita","Outside-county mention; preserve page wording, correct service-area fields"
https://www.805shutters.com/commercial-roller-shades/,$[0].@graph[0].hasOfferCatalog.itemListElement[0].itemOffered.areaServed,"Ventura County, North Los Angeles County, and Santa Clarita","Outside-county mention; preserve page wording, correct service-area fields"
https://www.805shutters.com/commercial-roller-shades/,$[0].@graph[0].hasOfferCatalog.itemListElement[1].itemOffered.areaServed,"Ventura County, North Los Angeles County, and Santa Clarita","Outside-county mention; preserve page wording, correct service-area fields"
https://www.805shutters.com/commercial-roller-shades/,$[0].@graph[0].hasOfferCatalog.itemListElement[2].itemOffered.areaServed,"Ventura County, North Los Angeles County, and Santa Clarita","Outside-county mention; preserve page wording, correct service-area fields"
https://www.805shutters.com/commercial-roller-shades/,$[0].@graph[0].hasOfferCatalog.itemListElement[3].itemOffered.areaServed,"Ventura County, North Los Angeles County, and Santa Clarita","Outside-county mention; preserve page wording, correct service-area fields"
https://www.805shutters.com/commercial-roller-shades/,$[0].@graph[0].hasOfferCatalog.itemListElement[4].itemOffered.areaServed,"Ventura County, North Los Angeles County, and Santa Clarita","Outside-county mention; preserve page wording, correct service-area fields"
https://www.805shutters.com/commercial-roller-shades/,$[1].@graph[1].areaServed[7].name,Westlake Village,Explicitly approved Westlake Village; incorporated city is Los Angeles County
https://www.805shutters.com/commercial-roller-shades/,$[1].@graph[1].areaServed[14].name,Santa Clarita,"Outside-county mention; preserve page wording, correct service-area fields"
https://www.805shutters.com/about/,$[0].@graph[0].contactPoint.areaServed[7].name,Westlake Village,Explicitly approved Westlake Village; incorporated city is Los Angeles County
https://www.805shutters.com/about/,$[0].@graph[0].contactPoint.areaServed[14].name,Santa Clarita,"Outside-county mention; preserve page wording, correct service-area fields"
https://www.805shutters.com/about/,$[0].@graph[0].areaServed[7].name,Westlake Village,Explicitly approved Westlake Village; incorporated city is Los Angeles County
https://www.805shutters.com/about/,$[0].@graph[0].areaServed[14].name,Santa Clarita,"Outside-county mention; preserve page wording, correct service-area fields"
https://www.805shutters.com/about/,$[0].@graph[0].serviceArea.name,"Ventura County, North Los Angeles County, and Santa Clarita","Outside-county mention; preserve page wording, correct service-area fields"
https://www.805shutters.com/about/,$[0].@graph[0].hasOfferCatalog.itemListElement[0].itemOffered.areaServed,"Ventura County, North Los Angeles County, and Santa Clarita","Outside-county mention; preserve page wording, correct service-area fields"
https://www.805shutters.com/about/,$[0].@graph[0].hasOfferCatalog.itemListElement[1].itemOffered.areaServed,"Ventura County, North Los Angeles County, and Santa Clarita","Outside-county mention; preserve page wording, correct service-area fields"
https://www.805shutters.com/about/,$[0].@graph[0].hasOfferCatalog.itemListElement[2].itemOffered.areaServed,"Ventura County, North Los Angeles County, and Santa Clarita","Outside-county mention; preserve page wording, correct service-area fields"
https://www.805shutters.com/about/,$[0].@graph[0].hasOfferCatalog.itemListElement[3].itemOffered.areaServed,"Ventura County, North Los Angeles County, and Santa Clarita","Outside-county mention; preserve page wording, correct service-area fields"
https://www.805shutters.com/about/,$[0].@graph[0].hasOfferCatalog.itemListElement[4].itemOffered.areaServed,"Ventura County, North Los Angeles County, and Santa Clarita","Outside-county mention; preserve page wording, correct service-area fields"
https://www.805shutters.com/contact/,$[0].@graph[0].contactPoint.areaServed[7].name,Westlake Village,Explicitly approved Westlake Village; incorporated city is Los Angeles County
https://www.805shutters.com/contact/,$[0].@graph[0].contactPoint.areaServed[14].name,Santa Clarita,"Outside-county mention; preserve page wording, correct service-area fields"
https://www.805shutters.com/contact/,$[0].@graph[0].areaServed[7].name,Westlake Village,Explicitly approved Westlake Village; incorporated city is Los Angeles County
https://www.805shutters.com/contact/,$[0].@graph[0].areaServed[14].name,Santa Clarita,"Outside-county mention; preserve page wording, correct service-area fields"
https://www.805shutters.com/contact/,$[0].@graph[0].serviceArea.name,"Ventura County, North Los Angeles County, and Santa Clarita","Outside-county mention; preserve page wording, correct service-area fields"
https://www.805shutters.com/contact/,$[0].@graph[0].hasOfferCatalog.itemListElement[0].itemOffered.areaServed,"Ventura County, North Los Angeles County, and Santa Clarita","Outside-county mention; preserve page wording, correct service-area fields"
https://www.805shutters.com/contact/,$[0].@graph[0].hasOfferCatalog.itemListElement[1].itemOffered.areaServed,"Ventura County, North Los Angeles County, and Santa Clarita","Outside-county mention; preserve page wording, correct service-area fields"
https://www.805shutters.com/contact/,$[0].@graph[0].hasOfferCatalog.itemListElement[2].itemOffered.areaServed,"Ventura County, North Los Angeles County, and Santa Clarita","Outside-county mention; preserve page wording, correct service-area fields"
https://www.805shutters.com/contact/,$[0].@graph[0].hasOfferCatalog.itemListElement[3].itemOffered.areaServed,"Ventura County, North Los Angeles County, and Santa Clarita","Outside-county mention; preserve page wording, correct service-area fields"
https://www.805shutters.com/contact/,$[0].@graph[0].hasOfferCatalog.itemListElement[4].itemOffered.areaServed,"Ventura County, North Los Angeles County, and Santa Clarita","Outside-county mention; preserve page wording, correct service-area fields"
https://www.805shutters.com/free-window-treatment-consultation/,$[0].@graph[0].contactPoint.areaServed[7].name,Westlake Village,Explicitly approved Westlake Village; incorporated city is Los Angeles County
https://www.805shutters.com/free-window-treatment-consultation/,$[0].@graph[0].contactPoint.areaServed[14].name,Santa Clarita,"Outside-county mention; preserve page wording, correct service-area fields"
https://www.805shutters.com/free-window-treatment-consultation/,$[0].@graph[0].areaServed[7].name,Westlake Village,Explicitly approved Westlake Village; incorporated city is Los Angeles County
https://www.805shutters.com/free-window-treatment-consultation/,$[0].@graph[0].areaServed[14].name,Santa Clarita,"Outside-county mention; preserve page wording, correct service-area fields"
https://www.805shutters.com/free-window-treatment-consultation/,$[0].@graph[0].serviceArea.name,"Ventura County, North Los Angeles County, and Santa Clarita","Outside-county mention; preserve page wording, correct service-area fields"
https://www.805shutters.com/free-window-treatment-consultation/,$[0].@graph[0].hasOfferCatalog.itemListElement[0].itemOffered.areaServed,"Ventura County, North Los Angeles County, and Santa Clarita","Outside-county mention; preserve page wording, correct service-area fields"
https://www.805shutters.com/free-window-treatment-consultation/,$[0].@graph[0].hasOfferCatalog.itemListElement[1].itemOffered.areaServed,"Ventura County, North Los Angeles County, and Santa Clarita","Outside-county mention; preserve page wording, correct service-area fields"
https://www.805shutters.com/free-window-treatment-consultation/,$[0].@graph[0].hasOfferCatalog.itemListElement[2].itemOffered.areaServed,"Ventura County, North Los Angeles County, and Santa Clarita","Outside-county mention; preserve page wording, correct service-area fields"
https://www.805shutters.com/free-window-treatment-consultation/,$[0].@graph[0].hasOfferCatalog.itemListElement[3].itemOffered.areaServed,"Ventura County, North Los Angeles County, and Santa Clarita","Outside-county mention; preserve page wording, correct service-area fields"
https://www.805shutters.com/free-window-treatment-consultation/,$[0].@graph[0].hasOfferCatalog.itemListElement[4].itemOffered.areaServed,"Ventura County, North Los Angeles County, and Santa Clarita","Outside-county mention; preserve page wording, correct service-area fields"
https://www.805shutters.com/free-window-treatment-consultation/,$[1].@graph[1].areaServed[7].name,Westlake Village,Explicitly approved Westlake Village; incorporated city is Los Angeles County
https://www.805shutters.com/free-window-treatment-consultation/,$[1].@graph[1].areaServed[14].name,Santa Clarita,"Outside-county mention; preserve page wording, correct service-area fields"
https://www.805shutters.com/free-window-treatment-consultation/,$[1].@graph[3].mainEntity[3].acceptedAnswer.text,"805 Shutters serves Ventura County, North Los Angeles County, and Santa Clarita, including Camarillo, Thousand Oaks, Ventura, Oxnard, Simi Valley, Moorpark, Newbury Park, Westlake Village, and nearby communities.",Explicitly approved Westlake Village; incorporated city is Los Angeles County
https://www.805shutters.com/financing/,$[0].@graph[0].contactPoint.areaServed[7].name,Westlake Village,Explicitly approved Westlake Village; incorporated city is Los Angeles County
https://www.805shutters.com/financing/,$[0].@graph[0].contactPoint.areaServed[14].name,Santa Clarita,"Outside-county mention; preserve page wording, correct service-area fields"
https://www.805shutters.com/financing/,$[0].@graph[0].areaServed[7].name,Westlake Village,Explicitly approved Westlake Village; incorporated city is Los Angeles County
https://www.805shutters.com/financing/,$[0].@graph[0].areaServed[14].name,Santa Clarita,"Outside-county mention; preserve page wording, correct service-area fields"
https://www.805shutters.com/financing/,$[0].@graph[0].serviceArea.name,"Ventura County, North Los Angeles County, and Santa Clarita","Outside-county mention; preserve page wording, correct service-area fields"
https://www.805shutters.com/financing/,$[0].@graph[0].hasOfferCatalog.itemListElement[0].itemOffered.areaServed,"Ventura County, North Los Angeles County, and Santa Clarita","Outside-county mention; preserve page wording, correct service-area fields"
https://www.805shutters.com/financing/,$[0].@graph[0].hasOfferCatalog.itemListElement[1].itemOffered.areaServed,"Ventura County, North Los Angeles County, and Santa Clarita","Outside-county mention; preserve page wording, correct service-area fields"
https://www.805shutters.com/financing/,$[0].@graph[0].hasOfferCatalog.itemListElement[2].itemOffered.areaServed,"Ventura County, North Los Angeles County, and Santa Clarita","Outside-county mention; preserve page wording, correct service-area fields"
https://www.805shutters.com/financing/,$[0].@graph[0].hasOfferCatalog.itemListElement[3].itemOffered.areaServed,"Ventura County, North Los Angeles County, and Santa Clarita","Outside-county mention; preserve page wording, correct service-area fields"
https://www.805shutters.com/financing/,$[0].@graph[0].hasOfferCatalog.itemListElement[4].itemOffered.areaServed,"Ventura County, North Los Angeles County, and Santa Clarita","Outside-county mention; preserve page wording, correct service-area fields"
https://www.805shutters.com/financing/,$[1].@graph[1].areaServed[7].name,Westlake Village,Explicitly approved Westlake Village; incorporated city is Los Angeles County
https://www.805shutters.com/financing/,$[1].@graph[1].areaServed[14].name,Santa Clarita,"Outside-county mention; preserve page wording, correct service-area fields"
https://www.805shutters.com/faq/,$[0].@graph[0].contactPoint.areaServed[7].name,Westlake Village,Explicitly approved Westlake Village; incorporated city is Los Angeles County
https://www.805shutters.com/faq/,$[0].@graph[0].contactPoint.areaServed[14].name,Santa Clarita,"Outside-county mention; preserve page wording, correct service-area fields"
https://www.805shutters.com/faq/,$[0].@graph[0].areaServed[7].name,Westlake Village,Explicitly approved Westlake Village; incorporated city is Los Angeles County
https://www.805shutters.com/faq/,$[0].@graph[0].areaServed[14].name,Santa Clarita,"Outside-county mention; preserve page wording, correct service-area fields"
https://www.805shutters.com/faq/,$[0].@graph[0].serviceArea.name,"Ventura County, North Los Angeles County, and Santa Clarita","Outside-county mention; preserve page wording, correct service-area fields"
https://www.805shutters.com/faq/,$[0].@graph[0].hasOfferCatalog.itemListElement[0].itemOffered.areaServed,"Ventura County, North Los Angeles County, and Santa Clarita","Outside-county mention; preserve page wording, correct service-area fields"
https://www.805shutters.com/faq/,$[0].@graph[0].hasOfferCatalog.itemListElement[1].itemOffered.areaServed,"Ventura County, North Los Angeles County, and Santa Clarita","Outside-county mention; preserve page wording, correct service-area fields"
https://www.805shutters.com/faq/,$[0].@graph[0].hasOfferCatalog.itemListElement[2].itemOffered.areaServed,"Ventura County, North Los Angeles County, and Santa Clarita","Outside-county mention; preserve page wording, correct service-area fields"
https://www.805shutters.com/faq/,$[0].@graph[0].hasOfferCatalog.itemListElement[3].itemOffered.areaServed,"Ventura County, North Los Angeles County, and Santa Clarita","Outside-county mention; preserve page wording, correct service-area fields"
https://www.805shutters.com/faq/,$[0].@graph[0].hasOfferCatalog.itemListElement[4].itemOffered.areaServed,"Ventura County, North Los Angeles County, and Santa Clarita","Outside-county mention; preserve page wording, correct service-area fields"
https://www.805shutters.com/faq/,$[1].@graph[0].mainEntity[0].acceptedAnswer.text,"805 Shutters serves Ventura County and nearby communities including Camarillo, Thousand Oaks, Ventura, Oxnard, Simi Valley, Moorpark, Newbury Park, Westlake Village, Ojai, Santa Rosa Valley, Port Hueneme, Santa Paula, Oak Park, and Fillmore.",Explicitly approved Westlake Village; incorporated city is Los Angeles County
https://www.805shutters.com/faq/,$[1].@graph[0].mainEntity[10].acceptedAnswer.text,"805 Shutters works throughout Ventura County, including Camarillo, Thousand Oaks, Ventura, Oxnard, Simi Valley, Moorpark, Newbury Park, Westlake Village, Ojai, Port Hueneme, Santa Paula, Santa Rosa Valley, Oak Park, Fillmore, and nearby communities.",Explicitly approved Westlake Village; incorporated city is Los Angeles County
https://www.805shutters.com/gallery/,$[0].@graph[0].contactPoint.areaServed[7].name,Westlake Village,Explicitly approved Westlake Village; incorporated city is Los Angeles County
https://www.805shutters.com/gallery/,$[0].@graph[0].contactPoint.areaServed[14].name,Santa Clarita,"Outside-county mention; preserve page wording, correct service-area fields"
https://www.805shutters.com/gallery/,$[0].@graph[0].areaServed[7].name,Westlake Village,Explicitly approved Westlake Village; incorporated city is Los Angeles County
https://www.805shutters.com/gallery/,$[0].@graph[0].areaServed[14].name,Santa Clarita,"Outside-county mention; preserve page wording, correct service-area fields"
https://www.805shutters.com/gallery/,$[0].@graph[0].serviceArea.name,"Ventura County, North Los Angeles County, and Santa Clarita","Outside-county mention; preserve page wording, correct service-area fields"
https://www.805shutters.com/gallery/,$[0].@graph[0].hasOfferCatalog.itemListElement[0].itemOffered.areaServed,"Ventura County, North Los Angeles County, and Santa Clarita","Outside-county mention; preserve page wording, correct service-area fields"
https://www.805shutters.com/gallery/,$[0].@graph[0].hasOfferCatalog.itemListElement[1].itemOffered.areaServed,"Ventura County, North Los Angeles County, and Santa Clarita","Outside-county mention; preserve page wording, correct service-area fields"
https://www.805shutters.com/gallery/,$[0].@graph[0].hasOfferCatalog.itemListElement[2].itemOffered.areaServed,"Ventura County, North Los Angeles County, and Santa Clarita","Outside-county mention; preserve page wording, correct service-area fields"
https://www.805shutters.com/gallery/,$[0].@graph[0].hasOfferCatalog.itemListElement[3].itemOffered.areaServed,"Ventura County, North Los Angeles County, and Santa Clarita","Outside-county mention; preserve page wording, correct service-area fields"
https://www.805shutters.com/gallery/,$[0].@graph[0].hasOfferCatalog.itemListElement[4].itemOffered.areaServed,"Ventura County, North Los Angeles County, and Santa Clarita","Outside-county mention; preserve page wording, correct service-area fields"
https://www.805shutters.com/reviews/,$[0].@graph[0].contactPoint.areaServed[7].name,Westlake Village,Explicitly approved Westlake Village; incorporated city is Los Angeles County
https://www.805shutters.com/reviews/,$[0].@graph[0].contactPoint.areaServed[14].name,Santa Clarita,"Outside-county mention; preserve page wording, correct service-area fields"
https://www.805shutters.com/reviews/,$[0].@graph[0].areaServed[7].name,Westlake Village,Explicitly approved Westlake Village; incorporated city is Los Angeles County
https://www.805shutters.com/reviews/,$[0].@graph[0].areaServed[14].name,Santa Clarita,"Outside-county mention; preserve page wording, correct service-area fields"
https://www.805shutters.com/reviews/,$[0].@graph[0].serviceArea.name,"Ventura County, North Los Angeles County, and Santa Clarita","Outside-county mention; preserve page wording, correct service-area fields"
https://www.805shutters.com/reviews/,$[0].@graph[0].hasOfferCatalog.itemListElement[0].itemOffered.areaServed,"Ventura County, North Los Angeles County, and Santa Clarita","Outside-county mention; preserve page wording, correct service-area fields"
https://www.805shutters.com/reviews/,$[0].@graph[0].hasOfferCatalog.itemListElement[1].itemOffered.areaServed,"Ventura County, North Los Angeles County, and Santa Clarita","Outside-county mention; preserve page wording, correct service-area fields"
https://www.805shutters.com/reviews/,$[0].@graph[0].hasOfferCatalog.itemListElement[2].itemOffered.areaServed,"Ventura County, North Los Angeles County, and Santa Clarita","Outside-county mention; preserve page wording, correct service-area fields"
https://www.805shutters.com/reviews/,$[0].@graph[0].hasOfferCatalog.itemListElement[3].itemOffered.areaServed,"Ventura County, North Los Angeles County, and Santa Clarita","Outside-county mention; preserve page wording, correct service-area fields"
https://www.805shutters.com/reviews/,$[0].@graph[0].hasOfferCatalog.itemListElement[4].itemOffered.areaServed,"Ventura County, North Los Angeles County, and Santa Clarita","Outside-county mention; preserve page wording, correct service-area fields"
https://www.805shutters.com/reviews/,$[1].@graph[1].areaServed[7].name,Westlake Village,Explicitly approved Westlake Village; incorporated city is Los Angeles County
https://www.805shutters.com/reviews/,$[1].@graph[1].areaServed[14].name,Santa Clarita,"Outside-county mention; preserve page wording, correct service-area fields"
https://www.805shutters.com/reviews/,$[1].@graph[2].mainEntity[1].acceptedAnswer.text,"805 Shutters serves all of Ventura County and the Conejo Valley, including Camarillo, Thousand Oaks, Moorpark, Simi Valley, Newbury Park, Westlake Village, Oak Park, Oxnard, Ventura, Port Hueneme, Ojai, Santa Paula, Santa Rosa Valley, and Fillmore.",Explicitly approved Westlake Village; incorporated city is Los Angeles County
https://www.805shutters.com/recent-projects/,$[0].@graph[0].contactPoint.areaServed[7].name,Westlake Village,Explicitly approved Westlake Village; incorporated city is Los Angeles County
https://www.805shutters.com/recent-projects/,$[0].@graph[0].contactPoint.areaServed[14].name,Santa Clarita,"Outside-county mention; preserve page wording, correct service-area fields"
https://www.805shutters.com/recent-projects/,$[0].@graph[0].areaServed[7].name,Westlake Village,Explicitly approved Westlake Village; incorporated city is Los Angeles County
https://www.805shutters.com/recent-projects/,$[0].@graph[0].areaServed[14].name,Santa Clarita,"Outside-county mention; preserve page wording, correct service-area fields"
https://www.805shutters.com/recent-projects/,$[0].@graph[0].serviceArea.name,"Ventura County, North Los Angeles County, and Santa Clarita","Outside-county mention; preserve page wording, correct service-area fields"
https://www.805shutters.com/recent-projects/,$[0].@graph[0].hasOfferCatalog.itemListElement[0].itemOffered.areaServed,"Ventura County, North Los Angeles County, and Santa Clarita","Outside-county mention; preserve page wording, correct service-area fields"
https://www.805shutters.com/recent-projects/,$[0].@graph[0].hasOfferCatalog.itemListElement[1].itemOffered.areaServed,"Ventura County, North Los Angeles County, and Santa Clarita","Outside-county mention; preserve page wording, correct service-area fields"
https://www.805shutters.com/recent-projects/,$[0].@graph[0].hasOfferCatalog.itemListElement[2].itemOffered.areaServed,"Ventura County, North Los Angeles County, and Santa Clarita","Outside-county mention; preserve page wording, correct service-area fields"
https://www.805shutters.com/recent-projects/,$[0].@graph[0].hasOfferCatalog.itemListElement[3].itemOffered.areaServed,"Ventura County, North Los Angeles County, and Santa Clarita","Outside-county mention; preserve page wording, correct service-area fields"
https://www.805shutters.com/recent-projects/,$[0].@graph[0].hasOfferCatalog.itemListElement[4].itemOffered.areaServed,"Ventura County, North Los Angeles County, and Santa Clarita","Outside-county mention; preserve page wording, correct service-area fields"
https://www.805shutters.com/shutters/camarillo/,$[0].@graph[0].contactPoint.areaServed[7].name,Westlake Village,Explicitly approved Westlake Village; incorporated city is Los Angeles County
https://www.805shutters.com/shutters/camarillo/,$[0].@graph[0].contactPoint.areaServed[14].name,Santa Clarita,"Outside-county mention; preserve page wording, correct service-area fields"
https://www.805shutters.com/shutters/camarillo/,$[0].@graph[0].areaServed[7].name,Westlake Village,Explicitly approved Westlake Village; incorporated city is Los Angeles County
https://www.805shutters.com/shutters/camarillo/,$[0].@graph[0].areaServed[14].name,Santa Clarita,"Outside-county mention; preserve page wording, correct service-area fields"
https://www.805shutters.com/shutters/camarillo/,$[0].@graph[0].serviceArea.name,"Ventura County, North Los Angeles County, and Santa Clarita","Outside-county mention; preserve page wording, correct service-area fields"
https://www.805shutters.com/shutters/camarillo/,$[0].@graph[0].hasOfferCatalog.itemListElement[0].itemOffered.areaServed,"Ventura County, North Los Angeles County, and Santa Clarita","Outside-county mention; preserve page wording, correct service-area fields"
https://www.805shutters.com/shutters/camarillo/,$[0].@graph[0].hasOfferCatalog.itemListElement[1].itemOffered.areaServed,"Ventura County, North Los Angeles County, and Santa Clarita","Outside-county mention; preserve page wording, correct service-area fields"
https://www.805shutters.com/shutters/camarillo/,$[0].@graph[0].hasOfferCatalog.itemListElement[2].itemOffered.areaServed,"Ventura County, North Los Angeles County, and Santa Clarita","Outside-county mention; preserve page wording, correct service-area fields"
https://www.805shutters.com/shutters/camarillo/,$[0].@graph[0].hasOfferCatalog.itemListElement[3].itemOffered.areaServed,"Ventura County, North Los Angeles County, and Santa Clarita","Outside-county mention; preserve page wording, correct service-area fields"
https://www.805shutters.com/shutters/camarillo/,$[0].@graph[0].hasOfferCatalog.itemListElement[4].itemOffered.areaServed,"Ventura County, North Los Angeles County, and Santa Clarita","Outside-county mention; preserve page wording, correct service-area fields"
https://www.805shutters.com/shutters/camarillo/,$[1].@graph[1].areaServed[7].name,Westlake Village,Explicitly approved Westlake Village; incorporated city is Los Angeles County
https://www.805shutters.com/shutters/camarillo/,$[1].@graph[1].areaServed[14].name,Santa Clarita,"Outside-county mention; preserve page wording, correct service-area fields"
https://www.805shutters.com/shades/camarillo-ca/,$[0].@graph[0].contactPoint.areaServed[7].name,Westlake Village,Explicitly approved Westlake Village; incorporated city is Los Angeles County
https://www.805shutters.com/shades/camarillo-ca/,$[0].@graph[0].contactPoint.areaServed[14].name,Santa Clarita,"Outside-county mention; preserve page wording, correct service-area fields"
https://www.805shutters.com/shades/camarillo-ca/,$[0].@graph[0].areaServed[7].name,Westlake Village,Explicitly approved Westlake Village; incorporated city is Los Angeles County
https://www.805shutters.com/shades/camarillo-ca/,$[0].@graph[0].areaServed[14].name,Santa Clarita,"Outside-county mention; preserve page wording, correct service-area fields"
https://www.805shutters.com/shades/camarillo-ca/,$[0].@graph[0].serviceArea.name,"Ventura County, North Los Angeles County, and Santa Clarita","Outside-county mention; preserve page wording, correct service-area fields"
https://www.805shutters.com/shades/camarillo-ca/,$[0].@graph[0].hasOfferCatalog.itemListElement[0].itemOffered.areaServed,"Ventura County, North Los Angeles County, and Santa Clarita","Outside-county mention; preserve page wording, correct service-area fields"
https://www.805shutters.com/shades/camarillo-ca/,$[0].@graph[0].hasOfferCatalog.itemListElement[1].itemOffered.areaServed,"Ventura County, North Los Angeles County, and Santa Clarita","Outside-county mention; preserve page wording, correct service-area fields"
https://www.805shutters.com/shades/camarillo-ca/,$[0].@graph[0].hasOfferCatalog.itemListElement[2].itemOffered.areaServed,"Ventura County, North Los Angeles County, and Santa Clarita","Outside-county mention; preserve page wording, correct service-area fields"
https://www.805shutters.com/shades/camarillo-ca/,$[0].@graph[0].hasOfferCatalog.itemListElement[3].itemOffered.areaServed,"Ventura County, North Los Angeles County, and Santa Clarita","Outside-county mention; preserve page wording, correct service-area fields"
https://www.805shutters.com/shades/camarillo-ca/,$[0].@graph[0].hasOfferCatalog.itemListElement[4].itemOffered.areaServed,"Ventura County, North Los Angeles County, and Santa Clarita","Outside-county mention; preserve page wording, correct service-area fields"
https://www.805shutters.com/shades/camarillo-ca/,$[1].@graph[1].areaServed[7].name,Westlake Village,Explicitly approved Westlake Village; incorporated city is Los Angeles County
https://www.805shutters.com/shades/camarillo-ca/,$[1].@graph[1].areaServed[14].name,Santa Clarita,"Outside-county mention; preserve page wording, correct service-area fields"
https://www.805shutters.com/blinds/camarillo-ca/,$[0].@graph[0].contactPoint.areaServed[7].name,Westlake Village,Explicitly approved Westlake Village; incorporated city is Los Angeles County
https://www.805shutters.com/blinds/camarillo-ca/,$[0].@graph[0].contactPoint.areaServed[14].name,Santa Clarita,"Outside-county mention; preserve page wording, correct service-area fields"
https://www.805shutters.com/blinds/camarillo-ca/,$[0].@graph[0].areaServed[7].name,Westlake Village,Explicitly approved Westlake Village; incorporated city is Los Angeles County
https://www.805shutters.com/blinds/camarillo-ca/,$[0].@graph[0].areaServed[14].name,Santa Clarita,"Outside-county mention; preserve page wording, correct service-area fields"
https://www.805shutters.com/blinds/camarillo-ca/,$[0].@graph[0].serviceArea.name,"Ventura County, North Los Angeles County, and Santa Clarita","Outside-county mention; preserve page wording, correct service-area fields"
https://www.805shutters.com/blinds/camarillo-ca/,$[0].@graph[0].hasOfferCatalog.itemListElement[0].itemOffered.areaServed,"Ventura County, North Los Angeles County, and Santa Clarita","Outside-county mention; preserve page wording, correct service-area fields"
https://www.805shutters.com/blinds/camarillo-ca/,$[0].@graph[0].hasOfferCatalog.itemListElement[1].itemOffered.areaServed,"Ventura County, North Los Angeles County, and Santa Clarita","Outside-county mention; preserve page wording, correct service-area fields"
https://www.805shutters.com/blinds/camarillo-ca/,$[0].@graph[0].hasOfferCatalog.itemListElement[2].itemOffered.areaServed,"Ventura County, North Los Angeles County, and Santa Clarita","Outside-county mention; preserve page wording, correct service-area fields"
https://www.805shutters.com/blinds/camarillo-ca/,$[0].@graph[0].hasOfferCatalog.itemListElement[3].itemOffered.areaServed,"Ventura County, North Los Angeles County, and Santa Clarita","Outside-county mention; preserve page wording, correct service-area fields"
https://www.805shutters.com/blinds/camarillo-ca/,$[0].@graph[0].hasOfferCatalog.itemListElement[4].itemOffered.areaServed,"Ventura County, North Los Angeles County, and Santa Clarita","Outside-county mention; preserve page wording, correct service-area fields"
https://www.805shutters.com/blinds/camarillo-ca/,$[1].@graph[1].areaServed[7].name,Westlake Village,Explicitly approved Westlake Village; incorporated city is Los Angeles County
https://www.805shutters.com/blinds/camarillo-ca/,$[1].@graph[1].areaServed[14].name,Santa Clarita,"Outside-county mention; preserve page wording, correct service-area fields"
https://www.805shutters.com/drapery/camarillo-ca/,$[0].@graph[0].contactPoint.areaServed[7].name,Westlake Village,Explicitly approved Westlake Village; incorporated city is Los Angeles County
https://www.805shutters.com/drapery/camarillo-ca/,$[0].@graph[0].contactPoint.areaServed[14].name,Santa Clarita,"Outside-county mention; preserve page wording, correct service-area fields"
https://www.805shutters.com/drapery/camarillo-ca/,$[0].@graph[0].areaServed[7].name,Westlake Village,Explicitly approved Westlake Village; incorporated city is Los Angeles County
https://www.805shutters.com/drapery/camarillo-ca/,$[0].@graph[0].areaServed[14].name,Santa Clarita,"Outside-county mention; preserve page wording, correct service-area fields"
https://www.805shutters.com/drapery/camarillo-ca/,$[0].@graph[0].serviceArea.name,"Ventura County, North Los Angeles County, and Santa Clarita","Outside-county mention; preserve page wording, correct service-area fields"
https://www.805shutters.com/drapery/camarillo-ca/,$[0].@graph[0].hasOfferCatalog.itemListElement[0].itemOffered.areaServed,"Ventura County, North Los Angeles County, and Santa Clarita","Outside-county mention; preserve page wording, correct service-area fields"
https://www.805shutters.com/drapery/camarillo-ca/,$[0].@graph[0].hasOfferCatalog.itemListElement[1].itemOffered.areaServed,"Ventura County, North Los Angeles County, and Santa Clarita","Outside-county mention; preserve page wording, correct service-area fields"
https://www.805shutters.com/drapery/camarillo-ca/,$[0].@graph[0].hasOfferCatalog.itemListElement[2].itemOffered.areaServed,"Ventura County, North Los Angeles County, and Santa Clarita","Outside-county mention; preserve page wording, correct service-area fields"
https://www.805shutters.com/drapery/camarillo-ca/,$[0].@graph[0].hasOfferCatalog.itemListElement[3].itemOffered.areaServed,"Ventura County, North Los Angeles County, and Santa Clarita","Outside-county mention; preserve page wording, correct service-area fields"
https://www.805shutters.com/drapery/camarillo-ca/,$[0].@graph[0].hasOfferCatalog.itemListElement[4].itemOffered.areaServed,"Ventura County, North Los Angeles County, and Santa Clarita","Outside-county mention; preserve page wording, correct service-area fields"
https://www.805shutters.com/drapery/camarillo-ca/,$[1].@graph[1].areaServed[7].name,Westlake Village,Explicitly approved Westlake Village; incorporated city is Los Angeles County
https://www.805shutters.com/drapery/camarillo-ca/,$[1].@graph[1].areaServed[14].name,Santa Clarita,"Outside-county mention; preserve page wording, correct service-area fields"
https://www.805shutters.com/window-coverings/camarillo-ca/,$[0].@graph[0].contactPoint.areaServed[7].name,Westlake Village,Explicitly approved Westlake Village; incorporated city is Los Angeles County
https://www.805shutters.com/window-coverings/camarillo-ca/,$[0].@graph[0].contactPoint.areaServed[14].name,Santa Clarita,"Outside-county mention; preserve page wording, correct service-area fields"
https://www.805shutters.com/window-coverings/camarillo-ca/,$[0].@graph[0].areaServed[7].name,Westlake Village,Explicitly approved Westlake Village; incorporated city is Los Angeles County
https://www.805shutters.com/window-coverings/camarillo-ca/,$[0].@graph[0].areaServed[14].name,Santa Clarita,"Outside-county mention; preserve page wording, correct service-area fields"
https://www.805shutters.com/window-coverings/camarillo-ca/,$[0].@graph[0].serviceArea.name,"Ventura County, North Los Angeles County, and Santa Clarita","Outside-county mention; preserve page wording, correct service-area fields"
https://www.805shutters.com/window-coverings/camarillo-ca/,$[0].@graph[0].hasOfferCatalog.itemListElement[0].itemOffered.areaServed,"Ventura County, North Los Angeles County, and Santa Clarita","Outside-county mention; preserve page wording, correct service-area fields"
https://www.805shutters.com/window-coverings/camarillo-ca/,$[0].@graph[0].hasOfferCatalog.itemListElement[1].itemOffered.areaServed,"Ventura County, North Los Angeles County, and Santa Clarita","Outside-county mention; preserve page wording, correct service-area fields"
https://www.805shutters.com/window-coverings/camarillo-ca/,$[0].@graph[0].hasOfferCatalog.itemListElement[2].itemOffered.areaServed,"Ventura County, North Los Angeles County, and Santa Clarita","Outside-county mention; preserve page wording, correct service-area fields"
https://www.805shutters.com/window-coverings/camarillo-ca/,$[0].@graph[0].hasOfferCatalog.itemListElement[3].itemOffered.areaServed,"Ventura County, North Los Angeles County, and Santa Clarita","Outside-county mention; preserve page wording, correct service-area fields"
https://www.805shutters.com/window-coverings/camarillo-ca/,$[0].@graph[0].hasOfferCatalog.itemListElement[4].itemOffered.areaServed,"Ventura County, North Los Angeles County, and Santa Clarita","Outside-county mention; preserve page wording, correct service-area fields"
https://www.805shutters.com/window-coverings/camarillo-ca/,$[1].@graph[1].areaServed[7].name,Westlake Village,Explicitly approved Westlake Village; incorporated city is Los Angeles County
https://www.805shutters.com/window-coverings/camarillo-ca/,$[1].@graph[1].areaServed[14].name,Santa Clarita,"Outside-county mention; preserve page wording, correct service-area fields"
https://www.805shutters.com/window-treatments/camarillo-ca/,$[0].@graph[0].contactPoint.areaServed[7].name,Westlake Village,Explicitly approved Westlake Village; incorporated city is Los Angeles County
https://www.805shutters.com/window-treatments/camarillo-ca/,$[0].@graph[0].contactPoint.areaServed[14].name,Santa Clarita,"Outside-county mention; preserve page wording, correct service-area fields"
https://www.805shutters.com/window-treatments/camarillo-ca/,$[0].@graph[0].areaServed[7].name,Westlake Village,Explicitly approved Westlake Village; incorporated city is Los Angeles County
https://www.805shutters.com/window-treatments/camarillo-ca/,$[0].@graph[0].areaServed[14].name,Santa Clarita,"Outside-county mention; preserve page wording, correct service-area fields"
https://www.805shutters.com/window-treatments/camarillo-ca/,$[0].@graph[0].serviceArea.name,"Ventura County, North Los Angeles County, and Santa Clarita","Outside-county mention; preserve page wording, correct service-area fields"
https://www.805shutters.com/window-treatments/camarillo-ca/,$[0].@graph[0].hasOfferCatalog.itemListElement[0].itemOffered.areaServed,"Ventura County, North Los Angeles County, and Santa Clarita","Outside-county mention; preserve page wording, correct service-area fields"
https://www.805shutters.com/window-treatments/camarillo-ca/,$[0].@graph[0].hasOfferCatalog.itemListElement[1].itemOffered.areaServed,"Ventura County, North Los Angeles County, and Santa Clarita","Outside-county mention; preserve page wording, correct service-area fields"
https://www.805shutters.com/window-treatments/camarillo-ca/,$[0].@graph[0].hasOfferCatalog.itemListElement[2].itemOffered.areaServed,"Ventura County, North Los Angeles County, and Santa Clarita","Outside-county mention; preserve page wording, correct service-area fields"
https://www.805shutters.com/window-treatments/camarillo-ca/,$[0].@graph[0].hasOfferCatalog.itemListElement[3].itemOffered.areaServed,"Ventura County, North Los Angeles County, and Santa Clarita","Outside-county mention; preserve page wording, correct service-area fields"
https://www.805shutters.com/window-treatments/camarillo-ca/,$[0].@graph[0].hasOfferCatalog.itemListElement[4].itemOffered.areaServed,"Ventura County, North Los Angeles County, and Santa Clarita","Outside-county mention; preserve page wording, correct service-area fields"
https://www.805shutters.com/window-treatments/camarillo-ca/,$[1].@graph[1].areaServed[7].name,Westlake Village,Explicitly approved Westlake Village; incorporated city is Los Angeles County
https://www.805shutters.com/window-treatments/camarillo-ca/,$[1].@graph[1].areaServed[14].name,Santa Clarita,"Outside-county mention; preserve page wording, correct service-area fields"
https://www.805shutters.com/shutters/fillmore/,$[0].@graph[0].contactPoint.areaServed[7].name,Westlake Village,Explicitly approved Westlake Village; incorporated city is Los Angeles County
https://www.805shutters.com/shutters/fillmore/,$[0].@graph[0].contactPoint.areaServed[14].name,Santa Clarita,"Outside-county mention; preserve page wording, correct service-area fields"
https://www.805shutters.com/shutters/fillmore/,$[0].@graph[0].areaServed[7].name,Westlake Village,Explicitly approved Westlake Village; incorporated city is Los Angeles County
https://www.805shutters.com/shutters/fillmore/,$[0].@graph[0].areaServed[14].name,Santa Clarita,"Outside-county mention; preserve page wording, correct service-area fields"
https://www.805shutters.com/shutters/fillmore/,$[0].@graph[0].serviceArea.name,"Ventura County, North Los Angeles County, and Santa Clarita","Outside-county mention; preserve page wording, correct service-area fields"
https://www.805shutters.com/shutters/fillmore/,$[0].@graph[0].hasOfferCatalog.itemListElement[0].itemOffered.areaServed,"Ventura County, North Los Angeles County, and Santa Clarita","Outside-county mention; preserve page wording, correct service-area fields"
https://www.805shutters.com/shutters/fillmore/,$[0].@graph[0].hasOfferCatalog.itemListElement[1].itemOffered.areaServed,"Ventura County, North Los Angeles County, and Santa Clarita","Outside-county mention; preserve page wording, correct service-area fields"
https://www.805shutters.com/shutters/fillmore/,$[0].@graph[0].hasOfferCatalog.itemListElement[2].itemOffered.areaServed,"Ventura County, North Los Angeles County, and Santa Clarita","Outside-county mention; preserve page wording, correct service-area fields"
https://www.805shutters.com/shutters/fillmore/,$[0].@graph[0].hasOfferCatalog.itemListElement[3].itemOffered.areaServed,"Ventura County, North Los Angeles County, and Santa Clarita","Outside-county mention; preserve page wording, correct service-area fields"
https://www.805shutters.com/shutters/fillmore/,$[0].@graph[0].hasOfferCatalog.itemListElement[4].itemOffered.areaServed,"Ventura County, North Los Angeles County, and Santa Clarita","Outside-county mention; preserve page wording, correct service-area fields"
https://www.805shutters.com/shutters/fillmore/,$[1].@graph[1].areaServed[7].name,Westlake Village,Explicitly approved Westlake Village; incorporated city is Los Angeles County
https://www.805shutters.com/shutters/fillmore/,$[1].@graph[1].areaServed[14].name,Santa Clarita,"Outside-county mention; preserve page wording, correct service-area fields"
https://www.805shutters.com/shades/fillmore-ca/,$[0].@graph[0].contactPoint.areaServed[7].name,Westlake Village,Explicitly approved Westlake Village; incorporated city is Los Angeles County
https://www.805shutters.com/shades/fillmore-ca/,$[0].@graph[0].contactPoint.areaServed[14].name,Santa Clarita,"Outside-county mention; preserve page wording, correct service-area fields"
https://www.805shutters.com/shades/fillmore-ca/,$[0].@graph[0].areaServed[7].name,Westlake Village,Explicitly approved Westlake Village; incorporated city is Los Angeles County
https://www.805shutters.com/shades/fillmore-ca/,$[0].@graph[0].areaServed[14].name,Santa Clarita,"Outside-county mention; preserve page wording, correct service-area fields"
https://www.805shutters.com/shades/fillmore-ca/,$[0].@graph[0].serviceArea.name,"Ventura County, North Los Angeles County, and Santa Clarita","Outside-county mention; preserve page wording, correct service-area fields"
https://www.805shutters.com/shades/fillmore-ca/,$[0].@graph[0].hasOfferCatalog.itemListElement[0].itemOffered.areaServed,"Ventura County, North Los Angeles County, and Santa Clarita","Outside-county mention; preserve page wording, correct service-area fields"
https://www.805shutters.com/shades/fillmore-ca/,$[0].@graph[0].hasOfferCatalog.itemListElement[1].itemOffered.areaServed,"Ventura County, North Los Angeles County, and Santa Clarita","Outside-county mention; preserve page wording, correct service-area fields"
https://www.805shutters.com/shades/fillmore-ca/,$[0].@graph[0].hasOfferCatalog.itemListElement[2].itemOffered.areaServed,"Ventura County, North Los Angeles County, and Santa Clarita","Outside-county mention; preserve page wording, correct service-area fields"
https://www.805shutters.com/shades/fillmore-ca/,$[0].@graph[0].hasOfferCatalog.itemListElement[3].itemOffered.areaServed,"Ventura County, North Los Angeles County, and Santa Clarita","Outside-county mention; preserve page wording, correct service-area fields"
https://www.805shutters.com/shades/fillmore-ca/,$[0].@graph[0].hasOfferCatalog.itemListElement[4].itemOffered.areaServed,"Ventura County, North Los Angeles County, and Santa Clarita","Outside-county mention; preserve page wording, correct service-area fields"
https://www.805shutters.com/shades/fillmore-ca/,$[1].@graph[1].areaServed[7].name,Westlake Village,Explicitly approved Westlake Village; incorporated city is Los Angeles County
https://www.805shutters.com/shades/fillmore-ca/,$[1].@graph[1].areaServed[14].name,Santa Clarita,"Outside-county mention; preserve page wording, correct service-area fields"
https://www.805shutters.com/blinds/fillmore-ca/,$[0].@graph[0].contactPoint.areaServed[7].name,Westlake Village,Explicitly approved Westlake Village; incorporated city is Los Angeles County
https://www.805shutters.com/blinds/fillmore-ca/,$[0].@graph[0].contactPoint.areaServed[14].name,Santa Clarita,"Outside-county mention; preserve page wording, correct service-area fields"
https://www.805shutters.com/blinds/fillmore-ca/,$[0].@graph[0].areaServed[7].name,Westlake Village,Explicitly approved Westlake Village; incorporated city is Los Angeles County
https://www.805shutters.com/blinds/fillmore-ca/,$[0].@graph[0].areaServed[14].name,Santa Clarita,"Outside-county mention; preserve page wording, correct service-area fields"
https://www.805shutters.com/blinds/fillmore-ca/,$[0].@graph[0].serviceArea.name,"Ventura County, North Los Angeles County, and Santa Clarita","Outside-county mention; preserve page wording, correct service-area fields"
https://www.805shutters.com/blinds/fillmore-ca/,$[0].@graph[0].hasOfferCatalog.itemListElement[0].itemOffered.areaServed,"Ventura County, North Los Angeles County, and Santa Clarita","Outside-county mention; preserve page wording, correct service-area fields"
https://www.805shutters.com/blinds/fillmore-ca/,$[0].@graph[0].hasOfferCatalog.itemListElement[1].itemOffered.areaServed,"Ventura County, North Los Angeles County, and Santa Clarita","Outside-county mention; preserve page wording, correct service-area fields"
https://www.805shutters.com/blinds/fillmore-ca/,$[0].@graph[0].hasOfferCatalog.itemListElement[2].itemOffered.areaServed,"Ventura County, North Los Angeles County, and Santa Clarita","Outside-county mention; preserve page wording, correct service-area fields"
https://www.805shutters.com/blinds/fillmore-ca/,$[0].@graph[0].hasOfferCatalog.itemListElement[3].itemOffered.areaServed,"Ventura County, North Los Angeles County, and Santa Clarita","Outside-county mention; preserve page wording, correct service-area fields"
https://www.805shutters.com/blinds/fillmore-ca/,$[0].@graph[0].hasOfferCatalog.itemListElement[4].itemOffered.areaServed,"Ventura County, North Los Angeles County, and Santa Clarita","Outside-county mention; preserve page wording, correct service-area fields"
https://www.805shutters.com/blinds/fillmore-ca/,$[1].@graph[1].areaServed[7].name,Westlake Village,Explicitly approved Westlake Village; incorporated city is Los Angeles County
https://www.805shutters.com/blinds/fillmore-ca/,$[1].@graph[1].areaServed[14].name,Santa Clarita,"Outside-county mention; preserve page wording, correct service-area fields"
https://www.805shutters.com/drapery/fillmore-ca/,$[0].@graph[0].contactPoint.areaServed[7].name,Westlake Village,Explicitly approved Westlake Village; incorporated city is Los Angeles County
https://www.805shutters.com/drapery/fillmore-ca/,$[0].@graph[0].contactPoint.areaServed[14].name,Santa Clarita,"Outside-county mention; preserve page wording, correct service-area fields"
https://www.805shutters.com/drapery/fillmore-ca/,$[0].@graph[0].areaServed[7].name,Westlake Village,Explicitly approved Westlake Village; incorporated city is Los Angeles County
https://www.805shutters.com/drapery/fillmore-ca/,$[0].@graph[0].areaServed[14].name,Santa Clarita,"Outside-county mention; preserve page wording, correct service-area fields"
https://www.805shutters.com/drapery/fillmore-ca/,$[0].@graph[0].serviceArea.name,"Ventura County, North Los Angeles County, and Santa Clarita","Outside-county mention; preserve page wording, correct service-area fields"
https://www.805shutters.com/drapery/fillmore-ca/,$[0].@graph[0].hasOfferCatalog.itemListElement[0].itemOffered.areaServed,"Ventura County, North Los Angeles County, and Santa Clarita","Outside-county mention; preserve page wording, correct service-area fields"
https://www.805shutters.com/drapery/fillmore-ca/,$[0].@graph[0].hasOfferCatalog.itemListElement[1].itemOffered.areaServed,"Ventura County, North Los Angeles County, and Santa Clarita","Outside-county mention; preserve page wording, correct service-area fields"
https://www.805shutters.com/drapery/fillmore-ca/,$[0].@graph[0].hasOfferCatalog.itemListElement[2].itemOffered.areaServed,"Ventura County, North Los Angeles County, and Santa Clarita","Outside-county mention; preserve page wording, correct service-area fields"
https://www.805shutters.com/drapery/fillmore-ca/,$[0].@graph[0].hasOfferCatalog.itemListElement[3].itemOffered.areaServed,"Ventura County, North Los Angeles County, and Santa Clarita","Outside-county mention; preserve page wording, correct service-area fields"
https://www.805shutters.com/drapery/fillmore-ca/,$[0].@graph[0].hasOfferCatalog.itemListElement[4].itemOffered.areaServed,"Ventura County, North Los Angeles County, and Santa Clarita","Outside-county mention; preserve page wording, correct service-area fields"
https://www.805shutters.com/drapery/fillmore-ca/,$[1].@graph[1].areaServed[7].name,Westlake Village,Explicitly approved Westlake Village; incorporated city is Los Angeles County
https://www.805shutters.com/drapery/fillmore-ca/,$[1].@graph[1].areaServed[14].name,Santa Clarita,"Outside-county mention; preserve page wording, correct service-area fields"
https://www.805shutters.com/window-coverings/fillmore-ca/,$[0].@graph[0].contactPoint.areaServed[7].name,Westlake Village,Explicitly approved Westlake Village; incorporated city is Los Angeles County
https://www.805shutters.com/window-coverings/fillmore-ca/,$[0].@graph[0].contactPoint.areaServed[14].name,Santa Clarita,"Outside-county mention; preserve page wording, correct service-area fields"
https://www.805shutters.com/window-coverings/fillmore-ca/,$[0].@graph[0].areaServed[7].name,Westlake Village,Explicitly approved Westlake Village; incorporated city is Los Angeles County
https://www.805shutters.com/window-coverings/fillmore-ca/,$[0].@graph[0].areaServed[14].name,Santa Clarita,"Outside-county mention; preserve page wording, correct service-area fields"
https://www.805shutters.com/window-coverings/fillmore-ca/,$[0].@graph[0].serviceArea.name,"Ventura County, North Los Angeles County, and Santa Clarita","Outside-county mention; preserve page wording, correct service-area fields"
https://www.805shutters.com/window-coverings/fillmore-ca/,$[0].@graph[0].hasOfferCatalog.itemListElement[0].itemOffered.areaServed,"Ventura County, North Los Angeles County, and Santa Clarita","Outside-county mention; preserve page wording, correct service-area fields"
https://www.805shutters.com/window-coverings/fillmore-ca/,$[0].@graph[0].hasOfferCatalog.itemListElement[1].itemOffered.areaServed,"Ventura County, North Los Angeles County, and Santa Clarita","Outside-county mention; preserve page wording, correct service-area fields"
https://www.805shutters.com/window-coverings/fillmore-ca/,$[0].@graph[0].hasOfferCatalog.itemListElement[2].itemOffered.areaServed,"Ventura County, North Los Angeles County, and Santa Clarita","Outside-county mention; preserve page wording, correct service-area fields"
https://www.805shutters.com/window-coverings/fillmore-ca/,$[0].@graph[0].hasOfferCatalog.itemListElement[3].itemOffered.areaServed,"Ventura County, North Los Angeles County, and Santa Clarita","Outside-county mention; preserve page wording, correct service-area fields"
https://www.805shutters.com/window-coverings/fillmore-ca/,$[0].@graph[0].hasOfferCatalog.itemListElement[4].itemOffered.areaServed,"Ventura County, North Los Angeles County, and Santa Clarita","Outside-county mention; preserve page wording, correct service-area fields"
https://www.805shutters.com/window-coverings/fillmore-ca/,$[1].@graph[1].areaServed[7].name,Westlake Village,Explicitly approved Westlake Village; incorporated city is Los Angeles County
https://www.805shutters.com/window-coverings/fillmore-ca/,$[1].@graph[1].areaServed[14].name,Santa Clarita,"Outside-county mention; preserve page wording, correct service-area fields"
https://www.805shutters.com/window-treatments/fillmore-ca/,$[0].@graph[0].contactPoint.areaServed[7].name,Westlake Village,Explicitly approved Westlake Village; incorporated city is Los Angeles County
https://www.805shutters.com/window-treatments/fillmore-ca/,$[0].@graph[0].contactPoint.areaServed[14].name,Santa Clarita,"Outside-county mention; preserve page wording, correct service-area fields"
https://www.805shutters.com/window-treatments/fillmore-ca/,$[0].@graph[0].areaServed[7].name,Westlake Village,Explicitly approved Westlake Village; incorporated city is Los Angeles County
https://www.805shutters.com/window-treatments/fillmore-ca/,$[0].@graph[0].areaServed[14].name,Santa Clarita,"Outside-county mention; preserve page wording, correct service-area fields"
https://www.805shutters.com/window-treatments/fillmore-ca/,$[0].@graph[0].serviceArea.name,"Ventura County, North Los Angeles County, and Santa Clarita","Outside-county mention; preserve page wording, correct service-area fields"
https://www.805shutters.com/window-treatments/fillmore-ca/,$[0].@graph[0].hasOfferCatalog.itemListElement[0].itemOffered.areaServed,"Ventura County, North Los Angeles County, and Santa Clarita","Outside-county mention; preserve page wording, correct service-area fields"
https://www.805shutters.com/window-treatments/fillmore-ca/,$[0].@graph[0].hasOfferCatalog.itemListElement[1].itemOffered.areaServed,"Ventura County, North Los Angeles County, and Santa Clarita","Outside-county mention; preserve page wording, correct service-area fields"
https://www.805shutters.com/window-treatments/fillmore-ca/,$[0].@graph[0].hasOfferCatalog.itemListElement[2].itemOffered.areaServed,"Ventura County, North Los Angeles County, and Santa Clarita","Outside-county mention; preserve page wording, correct service-area fields"
https://www.805shutters.com/window-treatments/fillmore-ca/,$[0].@graph[0].hasOfferCatalog.itemListElement[3].itemOffered.areaServed,"Ventura County, North Los Angeles County, and Santa Clarita","Outside-county mention; preserve page wording, correct service-area fields"
https://www.805shutters.com/window-treatments/fillmore-ca/,$[0].@graph[0].hasOfferCatalog.itemListElement[4].itemOffered.areaServed,"Ventura County, North Los Angeles County, and Santa Clarita","Outside-county mention; preserve page wording, correct service-area fields"
https://www.805shutters.com/window-treatments/fillmore-ca/,$[1].@graph[1].areaServed[7].name,Westlake Village,Explicitly approved Westlake Village; incorporated city is Los Angeles County
https://www.805shutters.com/window-treatments/fillmore-ca/,$[1].@graph[1].areaServed[14].name,Santa Clarita,"Outside-county mention; preserve page wording, correct service-area fields"
https://www.805shutters.com/shutters/moorpark/,$[0].@graph[0].contactPoint.areaServed[7].name,Westlake Village,Explicitly approved Westlake Village; incorporated city is Los Angeles County
https://www.805shutters.com/shutters/moorpark/,$[0].@graph[0].contactPoint.areaServed[14].name,Santa Clarita,"Outside-county mention; preserve page wording, correct service-area fields"
https://www.805shutters.com/shutters/moorpark/,$[0].@graph[0].areaServed[7].name,Westlake Village,Explicitly approved Westlake Village; incorporated city is Los Angeles County
https://www.805shutters.com/shutters/moorpark/,$[0].@graph[0].areaServed[14].name,Santa Clarita,"Outside-county mention; preserve page wording, correct service-area fields"
https://www.805shutters.com/shutters/moorpark/,$[0].@graph[0].serviceArea.name,"Ventura County, North Los Angeles County, and Santa Clarita","Outside-county mention; preserve page wording, correct service-area fields"
https://www.805shutters.com/shutters/moorpark/,$[0].@graph[0].hasOfferCatalog.itemListElement[0].itemOffered.areaServed,"Ventura County, North Los Angeles County, and Santa Clarita","Outside-county mention; preserve page wording, correct service-area fields"
https://www.805shutters.com/shutters/moorpark/,$[0].@graph[0].hasOfferCatalog.itemListElement[1].itemOffered.areaServed,"Ventura County, North Los Angeles County, and Santa Clarita","Outside-county mention; preserve page wording, correct service-area fields"
https://www.805shutters.com/shutters/moorpark/,$[0].@graph[0].hasOfferCatalog.itemListElement[2].itemOffered.areaServed,"Ventura County, North Los Angeles County, and Santa Clarita","Outside-county mention; preserve page wording, correct service-area fields"
https://www.805shutters.com/shutters/moorpark/,$[0].@graph[0].hasOfferCatalog.itemListElement[3].itemOffered.areaServed,"Ventura County, North Los Angeles County, and Santa Clarita","Outside-county mention; preserve page wording, correct service-area fields"
https://www.805shutters.com/shutters/moorpark/,$[0].@graph[0].hasOfferCatalog.itemListElement[4].itemOffered.areaServed,"Ventura County, North Los Angeles County, and Santa Clarita","Outside-county mention; preserve page wording, correct service-area fields"
https://www.805shutters.com/shutters/moorpark/,$[1].@graph[1].areaServed[7].name,Westlake Village,Explicitly approved Westlake Village; incorporated city is Los Angeles County
https://www.805shutters.com/shutters/moorpark/,$[1].@graph[1].areaServed[14].name,Santa Clarita,"Outside-county mention; preserve page wording, correct service-area fields"
https://www.805shutters.com/shades/moorpark-ca/,$[0].@graph[0].contactPoint.areaServed[7].name,Westlake Village,Explicitly approved Westlake Village; incorporated city is Los Angeles County
https://www.805shutters.com/shades/moorpark-ca/,$[0].@graph[0].contactPoint.areaServed[14].name,Santa Clarita,"Outside-county mention; preserve page wording, correct service-area fields"
https://www.805shutters.com/shades/moorpark-ca/,$[0].@graph[0].areaServed[7].name,Westlake Village,Explicitly approved Westlake Village; incorporated city is Los Angeles County
https://www.805shutters.com/shades/moorpark-ca/,$[0].@graph[0].areaServed[14].name,Santa Clarita,"Outside-county mention; preserve page wording, correct service-area fields"
https://www.805shutters.com/shades/moorpark-ca/,$[0].@graph[0].serviceArea.name,"Ventura County, North Los Angeles County, and Santa Clarita","Outside-county mention; preserve page wording, correct service-area fields"
https://www.805shutters.com/shades/moorpark-ca/,$[0].@graph[0].hasOfferCatalog.itemListElement[0].itemOffered.areaServed,"Ventura County, North Los Angeles County, and Santa Clarita","Outside-county mention; preserve page wording, correct service-area fields"
https://www.805shutters.com/shades/moorpark-ca/,$[0].@graph[0].hasOfferCatalog.itemListElement[1].itemOffered.areaServed,"Ventura County, North Los Angeles County, and Santa Clarita","Outside-county mention; preserve page wording, correct service-area fields"
https://www.805shutters.com/shades/moorpark-ca/,$[0].@graph[0].hasOfferCatalog.itemListElement[2].itemOffered.areaServed,"Ventura County, North Los Angeles County, and Santa Clarita","Outside-county mention; preserve page wording, correct service-area fields"
https://www.805shutters.com/shades/moorpark-ca/,$[0].@graph[0].hasOfferCatalog.itemListElement[3].itemOffered.areaServed,"Ventura County, North Los Angeles County, and Santa Clarita","Outside-county mention; preserve page wording, correct service-area fields"
https://www.805shutters.com/shades/moorpark-ca/,$[0].@graph[0].hasOfferCatalog.itemListElement[4].itemOffered.areaServed,"Ventura County, North Los Angeles County, and Santa Clarita","Outside-county mention; preserve page wording, correct service-area fields"
https://www.805shutters.com/shades/moorpark-ca/,$[1].@graph[1].areaServed[7].name,Westlake Village,Explicitly approved Westlake Village; incorporated city is Los Angeles County
https://www.805shutters.com/shades/moorpark-ca/,$[1].@graph[1].areaServed[14].name,Santa Clarita,"Outside-county mention; preserve page wording, correct service-area fields"
https://www.805shutters.com/blinds/moorpark-ca/,$[0].@graph[0].contactPoint.areaServed[7].name,Westlake Village,Explicitly approved Westlake Village; incorporated city is Los Angeles County
https://www.805shutters.com/blinds/moorpark-ca/,$[0].@graph[0].contactPoint.areaServed[14].name,Santa Clarita,"Outside-county mention; preserve page wording, correct service-area fields"
https://www.805shutters.com/blinds/moorpark-ca/,$[0].@graph[0].areaServed[7].name,Westlake Village,Explicitly approved Westlake Village; incorporated city is Los Angeles County
https://www.805shutters.com/blinds/moorpark-ca/,$[0].@graph[0].areaServed[14].name,Santa Clarita,"Outside-county mention; preserve page wording, correct service-area fields"
https://www.805shutters.com/blinds/moorpark-ca/,$[0].@graph[0].serviceArea.name,"Ventura County, North Los Angeles County, and Santa Clarita","Outside-county mention; preserve page wording, correct service-area fields"
https://www.805shutters.com/blinds/moorpark-ca/,$[0].@graph[0].hasOfferCatalog.itemListElement[0].itemOffered.areaServed,"Ventura County, North Los Angeles County, and Santa Clarita","Outside-county mention; preserve page wording, correct service-area fields"
https://www.805shutters.com/blinds/moorpark-ca/,$[0].@graph[0].hasOfferCatalog.itemListElement[1].itemOffered.areaServed,"Ventura County, North Los Angeles County, and Santa Clarita","Outside-county mention; preserve page wording, correct service-area fields"
https://www.805shutters.com/blinds/moorpark-ca/,$[0].@graph[0].hasOfferCatalog.itemListElement[2].itemOffered.areaServed,"Ventura County, North Los Angeles County, and Santa Clarita","Outside-county mention; preserve page wording, correct service-area fields"
https://www.805shutters.com/blinds/moorpark-ca/,$[0].@graph[0].hasOfferCatalog.itemListElement[3].itemOffered.areaServed,"Ventura County, North Los Angeles County, and Santa Clarita","Outside-county mention; preserve page wording, correct service-area fields"
https://www.805shutters.com/blinds/moorpark-ca/,$[0].@graph[0].hasOfferCatalog.itemListElement[4].itemOffered.areaServed,"Ventura County, North Los Angeles County, and Santa Clarita","Outside-county mention; preserve page wording, correct service-area fields"
https://www.805shutters.com/blinds/moorpark-ca/,$[1].@graph[1].areaServed[7].name,Westlake Village,Explicitly approved Westlake Village; incorporated city is Los Angeles County
https://www.805shutters.com/blinds/moorpark-ca/,$[1].@graph[1].areaServed[14].name,Santa Clarita,"Outside-county mention; preserve page wording, correct service-area fields"
https://www.805shutters.com/drapery/moorpark-ca/,$[0].@graph[0].contactPoint.areaServed[7].name,Westlake Village,Explicitly approved Westlake Village; incorporated city is Los Angeles County
https://www.805shutters.com/drapery/moorpark-ca/,$[0].@graph[0].contactPoint.areaServed[14].name,Santa Clarita,"Outside-county mention; preserve page wording, correct service-area fields"
https://www.805shutters.com/drapery/moorpark-ca/,$[0].@graph[0].areaServed[7].name,Westlake Village,Explicitly approved Westlake Village; incorporated city is Los Angeles County
https://www.805shutters.com/drapery/moorpark-ca/,$[0].@graph[0].areaServed[14].name,Santa Clarita,"Outside-county mention; preserve page wording, correct service-area fields"
https://www.805shutters.com/drapery/moorpark-ca/,$[0].@graph[0].serviceArea.name,"Ventura County, North Los Angeles County, and Santa Clarita","Outside-county mention; preserve page wording, correct service-area fields"
https://www.805shutters.com/drapery/moorpark-ca/,$[0].@graph[0].hasOfferCatalog.itemListElement[0].itemOffered.areaServed,"Ventura County, North Los Angeles County, and Santa Clarita","Outside-county mention; preserve page wording, correct service-area fields"
https://www.805shutters.com/drapery/moorpark-ca/,$[0].@graph[0].hasOfferCatalog.itemListElement[1].itemOffered.areaServed,"Ventura County, North Los Angeles County, and Santa Clarita","Outside-county mention; preserve page wording, correct service-area fields"
https://www.805shutters.com/drapery/moorpark-ca/,$[0].@graph[0].hasOfferCatalog.itemListElement[2].itemOffered.areaServed,"Ventura County, North Los Angeles County, and Santa Clarita","Outside-county mention; preserve page wording, correct service-area fields"
https://www.805shutters.com/drapery/moorpark-ca/,$[0].@graph[0].hasOfferCatalog.itemListElement[3].itemOffered.areaServed,"Ventura County, North Los Angeles County, and Santa Clarita","Outside-county mention; preserve page wording, correct service-area fields"
https://www.805shutters.com/drapery/moorpark-ca/,$[0].@graph[0].hasOfferCatalog.itemListElement[4].itemOffered.areaServed,"Ventura County, North Los Angeles County, and Santa Clarita","Outside-county mention; preserve page wording, correct service-area fields"
https://www.805shutters.com/drapery/moorpark-ca/,$[1].@graph[1].areaServed[7].name,Westlake Village,Explicitly approved Westlake Village; incorporated city is Los Angeles County
https://www.805shutters.com/drapery/moorpark-ca/,$[1].@graph[1].areaServed[14].name,Santa Clarita,"Outside-county mention; preserve page wording, correct service-area fields"
https://www.805shutters.com/window-coverings/moorpark-ca/,$[0].@graph[0].contactPoint.areaServed[7].name,Westlake Village,Explicitly approved Westlake Village; incorporated city is Los Angeles County
https://www.805shutters.com/window-coverings/moorpark-ca/,$[0].@graph[0].contactPoint.areaServed[14].name,Santa Clarita,"Outside-county mention; preserve page wording, correct service-area fields"
https://www.805shutters.com/window-coverings/moorpark-ca/,$[0].@graph[0].areaServed[7].name,Westlake Village,Explicitly approved Westlake Village; incorporated city is Los Angeles County
https://www.805shutters.com/window-coverings/moorpark-ca/,$[0].@graph[0].areaServed[14].name,Santa Clarita,"Outside-county mention; preserve page wording, correct service-area fields"
https://www.805shutters.com/window-coverings/moorpark-ca/,$[0].@graph[0].serviceArea.name,"Ventura County, North Los Angeles County, and Santa Clarita","Outside-county mention; preserve page wording, correct service-area fields"
https://www.805shutters.com/window-coverings/moorpark-ca/,$[0].@graph[0].hasOfferCatalog.itemListElement[0].itemOffered.areaServed,"Ventura County, North Los Angeles County, and Santa Clarita","Outside-county mention; preserve page wording, correct service-area fields"
https://www.805shutters.com/window-coverings/moorpark-ca/,$[0].@graph[0].hasOfferCatalog.itemListElement[1].itemOffered.areaServed,"Ventura County, North Los Angeles County, and Santa Clarita","Outside-county mention; preserve page wording, correct service-area fields"
https://www.805shutters.com/window-coverings/moorpark-ca/,$[0].@graph[0].hasOfferCatalog.itemListElement[2].itemOffered.areaServed,"Ventura County, North Los Angeles County, and Santa Clarita","Outside-county mention; preserve page wording, correct service-area fields"
https://www.805shutters.com/window-coverings/moorpark-ca/,$[0].@graph[0].hasOfferCatalog.itemListElement[3].itemOffered.areaServed,"Ventura County, North Los Angeles County, and Santa Clarita","Outside-county mention; preserve page wording, correct service-area fields"
https://www.805shutters.com/window-coverings/moorpark-ca/,$[0].@graph[0].hasOfferCatalog.itemListElement[4].itemOffered.areaServed,"Ventura County, North Los Angeles County, and Santa Clarita","Outside-county mention; preserve page wording, correct service-area fields"
https://www.805shutters.com/window-coverings/moorpark-ca/,$[1].@graph[1].areaServed[7].name,Westlake Village,Explicitly approved Westlake Village; incorporated city is Los Angeles County
https://www.805shutters.com/window-coverings/moorpark-ca/,$[1].@graph[1].areaServed[14].name,Santa Clarita,"Outside-county mention; preserve page wording, correct service-area fields"
https://www.805shutters.com/window-treatments/moorpark-ca/,$[0].@graph[0].contactPoint.areaServed[7].name,Westlake Village,Explicitly approved Westlake Village; incorporated city is Los Angeles County
https://www.805shutters.com/window-treatments/moorpark-ca/,$[0].@graph[0].contactPoint.areaServed[14].name,Santa Clarita,"Outside-county mention; preserve page wording, correct service-area fields"
https://www.805shutters.com/window-treatments/moorpark-ca/,$[0].@graph[0].areaServed[7].name,Westlake Village,Explicitly approved Westlake Village; incorporated city is Los Angeles County
https://www.805shutters.com/window-treatments/moorpark-ca/,$[0].@graph[0].areaServed[14].name,Santa Clarita,"Outside-county mention; preserve page wording, correct service-area fields"
https://www.805shutters.com/window-treatments/moorpark-ca/,$[0].@graph[0].serviceArea.name,"Ventura County, North Los Angeles County, and Santa Clarita","Outside-county mention; preserve page wording, correct service-area fields"
https://www.805shutters.com/window-treatments/moorpark-ca/,$[0].@graph[0].hasOfferCatalog.itemListElement[0].itemOffered.areaServed,"Ventura County, North Los Angeles County, and Santa Clarita","Outside-county mention; preserve page wording, correct service-area fields"
https://www.805shutters.com/window-treatments/moorpark-ca/,$[0].@graph[0].hasOfferCatalog.itemListElement[1].itemOffered.areaServed,"Ventura County, North Los Angeles County, and Santa Clarita","Outside-county mention; preserve page wording, correct service-area fields"
https://www.805shutters.com/window-treatments/moorpark-ca/,$[0].@graph[0].hasOfferCatalog.itemListElement[2].itemOffered.areaServed,"Ventura County, North Los Angeles County, and Santa Clarita","Outside-county mention; preserve page wording, correct service-area fields"
https://www.805shutters.com/window-treatments/moorpark-ca/,$[0].@graph[0].hasOfferCatalog.itemListElement[3].itemOffered.areaServed,"Ventura County, North Los Angeles County, and Santa Clarita","Outside-county mention; preserve page wording, correct service-area fields"
https://www.805shutters.com/window-treatments/moorpark-ca/,$[0].@graph[0].hasOfferCatalog.itemListElement[4].itemOffered.areaServed,"Ventura County, North Los Angeles County, and Santa Clarita","Outside-county mention; preserve page wording, correct service-area fields"
https://www.805shutters.com/window-treatments/moorpark-ca/,$[1].@graph[1].areaServed[7].name,Westlake Village,Explicitly approved Westlake Village; incorporated city is Los Angeles County
https://www.805shutters.com/window-treatments/moorpark-ca/,$[1].@graph[1].areaServed[14].name,Santa Clarita,"Outside-county mention; preserve page wording, correct service-area fields"
https://www.805shutters.com/shutters/newbury-park/,$[0].@graph[0].contactPoint.areaServed[7].name,Westlake Village,Explicitly approved Westlake Village; incorporated city is Los Angeles County
https://www.805shutters.com/shutters/newbury-park/,$[0].@graph[0].contactPoint.areaServed[14].name,Santa Clarita,"Outside-county mention; preserve page wording, correct service-area fields"
https://www.805shutters.com/shutters/newbury-park/,$[0].@graph[0].areaServed[7].name,Westlake Village,Explicitly approved Westlake Village; incorporated city is Los Angeles County
https://www.805shutters.com/shutters/newbury-park/,$[0].@graph[0].areaServed[14].name,Santa Clarita,"Outside-county mention; preserve page wording, correct service-area fields"
https://www.805shutters.com/shutters/newbury-park/,$[0].@graph[0].serviceArea.name,"Ventura County, North Los Angeles County, and Santa Clarita","Outside-county mention; preserve page wording, correct service-area fields"
https://www.805shutters.com/shutters/newbury-park/,$[0].@graph[0].hasOfferCatalog.itemListElement[0].itemOffered.areaServed,"Ventura County, North Los Angeles County, and Santa Clarita","Outside-county mention; preserve page wording, correct service-area fields"
https://www.805shutters.com/shutters/newbury-park/,$[0].@graph[0].hasOfferCatalog.itemListElement[1].itemOffered.areaServed,"Ventura County, North Los Angeles County, and Santa Clarita","Outside-county mention; preserve page wording, correct service-area fields"
https://www.805shutters.com/shutters/newbury-park/,$[0].@graph[0].hasOfferCatalog.itemListElement[2].itemOffered.areaServed,"Ventura County, North Los Angeles County, and Santa Clarita","Outside-county mention; preserve page wording, correct service-area fields"
https://www.805shutters.com/shutters/newbury-park/,$[0].@graph[0].hasOfferCatalog.itemListElement[3].itemOffered.areaServed,"Ventura County, North Los Angeles County, and Santa Clarita","Outside-county mention; preserve page wording, correct service-area fields"
https://www.805shutters.com/shutters/newbury-park/,$[0].@graph[0].hasOfferCatalog.itemListElement[4].itemOffered.areaServed,"Ventura County, North Los Angeles County, and Santa Clarita","Outside-county mention; preserve page wording, correct service-area fields"
https://www.805shutters.com/shutters/newbury-park/,$[1].@graph[1].areaServed[7].name,Westlake Village,Explicitly approved Westlake Village; incorporated city is Los Angeles County
https://www.805shutters.com/shutters/newbury-park/,$[1].@graph[1].areaServed[14].name,Santa Clarita,"Outside-county mention; preserve page wording, correct service-area fields"
https://www.805shutters.com/shades/newbury-park-ca/,$[0].@graph[0].contactPoint.areaServed[7].name,Westlake Village,Explicitly approved Westlake Village; incorporated city is Los Angeles County
https://www.805shutters.com/shades/newbury-park-ca/,$[0].@graph[0].contactPoint.areaServed[14].name,Santa Clarita,"Outside-county mention; preserve page wording, correct service-area fields"
https://www.805shutters.com/shades/newbury-park-ca/,$[0].@graph[0].areaServed[7].name,Westlake Village,Explicitly approved Westlake Village; incorporated city is Los Angeles County
https://www.805shutters.com/shades/newbury-park-ca/,$[0].@graph[0].areaServed[14].name,Santa Clarita,"Outside-county mention; preserve page wording, correct service-area fields"
https://www.805shutters.com/shades/newbury-park-ca/,$[0].@graph[0].serviceArea.name,"Ventura County, North Los Angeles County, and Santa Clarita","Outside-county mention; preserve page wording, correct service-area fields"
https://www.805shutters.com/shades/newbury-park-ca/,$[0].@graph[0].hasOfferCatalog.itemListElement[0].itemOffered.areaServed,"Ventura County, North Los Angeles County, and Santa Clarita","Outside-county mention; preserve page wording, correct service-area fields"
https://www.805shutters.com/shades/newbury-park-ca/,$[0].@graph[0].hasOfferCatalog.itemListElement[1].itemOffered.areaServed,"Ventura County, North Los Angeles County, and Santa Clarita","Outside-county mention; preserve page wording, correct service-area fields"
https://www.805shutters.com/shades/newbury-park-ca/,$[0].@graph[0].hasOfferCatalog.itemListElement[2].itemOffered.areaServed,"Ventura County, North Los Angeles County, and Santa Clarita","Outside-county mention; preserve page wording, correct service-area fields"
https://www.805shutters.com/shades/newbury-park-ca/,$[0].@graph[0].hasOfferCatalog.itemListElement[3].itemOffered.areaServed,"Ventura County, North Los Angeles County, and Santa Clarita","Outside-county mention; preserve page wording, correct service-area fields"
https://www.805shutters.com/shades/newbury-park-ca/,$[0].@graph[0].hasOfferCatalog.itemListElement[4].itemOffered.areaServed,"Ventura County, North Los Angeles County, and Santa Clarita","Outside-county mention; preserve page wording, correct service-area fields"
https://www.805shutters.com/shades/newbury-park-ca/,$[1].@graph[1].areaServed[7].name,Westlake Village,Explicitly approved Westlake Village; incorporated city is Los Angeles County
https://www.805shutters.com/shades/newbury-park-ca/,$[1].@graph[1].areaServed[14].name,Santa Clarita,"Outside-county mention; preserve page wording, correct service-area fields"
https://www.805shutters.com/blinds/newbury-park-ca/,$[0].@graph[0].contactPoint.areaServed[7].name,Westlake Village,Explicitly approved Westlake Village; incorporated city is Los Angeles County
https://www.805shutters.com/blinds/newbury-park-ca/,$[0].@graph[0].contactPoint.areaServed[14].name,Santa Clarita,"Outside-county mention; preserve page wording, correct service-area fields"
https://www.805shutters.com/blinds/newbury-park-ca/,$[0].@graph[0].areaServed[7].name,Westlake Village,Explicitly approved Westlake Village; incorporated city is Los Angeles County
https://www.805shutters.com/blinds/newbury-park-ca/,$[0].@graph[0].areaServed[14].name,Santa Clarita,"Outside-county mention; preserve page wording, correct service-area fields"
https://www.805shutters.com/blinds/newbury-park-ca/,$[0].@graph[0].serviceArea.name,"Ventura County, North Los Angeles County, and Santa Clarita","Outside-county mention; preserve page wording, correct service-area fields"
https://www.805shutters.com/blinds/newbury-park-ca/,$[0].@graph[0].hasOfferCatalog.itemListElement[0].itemOffered.areaServed,"Ventura County, North Los Angeles County, and Santa Clarita","Outside-county mention; preserve page wording, correct service-area fields"
https://www.805shutters.com/blinds/newbury-park-ca/,$[0].@graph[0].hasOfferCatalog.itemListElement[1].itemOffered.areaServed,"Ventura County, North Los Angeles County, and Santa Clarita","Outside-county mention; preserve page wording, correct service-area fields"
https://www.805shutters.com/blinds/newbury-park-ca/,$[0].@graph[0].hasOfferCatalog.itemListElement[2].itemOffered.areaServed,"Ventura County, North Los Angeles County, and Santa Clarita","Outside-county mention; preserve page wording, correct service-area fields"
https://www.805shutters.com/blinds/newbury-park-ca/,$[0].@graph[0].hasOfferCatalog.itemListElement[3].itemOffered.areaServed,"Ventura County, North Los Angeles County, and Santa Clarita","Outside-county mention; preserve page wording, correct service-area fields"
https://www.805shutters.com/blinds/newbury-park-ca/,$[0].@graph[0].hasOfferCatalog.itemListElement[4].itemOffered.areaServed,"Ventura County, North Los Angeles County, and Santa Clarita","Outside-county mention; preserve page wording, correct service-area fields"
https://www.805shutters.com/blinds/newbury-park-ca/,$[1].@graph[1].areaServed[7].name,Westlake Village,Explicitly approved Westlake Village; incorporated city is Los Angeles County
https://www.805shutters.com/blinds/newbury-park-ca/,$[1].@graph[1].areaServed[14].name,Santa Clarita,"Outside-county mention; preserve page wording, correct service-area fields"
https://www.805shutters.com/drapery/newbury-park-ca/,$[0].@graph[0].contactPoint.areaServed[7].name,Westlake Village,Explicitly approved Westlake Village; incorporated city is Los Angeles County
https://www.805shutters.com/drapery/newbury-park-ca/,$[0].@graph[0].contactPoint.areaServed[14].name,Santa Clarita,"Outside-county mention; preserve page wording, correct service-area fields"
https://www.805shutters.com/drapery/newbury-park-ca/,$[0].@graph[0].areaServed[7].name,Westlake Village,Explicitly approved Westlake Village; incorporated city is Los Angeles County
https://www.805shutters.com/drapery/newbury-park-ca/,$[0].@graph[0].areaServed[14].name,Santa Clarita,"Outside-county mention; preserve page wording, correct service-area fields"
https://www.805shutters.com/drapery/newbury-park-ca/,$[0].@graph[0].serviceArea.name,"Ventura County, North Los Angeles County, and Santa Clarita","Outside-county mention; preserve page wording, correct service-area fields"
https://www.805shutters.com/drapery/newbury-park-ca/,$[0].@graph[0].hasOfferCatalog.itemListElement[0].itemOffered.areaServed,"Ventura County, North Los Angeles County, and Santa Clarita","Outside-county mention; preserve page wording, correct service-area fields"
https://www.805shutters.com/drapery/newbury-park-ca/,$[0].@graph[0].hasOfferCatalog.itemListElement[1].itemOffered.areaServed,"Ventura County, North Los Angeles County, and Santa Clarita","Outside-county mention; preserve page wording, correct service-area fields"
https://www.805shutters.com/drapery/newbury-park-ca/,$[0].@graph[0].hasOfferCatalog.itemListElement[2].itemOffered.areaServed,"Ventura County, North Los Angeles County, and Santa Clarita","Outside-county mention; preserve page wording, correct service-area fields"
https://www.805shutters.com/drapery/newbury-park-ca/,$[0].@graph[0].hasOfferCatalog.itemListElement[3].itemOffered.areaServed,"Ventura County, North Los Angeles County, and Santa Clarita","Outside-county mention; preserve page wording, correct service-area fields"
https://www.805shutters.com/drapery/newbury-park-ca/,$[0].@graph[0].hasOfferCatalog.itemListElement[4].itemOffered.areaServed,"Ventura County, North Los Angeles County, and Santa Clarita","Outside-county mention; preserve page wording, correct service-area fields"
https://www.805shutters.com/drapery/newbury-park-ca/,$[1].@graph[1].areaServed[7].name,Westlake Village,Explicitly approved Westlake Village; incorporated city is Los Angeles County
https://www.805shutters.com/drapery/newbury-park-ca/,$[1].@graph[1].areaServed[14].name,Santa Clarita,"Outside-county mention; preserve page wording, correct service-area fields"
https://www.805shutters.com/window-coverings/newbury-park-ca/,$[0].@graph[0].contactPoint.areaServed[7].name,Westlake Village,Explicitly approved Westlake Village; incorporated city is Los Angeles County
https://www.805shutters.com/window-coverings/newbury-park-ca/,$[0].@graph[0].contactPoint.areaServed[14].name,Santa Clarita,"Outside-county mention; preserve page wording, correct service-area fields"
https://www.805shutters.com/window-coverings/newbury-park-ca/,$[0].@graph[0].areaServed[7].name,Westlake Village,Explicitly approved Westlake Village; incorporated city is Los Angeles County
https://www.805shutters.com/window-coverings/newbury-park-ca/,$[0].@graph[0].areaServed[14].name,Santa Clarita,"Outside-county mention; preserve page wording, correct service-area fields"
https://www.805shutters.com/window-coverings/newbury-park-ca/,$[0].@graph[0].serviceArea.name,"Ventura County, North Los Angeles County, and Santa Clarita","Outside-county mention; preserve page wording, correct service-area fields"
https://www.805shutters.com/window-coverings/newbury-park-ca/,$[0].@graph[0].hasOfferCatalog.itemListElement[0].itemOffered.areaServed,"Ventura County, North Los Angeles County, and Santa Clarita","Outside-county mention; preserve page wording, correct service-area fields"
https://www.805shutters.com/window-coverings/newbury-park-ca/,$[0].@graph[0].hasOfferCatalog.itemListElement[1].itemOffered.areaServed,"Ventura County, North Los Angeles County, and Santa Clarita","Outside-county mention; preserve page wording, correct service-area fields"
https://www.805shutters.com/window-coverings/newbury-park-ca/,$[0].@graph[0].hasOfferCatalog.itemListElement[2].itemOffered.areaServed,"Ventura County, North Los Angeles County, and Santa Clarita","Outside-county mention; preserve page wording, correct service-area fields"
https://www.805shutters.com/window-coverings/newbury-park-ca/,$[0].@graph[0].hasOfferCatalog.itemListElement[3].itemOffered.areaServed,"Ventura County, North Los Angeles County, and Santa Clarita","Outside-county mention; preserve page wording, correct service-area fields"
https://www.805shutters.com/window-coverings/newbury-park-ca/,$[0].@graph[0].hasOfferCatalog.itemListElement[4].itemOffered.areaServed,"Ventura County, North Los Angeles County, and Santa Clarita","Outside-county mention; preserve page wording, correct service-area fields"
https://www.805shutters.com/window-coverings/newbury-park-ca/,$[1].@graph[1].areaServed[7].name,Westlake Village,Explicitly approved Westlake Village; incorporated city is Los Angeles County
https://www.805shutters.com/window-coverings/newbury-park-ca/,$[1].@graph[1].areaServed[14].name,Santa Clarita,"Outside-county mention; preserve page wording, correct service-area fields"
https://www.805shutters.com/window-treatments/newbury-park-ca/,$[0].@graph[0].contactPoint.areaServed[7].name,Westlake Village,Explicitly approved Westlake Village; incorporated city is Los Angeles County
https://www.805shutters.com/window-treatments/newbury-park-ca/,$[0].@graph[0].contactPoint.areaServed[14].name,Santa Clarita,"Outside-county mention; preserve page wording, correct service-area fields"
https://www.805shutters.com/window-treatments/newbury-park-ca/,$[0].@graph[0].areaServed[7].name,Westlake Village,Explicitly approved Westlake Village; incorporated city is Los Angeles County
https://www.805shutters.com/window-treatments/newbury-park-ca/,$[0].@graph[0].areaServed[14].name,Santa Clarita,"Outside-county mention; preserve page wording, correct service-area fields"
https://www.805shutters.com/window-treatments/newbury-park-ca/,$[0].@graph[0].serviceArea.name,"Ventura County, North Los Angeles County, and Santa Clarita","Outside-county mention; preserve page wording, correct service-area fields"
https://www.805shutters.com/window-treatments/newbury-park-ca/,$[0].@graph[0].hasOfferCatalog.itemListElement[0].itemOffered.areaServed,"Ventura County, North Los Angeles County, and Santa Clarita","Outside-county mention; preserve page wording, correct service-area fields"
https://www.805shutters.com/window-treatments/newbury-park-ca/,$[0].@graph[0].hasOfferCatalog.itemListElement[1].itemOffered.areaServed,"Ventura County, North Los Angeles County, and Santa Clarita","Outside-county mention; preserve page wording, correct service-area fields"
https://www.805shutters.com/window-treatments/newbury-park-ca/,$[0].@graph[0].hasOfferCatalog.itemListElement[2].itemOffered.areaServed,"Ventura County, North Los Angeles County, and Santa Clarita","Outside-county mention; preserve page wording, correct service-area fields"
https://www.805shutters.com/window-treatments/newbury-park-ca/,$[0].@graph[0].hasOfferCatalog.itemListElement[3].itemOffered.areaServed,"Ventura County, North Los Angeles County, and Santa Clarita","Outside-county mention; preserve page wording, correct service-area fields"
https://www.805shutters.com/window-treatments/newbury-park-ca/,$[0].@graph[0].hasOfferCatalog.itemListElement[4].itemOffered.areaServed,"Ventura County, North Los Angeles County, and Santa Clarita","Outside-county mention; preserve page wording, correct service-area fields"
https://www.805shutters.com/window-treatments/newbury-park-ca/,$[1].@graph[1].areaServed[7].name,Westlake Village,Explicitly approved Westlake Village; incorporated city is Los Angeles County
https://www.805shutters.com/window-treatments/newbury-park-ca/,$[1].@graph[1].areaServed[14].name,Santa Clarita,"Outside-county mention; preserve page wording, correct service-area fields"
https://www.805shutters.com/shutters/oak-park/,$[0].@graph[0].contactPoint.areaServed[7].name,Westlake Village,Explicitly approved Westlake Village; incorporated city is Los Angeles County
https://www.805shutters.com/shutters/oak-park/,$[0].@graph[0].contactPoint.areaServed[14].name,Santa Clarita,"Outside-county mention; preserve page wording, correct service-area fields"
https://www.805shutters.com/shutters/oak-park/,$[0].@graph[0].areaServed[7].name,Westlake Village,Explicitly approved Westlake Village; incorporated city is Los Angeles County
https://www.805shutters.com/shutters/oak-park/,$[0].@graph[0].areaServed[14].name,Santa Clarita,"Outside-county mention; preserve page wording, correct service-area fields"
https://www.805shutters.com/shutters/oak-park/,$[0].@graph[0].serviceArea.name,"Ventura County, North Los Angeles County, and Santa Clarita","Outside-county mention; preserve page wording, correct service-area fields"
https://www.805shutters.com/shutters/oak-park/,$[0].@graph[0].hasOfferCatalog.itemListElement[0].itemOffered.areaServed,"Ventura County, North Los Angeles County, and Santa Clarita","Outside-county mention; preserve page wording, correct service-area fields"
https://www.805shutters.com/shutters/oak-park/,$[0].@graph[0].hasOfferCatalog.itemListElement[1].itemOffered.areaServed,"Ventura County, North Los Angeles County, and Santa Clarita","Outside-county mention; preserve page wording, correct service-area fields"
https://www.805shutters.com/shutters/oak-park/,$[0].@graph[0].hasOfferCatalog.itemListElement[2].itemOffered.areaServed,"Ventura County, North Los Angeles County, and Santa Clarita","Outside-county mention; preserve page wording, correct service-area fields"
https://www.805shutters.com/shutters/oak-park/,$[0].@graph[0].hasOfferCatalog.itemListElement[3].itemOffered.areaServed,"Ventura County, North Los Angeles County, and Santa Clarita","Outside-county mention; preserve page wording, correct service-area fields"
https://www.805shutters.com/shutters/oak-park/,$[0].@graph[0].hasOfferCatalog.itemListElement[4].itemOffered.areaServed,"Ventura County, North Los Angeles County, and Santa Clarita","Outside-county mention; preserve page wording, correct service-area fields"
https://www.805shutters.com/shutters/oak-park/,$[1].@graph[1].areaServed[7].name,Westlake Village,Explicitly approved Westlake Village; incorporated city is Los Angeles County
https://www.805shutters.com/shutters/oak-park/,$[1].@graph[1].areaServed[14].name,Santa Clarita,"Outside-county mention; preserve page wording, correct service-area fields"
https://www.805shutters.com/shades/oak-park-ca/,$[0].@graph[0].contactPoint.areaServed[7].name,Westlake Village,Explicitly approved Westlake Village; incorporated city is Los Angeles County
https://www.805shutters.com/shades/oak-park-ca/,$[0].@graph[0].contactPoint.areaServed[14].name,Santa Clarita,"Outside-county mention; preserve page wording, correct service-area fields"
https://www.805shutters.com/shades/oak-park-ca/,$[0].@graph[0].areaServed[7].name,Westlake Village,Explicitly approved Westlake Village; incorporated city is Los Angeles County
https://www.805shutters.com/shades/oak-park-ca/,$[0].@graph[0].areaServed[14].name,Santa Clarita,"Outside-county mention; preserve page wording, correct service-area fields"
https://www.805shutters.com/shades/oak-park-ca/,$[0].@graph[0].serviceArea.name,"Ventura County, North Los Angeles County, and Santa Clarita","Outside-county mention; preserve page wording, correct service-area fields"
https://www.805shutters.com/shades/oak-park-ca/,$[0].@graph[0].hasOfferCatalog.itemListElement[0].itemOffered.areaServed,"Ventura County, North Los Angeles County, and Santa Clarita","Outside-county mention; preserve page wording, correct service-area fields"
https://www.805shutters.com/shades/oak-park-ca/,$[0].@graph[0].hasOfferCatalog.itemListElement[1].itemOffered.areaServed,"Ventura County, North Los Angeles County, and Santa Clarita","Outside-county mention; preserve page wording, correct service-area fields"
https://www.805shutters.com/shades/oak-park-ca/,$[0].@graph[0].hasOfferCatalog.itemListElement[2].itemOffered.areaServed,"Ventura County, North Los Angeles County, and Santa Clarita","Outside-county mention; preserve page wording, correct service-area fields"
https://www.805shutters.com/shades/oak-park-ca/,$[0].@graph[0].hasOfferCatalog.itemListElement[3].itemOffered.areaServed,"Ventura County, North Los Angeles County, and Santa Clarita","Outside-county mention; preserve page wording, correct service-area fields"
https://www.805shutters.com/shades/oak-park-ca/,$[0].@graph[0].hasOfferCatalog.itemListElement[4].itemOffered.areaServed,"Ventura County, North Los Angeles County, and Santa Clarita","Outside-county mention; preserve page wording, correct service-area fields"
https://www.805shutters.com/shades/oak-park-ca/,$[1].@graph[1].areaServed[7].name,Westlake Village,Explicitly approved Westlake Village; incorporated city is Los Angeles County
https://www.805shutters.com/shades/oak-park-ca/,$[1].@graph[1].areaServed[14].name,Santa Clarita,"Outside-county mention; preserve page wording, correct service-area fields"
https://www.805shutters.com/blinds/oak-park-ca/,$[0].@graph[0].contactPoint.areaServed[7].name,Westlake Village,Explicitly approved Westlake Village; incorporated city is Los Angeles County
https://www.805shutters.com/blinds/oak-park-ca/,$[0].@graph[0].contactPoint.areaServed[14].name,Santa Clarita,"Outside-county mention; preserve page wording, correct service-area fields"
https://www.805shutters.com/blinds/oak-park-ca/,$[0].@graph[0].areaServed[7].name,Westlake Village,Explicitly approved Westlake Village; incorporated city is Los Angeles County
https://www.805shutters.com/blinds/oak-park-ca/,$[0].@graph[0].areaServed[14].name,Santa Clarita,"Outside-county mention; preserve page wording, correct service-area fields"
https://www.805shutters.com/blinds/oak-park-ca/,$[0].@graph[0].serviceArea.name,"Ventura County, North Los Angeles County, and Santa Clarita","Outside-county mention; preserve page wording, correct service-area fields"
https://www.805shutters.com/blinds/oak-park-ca/,$[0].@graph[0].hasOfferCatalog.itemListElement[0].itemOffered.areaServed,"Ventura County, North Los Angeles County, and Santa Clarita","Outside-county mention; preserve page wording, correct service-area fields"
https://www.805shutters.com/blinds/oak-park-ca/,$[0].@graph[0].hasOfferCatalog.itemListElement[1].itemOffered.areaServed,"Ventura County, North Los Angeles County, and Santa Clarita","Outside-county mention; preserve page wording, correct service-area fields"
https://www.805shutters.com/blinds/oak-park-ca/,$[0].@graph[0].hasOfferCatalog.itemListElement[2].itemOffered.areaServed,"Ventura County, North Los Angeles County, and Santa Clarita","Outside-county mention; preserve page wording, correct service-area fields"
https://www.805shutters.com/blinds/oak-park-ca/,$[0].@graph[0].hasOfferCatalog.itemListElement[3].itemOffered.areaServed,"Ventura County, North Los Angeles County, and Santa Clarita","Outside-county mention; preserve page wording, correct service-area fields"
https://www.805shutters.com/blinds/oak-park-ca/,$[0].@graph[0].hasOfferCatalog.itemListElement[4].itemOffered.areaServed,"Ventura County, North Los Angeles County, and Santa Clarita","Outside-county mention; preserve page wording, correct service-area fields"
https://www.805shutters.com/blinds/oak-park-ca/,$[1].@graph[1].areaServed[7].name,Westlake Village,Explicitly approved Westlake Village; incorporated city is Los Angeles County
https://www.805shutters.com/blinds/oak-park-ca/,$[1].@graph[1].areaServed[14].name,Santa Clarita,"Outside-county mention; preserve page wording, correct service-area fields"
https://www.805shutters.com/drapery/oak-park-ca/,$[0].@graph[0].contactPoint.areaServed[7].name,Westlake Village,Explicitly approved Westlake Village; incorporated city is Los Angeles County
https://www.805shutters.com/drapery/oak-park-ca/,$[0].@graph[0].contactPoint.areaServed[14].name,Santa Clarita,"Outside-county mention; preserve page wording, correct service-area fields"
https://www.805shutters.com/drapery/oak-park-ca/,$[0].@graph[0].areaServed[7].name,Westlake Village,Explicitly approved Westlake Village; incorporated city is Los Angeles County
https://www.805shutters.com/drapery/oak-park-ca/,$[0].@graph[0].areaServed[14].name,Santa Clarita,"Outside-county mention; preserve page wording, correct service-area fields"
https://www.805shutters.com/drapery/oak-park-ca/,$[0].@graph[0].serviceArea.name,"Ventura County, North Los Angeles County, and Santa Clarita","Outside-county mention; preserve page wording, correct service-area fields"
https://www.805shutters.com/drapery/oak-park-ca/,$[0].@graph[0].hasOfferCatalog.itemListElement[0].itemOffered.areaServed,"Ventura County, North Los Angeles County, and Santa Clarita","Outside-county mention; preserve page wording, correct service-area fields"
https://www.805shutters.com/drapery/oak-park-ca/,$[0].@graph[0].hasOfferCatalog.itemListElement[1].itemOffered.areaServed,"Ventura County, North Los Angeles County, and Santa Clarita","Outside-county mention; preserve page wording, correct service-area fields"
https://www.805shutters.com/drapery/oak-park-ca/,$[0].@graph[0].hasOfferCatalog.itemListElement[2].itemOffered.areaServed,"Ventura County, North Los Angeles County, and Santa Clarita","Outside-county mention; preserve page wording, correct service-area fields"
https://www.805shutters.com/drapery/oak-park-ca/,$[0].@graph[0].hasOfferCatalog.itemListElement[3].itemOffered.areaServed,"Ventura County, North Los Angeles County, and Santa Clarita","Outside-county mention; preserve page wording, correct service-area fields"
https://www.805shutters.com/drapery/oak-park-ca/,$[0].@graph[0].hasOfferCatalog.itemListElement[4].itemOffered.areaServed,"Ventura County, North Los Angeles County, and Santa Clarita","Outside-county mention; preserve page wording, correct service-area fields"
https://www.805shutters.com/drapery/oak-park-ca/,$[1].@graph[1].areaServed[7].name,Westlake Village,Explicitly approved Westlake Village; incorporated city is Los Angeles County
https://www.805shutters.com/drapery/oak-park-ca/,$[1].@graph[1].areaServed[14].name,Santa Clarita,"Outside-county mention; preserve page wording, correct service-area fields"
https://www.805shutters.com/window-coverings/oak-park-ca/,$[0].@graph[0].contactPoint.areaServed[7].name,Westlake Village,Explicitly approved Westlake Village; incorporated city is Los Angeles County
https://www.805shutters.com/window-coverings/oak-park-ca/,$[0].@graph[0].contactPoint.areaServed[14].name,Santa Clarita,"Outside-county mention; preserve page wording, correct service-area fields"
https://www.805shutters.com/window-coverings/oak-park-ca/,$[0].@graph[0].areaServed[7].name,Westlake Village,Explicitly approved Westlake Village; incorporated city is Los Angeles County
https://www.805shutters.com/window-coverings/oak-park-ca/,$[0].@graph[0].areaServed[14].name,Santa Clarita,"Outside-county mention; preserve page wording, correct service-area fields"
https://www.805shutters.com/window-coverings/oak-park-ca/,$[0].@graph[0].serviceArea.name,"Ventura County, North Los Angeles County, and Santa Clarita","Outside-county mention; preserve page wording, correct service-area fields"
https://www.805shutters.com/window-coverings/oak-park-ca/,$[0].@graph[0].hasOfferCatalog.itemListElement[0].itemOffered.areaServed,"Ventura County, North Los Angeles County, and Santa Clarita","Outside-county mention; preserve page wording, correct service-area fields"
https://www.805shutters.com/window-coverings/oak-park-ca/,$[0].@graph[0].hasOfferCatalog.itemListElement[1].itemOffered.areaServed,"Ventura County, North Los Angeles County, and Santa Clarita","Outside-county mention; preserve page wording, correct service-area fields"
https://www.805shutters.com/window-coverings/oak-park-ca/,$[0].@graph[0].hasOfferCatalog.itemListElement[2].itemOffered.areaServed,"Ventura County, North Los Angeles County, and Santa Clarita","Outside-county mention; preserve page wording, correct service-area fields"
https://www.805shutters.com/window-coverings/oak-park-ca/,$[0].@graph[0].hasOfferCatalog.itemListElement[3].itemOffered.areaServed,"Ventura County, North Los Angeles County, and Santa Clarita","Outside-county mention; preserve page wording, correct service-area fields"
https://www.805shutters.com/window-coverings/oak-park-ca/,$[0].@graph[0].hasOfferCatalog.itemListElement[4].itemOffered.areaServed,"Ventura County, North Los Angeles County, and Santa Clarita","Outside-county mention; preserve page wording, correct service-area fields"
https://www.805shutters.com/window-coverings/oak-park-ca/,$[1].@graph[1].areaServed[7].name,Westlake Village,Explicitly approved Westlake Village; incorporated city is Los Angeles County
https://www.805shutters.com/window-coverings/oak-park-ca/,$[1].@graph[1].areaServed[14].name,Santa Clarita,"Outside-county mention; preserve page wording, correct service-area fields"
https://www.805shutters.com/window-treatments/oak-park-ca/,$[0].@graph[0].contactPoint.areaServed[7].name,Westlake Village,Explicitly approved Westlake Village; incorporated city is Los Angeles County
https://www.805shutters.com/window-treatments/oak-park-ca/,$[0].@graph[0].contactPoint.areaServed[14].name,Santa Clarita,"Outside-county mention; preserve page wording, correct service-area fields"
https://www.805shutters.com/window-treatments/oak-park-ca/,$[0].@graph[0].areaServed[7].name,Westlake Village,Explicitly approved Westlake Village; incorporated city is Los Angeles County
https://www.805shutters.com/window-treatments/oak-park-ca/,$[0].@graph[0].areaServed[14].name,Santa Clarita,"Outside-county mention; preserve page wording, correct service-area fields"
https://www.805shutters.com/window-treatments/oak-park-ca/,$[0].@graph[0].serviceArea.name,"Ventura County, North Los Angeles County, and Santa Clarita","Outside-county mention; preserve page wording, correct service-area fields"
https://www.805shutters.com/window-treatments/oak-park-ca/,$[0].@graph[0].hasOfferCatalog.itemListElement[0].itemOffered.areaServed,"Ventura County, North Los Angeles County, and Santa Clarita","Outside-county mention; preserve page wording, correct service-area fields"
https://www.805shutters.com/window-treatments/oak-park-ca/,$[0].@graph[0].hasOfferCatalog.itemListElement[1].itemOffered.areaServed,"Ventura County, North Los Angeles County, and Santa Clarita","Outside-county mention; preserve page wording, correct service-area fields"
https://www.805shutters.com/window-treatments/oak-park-ca/,$[0].@graph[0].hasOfferCatalog.itemListElement[2].itemOffered.areaServed,"Ventura County, North Los Angeles County, and Santa Clarita","Outside-county mention; preserve page wording, correct service-area fields"
https://www.805shutters.com/window-treatments/oak-park-ca/,$[0].@graph[0].hasOfferCatalog.itemListElement[3].itemOffered.areaServed,"Ventura County, North Los Angeles County, and Santa Clarita","Outside-county mention; preserve page wording, correct service-area fields"
https://www.805shutters.com/window-treatments/oak-park-ca/,$[0].@graph[0].hasOfferCatalog.itemListElement[4].itemOffered.areaServed,"Ventura County, North Los Angeles County, and Santa Clarita","Outside-county mention; preserve page wording, correct service-area fields"
https://www.805shutters.com/window-treatments/oak-park-ca/,$[1].@graph[1].areaServed[7].name,Westlake Village,Explicitly approved Westlake Village; incorporated city is Los Angeles County
https://www.805shutters.com/window-treatments/oak-park-ca/,$[1].@graph[1].areaServed[14].name,Santa Clarita,"Outside-county mention; preserve page wording, correct service-area fields"
https://www.805shutters.com/shutters/ojai/,$[0].@graph[0].contactPoint.areaServed[7].name,Westlake Village,Explicitly approved Westlake Village; incorporated city is Los Angeles County
https://www.805shutters.com/shutters/ojai/,$[0].@graph[0].contactPoint.areaServed[14].name,Santa Clarita,"Outside-county mention; preserve page wording, correct service-area fields"
https://www.805shutters.com/shutters/ojai/,$[0].@graph[0].areaServed[7].name,Westlake Village,Explicitly approved Westlake Village; incorporated city is Los Angeles County
https://www.805shutters.com/shutters/ojai/,$[0].@graph[0].areaServed[14].name,Santa Clarita,"Outside-county mention; preserve page wording, correct service-area fields"
https://www.805shutters.com/shutters/ojai/,$[0].@graph[0].serviceArea.name,"Ventura County, North Los Angeles County, and Santa Clarita","Outside-county mention; preserve page wording, correct service-area fields"
https://www.805shutters.com/shutters/ojai/,$[0].@graph[0].hasOfferCatalog.itemListElement[0].itemOffered.areaServed,"Ventura County, North Los Angeles County, and Santa Clarita","Outside-county mention; preserve page wording, correct service-area fields"
https://www.805shutters.com/shutters/ojai/,$[0].@graph[0].hasOfferCatalog.itemListElement[1].itemOffered.areaServed,"Ventura County, North Los Angeles County, and Santa Clarita","Outside-county mention; preserve page wording, correct service-area fields"
https://www.805shutters.com/shutters/ojai/,$[0].@graph[0].hasOfferCatalog.itemListElement[2].itemOffered.areaServed,"Ventura County, North Los Angeles County, and Santa Clarita","Outside-county mention; preserve page wording, correct service-area fields"
https://www.805shutters.com/shutters/ojai/,$[0].@graph[0].hasOfferCatalog.itemListElement[3].itemOffered.areaServed,"Ventura County, North Los Angeles County, and Santa Clarita","Outside-county mention; preserve page wording, correct service-area fields"
https://www.805shutters.com/shutters/ojai/,$[0].@graph[0].hasOfferCatalog.itemListElement[4].itemOffered.areaServed,"Ventura County, North Los Angeles County, and Santa Clarita","Outside-county mention; preserve page wording, correct service-area fields"
https://www.805shutters.com/shutters/ojai/,$[1].@graph[1].areaServed[7].name,Westlake Village,Explicitly approved Westlake Village; incorporated city is Los Angeles County
https://www.805shutters.com/shutters/ojai/,$[1].@graph[1].areaServed[14].name,Santa Clarita,"Outside-county mention; preserve page wording, correct service-area fields"
https://www.805shutters.com/shades/ojai-ca/,$[0].@graph[0].contactPoint.areaServed[7].name,Westlake Village,Explicitly approved Westlake Village; incorporated city is Los Angeles County
https://www.805shutters.com/shades/ojai-ca/,$[0].@graph[0].contactPoint.areaServed[14].name,Santa Clarita,"Outside-county mention; preserve page wording, correct service-area fields"
https://www.805shutters.com/shades/ojai-ca/,$[0].@graph[0].areaServed[7].name,Westlake Village,Explicitly approved Westlake Village; incorporated city is Los Angeles County
https://www.805shutters.com/shades/ojai-ca/,$[0].@graph[0].areaServed[14].name,Santa Clarita,"Outside-county mention; preserve page wording, correct service-area fields"
https://www.805shutters.com/shades/ojai-ca/,$[0].@graph[0].serviceArea.name,"Ventura County, North Los Angeles County, and Santa Clarita","Outside-county mention; preserve page wording, correct service-area fields"
https://www.805shutters.com/shades/ojai-ca/,$[0].@graph[0].hasOfferCatalog.itemListElement[0].itemOffered.areaServed,"Ventura County, North Los Angeles County, and Santa Clarita","Outside-county mention; preserve page wording, correct service-area fields"
https://www.805shutters.com/shades/ojai-ca/,$[0].@graph[0].hasOfferCatalog.itemListElement[1].itemOffered.areaServed,"Ventura County, North Los Angeles County, and Santa Clarita","Outside-county mention; preserve page wording, correct service-area fields"
https://www.805shutters.com/shades/ojai-ca/,$[0].@graph[0].hasOfferCatalog.itemListElement[2].itemOffered.areaServed,"Ventura County, North Los Angeles County, and Santa Clarita","Outside-county mention; preserve page wording, correct service-area fields"
https://www.805shutters.com/shades/ojai-ca/,$[0].@graph[0].hasOfferCatalog.itemListElement[3].itemOffered.areaServed,"Ventura County, North Los Angeles County, and Santa Clarita","Outside-county mention; preserve page wording, correct service-area fields"
https://www.805shutters.com/shades/ojai-ca/,$[0].@graph[0].hasOfferCatalog.itemListElement[4].itemOffered.areaServed,"Ventura County, North Los Angeles County, and Santa Clarita","Outside-county mention; preserve page wording, correct service-area fields"
https://www.805shutters.com/shades/ojai-ca/,$[1].@graph[1].areaServed[7].name,Westlake Village,Explicitly approved Westlake Village; incorporated city is Los Angeles County
https://www.805shutters.com/shades/ojai-ca/,$[1].@graph[1].areaServed[14].name,Santa Clarita,"Outside-county mention; preserve page wording, correct service-area fields"
https://www.805shutters.com/blinds/ojai-ca/,$[0].@graph[0].contactPoint.areaServed[7].name,Westlake Village,Explicitly approved Westlake Village; incorporated city is Los Angeles County
https://www.805shutters.com/blinds/ojai-ca/,$[0].@graph[0].contactPoint.areaServed[14].name,Santa Clarita,"Outside-county mention; preserve page wording, correct service-area fields"
https://www.805shutters.com/blinds/ojai-ca/,$[0].@graph[0].areaServed[7].name,Westlake Village,Explicitly approved Westlake Village; incorporated city is Los Angeles County
https://www.805shutters.com/blinds/ojai-ca/,$[0].@graph[0].areaServed[14].name,Santa Clarita,"Outside-county mention; preserve page wording, correct service-area fields"
https://www.805shutters.com/blinds/ojai-ca/,$[0].@graph[0].serviceArea.name,"Ventura County, North Los Angeles County, and Santa Clarita","Outside-county mention; preserve page wording, correct service-area fields"
https://www.805shutters.com/blinds/ojai-ca/,$[0].@graph[0].hasOfferCatalog.itemListElement[0].itemOffered.areaServed,"Ventura County, North Los Angeles County, and Santa Clarita","Outside-county mention; preserve page wording, correct service-area fields"
https://www.805shutters.com/blinds/ojai-ca/,$[0].@graph[0].hasOfferCatalog.itemListElement[1].itemOffered.areaServed,"Ventura County, North Los Angeles County, and Santa Clarita","Outside-county mention; preserve page wording, correct service-area fields"
https://www.805shutters.com/blinds/ojai-ca/,$[0].@graph[0].hasOfferCatalog.itemListElement[2].itemOffered.areaServed,"Ventura County, North Los Angeles County, and Santa Clarita","Outside-county mention; preserve page wording, correct service-area fields"
https://www.805shutters.com/blinds/ojai-ca/,$[0].@graph[0].hasOfferCatalog.itemListElement[3].itemOffered.areaServed,"Ventura County, North Los Angeles County, and Santa Clarita","Outside-county mention; preserve page wording, correct service-area fields"
https://www.805shutters.com/blinds/ojai-ca/,$[0].@graph[0].hasOfferCatalog.itemListElement[4].itemOffered.areaServed,"Ventura County, North Los Angeles County, and Santa Clarita","Outside-county mention; preserve page wording, correct service-area fields"
https://www.805shutters.com/blinds/ojai-ca/,$[1].@graph[1].areaServed[7].name,Westlake Village,Explicitly approved Westlake Village; incorporated city is Los Angeles County
https://www.805shutters.com/blinds/ojai-ca/,$[1].@graph[1].areaServed[14].name,Santa Clarita,"Outside-county mention; preserve page wording, correct service-area fields"
https://www.805shutters.com/drapery/ojai-ca/,$[0].@graph[0].contactPoint.areaServed[7].name,Westlake Village,Explicitly approved Westlake Village; incorporated city is Los Angeles County
https://www.805shutters.com/drapery/ojai-ca/,$[0].@graph[0].contactPoint.areaServed[14].name,Santa Clarita,"Outside-county mention; preserve page wording, correct service-area fields"
https://www.805shutters.com/drapery/ojai-ca/,$[0].@graph[0].areaServed[7].name,Westlake Village,Explicitly approved Westlake Village; incorporated city is Los Angeles County
https://www.805shutters.com/drapery/ojai-ca/,$[0].@graph[0].areaServed[14].name,Santa Clarita,"Outside-county mention; preserve page wording, correct service-area fields"
https://www.805shutters.com/drapery/ojai-ca/,$[0].@graph[0].serviceArea.name,"Ventura County, North Los Angeles County, and Santa Clarita","Outside-county mention; preserve page wording, correct service-area fields"
https://www.805shutters.com/drapery/ojai-ca/,$[0].@graph[0].hasOfferCatalog.itemListElement[0].itemOffered.areaServed,"Ventura County, North Los Angeles County, and Santa Clarita","Outside-county mention; preserve page wording, correct service-area fields"
https://www.805shutters.com/drapery/ojai-ca/,$[0].@graph[0].hasOfferCatalog.itemListElement[1].itemOffered.areaServed,"Ventura County, North Los Angeles County, and Santa Clarita","Outside-county mention; preserve page wording, correct service-area fields"
https://www.805shutters.com/drapery/ojai-ca/,$[0].@graph[0].hasOfferCatalog.itemListElement[2].itemOffered.areaServed,"Ventura County, North Los Angeles County, and Santa Clarita","Outside-county mention; preserve page wording, correct service-area fields"
https://www.805shutters.com/drapery/ojai-ca/,$[0].@graph[0].hasOfferCatalog.itemListElement[3].itemOffered.areaServed,"Ventura County, North Los Angeles County, and Santa Clarita","Outside-county mention; preserve page wording, correct service-area fields"
https://www.805shutters.com/drapery/ojai-ca/,$[0].@graph[0].hasOfferCatalog.itemListElement[4].itemOffered.areaServed,"Ventura County, North Los Angeles County, and Santa Clarita","Outside-county mention; preserve page wording, correct service-area fields"
https://www.805shutters.com/drapery/ojai-ca/,$[1].@graph[1].areaServed[7].name,Westlake Village,Explicitly approved Westlake Village; incorporated city is Los Angeles County
https://www.805shutters.com/drapery/ojai-ca/,$[1].@graph[1].areaServed[14].name,Santa Clarita,"Outside-county mention; preserve page wording, correct service-area fields"
https://www.805shutters.com/window-coverings/ojai-ca/,$[0].@graph[0].contactPoint.areaServed[7].name,Westlake Village,Explicitly approved Westlake Village; incorporated city is Los Angeles County
https://www.805shutters.com/window-coverings/ojai-ca/,$[0].@graph[0].contactPoint.areaServed[14].name,Santa Clarita,"Outside-county mention; preserve page wording, correct service-area fields"
https://www.805shutters.com/window-coverings/ojai-ca/,$[0].@graph[0].areaServed[7].name,Westlake Village,Explicitly approved Westlake Village; incorporated city is Los Angeles County
https://www.805shutters.com/window-coverings/ojai-ca/,$[0].@graph[0].areaServed[14].name,Santa Clarita,"Outside-county mention; preserve page wording, correct service-area fields"
https://www.805shutters.com/window-coverings/ojai-ca/,$[0].@graph[0].serviceArea.name,"Ventura County, North Los Angeles County, and Santa Clarita","Outside-county mention; preserve page wording, correct service-area fields"
https://www.805shutters.com/window-coverings/ojai-ca/,$[0].@graph[0].hasOfferCatalog.itemListElement[0].itemOffered.areaServed,"Ventura County, North Los Angeles County, and Santa Clarita","Outside-county mention; preserve page wording, correct service-area fields"
https://www.805shutters.com/window-coverings/ojai-ca/,$[0].@graph[0].hasOfferCatalog.itemListElement[1].itemOffered.areaServed,"Ventura County, North Los Angeles County, and Santa Clarita","Outside-county mention; preserve page wording, correct service-area fields"
https://www.805shutters.com/window-coverings/ojai-ca/,$[0].@graph[0].hasOfferCatalog.itemListElement[2].itemOffered.areaServed,"Ventura County, North Los Angeles County, and Santa Clarita","Outside-county mention; preserve page wording, correct service-area fields"
https://www.805shutters.com/window-coverings/ojai-ca/,$[0].@graph[0].hasOfferCatalog.itemListElement[3].itemOffered.areaServed,"Ventura County, North Los Angeles County, and Santa Clarita","Outside-county mention; preserve page wording, correct service-area fields"
https://www.805shutters.com/window-coverings/ojai-ca/,$[0].@graph[0].hasOfferCatalog.itemListElement[4].itemOffered.areaServed,"Ventura County, North Los Angeles County, and Santa Clarita","Outside-county mention; preserve page wording, correct service-area fields"
https://www.805shutters.com/window-coverings/ojai-ca/,$[1].@graph[1].areaServed[7].name,Westlake Village,Explicitly approved Westlake Village; incorporated city is Los Angeles County
https://www.805shutters.com/window-coverings/ojai-ca/,$[1].@graph[1].areaServed[14].name,Santa Clarita,"Outside-county mention; preserve page wording, correct service-area fields"
https://www.805shutters.com/window-treatments/ojai-ca/,$[0].@graph[0].contactPoint.areaServed[7].name,Westlake Village,Explicitly approved Westlake Village; incorporated city is Los Angeles County
https://www.805shutters.com/window-treatments/ojai-ca/,$[0].@graph[0].contactPoint.areaServed[14].name,Santa Clarita,"Outside-county mention; preserve page wording, correct service-area fields"
https://www.805shutters.com/window-treatments/ojai-ca/,$[0].@graph[0].areaServed[7].name,Westlake Village,Explicitly approved Westlake Village; incorporated city is Los Angeles County
https://www.805shutters.com/window-treatments/ojai-ca/,$[0].@graph[0].areaServed[14].name,Santa Clarita,"Outside-county mention; preserve page wording, correct service-area fields"
https://www.805shutters.com/window-treatments/ojai-ca/,$[0].@graph[0].serviceArea.name,"Ventura County, North Los Angeles County, and Santa Clarita","Outside-county mention; preserve page wording, correct service-area fields"
https://www.805shutters.com/window-treatments/ojai-ca/,$[0].@graph[0].hasOfferCatalog.itemListElement[0].itemOffered.areaServed,"Ventura County, North Los Angeles County, and Santa Clarita","Outside-county mention; preserve page wording, correct service-area fields"
https://www.805shutters.com/window-treatments/ojai-ca/,$[0].@graph[0].hasOfferCatalog.itemListElement[1].itemOffered.areaServed,"Ventura County, North Los Angeles County, and Santa Clarita","Outside-county mention; preserve page wording, correct service-area fields"
https://www.805shutters.com/window-treatments/ojai-ca/,$[0].@graph[0].hasOfferCatalog.itemListElement[2].itemOffered.areaServed,"Ventura County, North Los Angeles County, and Santa Clarita","Outside-county mention; preserve page wording, correct service-area fields"
https://www.805shutters.com/window-treatments/ojai-ca/,$[0].@graph[0].hasOfferCatalog.itemListElement[3].itemOffered.areaServed,"Ventura County, North Los Angeles County, and Santa Clarita","Outside-county mention; preserve page wording, correct service-area fields"
https://www.805shutters.com/window-treatments/ojai-ca/,$[0].@graph[0].hasOfferCatalog.itemListElement[4].itemOffered.areaServed,"Ventura County, North Los Angeles County, and Santa Clarita","Outside-county mention; preserve page wording, correct service-area fields"
https://www.805shutters.com/window-treatments/ojai-ca/,$[1].@graph[1].areaServed[7].name,Westlake Village,Explicitly approved Westlake Village; incorporated city is Los Angeles County
https://www.805shutters.com/window-treatments/ojai-ca/,$[1].@graph[1].areaServed[14].name,Santa Clarita,"Outside-county mention; preserve page wording, correct service-area fields"
https://www.805shutters.com/shutters/oxnard/,$[0].@graph[0].contactPoint.areaServed[7].name,Westlake Village,Explicitly approved Westlake Village; incorporated city is Los Angeles County
https://www.805shutters.com/shutters/oxnard/,$[0].@graph[0].contactPoint.areaServed[14].name,Santa Clarita,"Outside-county mention; preserve page wording, correct service-area fields"
https://www.805shutters.com/shutters/oxnard/,$[0].@graph[0].areaServed[7].name,Westlake Village,Explicitly approved Westlake Village; incorporated city is Los Angeles County
https://www.805shutters.com/shutters/oxnard/,$[0].@graph[0].areaServed[14].name,Santa Clarita,"Outside-county mention; preserve page wording, correct service-area fields"
https://www.805shutters.com/shutters/oxnard/,$[0].@graph[0].serviceArea.name,"Ventura County, North Los Angeles County, and Santa Clarita","Outside-county mention; preserve page wording, correct service-area fields"
https://www.805shutters.com/shutters/oxnard/,$[0].@graph[0].hasOfferCatalog.itemListElement[0].itemOffered.areaServed,"Ventura County, North Los Angeles County, and Santa Clarita","Outside-county mention; preserve page wording, correct service-area fields"
https://www.805shutters.com/shutters/oxnard/,$[0].@graph[0].hasOfferCatalog.itemListElement[1].itemOffered.areaServed,"Ventura County, North Los Angeles County, and Santa Clarita","Outside-county mention; preserve page wording, correct service-area fields"
https://www.805shutters.com/shutters/oxnard/,$[0].@graph[0].hasOfferCatalog.itemListElement[2].itemOffered.areaServed,"Ventura County, North Los Angeles County, and Santa Clarita","Outside-county mention; preserve page wording, correct service-area fields"
https://www.805shutters.com/shutters/oxnard/,$[0].@graph[0].hasOfferCatalog.itemListElement[3].itemOffered.areaServed,"Ventura County, North Los Angeles County, and Santa Clarita","Outside-county mention; preserve page wording, correct service-area fields"
https://www.805shutters.com/shutters/oxnard/,$[0].@graph[0].hasOfferCatalog.itemListElement[4].itemOffered.areaServed,"Ventura County, North Los Angeles County, and Santa Clarita","Outside-county mention; preserve page wording, correct service-area fields"
https://www.805shutters.com/shutters/oxnard/,$[1].@graph[1].areaServed[7].name,Westlake Village,Explicitly approved Westlake Village; incorporated city is Los Angeles County
https://www.805shutters.com/shutters/oxnard/,$[1].@graph[1].areaServed[14].name,Santa Clarita,"Outside-county mention; preserve page wording, correct service-area fields"
https://www.805shutters.com/shades/oxnard-ca/,$[0].@graph[0].contactPoint.areaServed[7].name,Westlake Village,Explicitly approved Westlake Village; incorporated city is Los Angeles County
https://www.805shutters.com/shades/oxnard-ca/,$[0].@graph[0].contactPoint.areaServed[14].name,Santa Clarita,"Outside-county mention; preserve page wording, correct service-area fields"
https://www.805shutters.com/shades/oxnard-ca/,$[0].@graph[0].areaServed[7].name,Westlake Village,Explicitly approved Westlake Village; incorporated city is Los Angeles County
https://www.805shutters.com/shades/oxnard-ca/,$[0].@graph[0].areaServed[14].name,Santa Clarita,"Outside-county mention; preserve page wording, correct service-area fields"
https://www.805shutters.com/shades/oxnard-ca/,$[0].@graph[0].serviceArea.name,"Ventura County, North Los Angeles County, and Santa Clarita","Outside-county mention; preserve page wording, correct service-area fields"
https://www.805shutters.com/shades/oxnard-ca/,$[0].@graph[0].hasOfferCatalog.itemListElement[0].itemOffered.areaServed,"Ventura County, North Los Angeles County, and Santa Clarita","Outside-county mention; preserve page wording, correct service-area fields"
https://www.805shutters.com/shades/oxnard-ca/,$[0].@graph[0].hasOfferCatalog.itemListElement[1].itemOffered.areaServed,"Ventura County, North Los Angeles County, and Santa Clarita","Outside-county mention; preserve page wording, correct service-area fields"
https://www.805shutters.com/shades/oxnard-ca/,$[0].@graph[0].hasOfferCatalog.itemListElement[2].itemOffered.areaServed,"Ventura County, North Los Angeles County, and Santa Clarita","Outside-county mention; preserve page wording, correct service-area fields"
https://www.805shutters.com/shades/oxnard-ca/,$[0].@graph[0].hasOfferCatalog.itemListElement[3].itemOffered.areaServed,"Ventura County, North Los Angeles County, and Santa Clarita","Outside-county mention; preserve page wording, correct service-area fields"
https://www.805shutters.com/shades/oxnard-ca/,$[0].@graph[0].hasOfferCatalog.itemListElement[4].itemOffered.areaServed,"Ventura County, North Los Angeles County, and Santa Clarita","Outside-county mention; preserve page wording, correct service-area fields"
https://www.805shutters.com/shades/oxnard-ca/,$[1].@graph[1].areaServed[7].name,Westlake Village,Explicitly approved Westlake Village; incorporated city is Los Angeles County
https://www.805shutters.com/shades/oxnard-ca/,$[1].@graph[1].areaServed[14].name,Santa Clarita,"Outside-county mention; preserve page wording, correct service-area fields"
https://www.805shutters.com/blinds/oxnard-ca/,$[0].@graph[0].contactPoint.areaServed[7].name,Westlake Village,Explicitly approved Westlake Village; incorporated city is Los Angeles County
https://www.805shutters.com/blinds/oxnard-ca/,$[0].@graph[0].contactPoint.areaServed[14].name,Santa Clarita,"Outside-county mention; preserve page wording, correct service-area fields"
https://www.805shutters.com/blinds/oxnard-ca/,$[0].@graph[0].areaServed[7].name,Westlake Village,Explicitly approved Westlake Village; incorporated city is Los Angeles County
https://www.805shutters.com/blinds/oxnard-ca/,$[0].@graph[0].areaServed[14].name,Santa Clarita,"Outside-county mention; preserve page wording, correct service-area fields"
https://www.805shutters.com/blinds/oxnard-ca/,$[0].@graph[0].serviceArea.name,"Ventura County, North Los Angeles County, and Santa Clarita","Outside-county mention; preserve page wording, correct service-area fields"
https://www.805shutters.com/blinds/oxnard-ca/,$[0].@graph[0].hasOfferCatalog.itemListElement[0].itemOffered.areaServed,"Ventura County, North Los Angeles County, and Santa Clarita","Outside-county mention; preserve page wording, correct service-area fields"
https://www.805shutters.com/blinds/oxnard-ca/,$[0].@graph[0].hasOfferCatalog.itemListElement[1].itemOffered.areaServed,"Ventura County, North Los Angeles County, and Santa Clarita","Outside-county mention; preserve page wording, correct service-area fields"
https://www.805shutters.com/blinds/oxnard-ca/,$[0].@graph[0].hasOfferCatalog.itemListElement[2].itemOffered.areaServed,"Ventura County, North Los Angeles County, and Santa Clarita","Outside-county mention; preserve page wording, correct service-area fields"
https://www.805shutters.com/blinds/oxnard-ca/,$[0].@graph[0].hasOfferCatalog.itemListElement[3].itemOffered.areaServed,"Ventura County, North Los Angeles County, and Santa Clarita","Outside-county mention; preserve page wording, correct service-area fields"
https://www.805shutters.com/blinds/oxnard-ca/,$[0].@graph[0].hasOfferCatalog.itemListElement[4].itemOffered.areaServed,"Ventura County, North Los Angeles County, and Santa Clarita","Outside-county mention; preserve page wording, correct service-area fields"
https://www.805shutters.com/blinds/oxnard-ca/,$[1].@graph[1].areaServed[7].name,Westlake Village,Explicitly approved Westlake Village; incorporated city is Los Angeles County
https://www.805shutters.com/blinds/oxnard-ca/,$[1].@graph[1].areaServed[14].name,Santa Clarita,"Outside-county mention; preserve page wording, correct service-area fields"
https://www.805shutters.com/drapery/oxnard-ca/,$[0].@graph[0].contactPoint.areaServed[7].name,Westlake Village,Explicitly approved Westlake Village; incorporated city is Los Angeles County
https://www.805shutters.com/drapery/oxnard-ca/,$[0].@graph[0].contactPoint.areaServed[14].name,Santa Clarita,"Outside-county mention; preserve page wording, correct service-area fields"
https://www.805shutters.com/drapery/oxnard-ca/,$[0].@graph[0].areaServed[7].name,Westlake Village,Explicitly approved Westlake Village; incorporated city is Los Angeles County
https://www.805shutters.com/drapery/oxnard-ca/,$[0].@graph[0].areaServed[14].name,Santa Clarita,"Outside-county mention; preserve page wording, correct service-area fields"
https://www.805shutters.com/drapery/oxnard-ca/,$[0].@graph[0].serviceArea.name,"Ventura County, North Los Angeles County, and Santa Clarita","Outside-county mention; preserve page wording, correct service-area fields"
https://www.805shutters.com/drapery/oxnard-ca/,$[0].@graph[0].hasOfferCatalog.itemListElement[0].itemOffered.areaServed,"Ventura County, North Los Angeles County, and Santa Clarita","Outside-county mention; preserve page wording, correct service-area fields"
https://www.805shutters.com/drapery/oxnard-ca/,$[0].@graph[0].hasOfferCatalog.itemListElement[1].itemOffered.areaServed,"Ventura County, North Los Angeles County, and Santa Clarita","Outside-county mention; preserve page wording, correct service-area fields"
https://www.805shutters.com/drapery/oxnard-ca/,$[0].@graph[0].hasOfferCatalog.itemListElement[2].itemOffered.areaServed,"Ventura County, North Los Angeles County, and Santa Clarita","Outside-county mention; preserve page wording, correct service-area fields"
https://www.805shutters.com/drapery/oxnard-ca/,$[0].@graph[0].hasOfferCatalog.itemListElement[3].itemOffered.areaServed,"Ventura County, North Los Angeles County, and Santa Clarita","Outside-county mention; preserve page wording, correct service-area fields"
https://www.805shutters.com/drapery/oxnard-ca/,$[0].@graph[0].hasOfferCatalog.itemListElement[4].itemOffered.areaServed,"Ventura County, North Los Angeles County, and Santa Clarita","Outside-county mention; preserve page wording, correct service-area fields"
https://www.805shutters.com/drapery/oxnard-ca/,$[1].@graph[1].areaServed[7].name,Westlake Village,Explicitly approved Westlake Village; incorporated city is Los Angeles County
https://www.805shutters.com/drapery/oxnard-ca/,$[1].@graph[1].areaServed[14].name,Santa Clarita,"Outside-county mention; preserve page wording, correct service-area fields"
https://www.805shutters.com/window-coverings/oxnard-ca/,$[0].@graph[0].contactPoint.areaServed[7].name,Westlake Village,Explicitly approved Westlake Village; incorporated city is Los Angeles County
https://www.805shutters.com/window-coverings/oxnard-ca/,$[0].@graph[0].contactPoint.areaServed[14].name,Santa Clarita,"Outside-county mention; preserve page wording, correct service-area fields"
https://www.805shutters.com/window-coverings/oxnard-ca/,$[0].@graph[0].areaServed[7].name,Westlake Village,Explicitly approved Westlake Village; incorporated city is Los Angeles County
https://www.805shutters.com/window-coverings/oxnard-ca/,$[0].@graph[0].areaServed[14].name,Santa Clarita,"Outside-county mention; preserve page wording, correct service-area fields"
https://www.805shutters.com/window-coverings/oxnard-ca/,$[0].@graph[0].serviceArea.name,"Ventura County, North Los Angeles County, and Santa Clarita","Outside-county mention; preserve page wording, correct service-area fields"
https://www.805shutters.com/window-coverings/oxnard-ca/,$[0].@graph[0].hasOfferCatalog.itemListElement[0].itemOffered.areaServed,"Ventura County, North Los Angeles County, and Santa Clarita","Outside-county mention; preserve page wording, correct service-area fields"
https://www.805shutters.com/window-coverings/oxnard-ca/,$[0].@graph[0].hasOfferCatalog.itemListElement[1].itemOffered.areaServed,"Ventura County, North Los Angeles County, and Santa Clarita","Outside-county mention; preserve page wording, correct service-area fields"
https://www.805shutters.com/window-coverings/oxnard-ca/,$[0].@graph[0].hasOfferCatalog.itemListElement[2].itemOffered.areaServed,"Ventura County, North Los Angeles County, and Santa Clarita","Outside-county mention; preserve page wording, correct service-area fields"
https://www.805shutters.com/window-coverings/oxnard-ca/,$[0].@graph[0].hasOfferCatalog.itemListElement[3].itemOffered.areaServed,"Ventura County, North Los Angeles County, and Santa Clarita","Outside-county mention; preserve page wording, correct service-area fields"
https://www.805shutters.com/window-coverings/oxnard-ca/,$[0].@graph[0].hasOfferCatalog.itemListElement[4].itemOffered.areaServed,"Ventura County, North Los Angeles County, and Santa Clarita","Outside-county mention; preserve page wording, correct service-area fields"
https://www.805shutters.com/window-coverings/oxnard-ca/,$[1].@graph[1].areaServed[7].name,Westlake Village,Explicitly approved Westlake Village; incorporated city is Los Angeles County
https://www.805shutters.com/window-coverings/oxnard-ca/,$[1].@graph[1].areaServed[14].name,Santa Clarita,"Outside-county mention; preserve page wording, correct service-area fields"
https://www.805shutters.com/window-treatments/oxnard-ca/,$[0].@graph[0].contactPoint.areaServed[7].name,Westlake Village,Explicitly approved Westlake Village; incorporated city is Los Angeles County
https://www.805shutters.com/window-treatments/oxnard-ca/,$[0].@graph[0].contactPoint.areaServed[14].name,Santa Clarita,"Outside-county mention; preserve page wording, correct service-area fields"
https://www.805shutters.com/window-treatments/oxnard-ca/,$[0].@graph[0].areaServed[7].name,Westlake Village,Explicitly approved Westlake Village; incorporated city is Los Angeles County
https://www.805shutters.com/window-treatments/oxnard-ca/,$[0].@graph[0].areaServed[14].name,Santa Clarita,"Outside-county mention; preserve page wording, correct service-area fields"
https://www.805shutters.com/window-treatments/oxnard-ca/,$[0].@graph[0].serviceArea.name,"Ventura County, North Los Angeles County, and Santa Clarita","Outside-county mention; preserve page wording, correct service-area fields"
https://www.805shutters.com/window-treatments/oxnard-ca/,$[0].@graph[0].hasOfferCatalog.itemListElement[0].itemOffered.areaServed,"Ventura County, North Los Angeles County, and Santa Clarita","Outside-county mention; preserve page wording, correct service-area fields"
https://www.805shutters.com/window-treatments/oxnard-ca/,$[0].@graph[0].hasOfferCatalog.itemListElement[1].itemOffered.areaServed,"Ventura County, North Los Angeles County, and Santa Clarita","Outside-county mention; preserve page wording, correct service-area fields"
https://www.805shutters.com/window-treatments/oxnard-ca/,$[0].@graph[0].hasOfferCatalog.itemListElement[2].itemOffered.areaServed,"Ventura County, North Los Angeles County, and Santa Clarita","Outside-county mention; preserve page wording, correct service-area fields"
https://www.805shutters.com/window-treatments/oxnard-ca/,$[0].@graph[0].hasOfferCatalog.itemListElement[3].itemOffered.areaServed,"Ventura County, North Los Angeles County, and Santa Clarita","Outside-county mention; preserve page wording, correct service-area fields"
https://www.805shutters.com/window-treatments/oxnard-ca/,$[0].@graph[0].hasOfferCatalog.itemListElement[4].itemOffered.areaServed,"Ventura County, North Los Angeles County, and Santa Clarita","Outside-county mention; preserve page wording, correct service-area fields"
https://www.805shutters.com/window-treatments/oxnard-ca/,$[1].@graph[1].areaServed[7].name,Westlake Village,Explicitly approved Westlake Village; incorporated city is Los Angeles County
https://www.805shutters.com/window-treatments/oxnard-ca/,$[1].@graph[1].areaServed[14].name,Santa Clarita,"Outside-county mention; preserve page wording, correct service-area fields"
https://www.805shutters.com/shutters/port-hueneme/,$[0].@graph[0].contactPoint.areaServed[7].name,Westlake Village,Explicitly approved Westlake Village; incorporated city is Los Angeles County
https://www.805shutters.com/shutters/port-hueneme/,$[0].@graph[0].contactPoint.areaServed[14].name,Santa Clarita,"Outside-county mention; preserve page wording, correct service-area fields"
https://www.805shutters.com/shutters/port-hueneme/,$[0].@graph[0].areaServed[7].name,Westlake Village,Explicitly approved Westlake Village; incorporated city is Los Angeles County
https://www.805shutters.com/shutters/port-hueneme/,$[0].@graph[0].areaServed[14].name,Santa Clarita,"Outside-county mention; preserve page wording, correct service-area fields"
https://www.805shutters.com/shutters/port-hueneme/,$[0].@graph[0].serviceArea.name,"Ventura County, North Los Angeles County, and Santa Clarita","Outside-county mention; preserve page wording, correct service-area fields"
https://www.805shutters.com/shutters/port-hueneme/,$[0].@graph[0].hasOfferCatalog.itemListElement[0].itemOffered.areaServed,"Ventura County, North Los Angeles County, and Santa Clarita","Outside-county mention; preserve page wording, correct service-area fields"
https://www.805shutters.com/shutters/port-hueneme/,$[0].@graph[0].hasOfferCatalog.itemListElement[1].itemOffered.areaServed,"Ventura County, North Los Angeles County, and Santa Clarita","Outside-county mention; preserve page wording, correct service-area fields"
https://www.805shutters.com/shutters/port-hueneme/,$[0].@graph[0].hasOfferCatalog.itemListElement[2].itemOffered.areaServed,"Ventura County, North Los Angeles County, and Santa Clarita","Outside-county mention; preserve page wording, correct service-area fields"
https://www.805shutters.com/shutters/port-hueneme/,$[0].@graph[0].hasOfferCatalog.itemListElement[3].itemOffered.areaServed,"Ventura County, North Los Angeles County, and Santa Clarita","Outside-county mention; preserve page wording, correct service-area fields"
https://www.805shutters.com/shutters/port-hueneme/,$[0].@graph[0].hasOfferCatalog.itemListElement[4].itemOffered.areaServed,"Ventura County, North Los Angeles County, and Santa Clarita","Outside-county mention; preserve page wording, correct service-area fields"
https://www.805shutters.com/shutters/port-hueneme/,$[1].@graph[1].areaServed[7].name,Westlake Village,Explicitly approved Westlake Village; incorporated city is Los Angeles County
https://www.805shutters.com/shutters/port-hueneme/,$[1].@graph[1].areaServed[14].name,Santa Clarita,"Outside-county mention; preserve page wording, correct service-area fields"
https://www.805shutters.com/shades/port-hueneme-ca/,$[0].@graph[0].contactPoint.areaServed[7].name,Westlake Village,Explicitly approved Westlake Village; incorporated city is Los Angeles County
https://www.805shutters.com/shades/port-hueneme-ca/,$[0].@graph[0].contactPoint.areaServed[14].name,Santa Clarita,"Outside-county mention; preserve page wording, correct service-area fields"
https://www.805shutters.com/shades/port-hueneme-ca/,$[0].@graph[0].areaServed[7].name,Westlake Village,Explicitly approved Westlake Village; incorporated city is Los Angeles County
https://www.805shutters.com/shades/port-hueneme-ca/,$[0].@graph[0].areaServed[14].name,Santa Clarita,"Outside-county mention; preserve page wording, correct service-area fields"
https://www.805shutters.com/shades/port-hueneme-ca/,$[0].@graph[0].serviceArea.name,"Ventura County, North Los Angeles County, and Santa Clarita","Outside-county mention; preserve page wording, correct service-area fields"
https://www.805shutters.com/shades/port-hueneme-ca/,$[0].@graph[0].hasOfferCatalog.itemListElement[0].itemOffered.areaServed,"Ventura County, North Los Angeles County, and Santa Clarita","Outside-county mention; preserve page wording, correct service-area fields"
https://www.805shutters.com/shades/port-hueneme-ca/,$[0].@graph[0].hasOfferCatalog.itemListElement[1].itemOffered.areaServed,"Ventura County, North Los Angeles County, and Santa Clarita","Outside-county mention; preserve page wording, correct service-area fields"
https://www.805shutters.com/shades/port-hueneme-ca/,$[0].@graph[0].hasOfferCatalog.itemListElement[2].itemOffered.areaServed,"Ventura County, North Los Angeles County, and Santa Clarita","Outside-county mention; preserve page wording, correct service-area fields"
https://www.805shutters.com/shades/port-hueneme-ca/,$[0].@graph[0].hasOfferCatalog.itemListElement[3].itemOffered.areaServed,"Ventura County, North Los Angeles County, and Santa Clarita","Outside-county mention; preserve page wording, correct service-area fields"
https://www.805shutters.com/shades/port-hueneme-ca/,$[0].@graph[0].hasOfferCatalog.itemListElement[4].itemOffered.areaServed,"Ventura County, North Los Angeles County, and Santa Clarita","Outside-county mention; preserve page wording, correct service-area fields"
https://www.805shutters.com/shades/port-hueneme-ca/,$[1].@graph[1].areaServed[7].name,Westlake Village,Explicitly approved Westlake Village; incorporated city is Los Angeles County
https://www.805shutters.com/shades/port-hueneme-ca/,$[1].@graph[1].areaServed[14].name,Santa Clarita,"Outside-county mention; preserve page wording, correct service-area fields"
https://www.805shutters.com/blinds/port-hueneme-ca/,$[0].@graph[0].contactPoint.areaServed[7].name,Westlake Village,Explicitly approved Westlake Village; incorporated city is Los Angeles County
https://www.805shutters.com/blinds/port-hueneme-ca/,$[0].@graph[0].contactPoint.areaServed[14].name,Santa Clarita,"Outside-county mention; preserve page wording, correct service-area fields"
https://www.805shutters.com/blinds/port-hueneme-ca/,$[0].@graph[0].areaServed[7].name,Westlake Village,Explicitly approved Westlake Village; incorporated city is Los Angeles County
https://www.805shutters.com/blinds/port-hueneme-ca/,$[0].@graph[0].areaServed[14].name,Santa Clarita,"Outside-county mention; preserve page wording, correct service-area fields"
https://www.805shutters.com/blinds/port-hueneme-ca/,$[0].@graph[0].serviceArea.name,"Ventura County, North Los Angeles County, and Santa Clarita","Outside-county mention; preserve page wording, correct service-area fields"
https://www.805shutters.com/blinds/port-hueneme-ca/,$[0].@graph[0].hasOfferCatalog.itemListElement[0].itemOffered.areaServed,"Ventura County, North Los Angeles County, and Santa Clarita","Outside-county mention; preserve page wording, correct service-area fields"
https://www.805shutters.com/blinds/port-hueneme-ca/,$[0].@graph[0].hasOfferCatalog.itemListElement[1].itemOffered.areaServed,"Ventura County, North Los Angeles County, and Santa Clarita","Outside-county mention; preserve page wording, correct service-area fields"
https://www.805shutters.com/blinds/port-hueneme-ca/,$[0].@graph[0].hasOfferCatalog.itemListElement[2].itemOffered.areaServed,"Ventura County, North Los Angeles County, and Santa Clarita","Outside-county mention; preserve page wording, correct service-area fields"
https://www.805shutters.com/blinds/port-hueneme-ca/,$[0].@graph[0].hasOfferCatalog.itemListElement[3].itemOffered.areaServed,"Ventura County, North Los Angeles County, and Santa Clarita","Outside-county mention; preserve page wording, correct service-area fields"
https://www.805shutters.com/blinds/port-hueneme-ca/,$[0].@graph[0].hasOfferCatalog.itemListElement[4].itemOffered.areaServed,"Ventura County, North Los Angeles County, and Santa Clarita","Outside-county mention; preserve page wording, correct service-area fields"
https://www.805shutters.com/blinds/port-hueneme-ca/,$[1].@graph[1].areaServed[7].name,Westlake Village,Explicitly approved Westlake Village; incorporated city is Los Angeles County
https://www.805shutters.com/blinds/port-hueneme-ca/,$[1].@graph[1].areaServed[14].name,Santa Clarita,"Outside-county mention; preserve page wording, correct service-area fields"
https://www.805shutters.com/drapery/port-hueneme-ca/,$[0].@graph[0].contactPoint.areaServed[7].name,Westlake Village,Explicitly approved Westlake Village; incorporated city is Los Angeles County
https://www.805shutters.com/drapery/port-hueneme-ca/,$[0].@graph[0].contactPoint.areaServed[14].name,Santa Clarita,"Outside-county mention; preserve page wording, correct service-area fields"
https://www.805shutters.com/drapery/port-hueneme-ca/,$[0].@graph[0].areaServed[7].name,Westlake Village,Explicitly approved Westlake Village; incorporated city is Los Angeles County
https://www.805shutters.com/drapery/port-hueneme-ca/,$[0].@graph[0].areaServed[14].name,Santa Clarita,"Outside-county mention; preserve page wording, correct service-area fields"
https://www.805shutters.com/drapery/port-hueneme-ca/,$[0].@graph[0].serviceArea.name,"Ventura County, North Los Angeles County, and Santa Clarita","Outside-county mention; preserve page wording, correct service-area fields"
https://www.805shutters.com/drapery/port-hueneme-ca/,$[0].@graph[0].hasOfferCatalog.itemListElement[0].itemOffered.areaServed,"Ventura County, North Los Angeles County, and Santa Clarita","Outside-county mention; preserve page wording, correct service-area fields"
https://www.805shutters.com/drapery/port-hueneme-ca/,$[0].@graph[0].hasOfferCatalog.itemListElement[1].itemOffered.areaServed,"Ventura County, North Los Angeles County, and Santa Clarita","Outside-county mention; preserve page wording, correct service-area fields"
https://www.805shutters.com/drapery/port-hueneme-ca/,$[0].@graph[0].hasOfferCatalog.itemListElement[2].itemOffered.areaServed,"Ventura County, North Los Angeles County, and Santa Clarita","Outside-county mention; preserve page wording, correct service-area fields"
https://www.805shutters.com/drapery/port-hueneme-ca/,$[0].@graph[0].hasOfferCatalog.itemListElement[3].itemOffered.areaServed,"Ventura County, North Los Angeles County, and Santa Clarita","Outside-county mention; preserve page wording, correct service-area fields"
https://www.805shutters.com/drapery/port-hueneme-ca/,$[0].@graph[0].hasOfferCatalog.itemListElement[4].itemOffered.areaServed,"Ventura County, North Los Angeles County, and Santa Clarita","Outside-county mention; preserve page wording, correct service-area fields"
https://www.805shutters.com/drapery/port-hueneme-ca/,$[1].@graph[1].areaServed[7].name,Westlake Village,Explicitly approved Westlake Village; incorporated city is Los Angeles County
https://www.805shutters.com/drapery/port-hueneme-ca/,$[1].@graph[1].areaServed[14].name,Santa Clarita,"Outside-county mention; preserve page wording, correct service-area fields"
https://www.805shutters.com/window-coverings/port-hueneme-ca/,$[0].@graph[0].contactPoint.areaServed[7].name,Westlake Village,Explicitly approved Westlake Village; incorporated city is Los Angeles County
https://www.805shutters.com/window-coverings/port-hueneme-ca/,$[0].@graph[0].contactPoint.areaServed[14].name,Santa Clarita,"Outside-county mention; preserve page wording, correct service-area fields"
https://www.805shutters.com/window-coverings/port-hueneme-ca/,$[0].@graph[0].areaServed[7].name,Westlake Village,Explicitly approved Westlake Village; incorporated city is Los Angeles County
https://www.805shutters.com/window-coverings/port-hueneme-ca/,$[0].@graph[0].areaServed[14].name,Santa Clarita,"Outside-county mention; preserve page wording, correct service-area fields"
https://www.805shutters.com/window-coverings/port-hueneme-ca/,$[0].@graph[0].serviceArea.name,"Ventura County, North Los Angeles County, and Santa Clarita","Outside-county mention; preserve page wording, correct service-area fields"
https://www.805shutters.com/window-coverings/port-hueneme-ca/,$[0].@graph[0].hasOfferCatalog.itemListElement[0].itemOffered.areaServed,"Ventura County, North Los Angeles County, and Santa Clarita","Outside-county mention; preserve page wording, correct service-area fields"
https://www.805shutters.com/window-coverings/port-hueneme-ca/,$[0].@graph[0].hasOfferCatalog.itemListElement[1].itemOffered.areaServed,"Ventura County, North Los Angeles County, and Santa Clarita","Outside-county mention; preserve page wording, correct service-area fields"
https://www.805shutters.com/window-coverings/port-hueneme-ca/,$[0].@graph[0].hasOfferCatalog.itemListElement[2].itemOffered.areaServed,"Ventura County, North Los Angeles County, and Santa Clarita","Outside-county mention; preserve page wording, correct service-area fields"
https://www.805shutters.com/window-coverings/port-hueneme-ca/,$[0].@graph[0].hasOfferCatalog.itemListElement[3].itemOffered.areaServed,"Ventura County, North Los Angeles County, and Santa Clarita","Outside-county mention; preserve page wording, correct service-area fields"
https://www.805shutters.com/window-coverings/port-hueneme-ca/,$[0].@graph[0].hasOfferCatalog.itemListElement[4].itemOffered.areaServed,"Ventura County, North Los Angeles County, and Santa Clarita","Outside-county mention; preserve page wording, correct service-area fields"
https://www.805shutters.com/window-coverings/port-hueneme-ca/,$[1].@graph[1].areaServed[7].name,Westlake Village,Explicitly approved Westlake Village; incorporated city is Los Angeles County
https://www.805shutters.com/window-coverings/port-hueneme-ca/,$[1].@graph[1].areaServed[14].name,Santa Clarita,"Outside-county mention; preserve page wording, correct service-area fields"
https://www.805shutters.com/window-treatments/port-hueneme-ca/,$[0].@graph[0].contactPoint.areaServed[7].name,Westlake Village,Explicitly approved Westlake Village; incorporated city is Los Angeles County
https://www.805shutters.com/window-treatments/port-hueneme-ca/,$[0].@graph[0].contactPoint.areaServed[14].name,Santa Clarita,"Outside-county mention; preserve page wording, correct service-area fields"
https://www.805shutters.com/window-treatments/port-hueneme-ca/,$[0].@graph[0].areaServed[7].name,Westlake Village,Explicitly approved Westlake Village; incorporated city is Los Angeles County
https://www.805shutters.com/window-treatments/port-hueneme-ca/,$[0].@graph[0].areaServed[14].name,Santa Clarita,"Outside-county mention; preserve page wording, correct service-area fields"
https://www.805shutters.com/window-treatments/port-hueneme-ca/,$[0].@graph[0].serviceArea.name,"Ventura County, North Los Angeles County, and Santa Clarita","Outside-county mention; preserve page wording, correct service-area fields"
https://www.805shutters.com/window-treatments/port-hueneme-ca/,$[0].@graph[0].hasOfferCatalog.itemListElement[0].itemOffered.areaServed,"Ventura County, North Los Angeles County, and Santa Clarita","Outside-county mention; preserve page wording, correct service-area fields"
https://www.805shutters.com/window-treatments/port-hueneme-ca/,$[0].@graph[0].hasOfferCatalog.itemListElement[1].itemOffered.areaServed,"Ventura County, North Los Angeles County, and Santa Clarita","Outside-county mention; preserve page wording, correct service-area fields"
https://www.805shutters.com/window-treatments/port-hueneme-ca/,$[0].@graph[0].hasOfferCatalog.itemListElement[2].itemOffered.areaServed,"Ventura County, North Los Angeles County, and Santa Clarita","Outside-county mention; preserve page wording, correct service-area fields"
https://www.805shutters.com/window-treatments/port-hueneme-ca/,$[0].@graph[0].hasOfferCatalog.itemListElement[3].itemOffered.areaServed,"Ventura County, North Los Angeles County, and Santa Clarita","Outside-county mention; preserve page wording, correct service-area fields"
https://www.805shutters.com/window-treatments/port-hueneme-ca/,$[0].@graph[0].hasOfferCatalog.itemListElement[4].itemOffered.areaServed,"Ventura County, North Los Angeles County, and Santa Clarita","Outside-county mention; preserve page wording, correct service-area fields"
https://www.805shutters.com/window-treatments/port-hueneme-ca/,$[1].@graph[1].areaServed[7].name,Westlake Village,Explicitly approved Westlake Village; incorporated city is Los Angeles County
https://www.805shutters.com/window-treatments/port-hueneme-ca/,$[1].@graph[1].areaServed[14].name,Santa Clarita,"Outside-county mention; preserve page wording, correct service-area fields"
https://www.805shutters.com/shutters/santa-paula/,$[0].@graph[0].contactPoint.areaServed[7].name,Westlake Village,Explicitly approved Westlake Village; incorporated city is Los Angeles County
https://www.805shutters.com/shutters/santa-paula/,$[0].@graph[0].contactPoint.areaServed[14].name,Santa Clarita,"Outside-county mention; preserve page wording, correct service-area fields"
https://www.805shutters.com/shutters/santa-paula/,$[0].@graph[0].areaServed[7].name,Westlake Village,Explicitly approved Westlake Village; incorporated city is Los Angeles County
https://www.805shutters.com/shutters/santa-paula/,$[0].@graph[0].areaServed[14].name,Santa Clarita,"Outside-county mention; preserve page wording, correct service-area fields"
https://www.805shutters.com/shutters/santa-paula/,$[0].@graph[0].serviceArea.name,"Ventura County, North Los Angeles County, and Santa Clarita","Outside-county mention; preserve page wording, correct service-area fields"
https://www.805shutters.com/shutters/santa-paula/,$[0].@graph[0].hasOfferCatalog.itemListElement[0].itemOffered.areaServed,"Ventura County, North Los Angeles County, and Santa Clarita","Outside-county mention; preserve page wording, correct service-area fields"
https://www.805shutters.com/shutters/santa-paula/,$[0].@graph[0].hasOfferCatalog.itemListElement[1].itemOffered.areaServed,"Ventura County, North Los Angeles County, and Santa Clarita","Outside-county mention; preserve page wording, correct service-area fields"
https://www.805shutters.com/shutters/santa-paula/,$[0].@graph[0].hasOfferCatalog.itemListElement[2].itemOffered.areaServed,"Ventura County, North Los Angeles County, and Santa Clarita","Outside-county mention; preserve page wording, correct service-area fields"
https://www.805shutters.com/shutters/santa-paula/,$[0].@graph[0].hasOfferCatalog.itemListElement[3].itemOffered.areaServed,"Ventura County, North Los Angeles County, and Santa Clarita","Outside-county mention; preserve page wording, correct service-area fields"
https://www.805shutters.com/shutters/santa-paula/,$[0].@graph[0].hasOfferCatalog.itemListElement[4].itemOffered.areaServed,"Ventura County, North Los Angeles County, and Santa Clarita","Outside-county mention; preserve page wording, correct service-area fields"
https://www.805shutters.com/shutters/santa-paula/,$[1].@graph[1].areaServed[7].name,Westlake Village,Explicitly approved Westlake Village; incorporated city is Los Angeles County
https://www.805shutters.com/shutters/santa-paula/,$[1].@graph[1].areaServed[14].name,Santa Clarita,"Outside-county mention; preserve page wording, correct service-area fields"
https://www.805shutters.com/shades/santa-paula-ca/,$[0].@graph[0].contactPoint.areaServed[7].name,Westlake Village,Explicitly approved Westlake Village; incorporated city is Los Angeles County
https://www.805shutters.com/shades/santa-paula-ca/,$[0].@graph[0].contactPoint.areaServed[14].name,Santa Clarita,"Outside-county mention; preserve page wording, correct service-area fields"
https://www.805shutters.com/shades/santa-paula-ca/,$[0].@graph[0].areaServed[7].name,Westlake Village,Explicitly approved Westlake Village; incorporated city is Los Angeles County
https://www.805shutters.com/shades/santa-paula-ca/,$[0].@graph[0].areaServed[14].name,Santa Clarita,"Outside-county mention; preserve page wording, correct service-area fields"
https://www.805shutters.com/shades/santa-paula-ca/,$[0].@graph[0].serviceArea.name,"Ventura County, North Los Angeles County, and Santa Clarita","Outside-county mention; preserve page wording, correct service-area fields"
https://www.805shutters.com/shades/santa-paula-ca/,$[0].@graph[0].hasOfferCatalog.itemListElement[0].itemOffered.areaServed,"Ventura County, North Los Angeles County, and Santa Clarita","Outside-county mention; preserve page wording, correct service-area fields"
https://www.805shutters.com/shades/santa-paula-ca/,$[0].@graph[0].hasOfferCatalog.itemListElement[1].itemOffered.areaServed,"Ventura County, North Los Angeles County, and Santa Clarita","Outside-county mention; preserve page wording, correct service-area fields"
https://www.805shutters.com/shades/santa-paula-ca/,$[0].@graph[0].hasOfferCatalog.itemListElement[2].itemOffered.areaServed,"Ventura County, North Los Angeles County, and Santa Clarita","Outside-county mention; preserve page wording, correct service-area fields"
https://www.805shutters.com/shades/santa-paula-ca/,$[0].@graph[0].hasOfferCatalog.itemListElement[3].itemOffered.areaServed,"Ventura County, North Los Angeles County, and Santa Clarita","Outside-county mention; preserve page wording, correct service-area fields"
https://www.805shutters.com/shades/santa-paula-ca/,$[0].@graph[0].hasOfferCatalog.itemListElement[4].itemOffered.areaServed,"Ventura County, North Los Angeles County, and Santa Clarita","Outside-county mention; preserve page wording, correct service-area fields"
https://www.805shutters.com/shades/santa-paula-ca/,$[1].@graph[1].areaServed[7].name,Westlake Village,Explicitly approved Westlake Village; incorporated city is Los Angeles County
https://www.805shutters.com/shades/santa-paula-ca/,$[1].@graph[1].areaServed[14].name,Santa Clarita,"Outside-county mention; preserve page wording, correct service-area fields"
https://www.805shutters.com/blinds/santa-paula-ca/,$[0].@graph[0].contactPoint.areaServed[7].name,Westlake Village,Explicitly approved Westlake Village; incorporated city is Los Angeles County
https://www.805shutters.com/blinds/santa-paula-ca/,$[0].@graph[0].contactPoint.areaServed[14].name,Santa Clarita,"Outside-county mention; preserve page wording, correct service-area fields"
https://www.805shutters.com/blinds/santa-paula-ca/,$[0].@graph[0].areaServed[7].name,Westlake Village,Explicitly approved Westlake Village; incorporated city is Los Angeles County
https://www.805shutters.com/blinds/santa-paula-ca/,$[0].@graph[0].areaServed[14].name,Santa Clarita,"Outside-county mention; preserve page wording, correct service-area fields"
https://www.805shutters.com/blinds/santa-paula-ca/,$[0].@graph[0].serviceArea.name,"Ventura County, North Los Angeles County, and Santa Clarita","Outside-county mention; preserve page wording, correct service-area fields"
https://www.805shutters.com/blinds/santa-paula-ca/,$[0].@graph[0].hasOfferCatalog.itemListElement[0].itemOffered.areaServed,"Ventura County, North Los Angeles County, and Santa Clarita","Outside-county mention; preserve page wording, correct service-area fields"
https://www.805shutters.com/blinds/santa-paula-ca/,$[0].@graph[0].hasOfferCatalog.itemListElement[1].itemOffered.areaServed,"Ventura County, North Los Angeles County, and Santa Clarita","Outside-county mention; preserve page wording, correct service-area fields"
https://www.805shutters.com/blinds/santa-paula-ca/,$[0].@graph[0].hasOfferCatalog.itemListElement[2].itemOffered.areaServed,"Ventura County, North Los Angeles County, and Santa Clarita","Outside-county mention; preserve page wording, correct service-area fields"
https://www.805shutters.com/blinds/santa-paula-ca/,$[0].@graph[0].hasOfferCatalog.itemListElement[3].itemOffered.areaServed,"Ventura County, North Los Angeles County, and Santa Clarita","Outside-county mention; preserve page wording, correct service-area fields"
https://www.805shutters.com/blinds/santa-paula-ca/,$[0].@graph[0].hasOfferCatalog.itemListElement[4].itemOffered.areaServed,"Ventura County, North Los Angeles County, and Santa Clarita","Outside-county mention; preserve page wording, correct service-area fields"
https://www.805shutters.com/blinds/santa-paula-ca/,$[1].@graph[1].areaServed[7].name,Westlake Village,Explicitly approved Westlake Village; incorporated city is Los Angeles County
https://www.805shutters.com/blinds/santa-paula-ca/,$[1].@graph[1].areaServed[14].name,Santa Clarita,"Outside-county mention; preserve page wording, correct service-area fields"
https://www.805shutters.com/drapery/santa-paula-ca/,$[0].@graph[0].contactPoint.areaServed[7].name,Westlake Village,Explicitly approved Westlake Village; incorporated city is Los Angeles County
https://www.805shutters.com/drapery/santa-paula-ca/,$[0].@graph[0].contactPoint.areaServed[14].name,Santa Clarita,"Outside-county mention; preserve page wording, correct service-area fields"
https://www.805shutters.com/drapery/santa-paula-ca/,$[0].@graph[0].areaServed[7].name,Westlake Village,Explicitly approved Westlake Village; incorporated city is Los Angeles County
https://www.805shutters.com/drapery/santa-paula-ca/,$[0].@graph[0].areaServed[14].name,Santa Clarita,"Outside-county mention; preserve page wording, correct service-area fields"
https://www.805shutters.com/drapery/santa-paula-ca/,$[0].@graph[0].serviceArea.name,"Ventura County, North Los Angeles County, and Santa Clarita","Outside-county mention; preserve page wording, correct service-area fields"
https://www.805shutters.com/drapery/santa-paula-ca/,$[0].@graph[0].hasOfferCatalog.itemListElement[0].itemOffered.areaServed,"Ventura County, North Los Angeles County, and Santa Clarita","Outside-county mention; preserve page wording, correct service-area fields"
https://www.805shutters.com/drapery/santa-paula-ca/,$[0].@graph[0].hasOfferCatalog.itemListElement[1].itemOffered.areaServed,"Ventura County, North Los Angeles County, and Santa Clarita","Outside-county mention; preserve page wording, correct service-area fields"
https://www.805shutters.com/drapery/santa-paula-ca/,$[0].@graph[0].hasOfferCatalog.itemListElement[2].itemOffered.areaServed,"Ventura County, North Los Angeles County, and Santa Clarita","Outside-county mention; preserve page wording, correct service-area fields"
https://www.805shutters.com/drapery/santa-paula-ca/,$[0].@graph[0].hasOfferCatalog.itemListElement[3].itemOffered.areaServed,"Ventura County, North Los Angeles County, and Santa Clarita","Outside-county mention; preserve page wording, correct service-area fields"
https://www.805shutters.com/drapery/santa-paula-ca/,$[0].@graph[0].hasOfferCatalog.itemListElement[4].itemOffered.areaServed,"Ventura County, North Los Angeles County, and Santa Clarita","Outside-county mention; preserve page wording, correct service-area fields"
https://www.805shutters.com/drapery/santa-paula-ca/,$[1].@graph[1].areaServed[7].name,Westlake Village,Explicitly approved Westlake Village; incorporated city is Los Angeles County
https://www.805shutters.com/drapery/santa-paula-ca/,$[1].@graph[1].areaServed[14].name,Santa Clarita,"Outside-county mention; preserve page wording, correct service-area fields"
https://www.805shutters.com/window-coverings/santa-paula-ca/,$[0].@graph[0].contactPoint.areaServed[7].name,Westlake Village,Explicitly approved Westlake Village; incorporated city is Los Angeles County
https://www.805shutters.com/window-coverings/santa-paula-ca/,$[0].@graph[0].contactPoint.areaServed[14].name,Santa Clarita,"Outside-county mention; preserve page wording, correct service-area fields"
https://www.805shutters.com/window-coverings/santa-paula-ca/,$[0].@graph[0].areaServed[7].name,Westlake Village,Explicitly approved Westlake Village; incorporated city is Los Angeles County
https://www.805shutters.com/window-coverings/santa-paula-ca/,$[0].@graph[0].areaServed[14].name,Santa Clarita,"Outside-county mention; preserve page wording, correct service-area fields"
https://www.805shutters.com/window-coverings/santa-paula-ca/,$[0].@graph[0].serviceArea.name,"Ventura County, North Los Angeles County, and Santa Clarita","Outside-county mention; preserve page wording, correct service-area fields"
https://www.805shutters.com/window-coverings/santa-paula-ca/,$[0].@graph[0].hasOfferCatalog.itemListElement[0].itemOffered.areaServed,"Ventura County, North Los Angeles County, and Santa Clarita","Outside-county mention; preserve page wording, correct service-area fields"
https://www.805shutters.com/window-coverings/santa-paula-ca/,$[0].@graph[0].hasOfferCatalog.itemListElement[1].itemOffered.areaServed,"Ventura County, North Los Angeles County, and Santa Clarita","Outside-county mention; preserve page wording, correct service-area fields"
https://www.805shutters.com/window-coverings/santa-paula-ca/,$[0].@graph[0].hasOfferCatalog.itemListElement[2].itemOffered.areaServed,"Ventura County, North Los Angeles County, and Santa Clarita","Outside-county mention; preserve page wording, correct service-area fields"
https://www.805shutters.com/window-coverings/santa-paula-ca/,$[0].@graph[0].hasOfferCatalog.itemListElement[3].itemOffered.areaServed,"Ventura County, North Los Angeles County, and Santa Clarita","Outside-county mention; preserve page wording, correct service-area fields"
https://www.805shutters.com/window-coverings/santa-paula-ca/,$[0].@graph[0].hasOfferCatalog.itemListElement[4].itemOffered.areaServed,"Ventura County, North Los Angeles County, and Santa Clarita","Outside-county mention; preserve page wording, correct service-area fields"
https://www.805shutters.com/window-coverings/santa-paula-ca/,$[1].@graph[1].areaServed[7].name,Westlake Village,Explicitly approved Westlake Village; incorporated city is Los Angeles County
https://www.805shutters.com/window-coverings/santa-paula-ca/,$[1].@graph[1].areaServed[14].name,Santa Clarita,"Outside-county mention; preserve page wording, correct service-area fields"
https://www.805shutters.com/window-treatments/santa-paula-ca/,$[0].@graph[0].contactPoint.areaServed[7].name,Westlake Village,Explicitly approved Westlake Village; incorporated city is Los Angeles County
https://www.805shutters.com/window-treatments/santa-paula-ca/,$[0].@graph[0].contactPoint.areaServed[14].name,Santa Clarita,"Outside-county mention; preserve page wording, correct service-area fields"
https://www.805shutters.com/window-treatments/santa-paula-ca/,$[0].@graph[0].areaServed[7].name,Westlake Village,Explicitly approved Westlake Village; incorporated city is Los Angeles County
https://www.805shutters.com/window-treatments/santa-paula-ca/,$[0].@graph[0].areaServed[14].name,Santa Clarita,"Outside-county mention; preserve page wording, correct service-area fields"
https://www.805shutters.com/window-treatments/santa-paula-ca/,$[0].@graph[0].serviceArea.name,"Ventura County, North Los Angeles County, and Santa Clarita","Outside-county mention; preserve page wording, correct service-area fields"
https://www.805shutters.com/window-treatments/santa-paula-ca/,$[0].@graph[0].hasOfferCatalog.itemListElement[0].itemOffered.areaServed,"Ventura County, North Los Angeles County, and Santa Clarita","Outside-county mention; preserve page wording, correct service-area fields"
https://www.805shutters.com/window-treatments/santa-paula-ca/,$[0].@graph[0].hasOfferCatalog.itemListElement[1].itemOffered.areaServed,"Ventura County, North Los Angeles County, and Santa Clarita","Outside-county mention; preserve page wording, correct service-area fields"
https://www.805shutters.com/window-treatments/santa-paula-ca/,$[0].@graph[0].hasOfferCatalog.itemListElement[2].itemOffered.areaServed,"Ventura County, North Los Angeles County, and Santa Clarita","Outside-county mention; preserve page wording, correct service-area fields"
https://www.805shutters.com/window-treatments/santa-paula-ca/,$[0].@graph[0].hasOfferCatalog.itemListElement[3].itemOffered.areaServed,"Ventura County, North Los Angeles County, and Santa Clarita","Outside-county mention; preserve page wording, correct service-area fields"
https://www.805shutters.com/window-treatments/santa-paula-ca/,$[0].@graph[0].hasOfferCatalog.itemListElement[4].itemOffered.areaServed,"Ventura County, North Los Angeles County, and Santa Clarita","Outside-county mention; preserve page wording, correct service-area fields"
https://www.805shutters.com/window-treatments/santa-paula-ca/,$[1].@graph[1].areaServed[7].name,Westlake Village,Explicitly approved Westlake Village; incorporated city is Los Angeles County
https://www.805shutters.com/window-treatments/santa-paula-ca/,$[1].@graph[1].areaServed[14].name,Santa Clarita,"Outside-county mention; preserve page wording, correct service-area fields"
https://www.805shutters.com/shutters/santa-clarita/,$[0].@graph[0].contactPoint.areaServed[7].name,Westlake Village,Explicitly approved Westlake Village; incorporated city is Los Angeles County
https://www.805shutters.com/shutters/santa-clarita/,$[0].@graph[0].contactPoint.areaServed[14].name,Santa Clarita,"Outside-county mention; preserve page wording, correct service-area fields"
https://www.805shutters.com/shutters/santa-clarita/,$[0].@graph[0].areaServed[7].name,Westlake Village,Explicitly approved Westlake Village; incorporated city is Los Angeles County
https://www.805shutters.com/shutters/santa-clarita/,$[0].@graph[0].areaServed[14].name,Santa Clarita,"Outside-county mention; preserve page wording, correct service-area fields"
https://www.805shutters.com/shutters/santa-clarita/,$[0].@graph[0].serviceArea.name,"Ventura County, North Los Angeles County, and Santa Clarita","Outside-county mention; preserve page wording, correct service-area fields"
https://www.805shutters.com/shutters/santa-clarita/,$[0].@graph[0].hasOfferCatalog.itemListElement[0].itemOffered.areaServed,"Ventura County, North Los Angeles County, and Santa Clarita","Outside-county mention; preserve page wording, correct service-area fields"
https://www.805shutters.com/shutters/santa-clarita/,$[0].@graph[0].hasOfferCatalog.itemListElement[1].itemOffered.areaServed,"Ventura County, North Los Angeles County, and Santa Clarita","Outside-county mention; preserve page wording, correct service-area fields"
https://www.805shutters.com/shutters/santa-clarita/,$[0].@graph[0].hasOfferCatalog.itemListElement[2].itemOffered.areaServed,"Ventura County, North Los Angeles County, and Santa Clarita","Outside-county mention; preserve page wording, correct service-area fields"
https://www.805shutters.com/shutters/santa-clarita/,$[0].@graph[0].hasOfferCatalog.itemListElement[3].itemOffered.areaServed,"Ventura County, North Los Angeles County, and Santa Clarita","Outside-county mention; preserve page wording, correct service-area fields"
https://www.805shutters.com/shutters/santa-clarita/,$[0].@graph[0].hasOfferCatalog.itemListElement[4].itemOffered.areaServed,"Ventura County, North Los Angeles County, and Santa Clarita","Outside-county mention; preserve page wording, correct service-area fields"
https://www.805shutters.com/shutters/santa-clarita/,$[1].@graph[0].name,Shutters in Santa Clarita CA | Santa Clarita Shutter Installation and Repair | 805 Shutters,"Outside-county mention; preserve page wording, correct service-area fields"
https://www.805shutters.com/shutters/santa-clarita/,$[1].@graph[0].description,"Custom Shutters in Santa Clarita measured and installed by 805 Shutters. Compare privacy, light control, colors, materials, controls, and local installation.","Outside-county mention; preserve page wording, correct service-area fields"
https://www.805shutters.com/shutters/santa-clarita/,$[1].@graph[0].primaryImageOfPage.caption,Custom Shutters in Santa Clarita by 805 Shutters,"Outside-county mention; preserve page wording, correct service-area fields"
https://www.805shutters.com/shutters/santa-clarita/,$[1].@graph[1].name,Custom Shutters in Santa Clarita,"Outside-county mention; preserve page wording, correct service-area fields"
https://www.805shutters.com/shutters/santa-clarita/,$[1].@graph[1].description,"Custom Shutters in Santa Clarita measured and installed by 805 Shutters. Compare privacy, light control, colors, materials, controls, and local installation.","Outside-county mention; preserve page wording, correct service-area fields"
https://www.805shutters.com/shutters/santa-clarita/,$[1].@graph[1].serviceType,Santa Clarita service area,"Outside-county mention; preserve page wording, correct service-area fields"
https://www.805shutters.com/shutters/santa-clarita/,$[1].@graph[1].image.caption,Custom Shutters in Santa Clarita by 805 Shutters,"Outside-county mention; preserve page wording, correct service-area fields"
https://www.805shutters.com/shutters/santa-clarita/,$[1].@graph[1].areaServed[7].name,Westlake Village,Explicitly approved Westlake Village; incorporated city is Los Angeles County
https://www.805shutters.com/shutters/santa-clarita/,$[1].@graph[1].areaServed[14].name,Santa Clarita,"Outside-county mention; preserve page wording, correct service-area fields"
https://www.805shutters.com/shutters/santa-clarita/,$[1].@graph[2].itemListElement[1].name,Custom Shutters in Santa Clarita,"Outside-county mention; preserve page wording, correct service-area fields"
https://www.805shutters.com/shades/santa-clarita-ca/,$[0].@graph[0].contactPoint.areaServed[7].name,Westlake Village,Explicitly approved Westlake Village; incorporated city is Los Angeles County
https://www.805shutters.com/shades/santa-clarita-ca/,$[0].@graph[0].contactPoint.areaServed[14].name,Santa Clarita,"Outside-county mention; preserve page wording, correct service-area fields"
https://www.805shutters.com/shades/santa-clarita-ca/,$[0].@graph[0].areaServed[7].name,Westlake Village,Explicitly approved Westlake Village; incorporated city is Los Angeles County
https://www.805shutters.com/shades/santa-clarita-ca/,$[0].@graph[0].areaServed[14].name,Santa Clarita,"Outside-county mention; preserve page wording, correct service-area fields"
https://www.805shutters.com/shades/santa-clarita-ca/,$[0].@graph[0].serviceArea.name,"Ventura County, North Los Angeles County, and Santa Clarita","Outside-county mention; preserve page wording, correct service-area fields"
https://www.805shutters.com/shades/santa-clarita-ca/,$[0].@graph[0].hasOfferCatalog.itemListElement[0].itemOffered.areaServed,"Ventura County, North Los Angeles County, and Santa Clarita","Outside-county mention; preserve page wording, correct service-area fields"
https://www.805shutters.com/shades/santa-clarita-ca/,$[0].@graph[0].hasOfferCatalog.itemListElement[1].itemOffered.areaServed,"Ventura County, North Los Angeles County, and Santa Clarita","Outside-county mention; preserve page wording, correct service-area fields"
https://www.805shutters.com/shades/santa-clarita-ca/,$[0].@graph[0].hasOfferCatalog.itemListElement[2].itemOffered.areaServed,"Ventura County, North Los Angeles County, and Santa Clarita","Outside-county mention; preserve page wording, correct service-area fields"
https://www.805shutters.com/shades/santa-clarita-ca/,$[0].@graph[0].hasOfferCatalog.itemListElement[3].itemOffered.areaServed,"Ventura County, North Los Angeles County, and Santa Clarita","Outside-county mention; preserve page wording, correct service-area fields"
https://www.805shutters.com/shades/santa-clarita-ca/,$[0].@graph[0].hasOfferCatalog.itemListElement[4].itemOffered.areaServed,"Ventura County, North Los Angeles County, and Santa Clarita","Outside-county mention; preserve page wording, correct service-area fields"
https://www.805shutters.com/shades/santa-clarita-ca/,$[1].@graph[0].name,Shades near Santa Clarita CA - 805 Shutters,"Outside-county mention; preserve page wording, correct service-area fields"
https://www.805shutters.com/shades/santa-clarita-ca/,$[1].@graph[0].description,"Custom Window Shades in Santa Clarita measured and installed by 805 Shutters. Compare privacy, light control, colors, materials, controls, and local installation.","Outside-county mention; preserve page wording, correct service-area fields"
https://www.805shutters.com/shades/santa-clarita-ca/,$[1].@graph[0].primaryImageOfPage.caption,Custom Window Shades in Santa Clarita by 805 Shutters,"Outside-county mention; preserve page wording, correct service-area fields"
https://www.805shutters.com/shades/santa-clarita-ca/,$[1].@graph[1].name,Custom Window Shades in Santa Clarita,"Outside-county mention; preserve page wording, correct service-area fields"
https://www.805shutters.com/shades/santa-clarita-ca/,$[1].@graph[1].description,"Custom Window Shades in Santa Clarita measured and installed by 805 Shutters. Compare privacy, light control, colors, materials, controls, and local installation.","Outside-county mention; preserve page wording, correct service-area fields"
https://www.805shutters.com/shades/santa-clarita-ca/,$[1].@graph[1].serviceType,Santa Clarita service area,"Outside-county mention; preserve page wording, correct service-area fields"
https://www.805shutters.com/shades/santa-clarita-ca/,$[1].@graph[1].image.caption,Custom Window Shades in Santa Clarita by 805 Shutters,"Outside-county mention; preserve page wording, correct service-area fields"
https://www.805shutters.com/shades/santa-clarita-ca/,$[1].@graph[1].areaServed[7].name,Westlake Village,Explicitly approved Westlake Village; incorporated city is Los Angeles County
https://www.805shutters.com/shades/santa-clarita-ca/,$[1].@graph[1].areaServed[14].name,Santa Clarita,"Outside-county mention; preserve page wording, correct service-area fields"
https://www.805shutters.com/shades/santa-clarita-ca/,$[1].@graph[2].itemListElement[1].name,Custom Window Shades in Santa Clarita,"Outside-county mention; preserve page wording, correct service-area fields"
https://www.805shutters.com/blinds/santa-clarita-ca/,$[0].@graph[0].contactPoint.areaServed[7].name,Westlake Village,Explicitly approved Westlake Village; incorporated city is Los Angeles County
https://www.805shutters.com/blinds/santa-clarita-ca/,$[0].@graph[0].contactPoint.areaServed[14].name,Santa Clarita,"Outside-county mention; preserve page wording, correct service-area fields"
https://www.805shutters.com/blinds/santa-clarita-ca/,$[0].@graph[0].areaServed[7].name,Westlake Village,Explicitly approved Westlake Village; incorporated city is Los Angeles County
https://www.805shutters.com/blinds/santa-clarita-ca/,$[0].@graph[0].areaServed[14].name,Santa Clarita,"Outside-county mention; preserve page wording, correct service-area fields"
https://www.805shutters.com/blinds/santa-clarita-ca/,$[0].@graph[0].serviceArea.name,"Ventura County, North Los Angeles County, and Santa Clarita","Outside-county mention; preserve page wording, correct service-area fields"
https://www.805shutters.com/blinds/santa-clarita-ca/,$[0].@graph[0].hasOfferCatalog.itemListElement[0].itemOffered.areaServed,"Ventura County, North Los Angeles County, and Santa Clarita","Outside-county mention; preserve page wording, correct service-area fields"
https://www.805shutters.com/blinds/santa-clarita-ca/,$[0].@graph[0].hasOfferCatalog.itemListElement[1].itemOffered.areaServed,"Ventura County, North Los Angeles County, and Santa Clarita","Outside-county mention; preserve page wording, correct service-area fields"
https://www.805shutters.com/blinds/santa-clarita-ca/,$[0].@graph[0].hasOfferCatalog.itemListElement[2].itemOffered.areaServed,"Ventura County, North Los Angeles County, and Santa Clarita","Outside-county mention; preserve page wording, correct service-area fields"
https://www.805shutters.com/blinds/santa-clarita-ca/,$[0].@graph[0].hasOfferCatalog.itemListElement[3].itemOffered.areaServed,"Ventura County, North Los Angeles County, and Santa Clarita","Outside-county mention; preserve page wording, correct service-area fields"
https://www.805shutters.com/blinds/santa-clarita-ca/,$[0].@graph[0].hasOfferCatalog.itemListElement[4].itemOffered.areaServed,"Ventura County, North Los Angeles County, and Santa Clarita","Outside-county mention; preserve page wording, correct service-area fields"
https://www.805shutters.com/blinds/santa-clarita-ca/,$[1].@graph[0].name,Blinds near Santa Clarita CA - 805 Shutters,"Outside-county mention; preserve page wording, correct service-area fields"
https://www.805shutters.com/blinds/santa-clarita-ca/,$[1].@graph[0].description,"Custom Blinds in Santa Clarita measured and installed by 805 Shutters. Compare privacy, light control, colors, materials, controls, and local installation.","Outside-county mention; preserve page wording, correct service-area fields"
https://www.805shutters.com/blinds/santa-clarita-ca/,$[1].@graph[0].primaryImageOfPage.caption,Custom Blinds in Santa Clarita by 805 Shutters,"Outside-county mention; preserve page wording, correct service-area fields"
https://www.805shutters.com/blinds/santa-clarita-ca/,$[1].@graph[1].name,Custom Blinds in Santa Clarita,"Outside-county mention; preserve page wording, correct service-area fields"
https://www.805shutters.com/blinds/santa-clarita-ca/,$[1].@graph[1].description,"Custom Blinds in Santa Clarita measured and installed by 805 Shutters. Compare privacy, light control, colors, materials, controls, and local installation.","Outside-county mention; preserve page wording, correct service-area fields"
https://www.805shutters.com/blinds/santa-clarita-ca/,$[1].@graph[1].serviceType,Santa Clarita service area,"Outside-county mention; preserve page wording, correct service-area fields"
https://www.805shutters.com/blinds/santa-clarita-ca/,$[1].@graph[1].image.caption,Custom Blinds in Santa Clarita by 805 Shutters,"Outside-county mention; preserve page wording, correct service-area fields"
https://www.805shutters.com/blinds/santa-clarita-ca/,$[1].@graph[1].areaServed[7].name,Westlake Village,Explicitly approved Westlake Village; incorporated city is Los Angeles County
https://www.805shutters.com/blinds/santa-clarita-ca/,$[1].@graph[1].areaServed[14].name,Santa Clarita,"Outside-county mention; preserve page wording, correct service-area fields"
https://www.805shutters.com/blinds/santa-clarita-ca/,$[1].@graph[2].itemListElement[1].name,Custom Blinds in Santa Clarita,"Outside-county mention; preserve page wording, correct service-area fields"
https://www.805shutters.com/drapery/santa-clarita-ca/,$[0].@graph[0].contactPoint.areaServed[7].name,Westlake Village,Explicitly approved Westlake Village; incorporated city is Los Angeles County
https://www.805shutters.com/drapery/santa-clarita-ca/,$[0].@graph[0].contactPoint.areaServed[14].name,Santa Clarita,"Outside-county mention; preserve page wording, correct service-area fields"
https://www.805shutters.com/drapery/santa-clarita-ca/,$[0].@graph[0].areaServed[7].name,Westlake Village,Explicitly approved Westlake Village; incorporated city is Los Angeles County
https://www.805shutters.com/drapery/santa-clarita-ca/,$[0].@graph[0].areaServed[14].name,Santa Clarita,"Outside-county mention; preserve page wording, correct service-area fields"
https://www.805shutters.com/drapery/santa-clarita-ca/,$[0].@graph[0].serviceArea.name,"Ventura County, North Los Angeles County, and Santa Clarita","Outside-county mention; preserve page wording, correct service-area fields"
https://www.805shutters.com/drapery/santa-clarita-ca/,$[0].@graph[0].hasOfferCatalog.itemListElement[0].itemOffered.areaServed,"Ventura County, North Los Angeles County, and Santa Clarita","Outside-county mention; preserve page wording, correct service-area fields"
https://www.805shutters.com/drapery/santa-clarita-ca/,$[0].@graph[0].hasOfferCatalog.itemListElement[1].itemOffered.areaServed,"Ventura County, North Los Angeles County, and Santa Clarita","Outside-county mention; preserve page wording, correct service-area fields"
https://www.805shutters.com/drapery/santa-clarita-ca/,$[0].@graph[0].hasOfferCatalog.itemListElement[2].itemOffered.areaServed,"Ventura County, North Los Angeles County, and Santa Clarita","Outside-county mention; preserve page wording, correct service-area fields"
https://www.805shutters.com/drapery/santa-clarita-ca/,$[0].@graph[0].hasOfferCatalog.itemListElement[3].itemOffered.areaServed,"Ventura County, North Los Angeles County, and Santa Clarita","Outside-county mention; preserve page wording, correct service-area fields"
https://www.805shutters.com/drapery/santa-clarita-ca/,$[0].@graph[0].hasOfferCatalog.itemListElement[4].itemOffered.areaServed,"Ventura County, North Los Angeles County, and Santa Clarita","Outside-county mention; preserve page wording, correct service-area fields"
https://www.805shutters.com/drapery/santa-clarita-ca/,$[1].@graph[0].name,Custom Drapery & Curtains near Santa Clarita CA - 805 Shutters,"Outside-county mention; preserve page wording, correct service-area fields"
https://www.805shutters.com/drapery/santa-clarita-ca/,$[1].@graph[0].description,"Custom Drapery and Curtains in Santa Clarita measured and installed by 805 Shutters. Compare privacy, light control, colors, materials, controls, and local installation.","Outside-county mention; preserve page wording, correct service-area fields"
https://www.805shutters.com/drapery/santa-clarita-ca/,$[1].@graph[0].primaryImageOfPage.caption,Custom Drapery and Curtains in Santa Clarita by 805 Shutters,"Outside-county mention; preserve page wording, correct service-area fields"
https://www.805shutters.com/drapery/santa-clarita-ca/,$[1].@graph[1].name,Custom Drapery and Curtains in Santa Clarita,"Outside-county mention; preserve page wording, correct service-area fields"
https://www.805shutters.com/drapery/santa-clarita-ca/,$[1].@graph[1].description,"Custom Drapery and Curtains in Santa Clarita measured and installed by 805 Shutters. Compare privacy, light control, colors, materials, controls, and local installation.","Outside-county mention; preserve page wording, correct service-area fields"
https://www.805shutters.com/drapery/santa-clarita-ca/,$[1].@graph[1].serviceType,Santa Clarita service area,"Outside-county mention; preserve page wording, correct service-area fields"
https://www.805shutters.com/drapery/santa-clarita-ca/,$[1].@graph[1].image.caption,Custom Drapery and Curtains in Santa Clarita by 805 Shutters,"Outside-county mention; preserve page wording, correct service-area fields"
https://www.805shutters.com/drapery/santa-clarita-ca/,$[1].@graph[1].areaServed[7].name,Westlake Village,Explicitly approved Westlake Village; incorporated city is Los Angeles County
https://www.805shutters.com/drapery/santa-clarita-ca/,$[1].@graph[1].areaServed[14].name,Santa Clarita,"Outside-county mention; preserve page wording, correct service-area fields"
https://www.805shutters.com/drapery/santa-clarita-ca/,$[1].@graph[2].itemListElement[1].name,Custom Drapery and Curtains in Santa Clarita,"Outside-county mention; preserve page wording, correct service-area fields"
https://www.805shutters.com/window-coverings/santa-clarita-ca/,$[0].@graph[0].contactPoint.areaServed[7].name,Westlake Village,Explicitly approved Westlake Village; incorporated city is Los Angeles County
https://www.805shutters.com/window-coverings/santa-clarita-ca/,$[0].@graph[0].contactPoint.areaServed[14].name,Santa Clarita,"Outside-county mention; preserve page wording, correct service-area fields"
https://www.805shutters.com/window-coverings/santa-clarita-ca/,$[0].@graph[0].areaServed[7].name,Westlake Village,Explicitly approved Westlake Village; incorporated city is Los Angeles County
https://www.805shutters.com/window-coverings/santa-clarita-ca/,$[0].@graph[0].areaServed[14].name,Santa Clarita,"Outside-county mention; preserve page wording, correct service-area fields"
https://www.805shutters.com/window-coverings/santa-clarita-ca/,$[0].@graph[0].serviceArea.name,"Ventura County, North Los Angeles County, and Santa Clarita","Outside-county mention; preserve page wording, correct service-area fields"
https://www.805shutters.com/window-coverings/santa-clarita-ca/,$[0].@graph[0].hasOfferCatalog.itemListElement[0].itemOffered.areaServed,"Ventura County, North Los Angeles County, and Santa Clarita","Outside-county mention; preserve page wording, correct service-area fields"
https://www.805shutters.com/window-coverings/santa-clarita-ca/,$[0].@graph[0].hasOfferCatalog.itemListElement[1].itemOffered.areaServed,"Ventura County, North Los Angeles County, and Santa Clarita","Outside-county mention; preserve page wording, correct service-area fields"
https://www.805shutters.com/window-coverings/santa-clarita-ca/,$[0].@graph[0].hasOfferCatalog.itemListElement[2].itemOffered.areaServed,"Ventura County, North Los Angeles County, and Santa Clarita","Outside-county mention; preserve page wording, correct service-area fields"
https://www.805shutters.com/window-coverings/santa-clarita-ca/,$[0].@graph[0].hasOfferCatalog.itemListElement[3].itemOffered.areaServed,"Ventura County, North Los Angeles County, and Santa Clarita","Outside-county mention; preserve page wording, correct service-area fields"
https://www.805shutters.com/window-coverings/santa-clarita-ca/,$[0].@graph[0].hasOfferCatalog.itemListElement[4].itemOffered.areaServed,"Ventura County, North Los Angeles County, and Santa Clarita","Outside-county mention; preserve page wording, correct service-area fields"
https://www.805shutters.com/window-coverings/santa-clarita-ca/,$[1].@graph[0].name,Window Coverings near Santa Clarita CA - 805 Shutters,"Outside-county mention; preserve page wording, correct service-area fields"
https://www.805shutters.com/window-coverings/santa-clarita-ca/,$[1].@graph[0].description,"Window Coverings in Santa Clarita measured and installed by 805 Shutters. Compare privacy, light control, colors, materials, controls, and local installation.","Outside-county mention; preserve page wording, correct service-area fields"
https://www.805shutters.com/window-coverings/santa-clarita-ca/,$[1].@graph[0].primaryImageOfPage.caption,Window Coverings in Santa Clarita by 805 Shutters,"Outside-county mention; preserve page wording, correct service-area fields"
https://www.805shutters.com/window-coverings/santa-clarita-ca/,$[1].@graph[1].name,Window Coverings in Santa Clarita,"Outside-county mention; preserve page wording, correct service-area fields"
https://www.805shutters.com/window-coverings/santa-clarita-ca/,$[1].@graph[1].description,"Window Coverings in Santa Clarita measured and installed by 805 Shutters. Compare privacy, light control, colors, materials, controls, and local installation.","Outside-county mention; preserve page wording, correct service-area fields"
https://www.805shutters.com/window-coverings/santa-clarita-ca/,$[1].@graph[1].serviceType,Santa Clarita service area,"Outside-county mention; preserve page wording, correct service-area fields"
https://www.805shutters.com/window-coverings/santa-clarita-ca/,$[1].@graph[1].image.caption,Window Coverings in Santa Clarita by 805 Shutters,"Outside-county mention; preserve page wording, correct service-area fields"
https://www.805shutters.com/window-coverings/santa-clarita-ca/,$[1].@graph[1].areaServed[7].name,Westlake Village,Explicitly approved Westlake Village; incorporated city is Los Angeles County
https://www.805shutters.com/window-coverings/santa-clarita-ca/,$[1].@graph[1].areaServed[14].name,Santa Clarita,"Outside-county mention; preserve page wording, correct service-area fields"
https://www.805shutters.com/window-coverings/santa-clarita-ca/,$[1].@graph[2].itemListElement[1].name,Window Coverings in Santa Clarita,"Outside-county mention; preserve page wording, correct service-area fields"
https://www.805shutters.com/window-treatments/santa-clarita-ca/,$[0].@graph[0].contactPoint.areaServed[7].name,Westlake Village,Explicitly approved Westlake Village; incorporated city is Los Angeles County
https://www.805shutters.com/window-treatments/santa-clarita-ca/,$[0].@graph[0].contactPoint.areaServed[14].name,Santa Clarita,"Outside-county mention; preserve page wording, correct service-area fields"
https://www.805shutters.com/window-treatments/santa-clarita-ca/,$[0].@graph[0].areaServed[7].name,Westlake Village,Explicitly approved Westlake Village; incorporated city is Los Angeles County
https://www.805shutters.com/window-treatments/santa-clarita-ca/,$[0].@graph[0].areaServed[14].name,Santa Clarita,"Outside-county mention; preserve page wording, correct service-area fields"
https://www.805shutters.com/window-treatments/santa-clarita-ca/,$[0].@graph[0].serviceArea.name,"Ventura County, North Los Angeles County, and Santa Clarita","Outside-county mention; preserve page wording, correct service-area fields"
https://www.805shutters.com/window-treatments/santa-clarita-ca/,$[0].@graph[0].hasOfferCatalog.itemListElement[0].itemOffered.areaServed,"Ventura County, North Los Angeles County, and Santa Clarita","Outside-county mention; preserve page wording, correct service-area fields"
https://www.805shutters.com/window-treatments/santa-clarita-ca/,$[0].@graph[0].hasOfferCatalog.itemListElement[1].itemOffered.areaServed,"Ventura County, North Los Angeles County, and Santa Clarita","Outside-county mention; preserve page wording, correct service-area fields"
https://www.805shutters.com/window-treatments/santa-clarita-ca/,$[0].@graph[0].hasOfferCatalog.itemListElement[2].itemOffered.areaServed,"Ventura County, North Los Angeles County, and Santa Clarita","Outside-county mention; preserve page wording, correct service-area fields"
https://www.805shutters.com/window-treatments/santa-clarita-ca/,$[0].@graph[0].hasOfferCatalog.itemListElement[3].itemOffered.areaServed,"Ventura County, North Los Angeles County, and Santa Clarita","Outside-county mention; preserve page wording, correct service-area fields"
https://www.805shutters.com/window-treatments/santa-clarita-ca/,$[0].@graph[0].hasOfferCatalog.itemListElement[4].itemOffered.areaServed,"Ventura County, North Los Angeles County, and Santa Clarita","Outside-county mention; preserve page wording, correct service-area fields"
https://www.805shutters.com/window-treatments/santa-clarita-ca/,$[1].@graph[0].name,Window Treatments near Santa Clarita CA - 805 Shutters,"Outside-county mention; preserve page wording, correct service-area fields"
https://www.805shutters.com/window-treatments/santa-clarita-ca/,$[1].@graph[0].description,"Window Treatments in Santa Clarita measured and installed by 805 Shutters. Compare privacy, light control, colors, materials, controls, and local installation.","Outside-county mention; preserve page wording, correct service-area fields"
https://www.805shutters.com/window-treatments/santa-clarita-ca/,$[1].@graph[0].primaryImageOfPage.caption,Window Treatments in Santa Clarita by 805 Shutters,"Outside-county mention; preserve page wording, correct service-area fields"
https://www.805shutters.com/window-treatments/santa-clarita-ca/,$[1].@graph[1].name,Window Treatments in Santa Clarita,"Outside-county mention; preserve page wording, correct service-area fields"
https://www.805shutters.com/window-treatments/santa-clarita-ca/,$[1].@graph[1].description,"Window Treatments in Santa Clarita measured and installed by 805 Shutters. Compare privacy, light control, colors, materials, controls, and local installation.","Outside-county mention; preserve page wording, correct service-area fields"
https://www.805shutters.com/window-treatments/santa-clarita-ca/,$[1].@graph[1].serviceType,Santa Clarita service area,"Outside-county mention; preserve page wording, correct service-area fields"
https://www.805shutters.com/window-treatments/santa-clarita-ca/,$[1].@graph[1].image.caption,Window Treatments in Santa Clarita by 805 Shutters,"Outside-county mention; preserve page wording, correct service-area fields"
https://www.805shutters.com/window-treatments/santa-clarita-ca/,$[1].@graph[1].areaServed[7].name,Westlake Village,Explicitly approved Westlake Village; incorporated city is Los Angeles County
https://www.805shutters.com/window-treatments/santa-clarita-ca/,$[1].@graph[1].areaServed[14].name,Santa Clarita,"Outside-county mention; preserve page wording, correct service-area fields"
https://www.805shutters.com/window-treatments/santa-clarita-ca/,$[1].@graph[2].itemListElement[1].name,Window Treatments in Santa Clarita,"Outside-county mention; preserve page wording, correct service-area fields"
https://www.805shutters.com/shutters/santa-rosa-valley/,$[0].@graph[0].contactPoint.areaServed[7].name,Westlake Village,Explicitly approved Westlake Village; incorporated city is Los Angeles County
https://www.805shutters.com/shutters/santa-rosa-valley/,$[0].@graph[0].contactPoint.areaServed[14].name,Santa Clarita,"Outside-county mention; preserve page wording, correct service-area fields"
https://www.805shutters.com/shutters/santa-rosa-valley/,$[0].@graph[0].areaServed[7].name,Westlake Village,Explicitly approved Westlake Village; incorporated city is Los Angeles County
https://www.805shutters.com/shutters/santa-rosa-valley/,$[0].@graph[0].areaServed[14].name,Santa Clarita,"Outside-county mention; preserve page wording, correct service-area fields"
https://www.805shutters.com/shutters/santa-rosa-valley/,$[0].@graph[0].serviceArea.name,"Ventura County, North Los Angeles County, and Santa Clarita","Outside-county mention; preserve page wording, correct service-area fields"
https://www.805shutters.com/shutters/santa-rosa-valley/,$[0].@graph[0].hasOfferCatalog.itemListElement[0].itemOffered.areaServed,"Ventura County, North Los Angeles County, and Santa Clarita","Outside-county mention; preserve page wording, correct service-area fields"
https://www.805shutters.com/shutters/santa-rosa-valley/,$[0].@graph[0].hasOfferCatalog.itemListElement[1].itemOffered.areaServed,"Ventura County, North Los Angeles County, and Santa Clarita","Outside-county mention; preserve page wording, correct service-area fields"
https://www.805shutters.com/shutters/santa-rosa-valley/,$[0].@graph[0].hasOfferCatalog.itemListElement[2].itemOffered.areaServed,"Ventura County, North Los Angeles County, and Santa Clarita","Outside-county mention; preserve page wording, correct service-area fields"
https://www.805shutters.com/shutters/santa-rosa-valley/,$[0].@graph[0].hasOfferCatalog.itemListElement[3].itemOffered.areaServed,"Ventura County, North Los Angeles County, and Santa Clarita","Outside-county mention; preserve page wording, correct service-area fields"
https://www.805shutters.com/shutters/santa-rosa-valley/,$[0].@graph[0].hasOfferCatalog.itemListElement[4].itemOffered.areaServed,"Ventura County, North Los Angeles County, and Santa Clarita","Outside-county mention; preserve page wording, correct service-area fields"
https://www.805shutters.com/shutters/santa-rosa-valley/,$[1].@graph[1].areaServed[7].name,Westlake Village,Explicitly approved Westlake Village; incorporated city is Los Angeles County
https://www.805shutters.com/shutters/santa-rosa-valley/,$[1].@graph[1].areaServed[14].name,Santa Clarita,"Outside-county mention; preserve page wording, correct service-area fields"
https://www.805shutters.com/shades/santa-rosa-valley-ca/,$[0].@graph[0].contactPoint.areaServed[7].name,Westlake Village,Explicitly approved Westlake Village; incorporated city is Los Angeles County
https://www.805shutters.com/shades/santa-rosa-valley-ca/,$[0].@graph[0].contactPoint.areaServed[14].name,Santa Clarita,"Outside-county mention; preserve page wording, correct service-area fields"
https://www.805shutters.com/shades/santa-rosa-valley-ca/,$[0].@graph[0].areaServed[7].name,Westlake Village,Explicitly approved Westlake Village; incorporated city is Los Angeles County
https://www.805shutters.com/shades/santa-rosa-valley-ca/,$[0].@graph[0].areaServed[14].name,Santa Clarita,"Outside-county mention; preserve page wording, correct service-area fields"
https://www.805shutters.com/shades/santa-rosa-valley-ca/,$[0].@graph[0].serviceArea.name,"Ventura County, North Los Angeles County, and Santa Clarita","Outside-county mention; preserve page wording, correct service-area fields"
https://www.805shutters.com/shades/santa-rosa-valley-ca/,$[0].@graph[0].hasOfferCatalog.itemListElement[0].itemOffered.areaServed,"Ventura County, North Los Angeles County, and Santa Clarita","Outside-county mention; preserve page wording, correct service-area fields"
https://www.805shutters.com/shades/santa-rosa-valley-ca/,$[0].@graph[0].hasOfferCatalog.itemListElement[1].itemOffered.areaServed,"Ventura County, North Los Angeles County, and Santa Clarita","Outside-county mention; preserve page wording, correct service-area fields"
https://www.805shutters.com/shades/santa-rosa-valley-ca/,$[0].@graph[0].hasOfferCatalog.itemListElement[2].itemOffered.areaServed,"Ventura County, North Los Angeles County, and Santa Clarita","Outside-county mention; preserve page wording, correct service-area fields"
https://www.805shutters.com/shades/santa-rosa-valley-ca/,$[0].@graph[0].hasOfferCatalog.itemListElement[3].itemOffered.areaServed,"Ventura County, North Los Angeles County, and Santa Clarita","Outside-county mention; preserve page wording, correct service-area fields"
https://www.805shutters.com/shades/santa-rosa-valley-ca/,$[0].@graph[0].hasOfferCatalog.itemListElement[4].itemOffered.areaServed,"Ventura County, North Los Angeles County, and Santa Clarita","Outside-county mention; preserve page wording, correct service-area fields"
https://www.805shutters.com/shades/santa-rosa-valley-ca/,$[1].@graph[1].areaServed[7].name,Westlake Village,Explicitly approved Westlake Village; incorporated city is Los Angeles County
https://www.805shutters.com/shades/santa-rosa-valley-ca/,$[1].@graph[1].areaServed[14].name,Santa Clarita,"Outside-county mention; preserve page wording, correct service-area fields"
https://www.805shutters.com/blinds/santa-rosa-valley-ca/,$[0].@graph[0].contactPoint.areaServed[7].name,Westlake Village,Explicitly approved Westlake Village; incorporated city is Los Angeles County
https://www.805shutters.com/blinds/santa-rosa-valley-ca/,$[0].@graph[0].contactPoint.areaServed[14].name,Santa Clarita,"Outside-county mention; preserve page wording, correct service-area fields"
https://www.805shutters.com/blinds/santa-rosa-valley-ca/,$[0].@graph[0].areaServed[7].name,Westlake Village,Explicitly approved Westlake Village; incorporated city is Los Angeles County
https://www.805shutters.com/blinds/santa-rosa-valley-ca/,$[0].@graph[0].areaServed[14].name,Santa Clarita,"Outside-county mention; preserve page wording, correct service-area fields"
https://www.805shutters.com/blinds/santa-rosa-valley-ca/,$[0].@graph[0].serviceArea.name,"Ventura County, North Los Angeles County, and Santa Clarita","Outside-county mention; preserve page wording, correct service-area fields"
https://www.805shutters.com/blinds/santa-rosa-valley-ca/,$[0].@graph[0].hasOfferCatalog.itemListElement[0].itemOffered.areaServed,"Ventura County, North Los Angeles County, and Santa Clarita","Outside-county mention; preserve page wording, correct service-area fields"
https://www.805shutters.com/blinds/santa-rosa-valley-ca/,$[0].@graph[0].hasOfferCatalog.itemListElement[1].itemOffered.areaServed,"Ventura County, North Los Angeles County, and Santa Clarita","Outside-county mention; preserve page wording, correct service-area fields"
https://www.805shutters.com/blinds/santa-rosa-valley-ca/,$[0].@graph[0].hasOfferCatalog.itemListElement[2].itemOffered.areaServed,"Ventura County, North Los Angeles County, and Santa Clarita","Outside-county mention; preserve page wording, correct service-area fields"
https://www.805shutters.com/blinds/santa-rosa-valley-ca/,$[0].@graph[0].hasOfferCatalog.itemListElement[3].itemOffered.areaServed,"Ventura County, North Los Angeles County, and Santa Clarita","Outside-county mention; preserve page wording, correct service-area fields"
https://www.805shutters.com/blinds/santa-rosa-valley-ca/,$[0].@graph[0].hasOfferCatalog.itemListElement[4].itemOffered.areaServed,"Ventura County, North Los Angeles County, and Santa Clarita","Outside-county mention; preserve page wording, correct service-area fields"
https://www.805shutters.com/blinds/santa-rosa-valley-ca/,$[1].@graph[1].areaServed[7].name,Westlake Village,Explicitly approved Westlake Village; incorporated city is Los Angeles County
https://www.805shutters.com/blinds/santa-rosa-valley-ca/,$[1].@graph[1].areaServed[14].name,Santa Clarita,"Outside-county mention; preserve page wording, correct service-area fields"
https://www.805shutters.com/drapery/santa-rosa-valley-ca/,$[0].@graph[0].contactPoint.areaServed[7].name,Westlake Village,Explicitly approved Westlake Village; incorporated city is Los Angeles County
https://www.805shutters.com/drapery/santa-rosa-valley-ca/,$[0].@graph[0].contactPoint.areaServed[14].name,Santa Clarita,"Outside-county mention; preserve page wording, correct service-area fields"
https://www.805shutters.com/drapery/santa-rosa-valley-ca/,$[0].@graph[0].areaServed[7].name,Westlake Village,Explicitly approved Westlake Village; incorporated city is Los Angeles County
https://www.805shutters.com/drapery/santa-rosa-valley-ca/,$[0].@graph[0].areaServed[14].name,Santa Clarita,"Outside-county mention; preserve page wording, correct service-area fields"
https://www.805shutters.com/drapery/santa-rosa-valley-ca/,$[0].@graph[0].serviceArea.name,"Ventura County, North Los Angeles County, and Santa Clarita","Outside-county mention; preserve page wording, correct service-area fields"
https://www.805shutters.com/drapery/santa-rosa-valley-ca/,$[0].@graph[0].hasOfferCatalog.itemListElement[0].itemOffered.areaServed,"Ventura County, North Los Angeles County, and Santa Clarita","Outside-county mention; preserve page wording, correct service-area fields"
https://www.805shutters.com/drapery/santa-rosa-valley-ca/,$[0].@graph[0].hasOfferCatalog.itemListElement[1].itemOffered.areaServed,"Ventura County, North Los Angeles County, and Santa Clarita","Outside-county mention; preserve page wording, correct service-area fields"
https://www.805shutters.com/drapery/santa-rosa-valley-ca/,$[0].@graph[0].hasOfferCatalog.itemListElement[2].itemOffered.areaServed,"Ventura County, North Los Angeles County, and Santa Clarita","Outside-county mention; preserve page wording, correct service-area fields"
https://www.805shutters.com/drapery/santa-rosa-valley-ca/,$[0].@graph[0].hasOfferCatalog.itemListElement[3].itemOffered.areaServed,"Ventura County, North Los Angeles County, and Santa Clarita","Outside-county mention; preserve page wording, correct service-area fields"
https://www.805shutters.com/drapery/santa-rosa-valley-ca/,$[0].@graph[0].hasOfferCatalog.itemListElement[4].itemOffered.areaServed,"Ventura County, North Los Angeles County, and Santa Clarita","Outside-county mention; preserve page wording, correct service-area fields"
https://www.805shutters.com/drapery/santa-rosa-valley-ca/,$[1].@graph[1].areaServed[7].name,Westlake Village,Explicitly approved Westlake Village; incorporated city is Los Angeles County
https://www.805shutters.com/drapery/santa-rosa-valley-ca/,$[1].@graph[1].areaServed[14].name,Santa Clarita,"Outside-county mention; preserve page wording, correct service-area fields"
https://www.805shutters.com/window-coverings/santa-rosa-valley-ca/,$[0].@graph[0].contactPoint.areaServed[7].name,Westlake Village,Explicitly approved Westlake Village; incorporated city is Los Angeles County
https://www.805shutters.com/window-coverings/santa-rosa-valley-ca/,$[0].@graph[0].contactPoint.areaServed[14].name,Santa Clarita,"Outside-county mention; preserve page wording, correct service-area fields"
https://www.805shutters.com/window-coverings/santa-rosa-valley-ca/,$[0].@graph[0].areaServed[7].name,Westlake Village,Explicitly approved Westlake Village; incorporated city is Los Angeles County
https://www.805shutters.com/window-coverings/santa-rosa-valley-ca/,$[0].@graph[0].areaServed[14].name,Santa Clarita,"Outside-county mention; preserve page wording, correct service-area fields"
https://www.805shutters.com/window-coverings/santa-rosa-valley-ca/,$[0].@graph[0].serviceArea.name,"Ventura County, North Los Angeles County, and Santa Clarita","Outside-county mention; preserve page wording, correct service-area fields"
https://www.805shutters.com/window-coverings/santa-rosa-valley-ca/,$[0].@graph[0].hasOfferCatalog.itemListElement[0].itemOffered.areaServed,"Ventura County, North Los Angeles County, and Santa Clarita","Outside-county mention; preserve page wording, correct service-area fields"
https://www.805shutters.com/window-coverings/santa-rosa-valley-ca/,$[0].@graph[0].hasOfferCatalog.itemListElement[1].itemOffered.areaServed,"Ventura County, North Los Angeles County, and Santa Clarita","Outside-county mention; preserve page wording, correct service-area fields"
https://www.805shutters.com/window-coverings/santa-rosa-valley-ca/,$[0].@graph[0].hasOfferCatalog.itemListElement[2].itemOffered.areaServed,"Ventura County, North Los Angeles County, and Santa Clarita","Outside-county mention; preserve page wording, correct service-area fields"
https://www.805shutters.com/window-coverings/santa-rosa-valley-ca/,$[0].@graph[0].hasOfferCatalog.itemListElement[3].itemOffered.areaServed,"Ventura County, North Los Angeles County, and Santa Clarita","Outside-county mention; preserve page wording, correct service-area fields"
https://www.805shutters.com/window-coverings/santa-rosa-valley-ca/,$[0].@graph[0].hasOfferCatalog.itemListElement[4].itemOffered.areaServed,"Ventura County, North Los Angeles County, and Santa Clarita","Outside-county mention; preserve page wording, correct service-area fields"
https://www.805shutters.com/window-coverings/santa-rosa-valley-ca/,$[1].@graph[1].areaServed[7].name,Westlake Village,Explicitly approved Westlake Village; incorporated city is Los Angeles County
https://www.805shutters.com/window-coverings/santa-rosa-valley-ca/,$[1].@graph[1].areaServed[14].name,Santa Clarita,"Outside-county mention; preserve page wording, correct service-area fields"
https://www.805shutters.com/window-treatments/santa-rosa-valley-ca/,$[0].@graph[0].contactPoint.areaServed[7].name,Westlake Village,Explicitly approved Westlake Village; incorporated city is Los Angeles County
https://www.805shutters.com/window-treatments/santa-rosa-valley-ca/,$[0].@graph[0].contactPoint.areaServed[14].name,Santa Clarita,"Outside-county mention; preserve page wording, correct service-area fields"
https://www.805shutters.com/window-treatments/santa-rosa-valley-ca/,$[0].@graph[0].areaServed[7].name,Westlake Village,Explicitly approved Westlake Village; incorporated city is Los Angeles County
https://www.805shutters.com/window-treatments/santa-rosa-valley-ca/,$[0].@graph[0].areaServed[14].name,Santa Clarita,"Outside-county mention; preserve page wording, correct service-area fields"
https://www.805shutters.com/window-treatments/santa-rosa-valley-ca/,$[0].@graph[0].serviceArea.name,"Ventura County, North Los Angeles County, and Santa Clarita","Outside-county mention; preserve page wording, correct service-area fields"
https://www.805shutters.com/window-treatments/santa-rosa-valley-ca/,$[0].@graph[0].hasOfferCatalog.itemListElement[0].itemOffered.areaServed,"Ventura County, North Los Angeles County, and Santa Clarita","Outside-county mention; preserve page wording, correct service-area fields"
https://www.805shutters.com/window-treatments/santa-rosa-valley-ca/,$[0].@graph[0].hasOfferCatalog.itemListElement[1].itemOffered.areaServed,"Ventura County, North Los Angeles County, and Santa Clarita","Outside-county mention; preserve page wording, correct service-area fields"
https://www.805shutters.com/window-treatments/santa-rosa-valley-ca/,$[0].@graph[0].hasOfferCatalog.itemListElement[2].itemOffered.areaServed,"Ventura County, North Los Angeles County, and Santa Clarita","Outside-county mention; preserve page wording, correct service-area fields"
https://www.805shutters.com/window-treatments/santa-rosa-valley-ca/,$[0].@graph[0].hasOfferCatalog.itemListElement[3].itemOffered.areaServed,"Ventura County, North Los Angeles County, and Santa Clarita","Outside-county mention; preserve page wording, correct service-area fields"
https://www.805shutters.com/window-treatments/santa-rosa-valley-ca/,$[0].@graph[0].hasOfferCatalog.itemListElement[4].itemOffered.areaServed,"Ventura County, North Los Angeles County, and Santa Clarita","Outside-county mention; preserve page wording, correct service-area fields"
https://www.805shutters.com/window-treatments/santa-rosa-valley-ca/,$[1].@graph[1].areaServed[7].name,Westlake Village,Explicitly approved Westlake Village; incorporated city is Los Angeles County
https://www.805shutters.com/window-treatments/santa-rosa-valley-ca/,$[1].@graph[1].areaServed[14].name,Santa Clarita,"Outside-county mention; preserve page wording, correct service-area fields"
https://www.805shutters.com/shutters/simi-valley/,$[0].@graph[0].contactPoint.areaServed[7].name,Westlake Village,Explicitly approved Westlake Village; incorporated city is Los Angeles County
https://www.805shutters.com/shutters/simi-valley/,$[0].@graph[0].contactPoint.areaServed[14].name,Santa Clarita,"Outside-county mention; preserve page wording, correct service-area fields"
https://www.805shutters.com/shutters/simi-valley/,$[0].@graph[0].areaServed[7].name,Westlake Village,Explicitly approved Westlake Village; incorporated city is Los Angeles County
https://www.805shutters.com/shutters/simi-valley/,$[0].@graph[0].areaServed[14].name,Santa Clarita,"Outside-county mention; preserve page wording, correct service-area fields"
https://www.805shutters.com/shutters/simi-valley/,$[0].@graph[0].serviceArea.name,"Ventura County, North Los Angeles County, and Santa Clarita","Outside-county mention; preserve page wording, correct service-area fields"
https://www.805shutters.com/shutters/simi-valley/,$[0].@graph[0].hasOfferCatalog.itemListElement[0].itemOffered.areaServed,"Ventura County, North Los Angeles County, and Santa Clarita","Outside-county mention; preserve page wording, correct service-area fields"
https://www.805shutters.com/shutters/simi-valley/,$[0].@graph[0].hasOfferCatalog.itemListElement[1].itemOffered.areaServed,"Ventura County, North Los Angeles County, and Santa Clarita","Outside-county mention; preserve page wording, correct service-area fields"
https://www.805shutters.com/shutters/simi-valley/,$[0].@graph[0].hasOfferCatalog.itemListElement[2].itemOffered.areaServed,"Ventura County, North Los Angeles County, and Santa Clarita","Outside-county mention; preserve page wording, correct service-area fields"
https://www.805shutters.com/shutters/simi-valley/,$[0].@graph[0].hasOfferCatalog.itemListElement[3].itemOffered.areaServed,"Ventura County, North Los Angeles County, and Santa Clarita","Outside-county mention; preserve page wording, correct service-area fields"
https://www.805shutters.com/shutters/simi-valley/,$[0].@graph[0].hasOfferCatalog.itemListElement[4].itemOffered.areaServed,"Ventura County, North Los Angeles County, and Santa Clarita","Outside-county mention; preserve page wording, correct service-area fields"
https://www.805shutters.com/shutters/simi-valley/,$[1].@graph[1].areaServed[7].name,Westlake Village,Explicitly approved Westlake Village; incorporated city is Los Angeles County
https://www.805shutters.com/shutters/simi-valley/,$[1].@graph[1].areaServed[14].name,Santa Clarita,"Outside-county mention; preserve page wording, correct service-area fields"
https://www.805shutters.com/shades/simi-valley-ca/,$[0].@graph[0].contactPoint.areaServed[7].name,Westlake Village,Explicitly approved Westlake Village; incorporated city is Los Angeles County
https://www.805shutters.com/shades/simi-valley-ca/,$[0].@graph[0].contactPoint.areaServed[14].name,Santa Clarita,"Outside-county mention; preserve page wording, correct service-area fields"
https://www.805shutters.com/shades/simi-valley-ca/,$[0].@graph[0].areaServed[7].name,Westlake Village,Explicitly approved Westlake Village; incorporated city is Los Angeles County
https://www.805shutters.com/shades/simi-valley-ca/,$[0].@graph[0].areaServed[14].name,Santa Clarita,"Outside-county mention; preserve page wording, correct service-area fields"
https://www.805shutters.com/shades/simi-valley-ca/,$[0].@graph[0].serviceArea.name,"Ventura County, North Los Angeles County, and Santa Clarita","Outside-county mention; preserve page wording, correct service-area fields"
https://www.805shutters.com/shades/simi-valley-ca/,$[0].@graph[0].hasOfferCatalog.itemListElement[0].itemOffered.areaServed,"Ventura County, North Los Angeles County, and Santa Clarita","Outside-county mention; preserve page wording, correct service-area fields"
https://www.805shutters.com/shades/simi-valley-ca/,$[0].@graph[0].hasOfferCatalog.itemListElement[1].itemOffered.areaServed,"Ventura County, North Los Angeles County, and Santa Clarita","Outside-county mention; preserve page wording, correct service-area fields"
https://www.805shutters.com/shades/simi-valley-ca/,$[0].@graph[0].hasOfferCatalog.itemListElement[2].itemOffered.areaServed,"Ventura County, North Los Angeles County, and Santa Clarita","Outside-county mention; preserve page wording, correct service-area fields"
https://www.805shutters.com/shades/simi-valley-ca/,$[0].@graph[0].hasOfferCatalog.itemListElement[3].itemOffered.areaServed,"Ventura County, North Los Angeles County, and Santa Clarita","Outside-county mention; preserve page wording, correct service-area fields"
https://www.805shutters.com/shades/simi-valley-ca/,$[0].@graph[0].hasOfferCatalog.itemListElement[4].itemOffered.areaServed,"Ventura County, North Los Angeles County, and Santa Clarita","Outside-county mention; preserve page wording, correct service-area fields"
https://www.805shutters.com/shades/simi-valley-ca/,$[1].@graph[1].areaServed[7].name,Westlake Village,Explicitly approved Westlake Village; incorporated city is Los Angeles County
https://www.805shutters.com/shades/simi-valley-ca/,$[1].@graph[1].areaServed[14].name,Santa Clarita,"Outside-county mention; preserve page wording, correct service-area fields"
https://www.805shutters.com/blinds/simi-valley-ca/,$[0].@graph[0].contactPoint.areaServed[7].name,Westlake Village,Explicitly approved Westlake Village; incorporated city is Los Angeles County
https://www.805shutters.com/blinds/simi-valley-ca/,$[0].@graph[0].contactPoint.areaServed[14].name,Santa Clarita,"Outside-county mention; preserve page wording, correct service-area fields"
https://www.805shutters.com/blinds/simi-valley-ca/,$[0].@graph[0].areaServed[7].name,Westlake Village,Explicitly approved Westlake Village; incorporated city is Los Angeles County
https://www.805shutters.com/blinds/simi-valley-ca/,$[0].@graph[0].areaServed[14].name,Santa Clarita,"Outside-county mention; preserve page wording, correct service-area fields"
https://www.805shutters.com/blinds/simi-valley-ca/,$[0].@graph[0].serviceArea.name,"Ventura County, North Los Angeles County, and Santa Clarita","Outside-county mention; preserve page wording, correct service-area fields"
https://www.805shutters.com/blinds/simi-valley-ca/,$[0].@graph[0].hasOfferCatalog.itemListElement[0].itemOffered.areaServed,"Ventura County, North Los Angeles County, and Santa Clarita","Outside-county mention; preserve page wording, correct service-area fields"
https://www.805shutters.com/blinds/simi-valley-ca/,$[0].@graph[0].hasOfferCatalog.itemListElement[1].itemOffered.areaServed,"Ventura County, North Los Angeles County, and Santa Clarita","Outside-county mention; preserve page wording, correct service-area fields"
https://www.805shutters.com/blinds/simi-valley-ca/,$[0].@graph[0].hasOfferCatalog.itemListElement[2].itemOffered.areaServed,"Ventura County, North Los Angeles County, and Santa Clarita","Outside-county mention; preserve page wording, correct service-area fields"
https://www.805shutters.com/blinds/simi-valley-ca/,$[0].@graph[0].hasOfferCatalog.itemListElement[3].itemOffered.areaServed,"Ventura County, North Los Angeles County, and Santa Clarita","Outside-county mention; preserve page wording, correct service-area fields"
https://www.805shutters.com/blinds/simi-valley-ca/,$[0].@graph[0].hasOfferCatalog.itemListElement[4].itemOffered.areaServed,"Ventura County, North Los Angeles County, and Santa Clarita","Outside-county mention; preserve page wording, correct service-area fields"
https://www.805shutters.com/blinds/simi-valley-ca/,$[1].@graph[1].areaServed[7].name,Westlake Village,Explicitly approved Westlake Village; incorporated city is Los Angeles County
https://www.805shutters.com/blinds/simi-valley-ca/,$[1].@graph[1].areaServed[14].name,Santa Clarita,"Outside-county mention; preserve page wording, correct service-area fields"
https://www.805shutters.com/drapery/simi-valley-ca/,$[0].@graph[0].contactPoint.areaServed[7].name,Westlake Village,Explicitly approved Westlake Village; incorporated city is Los Angeles County
https://www.805shutters.com/drapery/simi-valley-ca/,$[0].@graph[0].contactPoint.areaServed[14].name,Santa Clarita,"Outside-county mention; preserve page wording, correct service-area fields"
https://www.805shutters.com/drapery/simi-valley-ca/,$[0].@graph[0].areaServed[7].name,Westlake Village,Explicitly approved Westlake Village; incorporated city is Los Angeles County
https://www.805shutters.com/drapery/simi-valley-ca/,$[0].@graph[0].areaServed[14].name,Santa Clarita,"Outside-county mention; preserve page wording, correct service-area fields"
https://www.805shutters.com/drapery/simi-valley-ca/,$[0].@graph[0].serviceArea.name,"Ventura County, North Los Angeles County, and Santa Clarita","Outside-county mention; preserve page wording, correct service-area fields"
https://www.805shutters.com/drapery/simi-valley-ca/,$[0].@graph[0].hasOfferCatalog.itemListElement[0].itemOffered.areaServed,"Ventura County, North Los Angeles County, and Santa Clarita","Outside-county mention; preserve page wording, correct service-area fields"
https://www.805shutters.com/drapery/simi-valley-ca/,$[0].@graph[0].hasOfferCatalog.itemListElement[1].itemOffered.areaServed,"Ventura County, North Los Angeles County, and Santa Clarita","Outside-county mention; preserve page wording, correct service-area fields"
https://www.805shutters.com/drapery/simi-valley-ca/,$[0].@graph[0].hasOfferCatalog.itemListElement[2].itemOffered.areaServed,"Ventura County, North Los Angeles County, and Santa Clarita","Outside-county mention; preserve page wording, correct service-area fields"
https://www.805shutters.com/drapery/simi-valley-ca/,$[0].@graph[0].hasOfferCatalog.itemListElement[3].itemOffered.areaServed,"Ventura County, North Los Angeles County, and Santa Clarita","Outside-county mention; preserve page wording, correct service-area fields"
https://www.805shutters.com/drapery/simi-valley-ca/,$[0].@graph[0].hasOfferCatalog.itemListElement[4].itemOffered.areaServed,"Ventura County, North Los Angeles County, and Santa Clarita","Outside-county mention; preserve page wording, correct service-area fields"
https://www.805shutters.com/drapery/simi-valley-ca/,$[1].@graph[1].areaServed[7].name,Westlake Village,Explicitly approved Westlake Village; incorporated city is Los Angeles County
https://www.805shutters.com/drapery/simi-valley-ca/,$[1].@graph[1].areaServed[14].name,Santa Clarita,"Outside-county mention; preserve page wording, correct service-area fields"
https://www.805shutters.com/window-coverings/simi-valley-ca/,$[0].@graph[0].contactPoint.areaServed[7].name,Westlake Village,Explicitly approved Westlake Village; incorporated city is Los Angeles County
https://www.805shutters.com/window-coverings/simi-valley-ca/,$[0].@graph[0].contactPoint.areaServed[14].name,Santa Clarita,"Outside-county mention; preserve page wording, correct service-area fields"
https://www.805shutters.com/window-coverings/simi-valley-ca/,$[0].@graph[0].areaServed[7].name,Westlake Village,Explicitly approved Westlake Village; incorporated city is Los Angeles County
https://www.805shutters.com/window-coverings/simi-valley-ca/,$[0].@graph[0].areaServed[14].name,Santa Clarita,"Outside-county mention; preserve page wording, correct service-area fields"
https://www.805shutters.com/window-coverings/simi-valley-ca/,$[0].@graph[0].serviceArea.name,"Ventura County, North Los Angeles County, and Santa Clarita","Outside-county mention; preserve page wording, correct service-area fields"
https://www.805shutters.com/window-coverings/simi-valley-ca/,$[0].@graph[0].hasOfferCatalog.itemListElement[0].itemOffered.areaServed,"Ventura County, North Los Angeles County, and Santa Clarita","Outside-county mention; preserve page wording, correct service-area fields"
https://www.805shutters.com/window-coverings/simi-valley-ca/,$[0].@graph[0].hasOfferCatalog.itemListElement[1].itemOffered.areaServed,"Ventura County, North Los Angeles County, and Santa Clarita","Outside-county mention; preserve page wording, correct service-area fields"
https://www.805shutters.com/window-coverings/simi-valley-ca/,$[0].@graph[0].hasOfferCatalog.itemListElement[2].itemOffered.areaServed,"Ventura County, North Los Angeles County, and Santa Clarita","Outside-county mention; preserve page wording, correct service-area fields"
https://www.805shutters.com/window-coverings/simi-valley-ca/,$[0].@graph[0].hasOfferCatalog.itemListElement[3].itemOffered.areaServed,"Ventura County, North Los Angeles County, and Santa Clarita","Outside-county mention; preserve page wording, correct service-area fields"
https://www.805shutters.com/window-coverings/simi-valley-ca/,$[0].@graph[0].hasOfferCatalog.itemListElement[4].itemOffered.areaServed,"Ventura County, North Los Angeles County, and Santa Clarita","Outside-county mention; preserve page wording, correct service-area fields"
https://www.805shutters.com/window-coverings/simi-valley-ca/,$[1].@graph[1].areaServed[7].name,Westlake Village,Explicitly approved Westlake Village; incorporated city is Los Angeles County
https://www.805shutters.com/window-coverings/simi-valley-ca/,$[1].@graph[1].areaServed[14].name,Santa Clarita,"Outside-county mention; preserve page wording, correct service-area fields"
https://www.805shutters.com/window-treatments/simi-valley-ca/,$[0].@graph[0].contactPoint.areaServed[7].name,Westlake Village,Explicitly approved Westlake Village; incorporated city is Los Angeles County
https://www.805shutters.com/window-treatments/simi-valley-ca/,$[0].@graph[0].contactPoint.areaServed[14].name,Santa Clarita,"Outside-county mention; preserve page wording, correct service-area fields"
https://www.805shutters.com/window-treatments/simi-valley-ca/,$[0].@graph[0].areaServed[7].name,Westlake Village,Explicitly approved Westlake Village; incorporated city is Los Angeles County
https://www.805shutters.com/window-treatments/simi-valley-ca/,$[0].@graph[0].areaServed[14].name,Santa Clarita,"Outside-county mention; preserve page wording, correct service-area fields"
https://www.805shutters.com/window-treatments/simi-valley-ca/,$[0].@graph[0].serviceArea.name,"Ventura County, North Los Angeles County, and Santa Clarita","Outside-county mention; preserve page wording, correct service-area fields"
https://www.805shutters.com/window-treatments/simi-valley-ca/,$[0].@graph[0].hasOfferCatalog.itemListElement[0].itemOffered.areaServed,"Ventura County, North Los Angeles County, and Santa Clarita","Outside-county mention; preserve page wording, correct service-area fields"
https://www.805shutters.com/window-treatments/simi-valley-ca/,$[0].@graph[0].hasOfferCatalog.itemListElement[1].itemOffered.areaServed,"Ventura County, North Los Angeles County, and Santa Clarita","Outside-county mention; preserve page wording, correct service-area fields"
https://www.805shutters.com/window-treatments/simi-valley-ca/,$[0].@graph[0].hasOfferCatalog.itemListElement[2].itemOffered.areaServed,"Ventura County, North Los Angeles County, and Santa Clarita","Outside-county mention; preserve page wording, correct service-area fields"
https://www.805shutters.com/window-treatments/simi-valley-ca/,$[0].@graph[0].hasOfferCatalog.itemListElement[3].itemOffered.areaServed,"Ventura County, North Los Angeles County, and Santa Clarita","Outside-county mention; preserve page wording, correct service-area fields"
https://www.805shutters.com/window-treatments/simi-valley-ca/,$[0].@graph[0].hasOfferCatalog.itemListElement[4].itemOffered.areaServed,"Ventura County, North Los Angeles County, and Santa Clarita","Outside-county mention; preserve page wording, correct service-area fields"
https://www.805shutters.com/window-treatments/simi-valley-ca/,$[1].@graph[1].areaServed[7].name,Westlake Village,Explicitly approved Westlake Village; incorporated city is Los Angeles County
https://www.805shutters.com/window-treatments/simi-valley-ca/,$[1].@graph[1].areaServed[14].name,Santa Clarita,"Outside-county mention; preserve page wording, correct service-area fields"
https://www.805shutters.com/shutters/thousand-oaks/,$[0].@graph[0].contactPoint.areaServed[7].name,Westlake Village,Explicitly approved Westlake Village; incorporated city is Los Angeles County
https://www.805shutters.com/shutters/thousand-oaks/,$[0].@graph[0].contactPoint.areaServed[14].name,Santa Clarita,"Outside-county mention; preserve page wording, correct service-area fields"
https://www.805shutters.com/shutters/thousand-oaks/,$[0].@graph[0].areaServed[7].name,Westlake Village,Explicitly approved Westlake Village; incorporated city is Los Angeles County
https://www.805shutters.com/shutters/thousand-oaks/,$[0].@graph[0].areaServed[14].name,Santa Clarita,"Outside-county mention; preserve page wording, correct service-area fields"
https://www.805shutters.com/shutters/thousand-oaks/,$[0].@graph[0].serviceArea.name,"Ventura County, North Los Angeles County, and Santa Clarita","Outside-county mention; preserve page wording, correct service-area fields"
https://www.805shutters.com/shutters/thousand-oaks/,$[0].@graph[0].hasOfferCatalog.itemListElement[0].itemOffered.areaServed,"Ventura County, North Los Angeles County, and Santa Clarita","Outside-county mention; preserve page wording, correct service-area fields"
https://www.805shutters.com/shutters/thousand-oaks/,$[0].@graph[0].hasOfferCatalog.itemListElement[1].itemOffered.areaServed,"Ventura County, North Los Angeles County, and Santa Clarita","Outside-county mention; preserve page wording, correct service-area fields"
https://www.805shutters.com/shutters/thousand-oaks/,$[0].@graph[0].hasOfferCatalog.itemListElement[2].itemOffered.areaServed,"Ventura County, North Los Angeles County, and Santa Clarita","Outside-county mention; preserve page wording, correct service-area fields"
https://www.805shutters.com/shutters/thousand-oaks/,$[0].@graph[0].hasOfferCatalog.itemListElement[3].itemOffered.areaServed,"Ventura County, North Los Angeles County, and Santa Clarita","Outside-county mention; preserve page wording, correct service-area fields"
https://www.805shutters.com/shutters/thousand-oaks/,$[0].@graph[0].hasOfferCatalog.itemListElement[4].itemOffered.areaServed,"Ventura County, North Los Angeles County, and Santa Clarita","Outside-county mention; preserve page wording, correct service-area fields"
https://www.805shutters.com/shutters/thousand-oaks/,$[1].@graph[1].areaServed[7].name,Westlake Village,Explicitly approved Westlake Village; incorporated city is Los Angeles County
https://www.805shutters.com/shutters/thousand-oaks/,$[1].@graph[1].areaServed[14].name,Santa Clarita,"Outside-county mention; preserve page wording, correct service-area fields"
https://www.805shutters.com/shades/thousand-oaks-ca/,$[0].@graph[0].contactPoint.areaServed[7].name,Westlake Village,Explicitly approved Westlake Village; incorporated city is Los Angeles County
https://www.805shutters.com/shades/thousand-oaks-ca/,$[0].@graph[0].contactPoint.areaServed[14].name,Santa Clarita,"Outside-county mention; preserve page wording, correct service-area fields"
https://www.805shutters.com/shades/thousand-oaks-ca/,$[0].@graph[0].areaServed[7].name,Westlake Village,Explicitly approved Westlake Village; incorporated city is Los Angeles County
https://www.805shutters.com/shades/thousand-oaks-ca/,$[0].@graph[0].areaServed[14].name,Santa Clarita,"Outside-county mention; preserve page wording, correct service-area fields"
https://www.805shutters.com/shades/thousand-oaks-ca/,$[0].@graph[0].serviceArea.name,"Ventura County, North Los Angeles County, and Santa Clarita","Outside-county mention; preserve page wording, correct service-area fields"
https://www.805shutters.com/shades/thousand-oaks-ca/,$[0].@graph[0].hasOfferCatalog.itemListElement[0].itemOffered.areaServed,"Ventura County, North Los Angeles County, and Santa Clarita","Outside-county mention; preserve page wording, correct service-area fields"
https://www.805shutters.com/shades/thousand-oaks-ca/,$[0].@graph[0].hasOfferCatalog.itemListElement[1].itemOffered.areaServed,"Ventura County, North Los Angeles County, and Santa Clarita","Outside-county mention; preserve page wording, correct service-area fields"
https://www.805shutters.com/shades/thousand-oaks-ca/,$[0].@graph[0].hasOfferCatalog.itemListElement[2].itemOffered.areaServed,"Ventura County, North Los Angeles County, and Santa Clarita","Outside-county mention; preserve page wording, correct service-area fields"
https://www.805shutters.com/shades/thousand-oaks-ca/,$[0].@graph[0].hasOfferCatalog.itemListElement[3].itemOffered.areaServed,"Ventura County, North Los Angeles County, and Santa Clarita","Outside-county mention; preserve page wording, correct service-area fields"
https://www.805shutters.com/shades/thousand-oaks-ca/,$[0].@graph[0].hasOfferCatalog.itemListElement[4].itemOffered.areaServed,"Ventura County, North Los Angeles County, and Santa Clarita","Outside-county mention; preserve page wording, correct service-area fields"
https://www.805shutters.com/shades/thousand-oaks-ca/,$[1].@graph[1].areaServed[7].name,Westlake Village,Explicitly approved Westlake Village; incorporated city is Los Angeles County
https://www.805shutters.com/shades/thousand-oaks-ca/,$[1].@graph[1].areaServed[14].name,Santa Clarita,"Outside-county mention; preserve page wording, correct service-area fields"
https://www.805shutters.com/blinds/thousand-oaks-ca/,$[0].@graph[0].contactPoint.areaServed[7].name,Westlake Village,Explicitly approved Westlake Village; incorporated city is Los Angeles County
https://www.805shutters.com/blinds/thousand-oaks-ca/,$[0].@graph[0].contactPoint.areaServed[14].name,Santa Clarita,"Outside-county mention; preserve page wording, correct service-area fields"
https://www.805shutters.com/blinds/thousand-oaks-ca/,$[0].@graph[0].areaServed[7].name,Westlake Village,Explicitly approved Westlake Village; incorporated city is Los Angeles County
https://www.805shutters.com/blinds/thousand-oaks-ca/,$[0].@graph[0].areaServed[14].name,Santa Clarita,"Outside-county mention; preserve page wording, correct service-area fields"
https://www.805shutters.com/blinds/thousand-oaks-ca/,$[0].@graph[0].serviceArea.name,"Ventura County, North Los Angeles County, and Santa Clarita","Outside-county mention; preserve page wording, correct service-area fields"
https://www.805shutters.com/blinds/thousand-oaks-ca/,$[0].@graph[0].hasOfferCatalog.itemListElement[0].itemOffered.areaServed,"Ventura County, North Los Angeles County, and Santa Clarita","Outside-county mention; preserve page wording, correct service-area fields"
https://www.805shutters.com/blinds/thousand-oaks-ca/,$[0].@graph[0].hasOfferCatalog.itemListElement[1].itemOffered.areaServed,"Ventura County, North Los Angeles County, and Santa Clarita","Outside-county mention; preserve page wording, correct service-area fields"
https://www.805shutters.com/blinds/thousand-oaks-ca/,$[0].@graph[0].hasOfferCatalog.itemListElement[2].itemOffered.areaServed,"Ventura County, North Los Angeles County, and Santa Clarita","Outside-county mention; preserve page wording, correct service-area fields"
https://www.805shutters.com/blinds/thousand-oaks-ca/,$[0].@graph[0].hasOfferCatalog.itemListElement[3].itemOffered.areaServed,"Ventura County, North Los Angeles County, and Santa Clarita","Outside-county mention; preserve page wording, correct service-area fields"
https://www.805shutters.com/blinds/thousand-oaks-ca/,$[0].@graph[0].hasOfferCatalog.itemListElement[4].itemOffered.areaServed,"Ventura County, North Los Angeles County, and Santa Clarita","Outside-county mention; preserve page wording, correct service-area fields"
https://www.805shutters.com/blinds/thousand-oaks-ca/,$[1].@graph[1].areaServed[7].name,Westlake Village,Explicitly approved Westlake Village; incorporated city is Los Angeles County
https://www.805shutters.com/blinds/thousand-oaks-ca/,$[1].@graph[1].areaServed[14].name,Santa Clarita,"Outside-county mention; preserve page wording, correct service-area fields"
https://www.805shutters.com/drapery/thousand-oaks-ca/,$[0].@graph[0].contactPoint.areaServed[7].name,Westlake Village,Explicitly approved Westlake Village; incorporated city is Los Angeles County
https://www.805shutters.com/drapery/thousand-oaks-ca/,$[0].@graph[0].contactPoint.areaServed[14].name,Santa Clarita,"Outside-county mention; preserve page wording, correct service-area fields"
https://www.805shutters.com/drapery/thousand-oaks-ca/,$[0].@graph[0].areaServed[7].name,Westlake Village,Explicitly approved Westlake Village; incorporated city is Los Angeles County
https://www.805shutters.com/drapery/thousand-oaks-ca/,$[0].@graph[0].areaServed[14].name,Santa Clarita,"Outside-county mention; preserve page wording, correct service-area fields"
https://www.805shutters.com/drapery/thousand-oaks-ca/,$[0].@graph[0].serviceArea.name,"Ventura County, North Los Angeles County, and Santa Clarita","Outside-county mention; preserve page wording, correct service-area fields"
https://www.805shutters.com/drapery/thousand-oaks-ca/,$[0].@graph[0].hasOfferCatalog.itemListElement[0].itemOffered.areaServed,"Ventura County, North Los Angeles County, and Santa Clarita","Outside-county mention; preserve page wording, correct service-area fields"
https://www.805shutters.com/drapery/thousand-oaks-ca/,$[0].@graph[0].hasOfferCatalog.itemListElement[1].itemOffered.areaServed,"Ventura County, North Los Angeles County, and Santa Clarita","Outside-county mention; preserve page wording, correct service-area fields"
https://www.805shutters.com/drapery/thousand-oaks-ca/,$[0].@graph[0].hasOfferCatalog.itemListElement[2].itemOffered.areaServed,"Ventura County, North Los Angeles County, and Santa Clarita","Outside-county mention; preserve page wording, correct service-area fields"
https://www.805shutters.com/drapery/thousand-oaks-ca/,$[0].@graph[0].hasOfferCatalog.itemListElement[3].itemOffered.areaServed,"Ventura County, North Los Angeles County, and Santa Clarita","Outside-county mention; preserve page wording, correct service-area fields"
https://www.805shutters.com/drapery/thousand-oaks-ca/,$[0].@graph[0].hasOfferCatalog.itemListElement[4].itemOffered.areaServed,"Ventura County, North Los Angeles County, and Santa Clarita","Outside-county mention; preserve page wording, correct service-area fields"
https://www.805shutters.com/drapery/thousand-oaks-ca/,$[1].@graph[1].areaServed[7].name,Westlake Village,Explicitly approved Westlake Village; incorporated city is Los Angeles County
https://www.805shutters.com/drapery/thousand-oaks-ca/,$[1].@graph[1].areaServed[14].name,Santa Clarita,"Outside-county mention; preserve page wording, correct service-area fields"
https://www.805shutters.com/window-coverings/thousand-oaks-ca/,$[0].@graph[0].contactPoint.areaServed[7].name,Westlake Village,Explicitly approved Westlake Village; incorporated city is Los Angeles County
https://www.805shutters.com/window-coverings/thousand-oaks-ca/,$[0].@graph[0].contactPoint.areaServed[14].name,Santa Clarita,"Outside-county mention; preserve page wording, correct service-area fields"
https://www.805shutters.com/window-coverings/thousand-oaks-ca/,$[0].@graph[0].areaServed[7].name,Westlake Village,Explicitly approved Westlake Village; incorporated city is Los Angeles County
https://www.805shutters.com/window-coverings/thousand-oaks-ca/,$[0].@graph[0].areaServed[14].name,Santa Clarita,"Outside-county mention; preserve page wording, correct service-area fields"
https://www.805shutters.com/window-coverings/thousand-oaks-ca/,$[0].@graph[0].serviceArea.name,"Ventura County, North Los Angeles County, and Santa Clarita","Outside-county mention; preserve page wording, correct service-area fields"
https://www.805shutters.com/window-coverings/thousand-oaks-ca/,$[0].@graph[0].hasOfferCatalog.itemListElement[0].itemOffered.areaServed,"Ventura County, North Los Angeles County, and Santa Clarita","Outside-county mention; preserve page wording, correct service-area fields"
https://www.805shutters.com/window-coverings/thousand-oaks-ca/,$[0].@graph[0].hasOfferCatalog.itemListElement[1].itemOffered.areaServed,"Ventura County, North Los Angeles County, and Santa Clarita","Outside-county mention; preserve page wording, correct service-area fields"
https://www.805shutters.com/window-coverings/thousand-oaks-ca/,$[0].@graph[0].hasOfferCatalog.itemListElement[2].itemOffered.areaServed,"Ventura County, North Los Angeles County, and Santa Clarita","Outside-county mention; preserve page wording, correct service-area fields"
https://www.805shutters.com/window-coverings/thousand-oaks-ca/,$[0].@graph[0].hasOfferCatalog.itemListElement[3].itemOffered.areaServed,"Ventura County, North Los Angeles County, and Santa Clarita","Outside-county mention; preserve page wording, correct service-area fields"
https://www.805shutters.com/window-coverings/thousand-oaks-ca/,$[0].@graph[0].hasOfferCatalog.itemListElement[4].itemOffered.areaServed,"Ventura County, North Los Angeles County, and Santa Clarita","Outside-county mention; preserve page wording, correct service-area fields"
https://www.805shutters.com/window-coverings/thousand-oaks-ca/,$[1].@graph[1].areaServed[7].name,Westlake Village,Explicitly approved Westlake Village; incorporated city is Los Angeles County
https://www.805shutters.com/window-coverings/thousand-oaks-ca/,$[1].@graph[1].areaServed[14].name,Santa Clarita,"Outside-county mention; preserve page wording, correct service-area fields"
https://www.805shutters.com/window-treatments/thousand-oaks-ca/,$[0].@graph[0].contactPoint.areaServed[7].name,Westlake Village,Explicitly approved Westlake Village; incorporated city is Los Angeles County
https://www.805shutters.com/window-treatments/thousand-oaks-ca/,$[0].@graph[0].contactPoint.areaServed[14].name,Santa Clarita,"Outside-county mention; preserve page wording, correct service-area fields"
https://www.805shutters.com/window-treatments/thousand-oaks-ca/,$[0].@graph[0].areaServed[7].name,Westlake Village,Explicitly approved Westlake Village; incorporated city is Los Angeles County
https://www.805shutters.com/window-treatments/thousand-oaks-ca/,$[0].@graph[0].areaServed[14].name,Santa Clarita,"Outside-county mention; preserve page wording, correct service-area fields"
https://www.805shutters.com/window-treatments/thousand-oaks-ca/,$[0].@graph[0].serviceArea.name,"Ventura County, North Los Angeles County, and Santa Clarita","Outside-county mention; preserve page wording, correct service-area fields"
https://www.805shutters.com/window-treatments/thousand-oaks-ca/,$[0].@graph[0].hasOfferCatalog.itemListElement[0].itemOffered.areaServed,"Ventura County, North Los Angeles County, and Santa Clarita","Outside-county mention; preserve page wording, correct service-area fields"
https://www.805shutters.com/window-treatments/thousand-oaks-ca/,$[0].@graph[0].hasOfferCatalog.itemListElement[1].itemOffered.areaServed,"Ventura County, North Los Angeles County, and Santa Clarita","Outside-county mention; preserve page wording, correct service-area fields"
https://www.805shutters.com/window-treatments/thousand-oaks-ca/,$[0].@graph[0].hasOfferCatalog.itemListElement[2].itemOffered.areaServed,"Ventura County, North Los Angeles County, and Santa Clarita","Outside-county mention; preserve page wording, correct service-area fields"
https://www.805shutters.com/window-treatments/thousand-oaks-ca/,$[0].@graph[0].hasOfferCatalog.itemListElement[3].itemOffered.areaServed,"Ventura County, North Los Angeles County, and Santa Clarita","Outside-county mention; preserve page wording, correct service-area fields"
https://www.805shutters.com/window-treatments/thousand-oaks-ca/,$[0].@graph[0].hasOfferCatalog.itemListElement[4].itemOffered.areaServed,"Ventura County, North Los Angeles County, and Santa Clarita","Outside-county mention; preserve page wording, correct service-area fields"
https://www.805shutters.com/window-treatments/thousand-oaks-ca/,$[1].@graph[1].areaServed[7].name,Westlake Village,Explicitly approved Westlake Village; incorporated city is Los Angeles County
https://www.805shutters.com/window-treatments/thousand-oaks-ca/,$[1].@graph[1].areaServed[14].name,Santa Clarita,"Outside-county mention; preserve page wording, correct service-area fields"
https://www.805shutters.com/shutters/ventura/,$[0].@graph[0].contactPoint.areaServed[7].name,Westlake Village,Explicitly approved Westlake Village; incorporated city is Los Angeles County
https://www.805shutters.com/shutters/ventura/,$[0].@graph[0].contactPoint.areaServed[14].name,Santa Clarita,"Outside-county mention; preserve page wording, correct service-area fields"
https://www.805shutters.com/shutters/ventura/,$[0].@graph[0].areaServed[7].name,Westlake Village,Explicitly approved Westlake Village; incorporated city is Los Angeles County
https://www.805shutters.com/shutters/ventura/,$[0].@graph[0].areaServed[14].name,Santa Clarita,"Outside-county mention; preserve page wording, correct service-area fields"
https://www.805shutters.com/shutters/ventura/,$[0].@graph[0].serviceArea.name,"Ventura County, North Los Angeles County, and Santa Clarita","Outside-county mention; preserve page wording, correct service-area fields"
https://www.805shutters.com/shutters/ventura/,$[0].@graph[0].hasOfferCatalog.itemListElement[0].itemOffered.areaServed,"Ventura County, North Los Angeles County, and Santa Clarita","Outside-county mention; preserve page wording, correct service-area fields"
https://www.805shutters.com/shutters/ventura/,$[0].@graph[0].hasOfferCatalog.itemListElement[1].itemOffered.areaServed,"Ventura County, North Los Angeles County, and Santa Clarita","Outside-county mention; preserve page wording, correct service-area fields"
https://www.805shutters.com/shutters/ventura/,$[0].@graph[0].hasOfferCatalog.itemListElement[2].itemOffered.areaServed,"Ventura County, North Los Angeles County, and Santa Clarita","Outside-county mention; preserve page wording, correct service-area fields"
https://www.805shutters.com/shutters/ventura/,$[0].@graph[0].hasOfferCatalog.itemListElement[3].itemOffered.areaServed,"Ventura County, North Los Angeles County, and Santa Clarita","Outside-county mention; preserve page wording, correct service-area fields"
https://www.805shutters.com/shutters/ventura/,$[0].@graph[0].hasOfferCatalog.itemListElement[4].itemOffered.areaServed,"Ventura County, North Los Angeles County, and Santa Clarita","Outside-county mention; preserve page wording, correct service-area fields"
https://www.805shutters.com/shutters/ventura/,$[1].@graph[1].areaServed[7].name,Westlake Village,Explicitly approved Westlake Village; incorporated city is Los Angeles County
https://www.805shutters.com/shutters/ventura/,$[1].@graph[1].areaServed[14].name,Santa Clarita,"Outside-county mention; preserve page wording, correct service-area fields"
https://www.805shutters.com/shades/ventura-ca/,$[0].@graph[0].contactPoint.areaServed[7].name,Westlake Village,Explicitly approved Westlake Village; incorporated city is Los Angeles County
https://www.805shutters.com/shades/ventura-ca/,$[0].@graph[0].contactPoint.areaServed[14].name,Santa Clarita,"Outside-county mention; preserve page wording, correct service-area fields"
https://www.805shutters.com/shades/ventura-ca/,$[0].@graph[0].areaServed[7].name,Westlake Village,Explicitly approved Westlake Village; incorporated city is Los Angeles County
https://www.805shutters.com/shades/ventura-ca/,$[0].@graph[0].areaServed[14].name,Santa Clarita,"Outside-county mention; preserve page wording, correct service-area fields"
https://www.805shutters.com/shades/ventura-ca/,$[0].@graph[0].serviceArea.name,"Ventura County, North Los Angeles County, and Santa Clarita","Outside-county mention; preserve page wording, correct service-area fields"
https://www.805shutters.com/shades/ventura-ca/,$[0].@graph[0].hasOfferCatalog.itemListElement[0].itemOffered.areaServed,"Ventura County, North Los Angeles County, and Santa Clarita","Outside-county mention; preserve page wording, correct service-area fields"
https://www.805shutters.com/shades/ventura-ca/,$[0].@graph[0].hasOfferCatalog.itemListElement[1].itemOffered.areaServed,"Ventura County, North Los Angeles County, and Santa Clarita","Outside-county mention; preserve page wording, correct service-area fields"
https://www.805shutters.com/shades/ventura-ca/,$[0].@graph[0].hasOfferCatalog.itemListElement[2].itemOffered.areaServed,"Ventura County, North Los Angeles County, and Santa Clarita","Outside-county mention; preserve page wording, correct service-area fields"
https://www.805shutters.com/shades/ventura-ca/,$[0].@graph[0].hasOfferCatalog.itemListElement[3].itemOffered.areaServed,"Ventura County, North Los Angeles County, and Santa Clarita","Outside-county mention; preserve page wording, correct service-area fields"
https://www.805shutters.com/shades/ventura-ca/,$[0].@graph[0].hasOfferCatalog.itemListElement[4].itemOffered.areaServed,"Ventura County, North Los Angeles County, and Santa Clarita","Outside-county mention; preserve page wording, correct service-area fields"
https://www.805shutters.com/shades/ventura-ca/,$[1].@graph[1].areaServed[7].name,Westlake Village,Explicitly approved Westlake Village; incorporated city is Los Angeles County
https://www.805shutters.com/shades/ventura-ca/,$[1].@graph[1].areaServed[14].name,Santa Clarita,"Outside-county mention; preserve page wording, correct service-area fields"
https://www.805shutters.com/blinds/ventura-ca/,$[0].@graph[0].contactPoint.areaServed[7].name,Westlake Village,Explicitly approved Westlake Village; incorporated city is Los Angeles County
https://www.805shutters.com/blinds/ventura-ca/,$[0].@graph[0].contactPoint.areaServed[14].name,Santa Clarita,"Outside-county mention; preserve page wording, correct service-area fields"
https://www.805shutters.com/blinds/ventura-ca/,$[0].@graph[0].areaServed[7].name,Westlake Village,Explicitly approved Westlake Village; incorporated city is Los Angeles County
https://www.805shutters.com/blinds/ventura-ca/,$[0].@graph[0].areaServed[14].name,Santa Clarita,"Outside-county mention; preserve page wording, correct service-area fields"
https://www.805shutters.com/blinds/ventura-ca/,$[0].@graph[0].serviceArea.name,"Ventura County, North Los Angeles County, and Santa Clarita","Outside-county mention; preserve page wording, correct service-area fields"
https://www.805shutters.com/blinds/ventura-ca/,$[0].@graph[0].hasOfferCatalog.itemListElement[0].itemOffered.areaServed,"Ventura County, North Los Angeles County, and Santa Clarita","Outside-county mention; preserve page wording, correct service-area fields"
https://www.805shutters.com/blinds/ventura-ca/,$[0].@graph[0].hasOfferCatalog.itemListElement[1].itemOffered.areaServed,"Ventura County, North Los Angeles County, and Santa Clarita","Outside-county mention; preserve page wording, correct service-area fields"
https://www.805shutters.com/blinds/ventura-ca/,$[0].@graph[0].hasOfferCatalog.itemListElement[2].itemOffered.areaServed,"Ventura County, North Los Angeles County, and Santa Clarita","Outside-county mention; preserve page wording, correct service-area fields"
https://www.805shutters.com/blinds/ventura-ca/,$[0].@graph[0].hasOfferCatalog.itemListElement[3].itemOffered.areaServed,"Ventura County, North Los Angeles County, and Santa Clarita","Outside-county mention; preserve page wording, correct service-area fields"
https://www.805shutters.com/blinds/ventura-ca/,$[0].@graph[0].hasOfferCatalog.itemListElement[4].itemOffered.areaServed,"Ventura County, North Los Angeles County, and Santa Clarita","Outside-county mention; preserve page wording, correct service-area fields"
https://www.805shutters.com/blinds/ventura-ca/,$[1].@graph[1].areaServed[7].name,Westlake Village,Explicitly approved Westlake Village; incorporated city is Los Angeles County
https://www.805shutters.com/blinds/ventura-ca/,$[1].@graph[1].areaServed[14].name,Santa Clarita,"Outside-county mention; preserve page wording, correct service-area fields"
https://www.805shutters.com/drapery/ventura-ca/,$[0].@graph[0].contactPoint.areaServed[7].name,Westlake Village,Explicitly approved Westlake Village; incorporated city is Los Angeles County
https://www.805shutters.com/drapery/ventura-ca/,$[0].@graph[0].contactPoint.areaServed[14].name,Santa Clarita,"Outside-county mention; preserve page wording, correct service-area fields"
https://www.805shutters.com/drapery/ventura-ca/,$[0].@graph[0].areaServed[7].name,Westlake Village,Explicitly approved Westlake Village; incorporated city is Los Angeles County
https://www.805shutters.com/drapery/ventura-ca/,$[0].@graph[0].areaServed[14].name,Santa Clarita,"Outside-county mention; preserve page wording, correct service-area fields"
https://www.805shutters.com/drapery/ventura-ca/,$[0].@graph[0].serviceArea.name,"Ventura County, North Los Angeles County, and Santa Clarita","Outside-county mention; preserve page wording, correct service-area fields"
https://www.805shutters.com/drapery/ventura-ca/,$[0].@graph[0].hasOfferCatalog.itemListElement[0].itemOffered.areaServed,"Ventura County, North Los Angeles County, and Santa Clarita","Outside-county mention; preserve page wording, correct service-area fields"
https://www.805shutters.com/drapery/ventura-ca/,$[0].@graph[0].hasOfferCatalog.itemListElement[1].itemOffered.areaServed,"Ventura County, North Los Angeles County, and Santa Clarita","Outside-county mention; preserve page wording, correct service-area fields"
https://www.805shutters.com/drapery/ventura-ca/,$[0].@graph[0].hasOfferCatalog.itemListElement[2].itemOffered.areaServed,"Ventura County, North Los Angeles County, and Santa Clarita","Outside-county mention; preserve page wording, correct service-area fields"
https://www.805shutters.com/drapery/ventura-ca/,$[0].@graph[0].hasOfferCatalog.itemListElement[3].itemOffered.areaServed,"Ventura County, North Los Angeles County, and Santa Clarita","Outside-county mention; preserve page wording, correct service-area fields"
https://www.805shutters.com/drapery/ventura-ca/,$[0].@graph[0].hasOfferCatalog.itemListElement[4].itemOffered.areaServed,"Ventura County, North Los Angeles County, and Santa Clarita","Outside-county mention; preserve page wording, correct service-area fields"
https://www.805shutters.com/drapery/ventura-ca/,$[1].@graph[1].areaServed[7].name,Westlake Village,Explicitly approved Westlake Village; incorporated city is Los Angeles County
https://www.805shutters.com/drapery/ventura-ca/,$[1].@graph[1].areaServed[14].name,Santa Clarita,"Outside-county mention; preserve page wording, correct service-area fields"
https://www.805shutters.com/window-coverings/ventura-ca/,$[0].@graph[0].contactPoint.areaServed[7].name,Westlake Village,Explicitly approved Westlake Village; incorporated city is Los Angeles County
https://www.805shutters.com/window-coverings/ventura-ca/,$[0].@graph[0].contactPoint.areaServed[14].name,Santa Clarita,"Outside-county mention; preserve page wording, correct service-area fields"
https://www.805shutters.com/window-coverings/ventura-ca/,$[0].@graph[0].areaServed[7].name,Westlake Village,Explicitly approved Westlake Village; incorporated city is Los Angeles County
https://www.805shutters.com/window-coverings/ventura-ca/,$[0].@graph[0].areaServed[14].name,Santa Clarita,"Outside-county mention; preserve page wording, correct service-area fields"
https://www.805shutters.com/window-coverings/ventura-ca/,$[0].@graph[0].serviceArea.name,"Ventura County, North Los Angeles County, and Santa Clarita","Outside-county mention; preserve page wording, correct service-area fields"
https://www.805shutters.com/window-coverings/ventura-ca/,$[0].@graph[0].hasOfferCatalog.itemListElement[0].itemOffered.areaServed,"Ventura County, North Los Angeles County, and Santa Clarita","Outside-county mention; preserve page wording, correct service-area fields"
https://www.805shutters.com/window-coverings/ventura-ca/,$[0].@graph[0].hasOfferCatalog.itemListElement[1].itemOffered.areaServed,"Ventura County, North Los Angeles County, and Santa Clarita","Outside-county mention; preserve page wording, correct service-area fields"
https://www.805shutters.com/window-coverings/ventura-ca/,$[0].@graph[0].hasOfferCatalog.itemListElement[2].itemOffered.areaServed,"Ventura County, North Los Angeles County, and Santa Clarita","Outside-county mention; preserve page wording, correct service-area fields"
https://www.805shutters.com/window-coverings/ventura-ca/,$[0].@graph[0].hasOfferCatalog.itemListElement[3].itemOffered.areaServed,"Ventura County, North Los Angeles County, and Santa Clarita","Outside-county mention; preserve page wording, correct service-area fields"
https://www.805shutters.com/window-coverings/ventura-ca/,$[0].@graph[0].hasOfferCatalog.itemListElement[4].itemOffered.areaServed,"Ventura County, North Los Angeles County, and Santa Clarita","Outside-county mention; preserve page wording, correct service-area fields"
https://www.805shutters.com/window-coverings/ventura-ca/,$[1].@graph[1].areaServed[7].name,Westlake Village,Explicitly approved Westlake Village; incorporated city is Los Angeles County
https://www.805shutters.com/window-coverings/ventura-ca/,$[1].@graph[1].areaServed[14].name,Santa Clarita,"Outside-county mention; preserve page wording, correct service-area fields"
https://www.805shutters.com/window-treatments/ventura-ca/,$[0].@graph[0].contactPoint.areaServed[7].name,Westlake Village,Explicitly approved Westlake Village; incorporated city is Los Angeles County
https://www.805shutters.com/window-treatments/ventura-ca/,$[0].@graph[0].contactPoint.areaServed[14].name,Santa Clarita,"Outside-county mention; preserve page wording, correct service-area fields"
https://www.805shutters.com/window-treatments/ventura-ca/,$[0].@graph[0].areaServed[7].name,Westlake Village,Explicitly approved Westlake Village; incorporated city is Los Angeles County
https://www.805shutters.com/window-treatments/ventura-ca/,$[0].@graph[0].areaServed[14].name,Santa Clarita,"Outside-county mention; preserve page wording, correct service-area fields"
https://www.805shutters.com/window-treatments/ventura-ca/,$[0].@graph[0].serviceArea.name,"Ventura County, North Los Angeles County, and Santa Clarita","Outside-county mention; preserve page wording, correct service-area fields"
https://www.805shutters.com/window-treatments/ventura-ca/,$[0].@graph[0].hasOfferCatalog.itemListElement[0].itemOffered.areaServed,"Ventura County, North Los Angeles County, and Santa Clarita","Outside-county mention; preserve page wording, correct service-area fields"
https://www.805shutters.com/window-treatments/ventura-ca/,$[0].@graph[0].hasOfferCatalog.itemListElement[1].itemOffered.areaServed,"Ventura County, North Los Angeles County, and Santa Clarita","Outside-county mention; preserve page wording, correct service-area fields"
https://www.805shutters.com/window-treatments/ventura-ca/,$[0].@graph[0].hasOfferCatalog.itemListElement[2].itemOffered.areaServed,"Ventura County, North Los Angeles County, and Santa Clarita","Outside-county mention; preserve page wording, correct service-area fields"
https://www.805shutters.com/window-treatments/ventura-ca/,$[0].@graph[0].hasOfferCatalog.itemListElement[3].itemOffered.areaServed,"Ventura County, North Los Angeles County, and Santa Clarita","Outside-county mention; preserve page wording, correct service-area fields"
https://www.805shutters.com/window-treatments/ventura-ca/,$[0].@graph[0].hasOfferCatalog.itemListElement[4].itemOffered.areaServed,"Ventura County, North Los Angeles County, and Santa Clarita","Outside-county mention; preserve page wording, correct service-area fields"
https://www.805shutters.com/window-treatments/ventura-ca/,$[1].@graph[1].areaServed[7].name,Westlake Village,Explicitly approved Westlake Village; incorporated city is Los Angeles County
https://www.805shutters.com/window-treatments/ventura-ca/,$[1].@graph[1].areaServed[14].name,Santa Clarita,"Outside-county mention; preserve page wording, correct service-area fields"
https://www.805shutters.com/shutters/westlake-village/,$[0].@graph[0].contactPoint.areaServed[7].name,Westlake Village,Explicitly approved Westlake Village; incorporated city is Los Angeles County
https://www.805shutters.com/shutters/westlake-village/,$[0].@graph[0].contactPoint.areaServed[14].name,Santa Clarita,"Outside-county mention; preserve page wording, correct service-area fields"
https://www.805shutters.com/shutters/westlake-village/,$[0].@graph[0].areaServed[7].name,Westlake Village,Explicitly approved Westlake Village; incorporated city is Los Angeles County
https://www.805shutters.com/shutters/westlake-village/,$[0].@graph[0].areaServed[14].name,Santa Clarita,"Outside-county mention; preserve page wording, correct service-area fields"
https://www.805shutters.com/shutters/westlake-village/,$[0].@graph[0].serviceArea.name,"Ventura County, North Los Angeles County, and Santa Clarita","Outside-county mention; preserve page wording, correct service-area fields"
https://www.805shutters.com/shutters/westlake-village/,$[0].@graph[0].hasOfferCatalog.itemListElement[0].itemOffered.areaServed,"Ventura County, North Los Angeles County, and Santa Clarita","Outside-county mention; preserve page wording, correct service-area fields"
https://www.805shutters.com/shutters/westlake-village/,$[0].@graph[0].hasOfferCatalog.itemListElement[1].itemOffered.areaServed,"Ventura County, North Los Angeles County, and Santa Clarita","Outside-county mention; preserve page wording, correct service-area fields"
https://www.805shutters.com/shutters/westlake-village/,$[0].@graph[0].hasOfferCatalog.itemListElement[2].itemOffered.areaServed,"Ventura County, North Los Angeles County, and Santa Clarita","Outside-county mention; preserve page wording, correct service-area fields"
https://www.805shutters.com/shutters/westlake-village/,$[0].@graph[0].hasOfferCatalog.itemListElement[3].itemOffered.areaServed,"Ventura County, North Los Angeles County, and Santa Clarita","Outside-county mention; preserve page wording, correct service-area fields"
https://www.805shutters.com/shutters/westlake-village/,$[0].@graph[0].hasOfferCatalog.itemListElement[4].itemOffered.areaServed,"Ventura County, North Los Angeles County, and Santa Clarita","Outside-county mention; preserve page wording, correct service-area fields"
https://www.805shutters.com/shutters/westlake-village/,$[1].@graph[0].name,Shutters in Westlake Village CA | Westlake Village Shutter Installation and Repair | 805 Shutters,Explicitly approved Westlake Village; incorporated city is Los Angeles County
https://www.805shutters.com/shutters/westlake-village/,$[1].@graph[0].description,"Custom Shutters in Westlake Village measured and installed by 805 Shutters. Compare privacy, light control, colors, materials, controls, and local installation.",Explicitly approved Westlake Village; incorporated city is Los Angeles County
https://www.805shutters.com/shutters/westlake-village/,$[1].@graph[0].primaryImageOfPage.caption,Custom Shutters in Westlake Village by 805 Shutters,Explicitly approved Westlake Village; incorporated city is Los Angeles County
https://www.805shutters.com/shutters/westlake-village/,$[1].@graph[1].name,Custom Shutters in Westlake Village,Explicitly approved Westlake Village; incorporated city is Los Angeles County
https://www.805shutters.com/shutters/westlake-village/,$[1].@graph[1].description,"Custom Shutters in Westlake Village measured and installed by 805 Shutters. Compare privacy, light control, colors, materials, controls, and local installation.",Explicitly approved Westlake Village; incorporated city is Los Angeles County
https://www.805shutters.com/shutters/westlake-village/,$[1].@graph[1].serviceType,Westlake Village service area,Explicitly approved Westlake Village; incorporated city is Los Angeles County
https://www.805shutters.com/shutters/westlake-village/,$[1].@graph[1].image.caption,Custom Shutters in Westlake Village by 805 Shutters,Explicitly approved Westlake Village; incorporated city is Los Angeles County
https://www.805shutters.com/shutters/westlake-village/,$[1].@graph[1].areaServed[7].name,Westlake Village,Explicitly approved Westlake Village; incorporated city is Los Angeles County
https://www.805shutters.com/shutters/westlake-village/,$[1].@graph[1].areaServed[14].name,Santa Clarita,"Outside-county mention; preserve page wording, correct service-area fields"
https://www.805shutters.com/shutters/westlake-village/,$[1].@graph[2].itemListElement[1].name,Custom Shutters in Westlake Village,Explicitly approved Westlake Village; incorporated city is Los Angeles County
https://www.805shutters.com/shades/westlake-village-ca/,$[0].@graph[0].contactPoint.areaServed[7].name,Westlake Village,Explicitly approved Westlake Village; incorporated city is Los Angeles County
https://www.805shutters.com/shades/westlake-village-ca/,$[0].@graph[0].contactPoint.areaServed[14].name,Santa Clarita,"Outside-county mention; preserve page wording, correct service-area fields"
https://www.805shutters.com/shades/westlake-village-ca/,$[0].@graph[0].areaServed[7].name,Westlake Village,Explicitly approved Westlake Village; incorporated city is Los Angeles County
https://www.805shutters.com/shades/westlake-village-ca/,$[0].@graph[0].areaServed[14].name,Santa Clarita,"Outside-county mention; preserve page wording, correct service-area fields"
https://www.805shutters.com/shades/westlake-village-ca/,$[0].@graph[0].serviceArea.name,"Ventura County, North Los Angeles County, and Santa Clarita","Outside-county mention; preserve page wording, correct service-area fields"
https://www.805shutters.com/shades/westlake-village-ca/,$[0].@graph[0].hasOfferCatalog.itemListElement[0].itemOffered.areaServed,"Ventura County, North Los Angeles County, and Santa Clarita","Outside-county mention; preserve page wording, correct service-area fields"
https://www.805shutters.com/shades/westlake-village-ca/,$[0].@graph[0].hasOfferCatalog.itemListElement[1].itemOffered.areaServed,"Ventura County, North Los Angeles County, and Santa Clarita","Outside-county mention; preserve page wording, correct service-area fields"
https://www.805shutters.com/shades/westlake-village-ca/,$[0].@graph[0].hasOfferCatalog.itemListElement[2].itemOffered.areaServed,"Ventura County, North Los Angeles County, and Santa Clarita","Outside-county mention; preserve page wording, correct service-area fields"
https://www.805shutters.com/shades/westlake-village-ca/,$[0].@graph[0].hasOfferCatalog.itemListElement[3].itemOffered.areaServed,"Ventura County, North Los Angeles County, and Santa Clarita","Outside-county mention; preserve page wording, correct service-area fields"
https://www.805shutters.com/shades/westlake-village-ca/,$[0].@graph[0].hasOfferCatalog.itemListElement[4].itemOffered.areaServed,"Ventura County, North Los Angeles County, and Santa Clarita","Outside-county mention; preserve page wording, correct service-area fields"
https://www.805shutters.com/shades/westlake-village-ca/,$[1].@graph[0].name,Shades near Westlake Village CA - 805 Shutters,Explicitly approved Westlake Village; incorporated city is Los Angeles County
https://www.805shutters.com/shades/westlake-village-ca/,$[1].@graph[0].description,"Custom Window Shades in Westlake Village measured and installed by 805 Shutters. Compare privacy, light control, colors, materials, controls, and local installation.",Explicitly approved Westlake Village; incorporated city is Los Angeles County
https://www.805shutters.com/shades/westlake-village-ca/,$[1].@graph[0].primaryImageOfPage.caption,Custom Window Shades in Westlake Village by 805 Shutters,Explicitly approved Westlake Village; incorporated city is Los Angeles County
https://www.805shutters.com/shades/westlake-village-ca/,$[1].@graph[1].name,Custom Window Shades in Westlake Village,Explicitly approved Westlake Village; incorporated city is Los Angeles County
https://www.805shutters.com/shades/westlake-village-ca/,$[1].@graph[1].description,"Custom Window Shades in Westlake Village measured and installed by 805 Shutters. Compare privacy, light control, colors, materials, controls, and local installation.",Explicitly approved Westlake Village; incorporated city is Los Angeles County
https://www.805shutters.com/shades/westlake-village-ca/,$[1].@graph[1].serviceType,Westlake Village service area,Explicitly approved Westlake Village; incorporated city is Los Angeles County
https://www.805shutters.com/shades/westlake-village-ca/,$[1].@graph[1].image.caption,Custom Window Shades in Westlake Village by 805 Shutters,Explicitly approved Westlake Village; incorporated city is Los Angeles County
https://www.805shutters.com/shades/westlake-village-ca/,$[1].@graph[1].areaServed[7].name,Westlake Village,Explicitly approved Westlake Village; incorporated city is Los Angeles County
https://www.805shutters.com/shades/westlake-village-ca/,$[1].@graph[1].areaServed[14].name,Santa Clarita,"Outside-county mention; preserve page wording, correct service-area fields"
https://www.805shutters.com/shades/westlake-village-ca/,$[1].@graph[2].itemListElement[1].name,Custom Window Shades in Westlake Village,Explicitly approved Westlake Village; incorporated city is Los Angeles County
https://www.805shutters.com/blinds/westlake-village-ca/,$[0].@graph[0].contactPoint.areaServed[7].name,Westlake Village,Explicitly approved Westlake Village; incorporated city is Los Angeles County
https://www.805shutters.com/blinds/westlake-village-ca/,$[0].@graph[0].contactPoint.areaServed[14].name,Santa Clarita,"Outside-county mention; preserve page wording, correct service-area fields"
https://www.805shutters.com/blinds/westlake-village-ca/,$[0].@graph[0].areaServed[7].name,Westlake Village,Explicitly approved Westlake Village; incorporated city is Los Angeles County
https://www.805shutters.com/blinds/westlake-village-ca/,$[0].@graph[0].areaServed[14].name,Santa Clarita,"Outside-county mention; preserve page wording, correct service-area fields"
https://www.805shutters.com/blinds/westlake-village-ca/,$[0].@graph[0].serviceArea.name,"Ventura County, North Los Angeles County, and Santa Clarita","Outside-county mention; preserve page wording, correct service-area fields"
https://www.805shutters.com/blinds/westlake-village-ca/,$[0].@graph[0].hasOfferCatalog.itemListElement[0].itemOffered.areaServed,"Ventura County, North Los Angeles County, and Santa Clarita","Outside-county mention; preserve page wording, correct service-area fields"
https://www.805shutters.com/blinds/westlake-village-ca/,$[0].@graph[0].hasOfferCatalog.itemListElement[1].itemOffered.areaServed,"Ventura County, North Los Angeles County, and Santa Clarita","Outside-county mention; preserve page wording, correct service-area fields"
https://www.805shutters.com/blinds/westlake-village-ca/,$[0].@graph[0].hasOfferCatalog.itemListElement[2].itemOffered.areaServed,"Ventura County, North Los Angeles County, and Santa Clarita","Outside-county mention; preserve page wording, correct service-area fields"
https://www.805shutters.com/blinds/westlake-village-ca/,$[0].@graph[0].hasOfferCatalog.itemListElement[3].itemOffered.areaServed,"Ventura County, North Los Angeles County, and Santa Clarita","Outside-county mention; preserve page wording, correct service-area fields"
https://www.805shutters.com/blinds/westlake-village-ca/,$[0].@graph[0].hasOfferCatalog.itemListElement[4].itemOffered.areaServed,"Ventura County, North Los Angeles County, and Santa Clarita","Outside-county mention; preserve page wording, correct service-area fields"
https://www.805shutters.com/blinds/westlake-village-ca/,$[1].@graph[0].name,Blinds near Westlake Village CA - 805 Shutters,Explicitly approved Westlake Village; incorporated city is Los Angeles County
https://www.805shutters.com/blinds/westlake-village-ca/,$[1].@graph[0].description,"Custom Blinds in Westlake Village measured and installed by 805 Shutters. Compare privacy, light control, colors, materials, controls, and local installation.",Explicitly approved Westlake Village; incorporated city is Los Angeles County
https://www.805shutters.com/blinds/westlake-village-ca/,$[1].@graph[0].primaryImageOfPage.caption,Custom Blinds in Westlake Village by 805 Shutters,Explicitly approved Westlake Village; incorporated city is Los Angeles County
https://www.805shutters.com/blinds/westlake-village-ca/,$[1].@graph[1].name,Custom Blinds in Westlake Village,Explicitly approved Westlake Village; incorporated city is Los Angeles County
https://www.805shutters.com/blinds/westlake-village-ca/,$[1].@graph[1].description,"Custom Blinds in Westlake Village measured and installed by 805 Shutters. Compare privacy, light control, colors, materials, controls, and local installation.",Explicitly approved Westlake Village; incorporated city is Los Angeles County
https://www.805shutters.com/blinds/westlake-village-ca/,$[1].@graph[1].serviceType,Westlake Village service area,Explicitly approved Westlake Village; incorporated city is Los Angeles County
https://www.805shutters.com/blinds/westlake-village-ca/,$[1].@graph[1].image.caption,Custom Blinds in Westlake Village by 805 Shutters,Explicitly approved Westlake Village; incorporated city is Los Angeles County
https://www.805shutters.com/blinds/westlake-village-ca/,$[1].@graph[1].areaServed[7].name,Westlake Village,Explicitly approved Westlake Village; incorporated city is Los Angeles County
https://www.805shutters.com/blinds/westlake-village-ca/,$[1].@graph[1].areaServed[14].name,Santa Clarita,"Outside-county mention; preserve page wording, correct service-area fields"
https://www.805shutters.com/blinds/westlake-village-ca/,$[1].@graph[2].itemListElement[1].name,Custom Blinds in Westlake Village,Explicitly approved Westlake Village; incorporated city is Los Angeles County
https://www.805shutters.com/drapery/westlake-village-ca/,$[0].@graph[0].contactPoint.areaServed[7].name,Westlake Village,Explicitly approved Westlake Village; incorporated city is Los Angeles County
https://www.805shutters.com/drapery/westlake-village-ca/,$[0].@graph[0].contactPoint.areaServed[14].name,Santa Clarita,"Outside-county mention; preserve page wording, correct service-area fields"
https://www.805shutters.com/drapery/westlake-village-ca/,$[0].@graph[0].areaServed[7].name,Westlake Village,Explicitly approved Westlake Village; incorporated city is Los Angeles County
https://www.805shutters.com/drapery/westlake-village-ca/,$[0].@graph[0].areaServed[14].name,Santa Clarita,"Outside-county mention; preserve page wording, correct service-area fields"
https://www.805shutters.com/drapery/westlake-village-ca/,$[0].@graph[0].serviceArea.name,"Ventura County, North Los Angeles County, and Santa Clarita","Outside-county mention; preserve page wording, correct service-area fields"
https://www.805shutters.com/drapery/westlake-village-ca/,$[0].@graph[0].hasOfferCatalog.itemListElement[0].itemOffered.areaServed,"Ventura County, North Los Angeles County, and Santa Clarita","Outside-county mention; preserve page wording, correct service-area fields"
https://www.805shutters.com/drapery/westlake-village-ca/,$[0].@graph[0].hasOfferCatalog.itemListElement[1].itemOffered.areaServed,"Ventura County, North Los Angeles County, and Santa Clarita","Outside-county mention; preserve page wording, correct service-area fields"
https://www.805shutters.com/drapery/westlake-village-ca/,$[0].@graph[0].hasOfferCatalog.itemListElement[2].itemOffered.areaServed,"Ventura County, North Los Angeles County, and Santa Clarita","Outside-county mention; preserve page wording, correct service-area fields"
https://www.805shutters.com/drapery/westlake-village-ca/,$[0].@graph[0].hasOfferCatalog.itemListElement[3].itemOffered.areaServed,"Ventura County, North Los Angeles County, and Santa Clarita","Outside-county mention; preserve page wording, correct service-area fields"
https://www.805shutters.com/drapery/westlake-village-ca/,$[0].@graph[0].hasOfferCatalog.itemListElement[4].itemOffered.areaServed,"Ventura County, North Los Angeles County, and Santa Clarita","Outside-county mention; preserve page wording, correct service-area fields"
https://www.805shutters.com/drapery/westlake-village-ca/,$[1].@graph[0].name,Custom Drapery & Curtains near Westlake Village CA - 805 Shutters,Explicitly approved Westlake Village; incorporated city is Los Angeles County
https://www.805shutters.com/drapery/westlake-village-ca/,$[1].@graph[0].description,"Custom Drapery and Curtains in Westlake Village measured and installed by 805 Shutters. Compare privacy, light control, colors, materials, controls, and local installation.",Explicitly approved Westlake Village; incorporated city is Los Angeles County
https://www.805shutters.com/drapery/westlake-village-ca/,$[1].@graph[0].primaryImageOfPage.caption,Custom Drapery and Curtains in Westlake Village by 805 Shutters,Explicitly approved Westlake Village; incorporated city is Los Angeles County
https://www.805shutters.com/drapery/westlake-village-ca/,$[1].@graph[1].name,Custom Drapery and Curtains in Westlake Village,Explicitly approved Westlake Village; incorporated city is Los Angeles County
https://www.805shutters.com/drapery/westlake-village-ca/,$[1].@graph[1].description,"Custom Drapery and Curtains in Westlake Village measured and installed by 805 Shutters. Compare privacy, light control, colors, materials, controls, and local installation.",Explicitly approved Westlake Village; incorporated city is Los Angeles County
https://www.805shutters.com/drapery/westlake-village-ca/,$[1].@graph[1].serviceType,Westlake Village service area,Explicitly approved Westlake Village; incorporated city is Los Angeles County
https://www.805shutters.com/drapery/westlake-village-ca/,$[1].@graph[1].image.caption,Custom Drapery and Curtains in Westlake Village by 805 Shutters,Explicitly approved Westlake Village; incorporated city is Los Angeles County
https://www.805shutters.com/drapery/westlake-village-ca/,$[1].@graph[1].areaServed[7].name,Westlake Village,Explicitly approved Westlake Village; incorporated city is Los Angeles County
https://www.805shutters.com/drapery/westlake-village-ca/,$[1].@graph[1].areaServed[14].name,Santa Clarita,"Outside-county mention; preserve page wording, correct service-area fields"
https://www.805shutters.com/drapery/westlake-village-ca/,$[1].@graph[2].itemListElement[1].name,Custom Drapery and Curtains in Westlake Village,Explicitly approved Westlake Village; incorporated city is Los Angeles County
https://www.805shutters.com/window-coverings/westlake-village-ca/,$[0].@graph[0].contactPoint.areaServed[7].name,Westlake Village,Explicitly approved Westlake Village; incorporated city is Los Angeles County
https://www.805shutters.com/window-coverings/westlake-village-ca/,$[0].@graph[0].contactPoint.areaServed[14].name,Santa Clarita,"Outside-county mention; preserve page wording, correct service-area fields"
https://www.805shutters.com/window-coverings/westlake-village-ca/,$[0].@graph[0].areaServed[7].name,Westlake Village,Explicitly approved Westlake Village; incorporated city is Los Angeles County
https://www.805shutters.com/window-coverings/westlake-village-ca/,$[0].@graph[0].areaServed[14].name,Santa Clarita,"Outside-county mention; preserve page wording, correct service-area fields"
https://www.805shutters.com/window-coverings/westlake-village-ca/,$[0].@graph[0].serviceArea.name,"Ventura County, North Los Angeles County, and Santa Clarita","Outside-county mention; preserve page wording, correct service-area fields"
https://www.805shutters.com/window-coverings/westlake-village-ca/,$[0].@graph[0].hasOfferCatalog.itemListElement[0].itemOffered.areaServed,"Ventura County, North Los Angeles County, and Santa Clarita","Outside-county mention; preserve page wording, correct service-area fields"
https://www.805shutters.com/window-coverings/westlake-village-ca/,$[0].@graph[0].hasOfferCatalog.itemListElement[1].itemOffered.areaServed,"Ventura County, North Los Angeles County, and Santa Clarita","Outside-county mention; preserve page wording, correct service-area fields"
https://www.805shutters.com/window-coverings/westlake-village-ca/,$[0].@graph[0].hasOfferCatalog.itemListElement[2].itemOffered.areaServed,"Ventura County, North Los Angeles County, and Santa Clarita","Outside-county mention; preserve page wording, correct service-area fields"
https://www.805shutters.com/window-coverings/westlake-village-ca/,$[0].@graph[0].hasOfferCatalog.itemListElement[3].itemOffered.areaServed,"Ventura County, North Los Angeles County, and Santa Clarita","Outside-county mention; preserve page wording, correct service-area fields"
https://www.805shutters.com/window-coverings/westlake-village-ca/,$[0].@graph[0].hasOfferCatalog.itemListElement[4].itemOffered.areaServed,"Ventura County, North Los Angeles County, and Santa Clarita","Outside-county mention; preserve page wording, correct service-area fields"
https://www.805shutters.com/window-coverings/westlake-village-ca/,$[1].@graph[0].name,Window Coverings near Westlake Village CA - 805 Shutters,Explicitly approved Westlake Village; incorporated city is Los Angeles County
https://www.805shutters.com/window-coverings/westlake-village-ca/,$[1].@graph[0].description,"Window Coverings in Westlake Village measured and installed by 805 Shutters. Compare privacy, light control, colors, materials, controls, and local installation.",Explicitly approved Westlake Village; incorporated city is Los Angeles County
https://www.805shutters.com/window-coverings/westlake-village-ca/,$[1].@graph[0].primaryImageOfPage.caption,Window Coverings in Westlake Village by 805 Shutters,Explicitly approved Westlake Village; incorporated city is Los Angeles County
https://www.805shutters.com/window-coverings/westlake-village-ca/,$[1].@graph[1].name,Window Coverings in Westlake Village,Explicitly approved Westlake Village; incorporated city is Los Angeles County
https://www.805shutters.com/window-coverings/westlake-village-ca/,$[1].@graph[1].description,"Window Coverings in Westlake Village measured and installed by 805 Shutters. Compare privacy, light control, colors, materials, controls, and local installation.",Explicitly approved Westlake Village; incorporated city is Los Angeles County
https://www.805shutters.com/window-coverings/westlake-village-ca/,$[1].@graph[1].serviceType,Westlake Village service area,Explicitly approved Westlake Village; incorporated city is Los Angeles County
https://www.805shutters.com/window-coverings/westlake-village-ca/,$[1].@graph[1].image.caption,Window Coverings in Westlake Village by 805 Shutters,Explicitly approved Westlake Village; incorporated city is Los Angeles County
https://www.805shutters.com/window-coverings/westlake-village-ca/,$[1].@graph[1].areaServed[7].name,Westlake Village,Explicitly approved Westlake Village; incorporated city is Los Angeles County
https://www.805shutters.com/window-coverings/westlake-village-ca/,$[1].@graph[1].areaServed[14].name,Santa Clarita,"Outside-county mention; preserve page wording, correct service-area fields"
https://www.805shutters.com/window-coverings/westlake-village-ca/,$[1].@graph[2].itemListElement[1].name,Window Coverings in Westlake Village,Explicitly approved Westlake Village; incorporated city is Los Angeles County
https://www.805shutters.com/window-treatments/westlake-village-ca/,$[0].@graph[0].contactPoint.areaServed[7].name,Westlake Village,Explicitly approved Westlake Village; incorporated city is Los Angeles County
https://www.805shutters.com/window-treatments/westlake-village-ca/,$[0].@graph[0].contactPoint.areaServed[14].name,Santa Clarita,"Outside-county mention; preserve page wording, correct service-area fields"
https://www.805shutters.com/window-treatments/westlake-village-ca/,$[0].@graph[0].areaServed[7].name,Westlake Village,Explicitly approved Westlake Village; incorporated city is Los Angeles County
https://www.805shutters.com/window-treatments/westlake-village-ca/,$[0].@graph[0].areaServed[14].name,Santa Clarita,"Outside-county mention; preserve page wording, correct service-area fields"
https://www.805shutters.com/window-treatments/westlake-village-ca/,$[0].@graph[0].serviceArea.name,"Ventura County, North Los Angeles County, and Santa Clarita","Outside-county mention; preserve page wording, correct service-area fields"
https://www.805shutters.com/window-treatments/westlake-village-ca/,$[0].@graph[0].hasOfferCatalog.itemListElement[0].itemOffered.areaServed,"Ventura County, North Los Angeles County, and Santa Clarita","Outside-county mention; preserve page wording, correct service-area fields"
https://www.805shutters.com/window-treatments/westlake-village-ca/,$[0].@graph[0].hasOfferCatalog.itemListElement[1].itemOffered.areaServed,"Ventura County, North Los Angeles County, and Santa Clarita","Outside-county mention; preserve page wording, correct service-area fields"
https://www.805shutters.com/window-treatments/westlake-village-ca/,$[0].@graph[0].hasOfferCatalog.itemListElement[2].itemOffered.areaServed,"Ventura County, North Los Angeles County, and Santa Clarita","Outside-county mention; preserve page wording, correct service-area fields"
https://www.805shutters.com/window-treatments/westlake-village-ca/,$[0].@graph[0].hasOfferCatalog.itemListElement[3].itemOffered.areaServed,"Ventura County, North Los Angeles County, and Santa Clarita","Outside-county mention; preserve page wording, correct service-area fields"
https://www.805shutters.com/window-treatments/westlake-village-ca/,$[0].@graph[0].hasOfferCatalog.itemListElement[4].itemOffered.areaServed,"Ventura County, North Los Angeles County, and Santa Clarita","Outside-county mention; preserve page wording, correct service-area fields"
https://www.805shutters.com/window-treatments/westlake-village-ca/,$[1].@graph[0].name,Window Treatments near Westlake Village CA - 805 Shutters,Explicitly approved Westlake Village; incorporated city is Los Angeles County
https://www.805shutters.com/window-treatments/westlake-village-ca/,$[1].@graph[0].description,"Window Treatments in Westlake Village measured and installed by 805 Shutters. Compare privacy, light control, colors, materials, controls, and local installation.",Explicitly approved Westlake Village; incorporated city is Los Angeles County
https://www.805shutters.com/window-treatments/westlake-village-ca/,$[1].@graph[0].primaryImageOfPage.caption,Window Treatments in Westlake Village by 805 Shutters,Explicitly approved Westlake Village; incorporated city is Los Angeles County
https://www.805shutters.com/window-treatments/westlake-village-ca/,$[1].@graph[1].name,Window Treatments in Westlake Village,Explicitly approved Westlake Village; incorporated city is Los Angeles County
https://www.805shutters.com/window-treatments/westlake-village-ca/,$[1].@graph[1].description,"Window Treatments in Westlake Village measured and installed by 805 Shutters. Compare privacy, light control, colors, materials, controls, and local installation.",Explicitly approved Westlake Village; incorporated city is Los Angeles County
https://www.805shutters.com/window-treatments/westlake-village-ca/,$[1].@graph[1].serviceType,Westlake Village service area,Explicitly approved Westlake Village; incorporated city is Los Angeles County
https://www.805shutters.com/window-treatments/westlake-village-ca/,$[1].@graph[1].image.caption,Window Treatments in Westlake Village by 805 Shutters,Explicitly approved Westlake Village; incorporated city is Los Angeles County
https://www.805shutters.com/window-treatments/westlake-village-ca/,$[1].@graph[1].areaServed[7].name,Westlake Village,Explicitly approved Westlake Village; incorporated city is Los Angeles County
https://www.805shutters.com/window-treatments/westlake-village-ca/,$[1].@graph[1].areaServed[14].name,Santa Clarita,"Outside-county mention; preserve page wording, correct service-area fields"
https://www.805shutters.com/window-treatments/westlake-village-ca/,$[1].@graph[2].itemListElement[1].name,Window Treatments in Westlake Village,Explicitly approved Westlake Village; incorporated city is Los Angeles County
https://www.805shutters.com/commercial-window-coverings/camarillo-ca/,$[0].@graph[0].contactPoint.areaServed[7].name,Westlake Village,Explicitly approved Westlake Village; incorporated city is Los Angeles County
https://www.805shutters.com/commercial-window-coverings/camarillo-ca/,$[0].@graph[0].contactPoint.areaServed[14].name,Santa Clarita,"Outside-county mention; preserve page wording, correct service-area fields"
https://www.805shutters.com/commercial-window-coverings/camarillo-ca/,$[0].@graph[0].areaServed[7].name,Westlake Village,Explicitly approved Westlake Village; incorporated city is Los Angeles County
https://www.805shutters.com/commercial-window-coverings/camarillo-ca/,$[0].@graph[0].areaServed[14].name,Santa Clarita,"Outside-county mention; preserve page wording, correct service-area fields"
https://www.805shutters.com/commercial-window-coverings/camarillo-ca/,$[0].@graph[0].serviceArea.name,"Ventura County, North Los Angeles County, and Santa Clarita","Outside-county mention; preserve page wording, correct service-area fields"
https://www.805shutters.com/commercial-window-coverings/camarillo-ca/,$[0].@graph[0].hasOfferCatalog.itemListElement[0].itemOffered.areaServed,"Ventura County, North Los Angeles County, and Santa Clarita","Outside-county mention; preserve page wording, correct service-area fields"
https://www.805shutters.com/commercial-window-coverings/camarillo-ca/,$[0].@graph[0].hasOfferCatalog.itemListElement[1].itemOffered.areaServed,"Ventura County, North Los Angeles County, and Santa Clarita","Outside-county mention; preserve page wording, correct service-area fields"
https://www.805shutters.com/commercial-window-coverings/camarillo-ca/,$[0].@graph[0].hasOfferCatalog.itemListElement[2].itemOffered.areaServed,"Ventura County, North Los Angeles County, and Santa Clarita","Outside-county mention; preserve page wording, correct service-area fields"
https://www.805shutters.com/commercial-window-coverings/camarillo-ca/,$[0].@graph[0].hasOfferCatalog.itemListElement[3].itemOffered.areaServed,"Ventura County, North Los Angeles County, and Santa Clarita","Outside-county mention; preserve page wording, correct service-area fields"
https://www.805shutters.com/commercial-window-coverings/camarillo-ca/,$[0].@graph[0].hasOfferCatalog.itemListElement[4].itemOffered.areaServed,"Ventura County, North Los Angeles County, and Santa Clarita","Outside-county mention; preserve page wording, correct service-area fields"
https://www.805shutters.com/commercial-window-coverings/fillmore-ca/,$[0].@graph[0].contactPoint.areaServed[7].name,Westlake Village,Explicitly approved Westlake Village; incorporated city is Los Angeles County
https://www.805shutters.com/commercial-window-coverings/fillmore-ca/,$[0].@graph[0].contactPoint.areaServed[14].name,Santa Clarita,"Outside-county mention; preserve page wording, correct service-area fields"
https://www.805shutters.com/commercial-window-coverings/fillmore-ca/,$[0].@graph[0].areaServed[7].name,Westlake Village,Explicitly approved Westlake Village; incorporated city is Los Angeles County
https://www.805shutters.com/commercial-window-coverings/fillmore-ca/,$[0].@graph[0].areaServed[14].name,Santa Clarita,"Outside-county mention; preserve page wording, correct service-area fields"
https://www.805shutters.com/commercial-window-coverings/fillmore-ca/,$[0].@graph[0].serviceArea.name,"Ventura County, North Los Angeles County, and Santa Clarita","Outside-county mention; preserve page wording, correct service-area fields"
https://www.805shutters.com/commercial-window-coverings/fillmore-ca/,$[0].@graph[0].hasOfferCatalog.itemListElement[0].itemOffered.areaServed,"Ventura County, North Los Angeles County, and Santa Clarita","Outside-county mention; preserve page wording, correct service-area fields"
https://www.805shutters.com/commercial-window-coverings/fillmore-ca/,$[0].@graph[0].hasOfferCatalog.itemListElement[1].itemOffered.areaServed,"Ventura County, North Los Angeles County, and Santa Clarita","Outside-county mention; preserve page wording, correct service-area fields"
https://www.805shutters.com/commercial-window-coverings/fillmore-ca/,$[0].@graph[0].hasOfferCatalog.itemListElement[2].itemOffered.areaServed,"Ventura County, North Los Angeles County, and Santa Clarita","Outside-county mention; preserve page wording, correct service-area fields"
https://www.805shutters.com/commercial-window-coverings/fillmore-ca/,$[0].@graph[0].hasOfferCatalog.itemListElement[3].itemOffered.areaServed,"Ventura County, North Los Angeles County, and Santa Clarita","Outside-county mention; preserve page wording, correct service-area fields"
https://www.805shutters.com/commercial-window-coverings/fillmore-ca/,$[0].@graph[0].hasOfferCatalog.itemListElement[4].itemOffered.areaServed,"Ventura County, North Los Angeles County, and Santa Clarita","Outside-county mention; preserve page wording, correct service-area fields"
https://www.805shutters.com/commercial-window-coverings/moorpark-ca/,$[0].@graph[0].contactPoint.areaServed[7].name,Westlake Village,Explicitly approved Westlake Village; incorporated city is Los Angeles County
https://www.805shutters.com/commercial-window-coverings/moorpark-ca/,$[0].@graph[0].contactPoint.areaServed[14].name,Santa Clarita,"Outside-county mention; preserve page wording, correct service-area fields"
https://www.805shutters.com/commercial-window-coverings/moorpark-ca/,$[0].@graph[0].areaServed[7].name,Westlake Village,Explicitly approved Westlake Village; incorporated city is Los Angeles County
https://www.805shutters.com/commercial-window-coverings/moorpark-ca/,$[0].@graph[0].areaServed[14].name,Santa Clarita,"Outside-county mention; preserve page wording, correct service-area fields"
https://www.805shutters.com/commercial-window-coverings/moorpark-ca/,$[0].@graph[0].serviceArea.name,"Ventura County, North Los Angeles County, and Santa Clarita","Outside-county mention; preserve page wording, correct service-area fields"
https://www.805shutters.com/commercial-window-coverings/moorpark-ca/,$[0].@graph[0].hasOfferCatalog.itemListElement[0].itemOffered.areaServed,"Ventura County, North Los Angeles County, and Santa Clarita","Outside-county mention; preserve page wording, correct service-area fields"
https://www.805shutters.com/commercial-window-coverings/moorpark-ca/,$[0].@graph[0].hasOfferCatalog.itemListElement[1].itemOffered.areaServed,"Ventura County, North Los Angeles County, and Santa Clarita","Outside-county mention; preserve page wording, correct service-area fields"
https://www.805shutters.com/commercial-window-coverings/moorpark-ca/,$[0].@graph[0].hasOfferCatalog.itemListElement[2].itemOffered.areaServed,"Ventura County, North Los Angeles County, and Santa Clarita","Outside-county mention; preserve page wording, correct service-area fields"
https://www.805shutters.com/commercial-window-coverings/moorpark-ca/,$[0].@graph[0].hasOfferCatalog.itemListElement[3].itemOffered.areaServed,"Ventura County, North Los Angeles County, and Santa Clarita","Outside-county mention; preserve page wording, correct service-area fields"
https://www.805shutters.com/commercial-window-coverings/moorpark-ca/,$[0].@graph[0].hasOfferCatalog.itemListElement[4].itemOffered.areaServed,"Ventura County, North Los Angeles County, and Santa Clarita","Outside-county mention; preserve page wording, correct service-area fields"
https://www.805shutters.com/commercial-window-coverings/newbury-park-ca/,$[0].@graph[0].contactPoint.areaServed[7].name,Westlake Village,Explicitly approved Westlake Village; incorporated city is Los Angeles County
https://www.805shutters.com/commercial-window-coverings/newbury-park-ca/,$[0].@graph[0].contactPoint.areaServed[14].name,Santa Clarita,"Outside-county mention; preserve page wording, correct service-area fields"
https://www.805shutters.com/commercial-window-coverings/newbury-park-ca/,$[0].@graph[0].areaServed[7].name,Westlake Village,Explicitly approved Westlake Village; incorporated city is Los Angeles County
https://www.805shutters.com/commercial-window-coverings/newbury-park-ca/,$[0].@graph[0].areaServed[14].name,Santa Clarita,"Outside-county mention; preserve page wording, correct service-area fields"
https://www.805shutters.com/commercial-window-coverings/newbury-park-ca/,$[0].@graph[0].serviceArea.name,"Ventura County, North Los Angeles County, and Santa Clarita","Outside-county mention; preserve page wording, correct service-area fields"
https://www.805shutters.com/commercial-window-coverings/newbury-park-ca/,$[0].@graph[0].hasOfferCatalog.itemListElement[0].itemOffered.areaServed,"Ventura County, North Los Angeles County, and Santa Clarita","Outside-county mention; preserve page wording, correct service-area fields"
https://www.805shutters.com/commercial-window-coverings/newbury-park-ca/,$[0].@graph[0].hasOfferCatalog.itemListElement[1].itemOffered.areaServed,"Ventura County, North Los Angeles County, and Santa Clarita","Outside-county mention; preserve page wording, correct service-area fields"
https://www.805shutters.com/commercial-window-coverings/newbury-park-ca/,$[0].@graph[0].hasOfferCatalog.itemListElement[2].itemOffered.areaServed,"Ventura County, North Los Angeles County, and Santa Clarita","Outside-county mention; preserve page wording, correct service-area fields"
https://www.805shutters.com/commercial-window-coverings/newbury-park-ca/,$[0].@graph[0].hasOfferCatalog.itemListElement[3].itemOffered.areaServed,"Ventura County, North Los Angeles County, and Santa Clarita","Outside-county mention; preserve page wording, correct service-area fields"
https://www.805shutters.com/commercial-window-coverings/newbury-park-ca/,$[0].@graph[0].hasOfferCatalog.itemListElement[4].itemOffered.areaServed,"Ventura County, North Los Angeles County, and Santa Clarita","Outside-county mention; preserve page wording, correct service-area fields"
https://www.805shutters.com/commercial-window-coverings/oak-park-ca/,$[0].@graph[0].contactPoint.areaServed[7].name,Westlake Village,Explicitly approved Westlake Village; incorporated city is Los Angeles County
https://www.805shutters.com/commercial-window-coverings/oak-park-ca/,$[0].@graph[0].contactPoint.areaServed[14].name,Santa Clarita,"Outside-county mention; preserve page wording, correct service-area fields"
https://www.805shutters.com/commercial-window-coverings/oak-park-ca/,$[0].@graph[0].areaServed[7].name,Westlake Village,Explicitly approved Westlake Village; incorporated city is Los Angeles County
https://www.805shutters.com/commercial-window-coverings/oak-park-ca/,$[0].@graph[0].areaServed[14].name,Santa Clarita,"Outside-county mention; preserve page wording, correct service-area fields"
https://www.805shutters.com/commercial-window-coverings/oak-park-ca/,$[0].@graph[0].serviceArea.name,"Ventura County, North Los Angeles County, and Santa Clarita","Outside-county mention; preserve page wording, correct service-area fields"
https://www.805shutters.com/commercial-window-coverings/oak-park-ca/,$[0].@graph[0].hasOfferCatalog.itemListElement[0].itemOffered.areaServed,"Ventura County, North Los Angeles County, and Santa Clarita","Outside-county mention; preserve page wording, correct service-area fields"
https://www.805shutters.com/commercial-window-coverings/oak-park-ca/,$[0].@graph[0].hasOfferCatalog.itemListElement[1].itemOffered.areaServed,"Ventura County, North Los Angeles County, and Santa Clarita","Outside-county mention; preserve page wording, correct service-area fields"
https://www.805shutters.com/commercial-window-coverings/oak-park-ca/,$[0].@graph[0].hasOfferCatalog.itemListElement[2].itemOffered.areaServed,"Ventura County, North Los Angeles County, and Santa Clarita","Outside-county mention; preserve page wording, correct service-area fields"
https://www.805shutters.com/commercial-window-coverings/oak-park-ca/,$[0].@graph[0].hasOfferCatalog.itemListElement[3].itemOffered.areaServed,"Ventura County, North Los Angeles County, and Santa Clarita","Outside-county mention; preserve page wording, correct service-area fields"
https://www.805shutters.com/commercial-window-coverings/oak-park-ca/,$[0].@graph[0].hasOfferCatalog.itemListElement[4].itemOffered.areaServed,"Ventura County, North Los Angeles County, and Santa Clarita","Outside-county mention; preserve page wording, correct service-area fields"
https://www.805shutters.com/commercial-window-coverings/ojai-ca/,$[0].@graph[0].contactPoint.areaServed[7].name,Westlake Village,Explicitly approved Westlake Village; incorporated city is Los Angeles County
https://www.805shutters.com/commercial-window-coverings/ojai-ca/,$[0].@graph[0].contactPoint.areaServed[14].name,Santa Clarita,"Outside-county mention; preserve page wording, correct service-area fields"
https://www.805shutters.com/commercial-window-coverings/ojai-ca/,$[0].@graph[0].areaServed[7].name,Westlake Village,Explicitly approved Westlake Village; incorporated city is Los Angeles County
https://www.805shutters.com/commercial-window-coverings/ojai-ca/,$[0].@graph[0].areaServed[14].name,Santa Clarita,"Outside-county mention; preserve page wording, correct service-area fields"
https://www.805shutters.com/commercial-window-coverings/ojai-ca/,$[0].@graph[0].serviceArea.name,"Ventura County, North Los Angeles County, and Santa Clarita","Outside-county mention; preserve page wording, correct service-area fields"
https://www.805shutters.com/commercial-window-coverings/ojai-ca/,$[0].@graph[0].hasOfferCatalog.itemListElement[0].itemOffered.areaServed,"Ventura County, North Los Angeles County, and Santa Clarita","Outside-county mention; preserve page wording, correct service-area fields"
https://www.805shutters.com/commercial-window-coverings/ojai-ca/,$[0].@graph[0].hasOfferCatalog.itemListElement[1].itemOffered.areaServed,"Ventura County, North Los Angeles County, and Santa Clarita","Outside-county mention; preserve page wording, correct service-area fields"
https://www.805shutters.com/commercial-window-coverings/ojai-ca/,$[0].@graph[0].hasOfferCatalog.itemListElement[2].itemOffered.areaServed,"Ventura County, North Los Angeles County, and Santa Clarita","Outside-county mention; preserve page wording, correct service-area fields"
https://www.805shutters.com/commercial-window-coverings/ojai-ca/,$[0].@graph[0].hasOfferCatalog.itemListElement[3].itemOffered.areaServed,"Ventura County, North Los Angeles County, and Santa Clarita","Outside-county mention; preserve page wording, correct service-area fields"
https://www.805shutters.com/commercial-window-coverings/ojai-ca/,$[0].@graph[0].hasOfferCatalog.itemListElement[4].itemOffered.areaServed,"Ventura County, North Los Angeles County, and Santa Clarita","Outside-county mention; preserve page wording, correct service-area fields"
https://www.805shutters.com/commercial-window-coverings/oxnard-ca/,$[0].@graph[0].contactPoint.areaServed[7].name,Westlake Village,Explicitly approved Westlake Village; incorporated city is Los Angeles County
https://www.805shutters.com/commercial-window-coverings/oxnard-ca/,$[0].@graph[0].contactPoint.areaServed[14].name,Santa Clarita,"Outside-county mention; preserve page wording, correct service-area fields"
https://www.805shutters.com/commercial-window-coverings/oxnard-ca/,$[0].@graph[0].areaServed[7].name,Westlake Village,Explicitly approved Westlake Village; incorporated city is Los Angeles County
https://www.805shutters.com/commercial-window-coverings/oxnard-ca/,$[0].@graph[0].areaServed[14].name,Santa Clarita,"Outside-county mention; preserve page wording, correct service-area fields"
https://www.805shutters.com/commercial-window-coverings/oxnard-ca/,$[0].@graph[0].serviceArea.name,"Ventura County, North Los Angeles County, and Santa Clarita","Outside-county mention; preserve page wording, correct service-area fields"
https://www.805shutters.com/commercial-window-coverings/oxnard-ca/,$[0].@graph[0].hasOfferCatalog.itemListElement[0].itemOffered.areaServed,"Ventura County, North Los Angeles County, and Santa Clarita","Outside-county mention; preserve page wording, correct service-area fields"
https://www.805shutters.com/commercial-window-coverings/oxnard-ca/,$[0].@graph[0].hasOfferCatalog.itemListElement[1].itemOffered.areaServed,"Ventura County, North Los Angeles County, and Santa Clarita","Outside-county mention; preserve page wording, correct service-area fields"
https://www.805shutters.com/commercial-window-coverings/oxnard-ca/,$[0].@graph[0].hasOfferCatalog.itemListElement[2].itemOffered.areaServed,"Ventura County, North Los Angeles County, and Santa Clarita","Outside-county mention; preserve page wording, correct service-area fields"
https://www.805shutters.com/commercial-window-coverings/oxnard-ca/,$[0].@graph[0].hasOfferCatalog.itemListElement[3].itemOffered.areaServed,"Ventura County, North Los Angeles County, and Santa Clarita","Outside-county mention; preserve page wording, correct service-area fields"
https://www.805shutters.com/commercial-window-coverings/oxnard-ca/,$[0].@graph[0].hasOfferCatalog.itemListElement[4].itemOffered.areaServed,"Ventura County, North Los Angeles County, and Santa Clarita","Outside-county mention; preserve page wording, correct service-area fields"
https://www.805shutters.com/commercial-window-coverings/port-hueneme-ca/,$[0].@graph[0].contactPoint.areaServed[7].name,Westlake Village,Explicitly approved Westlake Village; incorporated city is Los Angeles County
https://www.805shutters.com/commercial-window-coverings/port-hueneme-ca/,$[0].@graph[0].contactPoint.areaServed[14].name,Santa Clarita,"Outside-county mention; preserve page wording, correct service-area fields"
https://www.805shutters.com/commercial-window-coverings/port-hueneme-ca/,$[0].@graph[0].areaServed[7].name,Westlake Village,Explicitly approved Westlake Village; incorporated city is Los Angeles County
https://www.805shutters.com/commercial-window-coverings/port-hueneme-ca/,$[0].@graph[0].areaServed[14].name,Santa Clarita,"Outside-county mention; preserve page wording, correct service-area fields"
https://www.805shutters.com/commercial-window-coverings/port-hueneme-ca/,$[0].@graph[0].serviceArea.name,"Ventura County, North Los Angeles County, and Santa Clarita","Outside-county mention; preserve page wording, correct service-area fields"
https://www.805shutters.com/commercial-window-coverings/port-hueneme-ca/,$[0].@graph[0].hasOfferCatalog.itemListElement[0].itemOffered.areaServed,"Ventura County, North Los Angeles County, and Santa Clarita","Outside-county mention; preserve page wording, correct service-area fields"
https://www.805shutters.com/commercial-window-coverings/port-hueneme-ca/,$[0].@graph[0].hasOfferCatalog.itemListElement[1].itemOffered.areaServed,"Ventura County, North Los Angeles County, and Santa Clarita","Outside-county mention; preserve page wording, correct service-area fields"
https://www.805shutters.com/commercial-window-coverings/port-hueneme-ca/,$[0].@graph[0].hasOfferCatalog.itemListElement[2].itemOffered.areaServed,"Ventura County, North Los Angeles County, and Santa Clarita","Outside-county mention; preserve page wording, correct service-area fields"
https://www.805shutters.com/commercial-window-coverings/port-hueneme-ca/,$[0].@graph[0].hasOfferCatalog.itemListElement[3].itemOffered.areaServed,"Ventura County, North Los Angeles County, and Santa Clarita","Outside-county mention; preserve page wording, correct service-area fields"
https://www.805shutters.com/commercial-window-coverings/port-hueneme-ca/,$[0].@graph[0].hasOfferCatalog.itemListElement[4].itemOffered.areaServed,"Ventura County, North Los Angeles County, and Santa Clarita","Outside-county mention; preserve page wording, correct service-area fields"
https://www.805shutters.com/commercial-window-coverings/santa-paula-ca/,$[0].@graph[0].contactPoint.areaServed[7].name,Westlake Village,Explicitly approved Westlake Village; incorporated city is Los Angeles County
https://www.805shutters.com/commercial-window-coverings/santa-paula-ca/,$[0].@graph[0].contactPoint.areaServed[14].name,Santa Clarita,"Outside-county mention; preserve page wording, correct service-area fields"
https://www.805shutters.com/commercial-window-coverings/santa-paula-ca/,$[0].@graph[0].areaServed[7].name,Westlake Village,Explicitly approved Westlake Village; incorporated city is Los Angeles County
https://www.805shutters.com/commercial-window-coverings/santa-paula-ca/,$[0].@graph[0].areaServed[14].name,Santa Clarita,"Outside-county mention; preserve page wording, correct service-area fields"
https://www.805shutters.com/commercial-window-coverings/santa-paula-ca/,$[0].@graph[0].serviceArea.name,"Ventura County, North Los Angeles County, and Santa Clarita","Outside-county mention; preserve page wording, correct service-area fields"
https://www.805shutters.com/commercial-window-coverings/santa-paula-ca/,$[0].@graph[0].hasOfferCatalog.itemListElement[0].itemOffered.areaServed,"Ventura County, North Los Angeles County, and Santa Clarita","Outside-county mention; preserve page wording, correct service-area fields"
https://www.805shutters.com/commercial-window-coverings/santa-paula-ca/,$[0].@graph[0].hasOfferCatalog.itemListElement[1].itemOffered.areaServed,"Ventura County, North Los Angeles County, and Santa Clarita","Outside-county mention; preserve page wording, correct service-area fields"
https://www.805shutters.com/commercial-window-coverings/santa-paula-ca/,$[0].@graph[0].hasOfferCatalog.itemListElement[2].itemOffered.areaServed,"Ventura County, North Los Angeles County, and Santa Clarita","Outside-county mention; preserve page wording, correct service-area fields"
https://www.805shutters.com/commercial-window-coverings/santa-paula-ca/,$[0].@graph[0].hasOfferCatalog.itemListElement[3].itemOffered.areaServed,"Ventura County, North Los Angeles County, and Santa Clarita","Outside-county mention; preserve page wording, correct service-area fields"
https://www.805shutters.com/commercial-window-coverings/santa-paula-ca/,$[0].@graph[0].hasOfferCatalog.itemListElement[4].itemOffered.areaServed,"Ventura County, North Los Angeles County, and Santa Clarita","Outside-county mention; preserve page wording, correct service-area fields"
https://www.805shutters.com/commercial-window-coverings/santa-clarita-ca/,$[0].@graph[0].contactPoint.areaServed[7].name,Westlake Village,Explicitly approved Westlake Village; incorporated city is Los Angeles County
https://www.805shutters.com/commercial-window-coverings/santa-clarita-ca/,$[0].@graph[0].contactPoint.areaServed[14].name,Santa Clarita,"Outside-county mention; preserve page wording, correct service-area fields"
https://www.805shutters.com/commercial-window-coverings/santa-clarita-ca/,$[0].@graph[0].areaServed[7].name,Westlake Village,Explicitly approved Westlake Village; incorporated city is Los Angeles County
https://www.805shutters.com/commercial-window-coverings/santa-clarita-ca/,$[0].@graph[0].areaServed[14].name,Santa Clarita,"Outside-county mention; preserve page wording, correct service-area fields"
https://www.805shutters.com/commercial-window-coverings/santa-clarita-ca/,$[0].@graph[0].serviceArea.name,"Ventura County, North Los Angeles County, and Santa Clarita","Outside-county mention; preserve page wording, correct service-area fields"
https://www.805shutters.com/commercial-window-coverings/santa-clarita-ca/,$[0].@graph[0].hasOfferCatalog.itemListElement[0].itemOffered.areaServed,"Ventura County, North Los Angeles County, and Santa Clarita","Outside-county mention; preserve page wording, correct service-area fields"
https://www.805shutters.com/commercial-window-coverings/santa-clarita-ca/,$[0].@graph[0].hasOfferCatalog.itemListElement[1].itemOffered.areaServed,"Ventura County, North Los Angeles County, and Santa Clarita","Outside-county mention; preserve page wording, correct service-area fields"
https://www.805shutters.com/commercial-window-coverings/santa-clarita-ca/,$[0].@graph[0].hasOfferCatalog.itemListElement[2].itemOffered.areaServed,"Ventura County, North Los Angeles County, and Santa Clarita","Outside-county mention; preserve page wording, correct service-area fields"
https://www.805shutters.com/commercial-window-coverings/santa-clarita-ca/,$[0].@graph[0].hasOfferCatalog.itemListElement[3].itemOffered.areaServed,"Ventura County, North Los Angeles County, and Santa Clarita","Outside-county mention; preserve page wording, correct service-area fields"
https://www.805shutters.com/commercial-window-coverings/santa-clarita-ca/,$[0].@graph[0].hasOfferCatalog.itemListElement[4].itemOffered.areaServed,"Ventura County, North Los Angeles County, and Santa Clarita","Outside-county mention; preserve page wording, correct service-area fields"
https://www.805shutters.com/commercial-window-coverings/santa-clarita-ca/,$[1].@graph[0].name,"Commercial Window Coverings Santa Clarita CA | Office, Retail & Warehouse Shades | 805 Shutters","Outside-county mention; preserve page wording, correct service-area fields"
https://www.805shutters.com/commercial-window-coverings/santa-clarita-ca/,$[1].@graph[0].description,"Commercial window coverings for Santa Clarita offices, storefronts, schools, medical spaces, and warehouses. Roller shades, solar shades, blinds, and a free commercial shade audit from 805 Shutters.","Outside-county mention; preserve page wording, correct service-area fields"
https://www.805shutters.com/commercial-window-coverings/santa-clarita-ca/,$[1].@graph[0].primaryImageOfPage.caption,Commercial window coverings for a sunlit Santa Clarita workspace,"Outside-county mention; preserve page wording, correct service-area fields"
https://www.805shutters.com/commercial-window-coverings/santa-clarita-ca/,$[1].@graph[1].name,Commercial Window Coverings in Santa Clarita,"Outside-county mention; preserve page wording, correct service-area fields"
https://www.805shutters.com/commercial-window-coverings/santa-clarita-ca/,$[1].@graph[1].description,"Commercial window coverings for Santa Clarita offices, storefronts, schools, medical spaces, and warehouses. Roller shades, solar shades, blinds, and a free commercial shade audit from 805 Shutters.","Outside-county mention; preserve page wording, correct service-area fields"
https://www.805shutters.com/commercial-window-coverings/santa-clarita-ca/,$[1].@graph[1].image.caption,Commercial window coverings for a sunlit Santa Clarita workspace,"Outside-county mention; preserve page wording, correct service-area fields"
https://www.805shutters.com/commercial-window-coverings/santa-clarita-ca/,$[1].@graph[1].areaServed[0].name,Santa Clarita,"Outside-county mention; preserve page wording, correct service-area fields"
https://www.805shutters.com/commercial-window-coverings/santa-clarita-ca/,$[1].@graph[2].itemListElement[2].name,Santa Clarita Commercial Window Coverings,"Outside-county mention; preserve page wording, correct service-area fields"
https://www.805shutters.com/commercial-window-coverings/santa-rosa-valley-ca/,$[0].@graph[0].contactPoint.areaServed[7].name,Westlake Village,Explicitly approved Westlake Village; incorporated city is Los Angeles County
https://www.805shutters.com/commercial-window-coverings/santa-rosa-valley-ca/,$[0].@graph[0].contactPoint.areaServed[14].name,Santa Clarita,"Outside-county mention; preserve page wording, correct service-area fields"
https://www.805shutters.com/commercial-window-coverings/santa-rosa-valley-ca/,$[0].@graph[0].areaServed[7].name,Westlake Village,Explicitly approved Westlake Village; incorporated city is Los Angeles County
https://www.805shutters.com/commercial-window-coverings/santa-rosa-valley-ca/,$[0].@graph[0].areaServed[14].name,Santa Clarita,"Outside-county mention; preserve page wording, correct service-area fields"
https://www.805shutters.com/commercial-window-coverings/santa-rosa-valley-ca/,$[0].@graph[0].serviceArea.name,"Ventura County, North Los Angeles County, and Santa Clarita","Outside-county mention; preserve page wording, correct service-area fields"
https://www.805shutters.com/commercial-window-coverings/santa-rosa-valley-ca/,$[0].@graph[0].hasOfferCatalog.itemListElement[0].itemOffered.areaServed,"Ventura County, North Los Angeles County, and Santa Clarita","Outside-county mention; preserve page wording, correct service-area fields"
https://www.805shutters.com/commercial-window-coverings/santa-rosa-valley-ca/,$[0].@graph[0].hasOfferCatalog.itemListElement[1].itemOffered.areaServed,"Ventura County, North Los Angeles County, and Santa Clarita","Outside-county mention; preserve page wording, correct service-area fields"
https://www.805shutters.com/commercial-window-coverings/santa-rosa-valley-ca/,$[0].@graph[0].hasOfferCatalog.itemListElement[2].itemOffered.areaServed,"Ventura County, North Los Angeles County, and Santa Clarita","Outside-county mention; preserve page wording, correct service-area fields"
https://www.805shutters.com/commercial-window-coverings/santa-rosa-valley-ca/,$[0].@graph[0].hasOfferCatalog.itemListElement[3].itemOffered.areaServed,"Ventura County, North Los Angeles County, and Santa Clarita","Outside-county mention; preserve page wording, correct service-area fields"
https://www.805shutters.com/commercial-window-coverings/santa-rosa-valley-ca/,$[0].@graph[0].hasOfferCatalog.itemListElement[4].itemOffered.areaServed,"Ventura County, North Los Angeles County, and Santa Clarita","Outside-county mention; preserve page wording, correct service-area fields"
https://www.805shutters.com/commercial-window-coverings/simi-valley-ca/,$[0].@graph[0].contactPoint.areaServed[7].name,Westlake Village,Explicitly approved Westlake Village; incorporated city is Los Angeles County
https://www.805shutters.com/commercial-window-coverings/simi-valley-ca/,$[0].@graph[0].contactPoint.areaServed[14].name,Santa Clarita,"Outside-county mention; preserve page wording, correct service-area fields"
https://www.805shutters.com/commercial-window-coverings/simi-valley-ca/,$[0].@graph[0].areaServed[7].name,Westlake Village,Explicitly approved Westlake Village; incorporated city is Los Angeles County
https://www.805shutters.com/commercial-window-coverings/simi-valley-ca/,$[0].@graph[0].areaServed[14].name,Santa Clarita,"Outside-county mention; preserve page wording, correct service-area fields"
https://www.805shutters.com/commercial-window-coverings/simi-valley-ca/,$[0].@graph[0].serviceArea.name,"Ventura County, North Los Angeles County, and Santa Clarita","Outside-county mention; preserve page wording, correct service-area fields"
https://www.805shutters.com/commercial-window-coverings/simi-valley-ca/,$[0].@graph[0].hasOfferCatalog.itemListElement[0].itemOffered.areaServed,"Ventura County, North Los Angeles County, and Santa Clarita","Outside-county mention; preserve page wording, correct service-area fields"
https://www.805shutters.com/commercial-window-coverings/simi-valley-ca/,$[0].@graph[0].hasOfferCatalog.itemListElement[1].itemOffered.areaServed,"Ventura County, North Los Angeles County, and Santa Clarita","Outside-county mention; preserve page wording, correct service-area fields"
https://www.805shutters.com/commercial-window-coverings/simi-valley-ca/,$[0].@graph[0].hasOfferCatalog.itemListElement[2].itemOffered.areaServed,"Ventura County, North Los Angeles County, and Santa Clarita","Outside-county mention; preserve page wording, correct service-area fields"
https://www.805shutters.com/commercial-window-coverings/simi-valley-ca/,$[0].@graph[0].hasOfferCatalog.itemListElement[3].itemOffered.areaServed,"Ventura County, North Los Angeles County, and Santa Clarita","Outside-county mention; preserve page wording, correct service-area fields"
https://www.805shutters.com/commercial-window-coverings/simi-valley-ca/,$[0].@graph[0].hasOfferCatalog.itemListElement[4].itemOffered.areaServed,"Ventura County, North Los Angeles County, and Santa Clarita","Outside-county mention; preserve page wording, correct service-area fields"
https://www.805shutters.com/commercial-window-coverings/thousand-oaks-ca/,$[0].@graph[0].contactPoint.areaServed[7].name,Westlake Village,Explicitly approved Westlake Village; incorporated city is Los Angeles County
https://www.805shutters.com/commercial-window-coverings/thousand-oaks-ca/,$[0].@graph[0].contactPoint.areaServed[14].name,Santa Clarita,"Outside-county mention; preserve page wording, correct service-area fields"
https://www.805shutters.com/commercial-window-coverings/thousand-oaks-ca/,$[0].@graph[0].areaServed[7].name,Westlake Village,Explicitly approved Westlake Village; incorporated city is Los Angeles County
https://www.805shutters.com/commercial-window-coverings/thousand-oaks-ca/,$[0].@graph[0].areaServed[14].name,Santa Clarita,"Outside-county mention; preserve page wording, correct service-area fields"
https://www.805shutters.com/commercial-window-coverings/thousand-oaks-ca/,$[0].@graph[0].serviceArea.name,"Ventura County, North Los Angeles County, and Santa Clarita","Outside-county mention; preserve page wording, correct service-area fields"
https://www.805shutters.com/commercial-window-coverings/thousand-oaks-ca/,$[0].@graph[0].hasOfferCatalog.itemListElement[0].itemOffered.areaServed,"Ventura County, North Los Angeles County, and Santa Clarita","Outside-county mention; preserve page wording, correct service-area fields"
https://www.805shutters.com/commercial-window-coverings/thousand-oaks-ca/,$[0].@graph[0].hasOfferCatalog.itemListElement[1].itemOffered.areaServed,"Ventura County, North Los Angeles County, and Santa Clarita","Outside-county mention; preserve page wording, correct service-area fields"
https://www.805shutters.com/commercial-window-coverings/thousand-oaks-ca/,$[0].@graph[0].hasOfferCatalog.itemListElement[2].itemOffered.areaServed,"Ventura County, North Los Angeles County, and Santa Clarita","Outside-county mention; preserve page wording, correct service-area fields"
https://www.805shutters.com/commercial-window-coverings/thousand-oaks-ca/,$[0].@graph[0].hasOfferCatalog.itemListElement[3].itemOffered.areaServed,"Ventura County, North Los Angeles County, and Santa Clarita","Outside-county mention; preserve page wording, correct service-area fields"
https://www.805shutters.com/commercial-window-coverings/thousand-oaks-ca/,$[0].@graph[0].hasOfferCatalog.itemListElement[4].itemOffered.areaServed,"Ventura County, North Los Angeles County, and Santa Clarita","Outside-county mention; preserve page wording, correct service-area fields"
https://www.805shutters.com/commercial-window-coverings/ventura-ca/,$[0].@graph[0].contactPoint.areaServed[7].name,Westlake Village,Explicitly approved Westlake Village; incorporated city is Los Angeles County
https://www.805shutters.com/commercial-window-coverings/ventura-ca/,$[0].@graph[0].contactPoint.areaServed[14].name,Santa Clarita,"Outside-county mention; preserve page wording, correct service-area fields"
https://www.805shutters.com/commercial-window-coverings/ventura-ca/,$[0].@graph[0].areaServed[7].name,Westlake Village,Explicitly approved Westlake Village; incorporated city is Los Angeles County
https://www.805shutters.com/commercial-window-coverings/ventura-ca/,$[0].@graph[0].areaServed[14].name,Santa Clarita,"Outside-county mention; preserve page wording, correct service-area fields"
https://www.805shutters.com/commercial-window-coverings/ventura-ca/,$[0].@graph[0].serviceArea.name,"Ventura County, North Los Angeles County, and Santa Clarita","Outside-county mention; preserve page wording, correct service-area fields"
https://www.805shutters.com/commercial-window-coverings/ventura-ca/,$[0].@graph[0].hasOfferCatalog.itemListElement[0].itemOffered.areaServed,"Ventura County, North Los Angeles County, and Santa Clarita","Outside-county mention; preserve page wording, correct service-area fields"
https://www.805shutters.com/commercial-window-coverings/ventura-ca/,$[0].@graph[0].hasOfferCatalog.itemListElement[1].itemOffered.areaServed,"Ventura County, North Los Angeles County, and Santa Clarita","Outside-county mention; preserve page wording, correct service-area fields"
https://www.805shutters.com/commercial-window-coverings/ventura-ca/,$[0].@graph[0].hasOfferCatalog.itemListElement[2].itemOffered.areaServed,"Ventura County, North Los Angeles County, and Santa Clarita","Outside-county mention; preserve page wording, correct service-area fields"
https://www.805shutters.com/commercial-window-coverings/ventura-ca/,$[0].@graph[0].hasOfferCatalog.itemListElement[3].itemOffered.areaServed,"Ventura County, North Los Angeles County, and Santa Clarita","Outside-county mention; preserve page wording, correct service-area fields"
https://www.805shutters.com/commercial-window-coverings/ventura-ca/,$[0].@graph[0].hasOfferCatalog.itemListElement[4].itemOffered.areaServed,"Ventura County, North Los Angeles County, and Santa Clarita","Outside-county mention; preserve page wording, correct service-area fields"
https://www.805shutters.com/commercial-window-coverings/westlake-village-ca/,$[0].@graph[0].contactPoint.areaServed[7].name,Westlake Village,Explicitly approved Westlake Village; incorporated city is Los Angeles County
https://www.805shutters.com/commercial-window-coverings/westlake-village-ca/,$[0].@graph[0].contactPoint.areaServed[14].name,Santa Clarita,"Outside-county mention; preserve page wording, correct service-area fields"
https://www.805shutters.com/commercial-window-coverings/westlake-village-ca/,$[0].@graph[0].areaServed[7].name,Westlake Village,Explicitly approved Westlake Village; incorporated city is Los Angeles County
https://www.805shutters.com/commercial-window-coverings/westlake-village-ca/,$[0].@graph[0].areaServed[14].name,Santa Clarita,"Outside-county mention; preserve page wording, correct service-area fields"
https://www.805shutters.com/commercial-window-coverings/westlake-village-ca/,$[0].@graph[0].serviceArea.name,"Ventura County, North Los Angeles County, and Santa Clarita","Outside-county mention; preserve page wording, correct service-area fields"
https://www.805shutters.com/commercial-window-coverings/westlake-village-ca/,$[0].@graph[0].hasOfferCatalog.itemListElement[0].itemOffered.areaServed,"Ventura County, North Los Angeles County, and Santa Clarita","Outside-county mention; preserve page wording, correct service-area fields"
https://www.805shutters.com/commercial-window-coverings/westlake-village-ca/,$[0].@graph[0].hasOfferCatalog.itemListElement[1].itemOffered.areaServed,"Ventura County, North Los Angeles County, and Santa Clarita","Outside-county mention; preserve page wording, correct service-area fields"
https://www.805shutters.com/commercial-window-coverings/westlake-village-ca/,$[0].@graph[0].hasOfferCatalog.itemListElement[2].itemOffered.areaServed,"Ventura County, North Los Angeles County, and Santa Clarita","Outside-county mention; preserve page wording, correct service-area fields"
https://www.805shutters.com/commercial-window-coverings/westlake-village-ca/,$[0].@graph[0].hasOfferCatalog.itemListElement[3].itemOffered.areaServed,"Ventura County, North Los Angeles County, and Santa Clarita","Outside-county mention; preserve page wording, correct service-area fields"
https://www.805shutters.com/commercial-window-coverings/westlake-village-ca/,$[0].@graph[0].hasOfferCatalog.itemListElement[4].itemOffered.areaServed,"Ventura County, North Los Angeles County, and Santa Clarita","Outside-county mention; preserve page wording, correct service-area fields"
https://www.805shutters.com/commercial-window-coverings/westlake-village-ca/,$[1].@graph[0].name,"Commercial Window Coverings Westlake Village CA | Office, Retail & Warehouse Shades | 805 Shutters",Explicitly approved Westlake Village; incorporated city is Los Angeles County
https://www.805shutters.com/commercial-window-coverings/westlake-village-ca/,$[1].@graph[0].description,"Commercial window coverings for Westlake Village offices, storefronts, schools, medical spaces, and warehouses. Roller shades, solar shades, blinds, and a free commercial shade audit from 805 Shutters.",Explicitly approved Westlake Village; incorporated city is Los Angeles County
https://www.805shutters.com/commercial-window-coverings/westlake-village-ca/,$[1].@graph[0].primaryImageOfPage.caption,Commercial window coverings for a sunlit Westlake Village workspace,Explicitly approved Westlake Village; incorporated city is Los Angeles County
https://www.805shutters.com/commercial-window-coverings/westlake-village-ca/,$[1].@graph[1].name,Commercial Window Coverings in Westlake Village,Explicitly approved Westlake Village; incorporated city is Los Angeles County
https://www.805shutters.com/commercial-window-coverings/westlake-village-ca/,$[1].@graph[1].description,"Commercial window coverings for Westlake Village offices, storefronts, schools, medical spaces, and warehouses. Roller shades, solar shades, blinds, and a free commercial shade audit from 805 Shutters.",Explicitly approved Westlake Village; incorporated city is Los Angeles County
https://www.805shutters.com/commercial-window-coverings/westlake-village-ca/,$[1].@graph[1].image.caption,Commercial window coverings for a sunlit Westlake Village workspace,Explicitly approved Westlake Village; incorporated city is Los Angeles County
https://www.805shutters.com/commercial-window-coverings/westlake-village-ca/,$[1].@graph[1].areaServed[0].name,Westlake Village,Explicitly approved Westlake Village; incorporated city is Los Angeles County
https://www.805shutters.com/commercial-window-coverings/westlake-village-ca/,$[1].@graph[2].itemListElement[2].name,Westlake Village Commercial Window Coverings,Explicitly approved Westlake Village; incorporated city is Los Angeles County
https://www.805shutters.com/blinds/ventura-county/,$[0].@graph[0].contactPoint.areaServed[7].name,Westlake Village,Explicitly approved Westlake Village; incorporated city is Los Angeles County
https://www.805shutters.com/blinds/ventura-county/,$[0].@graph[0].contactPoint.areaServed[14].name,Santa Clarita,"Outside-county mention; preserve page wording, correct service-area fields"
https://www.805shutters.com/blinds/ventura-county/,$[0].@graph[0].areaServed[7].name,Westlake Village,Explicitly approved Westlake Village; incorporated city is Los Angeles County
https://www.805shutters.com/blinds/ventura-county/,$[0].@graph[0].areaServed[14].name,Santa Clarita,"Outside-county mention; preserve page wording, correct service-area fields"
https://www.805shutters.com/blinds/ventura-county/,$[0].@graph[0].serviceArea.name,"Ventura County, North Los Angeles County, and Santa Clarita","Outside-county mention; preserve page wording, correct service-area fields"
https://www.805shutters.com/blinds/ventura-county/,$[0].@graph[0].hasOfferCatalog.itemListElement[0].itemOffered.areaServed,"Ventura County, North Los Angeles County, and Santa Clarita","Outside-county mention; preserve page wording, correct service-area fields"
https://www.805shutters.com/blinds/ventura-county/,$[0].@graph[0].hasOfferCatalog.itemListElement[1].itemOffered.areaServed,"Ventura County, North Los Angeles County, and Santa Clarita","Outside-county mention; preserve page wording, correct service-area fields"
https://www.805shutters.com/blinds/ventura-county/,$[0].@graph[0].hasOfferCatalog.itemListElement[2].itemOffered.areaServed,"Ventura County, North Los Angeles County, and Santa Clarita","Outside-county mention; preserve page wording, correct service-area fields"
https://www.805shutters.com/blinds/ventura-county/,$[0].@graph[0].hasOfferCatalog.itemListElement[3].itemOffered.areaServed,"Ventura County, North Los Angeles County, and Santa Clarita","Outside-county mention; preserve page wording, correct service-area fields"
https://www.805shutters.com/blinds/ventura-county/,$[0].@graph[0].hasOfferCatalog.itemListElement[4].itemOffered.areaServed,"Ventura County, North Los Angeles County, and Santa Clarita","Outside-county mention; preserve page wording, correct service-area fields"
https://www.805shutters.com/blinds/ventura-county/,$[1].@graph[1].areaServed[7].name,Westlake Village,Explicitly approved Westlake Village; incorporated city is Los Angeles County
https://www.805shutters.com/blinds/ventura-county/,$[1].@graph[1].areaServed[14].name,Santa Clarita,"Outside-county mention; preserve page wording, correct service-area fields"
https://www.805shutters.com/blinds/ventura-county/,$[1].@graph[2].mainEntity[0].acceptedAnswer.text,"805 Shutters installs custom blinds across Ventura County, including Camarillo, Thousand Oaks, Ventura, Oxnard, Simi Valley, Moorpark, Newbury Park, Westlake Village, Ojai, and nearby communities.",Explicitly approved Westlake Village; incorporated city is Los Angeles County
https://www.805shutters.com/window-treatments/camarillo/,$[0].@graph[0].contactPoint.areaServed[7].name,Westlake Village,Explicitly approved Westlake Village; incorporated city is Los Angeles County
https://www.805shutters.com/window-treatments/camarillo/,$[0].@graph[0].contactPoint.areaServed[14].name,Santa Clarita,"Outside-county mention; preserve page wording, correct service-area fields"
https://www.805shutters.com/window-treatments/camarillo/,$[0].@graph[0].areaServed[7].name,Westlake Village,Explicitly approved Westlake Village; incorporated city is Los Angeles County
https://www.805shutters.com/window-treatments/camarillo/,$[0].@graph[0].areaServed[14].name,Santa Clarita,"Outside-county mention; preserve page wording, correct service-area fields"
https://www.805shutters.com/window-treatments/camarillo/,$[0].@graph[0].serviceArea.name,"Ventura County, North Los Angeles County, and Santa Clarita","Outside-county mention; preserve page wording, correct service-area fields"
https://www.805shutters.com/window-treatments/camarillo/,$[0].@graph[0].hasOfferCatalog.itemListElement[0].itemOffered.areaServed,"Ventura County, North Los Angeles County, and Santa Clarita","Outside-county mention; preserve page wording, correct service-area fields"
https://www.805shutters.com/window-treatments/camarillo/,$[0].@graph[0].hasOfferCatalog.itemListElement[1].itemOffered.areaServed,"Ventura County, North Los Angeles County, and Santa Clarita","Outside-county mention; preserve page wording, correct service-area fields"
https://www.805shutters.com/window-treatments/camarillo/,$[0].@graph[0].hasOfferCatalog.itemListElement[2].itemOffered.areaServed,"Ventura County, North Los Angeles County, and Santa Clarita","Outside-county mention; preserve page wording, correct service-area fields"
https://www.805shutters.com/window-treatments/camarillo/,$[0].@graph[0].hasOfferCatalog.itemListElement[3].itemOffered.areaServed,"Ventura County, North Los Angeles County, and Santa Clarita","Outside-county mention; preserve page wording, correct service-area fields"
https://www.805shutters.com/window-treatments/camarillo/,$[0].@graph[0].hasOfferCatalog.itemListElement[4].itemOffered.areaServed,"Ventura County, North Los Angeles County, and Santa Clarita","Outside-county mention; preserve page wording, correct service-area fields"
https://www.805shutters.com/window-treatments/camarillo/,$[1].@graph[1].areaServed[7].name,Westlake Village,Explicitly approved Westlake Village; incorporated city is Los Angeles County
https://www.805shutters.com/window-treatments/camarillo/,$[1].@graph[1].areaServed[14].name,Santa Clarita,"Outside-county mention; preserve page wording, correct service-area fields"
https://www.805shutters.com/ventura-county-window-treatments-camarillo-blinds-shades-shutters/,$[0].@graph[0].contactPoint.areaServed[7].name,Westlake Village,Explicitly approved Westlake Village; incorporated city is Los Angeles County
https://www.805shutters.com/ventura-county-window-treatments-camarillo-blinds-shades-shutters/,$[0].@graph[0].contactPoint.areaServed[14].name,Santa Clarita,"Outside-county mention; preserve page wording, correct service-area fields"
https://www.805shutters.com/ventura-county-window-treatments-camarillo-blinds-shades-shutters/,$[0].@graph[0].areaServed[7].name,Westlake Village,Explicitly approved Westlake Village; incorporated city is Los Angeles County
https://www.805shutters.com/ventura-county-window-treatments-camarillo-blinds-shades-shutters/,$[0].@graph[0].areaServed[14].name,Santa Clarita,"Outside-county mention; preserve page wording, correct service-area fields"
https://www.805shutters.com/ventura-county-window-treatments-camarillo-blinds-shades-shutters/,$[0].@graph[0].serviceArea.name,"Ventura County, North Los Angeles County, and Santa Clarita","Outside-county mention; preserve page wording, correct service-area fields"
https://www.805shutters.com/ventura-county-window-treatments-camarillo-blinds-shades-shutters/,$[0].@graph[0].hasOfferCatalog.itemListElement[0].itemOffered.areaServed,"Ventura County, North Los Angeles County, and Santa Clarita","Outside-county mention; preserve page wording, correct service-area fields"
https://www.805shutters.com/ventura-county-window-treatments-camarillo-blinds-shades-shutters/,$[0].@graph[0].hasOfferCatalog.itemListElement[1].itemOffered.areaServed,"Ventura County, North Los Angeles County, and Santa Clarita","Outside-county mention; preserve page wording, correct service-area fields"
https://www.805shutters.com/ventura-county-window-treatments-camarillo-blinds-shades-shutters/,$[0].@graph[0].hasOfferCatalog.itemListElement[2].itemOffered.areaServed,"Ventura County, North Los Angeles County, and Santa Clarita","Outside-county mention; preserve page wording, correct service-area fields"
https://www.805shutters.com/ventura-county-window-treatments-camarillo-blinds-shades-shutters/,$[0].@graph[0].hasOfferCatalog.itemListElement[3].itemOffered.areaServed,"Ventura County, North Los Angeles County, and Santa Clarita","Outside-county mention; preserve page wording, correct service-area fields"
https://www.805shutters.com/ventura-county-window-treatments-camarillo-blinds-shades-shutters/,$[0].@graph[0].hasOfferCatalog.itemListElement[4].itemOffered.areaServed,"Ventura County, North Los Angeles County, and Santa Clarita","Outside-county mention; preserve page wording, correct service-area fields"
https://www.805shutters.com/shutters/plantation/,$[0].@graph[0].contactPoint.areaServed[7].name,Westlake Village,Explicitly approved Westlake Village; incorporated city is Los Angeles County
https://www.805shutters.com/shutters/plantation/,$[0].@graph[0].contactPoint.areaServed[14].name,Santa Clarita,"Outside-county mention; preserve page wording, correct service-area fields"
https://www.805shutters.com/shutters/plantation/,$[0].@graph[0].areaServed[7].name,Westlake Village,Explicitly approved Westlake Village; incorporated city is Los Angeles County
https://www.805shutters.com/shutters/plantation/,$[0].@graph[0].areaServed[14].name,Santa Clarita,"Outside-county mention; preserve page wording, correct service-area fields"
https://www.805shutters.com/shutters/plantation/,$[0].@graph[0].serviceArea.name,"Ventura County, North Los Angeles County, and Santa Clarita","Outside-county mention; preserve page wording, correct service-area fields"
https://www.805shutters.com/shutters/plantation/,$[0].@graph[0].hasOfferCatalog.itemListElement[0].itemOffered.areaServed,"Ventura County, North Los Angeles County, and Santa Clarita","Outside-county mention; preserve page wording, correct service-area fields"
https://www.805shutters.com/shutters/plantation/,$[0].@graph[0].hasOfferCatalog.itemListElement[1].itemOffered.areaServed,"Ventura County, North Los Angeles County, and Santa Clarita","Outside-county mention; preserve page wording, correct service-area fields"
https://www.805shutters.com/shutters/plantation/,$[0].@graph[0].hasOfferCatalog.itemListElement[2].itemOffered.areaServed,"Ventura County, North Los Angeles County, and Santa Clarita","Outside-county mention; preserve page wording, correct service-area fields"
https://www.805shutters.com/shutters/plantation/,$[0].@graph[0].hasOfferCatalog.itemListElement[3].itemOffered.areaServed,"Ventura County, North Los Angeles County, and Santa Clarita","Outside-county mention; preserve page wording, correct service-area fields"
https://www.805shutters.com/shutters/plantation/,$[0].@graph[0].hasOfferCatalog.itemListElement[4].itemOffered.areaServed,"Ventura County, North Los Angeles County, and Santa Clarita","Outside-county mention; preserve page wording, correct service-area fields"
https://www.805shutters.com/shutters/plantation/,$[1].@graph[1].areaServed[7].name,Westlake Village,Explicitly approved Westlake Village; incorporated city is Los Angeles County
https://www.805shutters.com/shutters/plantation/,$[1].@graph[1].areaServed[14].name,Santa Clarita,"Outside-county mention; preserve page wording, correct service-area fields"
https://www.805shutters.com/shutters/interior-shutters-camarillo/,$[0].@graph[0].contactPoint.areaServed[7].name,Westlake Village,Explicitly approved Westlake Village; incorporated city is Los Angeles County
https://www.805shutters.com/shutters/interior-shutters-camarillo/,$[0].@graph[0].contactPoint.areaServed[14].name,Santa Clarita,"Outside-county mention; preserve page wording, correct service-area fields"
https://www.805shutters.com/shutters/interior-shutters-camarillo/,$[0].@graph[0].areaServed[7].name,Westlake Village,Explicitly approved Westlake Village; incorporated city is Los Angeles County
https://www.805shutters.com/shutters/interior-shutters-camarillo/,$[0].@graph[0].areaServed[14].name,Santa Clarita,"Outside-county mention; preserve page wording, correct service-area fields"
https://www.805shutters.com/shutters/interior-shutters-camarillo/,$[0].@graph[0].serviceArea.name,"Ventura County, North Los Angeles County, and Santa Clarita","Outside-county mention; preserve page wording, correct service-area fields"
https://www.805shutters.com/shutters/interior-shutters-camarillo/,$[0].@graph[0].hasOfferCatalog.itemListElement[0].itemOffered.areaServed,"Ventura County, North Los Angeles County, and Santa Clarita","Outside-county mention; preserve page wording, correct service-area fields"
https://www.805shutters.com/shutters/interior-shutters-camarillo/,$[0].@graph[0].hasOfferCatalog.itemListElement[1].itemOffered.areaServed,"Ventura County, North Los Angeles County, and Santa Clarita","Outside-county mention; preserve page wording, correct service-area fields"
https://www.805shutters.com/shutters/interior-shutters-camarillo/,$[0].@graph[0].hasOfferCatalog.itemListElement[2].itemOffered.areaServed,"Ventura County, North Los Angeles County, and Santa Clarita","Outside-county mention; preserve page wording, correct service-area fields"
https://www.805shutters.com/shutters/interior-shutters-camarillo/,$[0].@graph[0].hasOfferCatalog.itemListElement[3].itemOffered.areaServed,"Ventura County, North Los Angeles County, and Santa Clarita","Outside-county mention; preserve page wording, correct service-area fields"
https://www.805shutters.com/shutters/interior-shutters-camarillo/,$[0].@graph[0].hasOfferCatalog.itemListElement[4].itemOffered.areaServed,"Ventura County, North Los Angeles County, and Santa Clarita","Outside-county mention; preserve page wording, correct service-area fields"
https://www.805shutters.com/shutters/interior-shutters-camarillo/,$[1].@graph[1].areaServed[7].name,Westlake Village,Explicitly approved Westlake Village; incorporated city is Los Angeles County
https://www.805shutters.com/shutters/interior-shutters-camarillo/,$[1].@graph[1].areaServed[14].name,Santa Clarita,"Outside-county mention; preserve page wording, correct service-area fields"
https://www.805shutters.com/shutters/wood-shutters-camarillo/,$[0].@graph[0].contactPoint.areaServed[7].name,Westlake Village,Explicitly approved Westlake Village; incorporated city is Los Angeles County
https://www.805shutters.com/shutters/wood-shutters-camarillo/,$[0].@graph[0].contactPoint.areaServed[14].name,Santa Clarita,"Outside-county mention; preserve page wording, correct service-area fields"
https://www.805shutters.com/shutters/wood-shutters-camarillo/,$[0].@graph[0].areaServed[7].name,Westlake Village,Explicitly approved Westlake Village; incorporated city is Los Angeles County
https://www.805shutters.com/shutters/wood-shutters-camarillo/,$[0].@graph[0].areaServed[14].name,Santa Clarita,"Outside-county mention; preserve page wording, correct service-area fields"
https://www.805shutters.com/shutters/wood-shutters-camarillo/,$[0].@graph[0].serviceArea.name,"Ventura County, North Los Angeles County, and Santa Clarita","Outside-county mention; preserve page wording, correct service-area fields"
https://www.805shutters.com/shutters/wood-shutters-camarillo/,$[0].@graph[0].hasOfferCatalog.itemListElement[0].itemOffered.areaServed,"Ventura County, North Los Angeles County, and Santa Clarita","Outside-county mention; preserve page wording, correct service-area fields"
https://www.805shutters.com/shutters/wood-shutters-camarillo/,$[0].@graph[0].hasOfferCatalog.itemListElement[1].itemOffered.areaServed,"Ventura County, North Los Angeles County, and Santa Clarita","Outside-county mention; preserve page wording, correct service-area fields"
https://www.805shutters.com/shutters/wood-shutters-camarillo/,$[0].@graph[0].hasOfferCatalog.itemListElement[2].itemOffered.areaServed,"Ventura County, North Los Angeles County, and Santa Clarita","Outside-county mention; preserve page wording, correct service-area fields"
https://www.805shutters.com/shutters/wood-shutters-camarillo/,$[0].@graph[0].hasOfferCatalog.itemListElement[3].itemOffered.areaServed,"Ventura County, North Los Angeles County, and Santa Clarita","Outside-county mention; preserve page wording, correct service-area fields"
https://www.805shutters.com/shutters/wood-shutters-camarillo/,$[0].@graph[0].hasOfferCatalog.itemListElement[4].itemOffered.areaServed,"Ventura County, North Los Angeles County, and Santa Clarita","Outside-county mention; preserve page wording, correct service-area fields"
https://www.805shutters.com/shutters/wood-shutters-camarillo/,$[1].@graph[1].areaServed[7].name,Westlake Village,Explicitly approved Westlake Village; incorporated city is Los Angeles County
https://www.805shutters.com/shutters/wood-shutters-camarillo/,$[1].@graph[1].areaServed[14].name,Santa Clarita,"Outside-county mention; preserve page wording, correct service-area fields"
https://www.805shutters.com/recent-projects/sliding-door-shutters-ventura-county/,$[0].@graph[0].contactPoint.areaServed[7].name,Westlake Village,Explicitly approved Westlake Village; incorporated city is Los Angeles County
https://www.805shutters.com/recent-projects/sliding-door-shutters-ventura-county/,$[0].@graph[0].contactPoint.areaServed[14].name,Santa Clarita,"Outside-county mention; preserve page wording, correct service-area fields"
https://www.805shutters.com/recent-projects/sliding-door-shutters-ventura-county/,$[0].@graph[0].areaServed[7].name,Westlake Village,Explicitly approved Westlake Village; incorporated city is Los Angeles County
https://www.805shutters.com/recent-projects/sliding-door-shutters-ventura-county/,$[0].@graph[0].areaServed[14].name,Santa Clarita,"Outside-county mention; preserve page wording, correct service-area fields"
https://www.805shutters.com/recent-projects/sliding-door-shutters-ventura-county/,$[0].@graph[0].serviceArea.name,"Ventura County, North Los Angeles County, and Santa Clarita","Outside-county mention; preserve page wording, correct service-area fields"
https://www.805shutters.com/recent-projects/sliding-door-shutters-ventura-county/,$[0].@graph[0].hasOfferCatalog.itemListElement[0].itemOffered.areaServed,"Ventura County, North Los Angeles County, and Santa Clarita","Outside-county mention; preserve page wording, correct service-area fields"
https://www.805shutters.com/recent-projects/sliding-door-shutters-ventura-county/,$[0].@graph[0].hasOfferCatalog.itemListElement[1].itemOffered.areaServed,"Ventura County, North Los Angeles County, and Santa Clarita","Outside-county mention; preserve page wording, correct service-area fields"
https://www.805shutters.com/recent-projects/sliding-door-shutters-ventura-county/,$[0].@graph[0].hasOfferCatalog.itemListElement[2].itemOffered.areaServed,"Ventura County, North Los Angeles County, and Santa Clarita","Outside-county mention; preserve page wording, correct service-area fields"
https://www.805shutters.com/recent-projects/sliding-door-shutters-ventura-county/,$[0].@graph[0].hasOfferCatalog.itemListElement[3].itemOffered.areaServed,"Ventura County, North Los Angeles County, and Santa Clarita","Outside-county mention; preserve page wording, correct service-area fields"
https://www.805shutters.com/recent-projects/sliding-door-shutters-ventura-county/,$[0].@graph[0].hasOfferCatalog.itemListElement[4].itemOffered.areaServed,"Ventura County, North Los Angeles County, and Santa Clarita","Outside-county mention; preserve page wording, correct service-area fields"
https://www.805shutters.com/recent-projects/roller-shades-large-window-ventura-county/,$[0].@graph[0].contactPoint.areaServed[7].name,Westlake Village,Explicitly approved Westlake Village; incorporated city is Los Angeles County
https://www.805shutters.com/recent-projects/roller-shades-large-window-ventura-county/,$[0].@graph[0].contactPoint.areaServed[14].name,Santa Clarita,"Outside-county mention; preserve page wording, correct service-area fields"
https://www.805shutters.com/recent-projects/roller-shades-large-window-ventura-county/,$[0].@graph[0].areaServed[7].name,Westlake Village,Explicitly approved Westlake Village; incorporated city is Los Angeles County
https://www.805shutters.com/recent-projects/roller-shades-large-window-ventura-county/,$[0].@graph[0].areaServed[14].name,Santa Clarita,"Outside-county mention; preserve page wording, correct service-area fields"
https://www.805shutters.com/recent-projects/roller-shades-large-window-ventura-county/,$[0].@graph[0].serviceArea.name,"Ventura County, North Los Angeles County, and Santa Clarita","Outside-county mention; preserve page wording, correct service-area fields"
https://www.805shutters.com/recent-projects/roller-shades-large-window-ventura-county/,$[0].@graph[0].hasOfferCatalog.itemListElement[0].itemOffered.areaServed,"Ventura County, North Los Angeles County, and Santa Clarita","Outside-county mention; preserve page wording, correct service-area fields"
https://www.805shutters.com/recent-projects/roller-shades-large-window-ventura-county/,$[0].@graph[0].hasOfferCatalog.itemListElement[1].itemOffered.areaServed,"Ventura County, North Los Angeles County, and Santa Clarita","Outside-county mention; preserve page wording, correct service-area fields"
https://www.805shutters.com/recent-projects/roller-shades-large-window-ventura-county/,$[0].@graph[0].hasOfferCatalog.itemListElement[2].itemOffered.areaServed,"Ventura County, North Los Angeles County, and Santa Clarita","Outside-county mention; preserve page wording, correct service-area fields"
https://www.805shutters.com/recent-projects/roller-shades-large-window-ventura-county/,$[0].@graph[0].hasOfferCatalog.itemListElement[3].itemOffered.areaServed,"Ventura County, North Los Angeles County, and Santa Clarita","Outside-county mention; preserve page wording, correct service-area fields"
https://www.805shutters.com/recent-projects/roller-shades-large-window-ventura-county/,$[0].@graph[0].hasOfferCatalog.itemListElement[4].itemOffered.areaServed,"Ventura County, North Los Angeles County, and Santa Clarita","Outside-county mention; preserve page wording, correct service-area fields"
https://www.805shutters.com/recent-projects/layered-window-shades-ventura-county/,$[0].@graph[0].contactPoint.areaServed[7].name,Westlake Village,Explicitly approved Westlake Village; incorporated city is Los Angeles County
https://www.805shutters.com/recent-projects/layered-window-shades-ventura-county/,$[0].@graph[0].contactPoint.areaServed[14].name,Santa Clarita,"Outside-county mention; preserve page wording, correct service-area fields"
https://www.805shutters.com/recent-projects/layered-window-shades-ventura-county/,$[0].@graph[0].areaServed[7].name,Westlake Village,Explicitly approved Westlake Village; incorporated city is Los Angeles County
https://www.805shutters.com/recent-projects/layered-window-shades-ventura-county/,$[0].@graph[0].areaServed[14].name,Santa Clarita,"Outside-county mention; preserve page wording, correct service-area fields"
https://www.805shutters.com/recent-projects/layered-window-shades-ventura-county/,$[0].@graph[0].serviceArea.name,"Ventura County, North Los Angeles County, and Santa Clarita","Outside-county mention; preserve page wording, correct service-area fields"
https://www.805shutters.com/recent-projects/layered-window-shades-ventura-county/,$[0].@graph[0].hasOfferCatalog.itemListElement[0].itemOffered.areaServed,"Ventura County, North Los Angeles County, and Santa Clarita","Outside-county mention; preserve page wording, correct service-area fields"
https://www.805shutters.com/recent-projects/layered-window-shades-ventura-county/,$[0].@graph[0].hasOfferCatalog.itemListElement[1].itemOffered.areaServed,"Ventura County, North Los Angeles County, and Santa Clarita","Outside-county mention; preserve page wording, correct service-area fields"
https://www.805shutters.com/recent-projects/layered-window-shades-ventura-county/,$[0].@graph[0].hasOfferCatalog.itemListElement[2].itemOffered.areaServed,"Ventura County, North Los Angeles County, and Santa Clarita","Outside-county mention; preserve page wording, correct service-area fields"
https://www.805shutters.com/recent-projects/layered-window-shades-ventura-county/,$[0].@graph[0].hasOfferCatalog.itemListElement[3].itemOffered.areaServed,"Ventura County, North Los Angeles County, and Santa Clarita","Outside-county mention; preserve page wording, correct service-area fields"
https://www.805shutters.com/recent-projects/layered-window-shades-ventura-county/,$[0].@graph[0].hasOfferCatalog.itemListElement[4].itemOffered.areaServed,"Ventura County, North Los Angeles County, and Santa Clarita","Outside-county mention; preserve page wording, correct service-area fields"
https://www.805shutters.com/recent-projects/arched-plantation-shutters-ventura-county/,$[0].@graph[0].contactPoint.areaServed[7].name,Westlake Village,Explicitly approved Westlake Village; incorporated city is Los Angeles County
https://www.805shutters.com/recent-projects/arched-plantation-shutters-ventura-county/,$[0].@graph[0].contactPoint.areaServed[14].name,Santa Clarita,"Outside-county mention; preserve page wording, correct service-area fields"
https://www.805shutters.com/recent-projects/arched-plantation-shutters-ventura-county/,$[0].@graph[0].areaServed[7].name,Westlake Village,Explicitly approved Westlake Village; incorporated city is Los Angeles County
https://www.805shutters.com/recent-projects/arched-plantation-shutters-ventura-county/,$[0].@graph[0].areaServed[14].name,Santa Clarita,"Outside-county mention; preserve page wording, correct service-area fields"
https://www.805shutters.com/recent-projects/arched-plantation-shutters-ventura-county/,$[0].@graph[0].serviceArea.name,"Ventura County, North Los Angeles County, and Santa Clarita","Outside-county mention; preserve page wording, correct service-area fields"
https://www.805shutters.com/recent-projects/arched-plantation-shutters-ventura-county/,$[0].@graph[0].hasOfferCatalog.itemListElement[0].itemOffered.areaServed,"Ventura County, North Los Angeles County, and Santa Clarita","Outside-county mention; preserve page wording, correct service-area fields"
https://www.805shutters.com/recent-projects/arched-plantation-shutters-ventura-county/,$[0].@graph[0].hasOfferCatalog.itemListElement[1].itemOffered.areaServed,"Ventura County, North Los Angeles County, and Santa Clarita","Outside-county mention; preserve page wording, correct service-area fields"
https://www.805shutters.com/recent-projects/arched-plantation-shutters-ventura-county/,$[0].@graph[0].hasOfferCatalog.itemListElement[2].itemOffered.areaServed,"Ventura County, North Los Angeles County, and Santa Clarita","Outside-county mention; preserve page wording, correct service-area fields"
https://www.805shutters.com/recent-projects/arched-plantation-shutters-ventura-county/,$[0].@graph[0].hasOfferCatalog.itemListElement[3].itemOffered.areaServed,"Ventura County, North Los Angeles County, and Santa Clarita","Outside-county mention; preserve page wording, correct service-area fields"
https://www.805shutters.com/recent-projects/arched-plantation-shutters-ventura-county/,$[0].@graph[0].hasOfferCatalog.itemListElement[4].itemOffered.areaServed,"Ventura County, North Los Angeles County, and Santa Clarita","Outside-county mention; preserve page wording, correct service-area fields"
https://www.805shutters.com/recent-projects/dark-wood-plantation-shutters-ventura-county/,$[0].@graph[0].contactPoint.areaServed[7].name,Westlake Village,Explicitly approved Westlake Village; incorporated city is Los Angeles County
https://www.805shutters.com/recent-projects/dark-wood-plantation-shutters-ventura-county/,$[0].@graph[0].contactPoint.areaServed[14].name,Santa Clarita,"Outside-county mention; preserve page wording, correct service-area fields"
https://www.805shutters.com/recent-projects/dark-wood-plantation-shutters-ventura-county/,$[0].@graph[0].areaServed[7].name,Westlake Village,Explicitly approved Westlake Village; incorporated city is Los Angeles County
https://www.805shutters.com/recent-projects/dark-wood-plantation-shutters-ventura-county/,$[0].@graph[0].areaServed[14].name,Santa Clarita,"Outside-county mention; preserve page wording, correct service-area fields"
https://www.805shutters.com/recent-projects/dark-wood-plantation-shutters-ventura-county/,$[0].@graph[0].serviceArea.name,"Ventura County, North Los Angeles County, and Santa Clarita","Outside-county mention; preserve page wording, correct service-area fields"
https://www.805shutters.com/recent-projects/dark-wood-plantation-shutters-ventura-county/,$[0].@graph[0].hasOfferCatalog.itemListElement[0].itemOffered.areaServed,"Ventura County, North Los Angeles County, and Santa Clarita","Outside-county mention; preserve page wording, correct service-area fields"
https://www.805shutters.com/recent-projects/dark-wood-plantation-shutters-ventura-county/,$[0].@graph[0].hasOfferCatalog.itemListElement[1].itemOffered.areaServed,"Ventura County, North Los Angeles County, and Santa Clarita","Outside-county mention; preserve page wording, correct service-area fields"
https://www.805shutters.com/recent-projects/dark-wood-plantation-shutters-ventura-county/,$[0].@graph[0].hasOfferCatalog.itemListElement[2].itemOffered.areaServed,"Ventura County, North Los Angeles County, and Santa Clarita","Outside-county mention; preserve page wording, correct service-area fields"
https://www.805shutters.com/recent-projects/dark-wood-plantation-shutters-ventura-county/,$[0].@graph[0].hasOfferCatalog.itemListElement[3].itemOffered.areaServed,"Ventura County, North Los Angeles County, and Santa Clarita","Outside-county mention; preserve page wording, correct service-area fields"
https://www.805shutters.com/recent-projects/dark-wood-plantation-shutters-ventura-county/,$[0].@graph[0].hasOfferCatalog.itemListElement[4].itemOffered.areaServed,"Ventura County, North Los Angeles County, and Santa Clarita","Outside-county mention; preserve page wording, correct service-area fields"
https://www.805shutters.com/recent-projects/plantation-shutters-ventura-county-project/,$[0].@graph[0].contactPoint.areaServed[7].name,Westlake Village,Explicitly approved Westlake Village; incorporated city is Los Angeles County
https://www.805shutters.com/recent-projects/plantation-shutters-ventura-county-project/,$[0].@graph[0].contactPoint.areaServed[14].name,Santa Clarita,"Outside-county mention; preserve page wording, correct service-area fields"
https://www.805shutters.com/recent-projects/plantation-shutters-ventura-county-project/,$[0].@graph[0].areaServed[7].name,Westlake Village,Explicitly approved Westlake Village; incorporated city is Los Angeles County
https://www.805shutters.com/recent-projects/plantation-shutters-ventura-county-project/,$[0].@graph[0].areaServed[14].name,Santa Clarita,"Outside-county mention; preserve page wording, correct service-area fields"
https://www.805shutters.com/recent-projects/plantation-shutters-ventura-county-project/,$[0].@graph[0].serviceArea.name,"Ventura County, North Los Angeles County, and Santa Clarita","Outside-county mention; preserve page wording, correct service-area fields"
https://www.805shutters.com/recent-projects/plantation-shutters-ventura-county-project/,$[0].@graph[0].hasOfferCatalog.itemListElement[0].itemOffered.areaServed,"Ventura County, North Los Angeles County, and Santa Clarita","Outside-county mention; preserve page wording, correct service-area fields"
https://www.805shutters.com/recent-projects/plantation-shutters-ventura-county-project/,$[0].@graph[0].hasOfferCatalog.itemListElement[1].itemOffered.areaServed,"Ventura County, North Los Angeles County, and Santa Clarita","Outside-county mention; preserve page wording, correct service-area fields"
https://www.805shutters.com/recent-projects/plantation-shutters-ventura-county-project/,$[0].@graph[0].hasOfferCatalog.itemListElement[2].itemOffered.areaServed,"Ventura County, North Los Angeles County, and Santa Clarita","Outside-county mention; preserve page wording, correct service-area fields"
https://www.805shutters.com/recent-projects/plantation-shutters-ventura-county-project/,$[0].@graph[0].hasOfferCatalog.itemListElement[3].itemOffered.areaServed,"Ventura County, North Los Angeles County, and Santa Clarita","Outside-county mention; preserve page wording, correct service-area fields"
https://www.805shutters.com/recent-projects/plantation-shutters-ventura-county-project/,$[0].@graph[0].hasOfferCatalog.itemListElement[4].itemOffered.areaServed,"Ventura County, North Los Angeles County, and Santa Clarita","Outside-county mention; preserve page wording, correct service-area fields"
https://www.805shutters.com/best-window-treatments-ventura-county/,$[0].@graph[0].contactPoint.areaServed[7].name,Westlake Village,Explicitly approved Westlake Village; incorporated city is Los Angeles County
https://www.805shutters.com/best-window-treatments-ventura-county/,$[0].@graph[0].contactPoint.areaServed[14].name,Santa Clarita,"Outside-county mention; preserve page wording, correct service-area fields"
https://www.805shutters.com/best-window-treatments-ventura-county/,$[0].@graph[0].areaServed[7].name,Westlake Village,Explicitly approved Westlake Village; incorporated city is Los Angeles County
https://www.805shutters.com/best-window-treatments-ventura-county/,$[0].@graph[0].areaServed[14].name,Santa Clarita,"Outside-county mention; preserve page wording, correct service-area fields"
https://www.805shutters.com/best-window-treatments-ventura-county/,$[0].@graph[0].serviceArea.name,"Ventura County, North Los Angeles County, and Santa Clarita","Outside-county mention; preserve page wording, correct service-area fields"
https://www.805shutters.com/best-window-treatments-ventura-county/,$[0].@graph[0].hasOfferCatalog.itemListElement[0].itemOffered.areaServed,"Ventura County, North Los Angeles County, and Santa Clarita","Outside-county mention; preserve page wording, correct service-area fields"
https://www.805shutters.com/best-window-treatments-ventura-county/,$[0].@graph[0].hasOfferCatalog.itemListElement[1].itemOffered.areaServed,"Ventura County, North Los Angeles County, and Santa Clarita","Outside-county mention; preserve page wording, correct service-area fields"
https://www.805shutters.com/best-window-treatments-ventura-county/,$[0].@graph[0].hasOfferCatalog.itemListElement[2].itemOffered.areaServed,"Ventura County, North Los Angeles County, and Santa Clarita","Outside-county mention; preserve page wording, correct service-area fields"
https://www.805shutters.com/best-window-treatments-ventura-county/,$[0].@graph[0].hasOfferCatalog.itemListElement[3].itemOffered.areaServed,"Ventura County, North Los Angeles County, and Santa Clarita","Outside-county mention; preserve page wording, correct service-area fields"
https://www.805shutters.com/best-window-treatments-ventura-county/,$[0].@graph[0].hasOfferCatalog.itemListElement[4].itemOffered.areaServed,"Ventura County, North Los Angeles County, and Santa Clarita","Outside-county mention; preserve page wording, correct service-area fields"
https://www.805shutters.com/best-window-treatments-ventura-county/,$[1].@graph[1].areaServed[7].name,Westlake Village,Explicitly approved Westlake Village; incorporated city is Los Angeles County
https://www.805shutters.com/best-window-treatments-ventura-county/,$[1].@graph[1].areaServed[14].name,Santa Clarita,"Outside-county mention; preserve page wording, correct service-area fields"
https://www.805shutters.com/best-window-treatments-ventura-county/,$[1].@graph[2].itemListElement[0].areaServed,"Ventura County, North Los Angeles County, and Santa Clarita","Outside-county mention; preserve page wording, correct service-area fields"
https://www.805shutters.com/best-window-treatments-ventura-county/,$[1].@graph[2].itemListElement[0].itemOffered.areaServed[7].name,Westlake Village,Explicitly approved Westlake Village; incorporated city is Los Angeles County
https://www.805shutters.com/best-window-treatments-ventura-county/,$[1].@graph[2].itemListElement[0].itemOffered.areaServed[14].name,Santa Clarita,"Outside-county mention; preserve page wording, correct service-area fields"
https://www.805shutters.com/best-window-treatments-ventura-county/,$[1].@graph[2].itemListElement[1].areaServed,"Ventura County, North Los Angeles County, and Santa Clarita","Outside-county mention; preserve page wording, correct service-area fields"
https://www.805shutters.com/best-window-treatments-ventura-county/,$[1].@graph[2].itemListElement[1].itemOffered.areaServed[7].name,Westlake Village,Explicitly approved Westlake Village; incorporated city is Los Angeles County
https://www.805shutters.com/best-window-treatments-ventura-county/,$[1].@graph[2].itemListElement[1].itemOffered.areaServed[14].name,Santa Clarita,"Outside-county mention; preserve page wording, correct service-area fields"
https://www.805shutters.com/best-window-treatments-ventura-county/,$[1].@graph[2].itemListElement[2].areaServed,"Ventura County, North Los Angeles County, and Santa Clarita","Outside-county mention; preserve page wording, correct service-area fields"
https://www.805shutters.com/best-window-treatments-ventura-county/,$[1].@graph[2].itemListElement[2].itemOffered.areaServed[7].name,Westlake Village,Explicitly approved Westlake Village; incorporated city is Los Angeles County
https://www.805shutters.com/best-window-treatments-ventura-county/,$[1].@graph[2].itemListElement[2].itemOffered.areaServed[14].name,Santa Clarita,"Outside-county mention; preserve page wording, correct service-area fields"
https://www.805shutters.com/best-window-treatments-ventura-county/,$[1].@graph[2].itemListElement[3].areaServed,"Ventura County, North Los Angeles County, and Santa Clarita","Outside-county mention; preserve page wording, correct service-area fields"
https://www.805shutters.com/best-window-treatments-ventura-county/,$[1].@graph[2].itemListElement[3].itemOffered.areaServed[7].name,Westlake Village,Explicitly approved Westlake Village; incorporated city is Los Angeles County
https://www.805shutters.com/best-window-treatments-ventura-county/,$[1].@graph[2].itemListElement[3].itemOffered.areaServed[14].name,Santa Clarita,"Outside-county mention; preserve page wording, correct service-area fields"
https://www.805shutters.com/best-window-treatments-ventura-county/,$[1].@graph[2].itemListElement[4].areaServed,"Ventura County, North Los Angeles County, and Santa Clarita","Outside-county mention; preserve page wording, correct service-area fields"
https://www.805shutters.com/best-window-treatments-ventura-county/,$[1].@graph[2].itemListElement[4].itemOffered.areaServed[7].name,Westlake Village,Explicitly approved Westlake Village; incorporated city is Los Angeles County
https://www.805shutters.com/best-window-treatments-ventura-county/,$[1].@graph[2].itemListElement[4].itemOffered.areaServed[14].name,Santa Clarita,"Outside-county mention; preserve page wording, correct service-area fields"
https://www.805shutters.com/plantation-shutters-vs-shades-ventura-county/,$[0].@graph[0].contactPoint.areaServed[7].name,Westlake Village,Explicitly approved Westlake Village; incorporated city is Los Angeles County
https://www.805shutters.com/plantation-shutters-vs-shades-ventura-county/,$[0].@graph[0].contactPoint.areaServed[14].name,Santa Clarita,"Outside-county mention; preserve page wording, correct service-area fields"
https://www.805shutters.com/plantation-shutters-vs-shades-ventura-county/,$[0].@graph[0].areaServed[7].name,Westlake Village,Explicitly approved Westlake Village; incorporated city is Los Angeles County
https://www.805shutters.com/plantation-shutters-vs-shades-ventura-county/,$[0].@graph[0].areaServed[14].name,Santa Clarita,"Outside-county mention; preserve page wording, correct service-area fields"
https://www.805shutters.com/plantation-shutters-vs-shades-ventura-county/,$[0].@graph[0].serviceArea.name,"Ventura County, North Los Angeles County, and Santa Clarita","Outside-county mention; preserve page wording, correct service-area fields"
https://www.805shutters.com/plantation-shutters-vs-shades-ventura-county/,$[0].@graph[0].hasOfferCatalog.itemListElement[0].itemOffered.areaServed,"Ventura County, North Los Angeles County, and Santa Clarita","Outside-county mention; preserve page wording, correct service-area fields"
https://www.805shutters.com/plantation-shutters-vs-shades-ventura-county/,$[0].@graph[0].hasOfferCatalog.itemListElement[1].itemOffered.areaServed,"Ventura County, North Los Angeles County, and Santa Clarita","Outside-county mention; preserve page wording, correct service-area fields"
https://www.805shutters.com/plantation-shutters-vs-shades-ventura-county/,$[0].@graph[0].hasOfferCatalog.itemListElement[2].itemOffered.areaServed,"Ventura County, North Los Angeles County, and Santa Clarita","Outside-county mention; preserve page wording, correct service-area fields"
https://www.805shutters.com/plantation-shutters-vs-shades-ventura-county/,$[0].@graph[0].hasOfferCatalog.itemListElement[3].itemOffered.areaServed,"Ventura County, North Los Angeles County, and Santa Clarita","Outside-county mention; preserve page wording, correct service-area fields"
https://www.805shutters.com/plantation-shutters-vs-shades-ventura-county/,$[0].@graph[0].hasOfferCatalog.itemListElement[4].itemOffered.areaServed,"Ventura County, North Los Angeles County, and Santa Clarita","Outside-county mention; preserve page wording, correct service-area fields"
https://www.805shutters.com/plantation-shutters-vs-shades-ventura-county/,$[1].@graph[1].areaServed[7].name,Westlake Village,Explicitly approved Westlake Village; incorporated city is Los Angeles County
https://www.805shutters.com/plantation-shutters-vs-shades-ventura-county/,$[1].@graph[1].areaServed[14].name,Santa Clarita,"Outside-county mention; preserve page wording, correct service-area fields"
https://www.805shutters.com/plantation-shutters-vs-shades-ventura-county/,$[1].@graph[2].itemListElement[0].areaServed,"Ventura County, North Los Angeles County, and Santa Clarita","Outside-county mention; preserve page wording, correct service-area fields"
https://www.805shutters.com/plantation-shutters-vs-shades-ventura-county/,$[1].@graph[2].itemListElement[0].itemOffered.areaServed[7].name,Westlake Village,Explicitly approved Westlake Village; incorporated city is Los Angeles County
https://www.805shutters.com/plantation-shutters-vs-shades-ventura-county/,$[1].@graph[2].itemListElement[0].itemOffered.areaServed[14].name,Santa Clarita,"Outside-county mention; preserve page wording, correct service-area fields"
https://www.805shutters.com/plantation-shutters-vs-shades-ventura-county/,$[1].@graph[2].itemListElement[1].areaServed,"Ventura County, North Los Angeles County, and Santa Clarita","Outside-county mention; preserve page wording, correct service-area fields"
https://www.805shutters.com/plantation-shutters-vs-shades-ventura-county/,$[1].@graph[2].itemListElement[1].itemOffered.areaServed[7].name,Westlake Village,Explicitly approved Westlake Village; incorporated city is Los Angeles County
https://www.805shutters.com/plantation-shutters-vs-shades-ventura-county/,$[1].@graph[2].itemListElement[1].itemOffered.areaServed[14].name,Santa Clarita,"Outside-county mention; preserve page wording, correct service-area fields"
https://www.805shutters.com/plantation-shutters-vs-shades-ventura-county/,$[1].@graph[2].itemListElement[2].areaServed,"Ventura County, North Los Angeles County, and Santa Clarita","Outside-county mention; preserve page wording, correct service-area fields"
https://www.805shutters.com/plantation-shutters-vs-shades-ventura-county/,$[1].@graph[2].itemListElement[2].itemOffered.areaServed[7].name,Westlake Village,Explicitly approved Westlake Village; incorporated city is Los Angeles County
https://www.805shutters.com/plantation-shutters-vs-shades-ventura-county/,$[1].@graph[2].itemListElement[2].itemOffered.areaServed[14].name,Santa Clarita,"Outside-county mention; preserve page wording, correct service-area fields"
https://www.805shutters.com/custom-blinds-shades-shutters-camarillo/,$[0].@graph[0].contactPoint.areaServed[7].name,Westlake Village,Explicitly approved Westlake Village; incorporated city is Los Angeles County
https://www.805shutters.com/custom-blinds-shades-shutters-camarillo/,$[0].@graph[0].contactPoint.areaServed[14].name,Santa Clarita,"Outside-county mention; preserve page wording, correct service-area fields"
https://www.805shutters.com/custom-blinds-shades-shutters-camarillo/,$[0].@graph[0].areaServed[7].name,Westlake Village,Explicitly approved Westlake Village; incorporated city is Los Angeles County
https://www.805shutters.com/custom-blinds-shades-shutters-camarillo/,$[0].@graph[0].areaServed[14].name,Santa Clarita,"Outside-county mention; preserve page wording, correct service-area fields"
https://www.805shutters.com/custom-blinds-shades-shutters-camarillo/,$[0].@graph[0].serviceArea.name,"Ventura County, North Los Angeles County, and Santa Clarita","Outside-county mention; preserve page wording, correct service-area fields"
https://www.805shutters.com/custom-blinds-shades-shutters-camarillo/,$[0].@graph[0].hasOfferCatalog.itemListElement[0].itemOffered.areaServed,"Ventura County, North Los Angeles County, and Santa Clarita","Outside-county mention; preserve page wording, correct service-area fields"
https://www.805shutters.com/custom-blinds-shades-shutters-camarillo/,$[0].@graph[0].hasOfferCatalog.itemListElement[1].itemOffered.areaServed,"Ventura County, North Los Angeles County, and Santa Clarita","Outside-county mention; preserve page wording, correct service-area fields"
https://www.805shutters.com/custom-blinds-shades-shutters-camarillo/,$[0].@graph[0].hasOfferCatalog.itemListElement[2].itemOffered.areaServed,"Ventura County, North Los Angeles County, and Santa Clarita","Outside-county mention; preserve page wording, correct service-area fields"
https://www.805shutters.com/custom-blinds-shades-shutters-camarillo/,$[0].@graph[0].hasOfferCatalog.itemListElement[3].itemOffered.areaServed,"Ventura County, North Los Angeles County, and Santa Clarita","Outside-county mention; preserve page wording, correct service-area fields"
https://www.805shutters.com/custom-blinds-shades-shutters-camarillo/,$[0].@graph[0].hasOfferCatalog.itemListElement[4].itemOffered.areaServed,"Ventura County, North Los Angeles County, and Santa Clarita","Outside-county mention; preserve page wording, correct service-area fields"
https://www.805shutters.com/custom-blinds-shades-shutters-camarillo/,$[1].@graph[1].areaServed[7].name,Westlake Village,Explicitly approved Westlake Village; incorporated city is Los Angeles County
https://www.805shutters.com/custom-blinds-shades-shutters-camarillo/,$[1].@graph[1].areaServed[14].name,Santa Clarita,"Outside-county mention; preserve page wording, correct service-area fields"
https://www.805shutters.com/custom-blinds-shades-shutters-camarillo/,$[1].@graph[2].itemListElement[0].areaServed,"Ventura County, North Los Angeles County, and Santa Clarita","Outside-county mention; preserve page wording, correct service-area fields"
https://www.805shutters.com/custom-blinds-shades-shutters-camarillo/,$[1].@graph[2].itemListElement[0].itemOffered.areaServed[7].name,Westlake Village,Explicitly approved Westlake Village; incorporated city is Los Angeles County
https://www.805shutters.com/custom-blinds-shades-shutters-camarillo/,$[1].@graph[2].itemListElement[0].itemOffered.areaServed[14].name,Santa Clarita,"Outside-county mention; preserve page wording, correct service-area fields"
https://www.805shutters.com/custom-blinds-shades-shutters-camarillo/,$[1].@graph[2].itemListElement[1].areaServed,"Ventura County, North Los Angeles County, and Santa Clarita","Outside-county mention; preserve page wording, correct service-area fields"
https://www.805shutters.com/custom-blinds-shades-shutters-camarillo/,$[1].@graph[2].itemListElement[1].itemOffered.areaServed[7].name,Westlake Village,Explicitly approved Westlake Village; incorporated city is Los Angeles County
https://www.805shutters.com/custom-blinds-shades-shutters-camarillo/,$[1].@graph[2].itemListElement[1].itemOffered.areaServed[14].name,Santa Clarita,"Outside-county mention; preserve page wording, correct service-area fields"
https://www.805shutters.com/custom-blinds-shades-shutters-camarillo/,$[1].@graph[2].itemListElement[2].areaServed,"Ventura County, North Los Angeles County, and Santa Clarita","Outside-county mention; preserve page wording, correct service-area fields"
https://www.805shutters.com/custom-blinds-shades-shutters-camarillo/,$[1].@graph[2].itemListElement[2].itemOffered.areaServed[7].name,Westlake Village,Explicitly approved Westlake Village; incorporated city is Los Angeles County
https://www.805shutters.com/custom-blinds-shades-shutters-camarillo/,$[1].@graph[2].itemListElement[2].itemOffered.areaServed[14].name,Santa Clarita,"Outside-county mention; preserve page wording, correct service-area fields"
https://www.805shutters.com/custom-blinds-shades-shutters-camarillo/,$[1].@graph[2].itemListElement[3].areaServed,"Ventura County, North Los Angeles County, and Santa Clarita","Outside-county mention; preserve page wording, correct service-area fields"
https://www.805shutters.com/custom-blinds-shades-shutters-camarillo/,$[1].@graph[2].itemListElement[3].itemOffered.areaServed[7].name,Westlake Village,Explicitly approved Westlake Village; incorporated city is Los Angeles County
https://www.805shutters.com/custom-blinds-shades-shutters-camarillo/,$[1].@graph[2].itemListElement[3].itemOffered.areaServed[14].name,Santa Clarita,"Outside-county mention; preserve page wording, correct service-area fields"
https://www.805shutters.com/commercial-roller-shades-ventura-county/,$[0].@graph[0].contactPoint.areaServed[7].name,Westlake Village,Explicitly approved Westlake Village; incorporated city is Los Angeles County
https://www.805shutters.com/commercial-roller-shades-ventura-county/,$[0].@graph[0].contactPoint.areaServed[14].name,Santa Clarita,"Outside-county mention; preserve page wording, correct service-area fields"
https://www.805shutters.com/commercial-roller-shades-ventura-county/,$[0].@graph[0].areaServed[7].name,Westlake Village,Explicitly approved Westlake Village; incorporated city is Los Angeles County
https://www.805shutters.com/commercial-roller-shades-ventura-county/,$[0].@graph[0].areaServed[14].name,Santa Clarita,"Outside-county mention; preserve page wording, correct service-area fields"
https://www.805shutters.com/commercial-roller-shades-ventura-county/,$[0].@graph[0].serviceArea.name,"Ventura County, North Los Angeles County, and Santa Clarita","Outside-county mention; preserve page wording, correct service-area fields"
https://www.805shutters.com/commercial-roller-shades-ventura-county/,$[0].@graph[0].hasOfferCatalog.itemListElement[0].itemOffered.areaServed,"Ventura County, North Los Angeles County, and Santa Clarita","Outside-county mention; preserve page wording, correct service-area fields"
https://www.805shutters.com/commercial-roller-shades-ventura-county/,$[0].@graph[0].hasOfferCatalog.itemListElement[1].itemOffered.areaServed,"Ventura County, North Los Angeles County, and Santa Clarita","Outside-county mention; preserve page wording, correct service-area fields"
https://www.805shutters.com/commercial-roller-shades-ventura-county/,$[0].@graph[0].hasOfferCatalog.itemListElement[2].itemOffered.areaServed,"Ventura County, North Los Angeles County, and Santa Clarita","Outside-county mention; preserve page wording, correct service-area fields"
https://www.805shutters.com/commercial-roller-shades-ventura-county/,$[0].@graph[0].hasOfferCatalog.itemListElement[3].itemOffered.areaServed,"Ventura County, North Los Angeles County, and Santa Clarita","Outside-county mention; preserve page wording, correct service-area fields"
https://www.805shutters.com/commercial-roller-shades-ventura-county/,$[0].@graph[0].hasOfferCatalog.itemListElement[4].itemOffered.areaServed,"Ventura County, North Los Angeles County, and Santa Clarita","Outside-county mention; preserve page wording, correct service-area fields"
https://www.805shutters.com/commercial-roller-shades-ventura-county/,$[1].@graph[1].areaServed[7].name,Westlake Village,Explicitly approved Westlake Village; incorporated city is Los Angeles County
https://www.805shutters.com/commercial-roller-shades-ventura-county/,$[1].@graph[1].areaServed[14].name,Santa Clarita,"Outside-county mention; preserve page wording, correct service-area fields"
https://www.805shutters.com/commercial-roller-shades-ventura-county/,$[1].@graph[2].itemListElement[0].areaServed,"Ventura County, North Los Angeles County, and Santa Clarita","Outside-county mention; preserve page wording, correct service-area fields"
https://www.805shutters.com/commercial-roller-shades-ventura-county/,$[1].@graph[2].itemListElement[0].itemOffered.areaServed[7].name,Westlake Village,Explicitly approved Westlake Village; incorporated city is Los Angeles County
https://www.805shutters.com/commercial-roller-shades-ventura-county/,$[1].@graph[2].itemListElement[0].itemOffered.areaServed[14].name,Santa Clarita,"Outside-county mention; preserve page wording, correct service-area fields"
https://www.805shutters.com/commercial-roller-shades-ventura-county/,$[1].@graph[2].itemListElement[1].areaServed,"Ventura County, North Los Angeles County, and Santa Clarita","Outside-county mention; preserve page wording, correct service-area fields"
https://www.805shutters.com/commercial-roller-shades-ventura-county/,$[1].@graph[2].itemListElement[1].itemOffered.areaServed[7].name,Westlake Village,Explicitly approved Westlake Village; incorporated city is Los Angeles County
https://www.805shutters.com/commercial-roller-shades-ventura-county/,$[1].@graph[2].itemListElement[1].itemOffered.areaServed[14].name,Santa Clarita,"Outside-county mention; preserve page wording, correct service-area fields"
https://www.805shutters.com/commercial-roller-shades-ventura-county/,$[1].@graph[2].itemListElement[2].areaServed,"Ventura County, North Los Angeles County, and Santa Clarita","Outside-county mention; preserve page wording, correct service-area fields"
https://www.805shutters.com/commercial-roller-shades-ventura-county/,$[1].@graph[2].itemListElement[2].itemOffered.areaServed[7].name,Westlake Village,Explicitly approved Westlake Village; incorporated city is Los Angeles County
https://www.805shutters.com/commercial-roller-shades-ventura-county/,$[1].@graph[2].itemListElement[2].itemOffered.areaServed[14].name,Santa Clarita,"Outside-county mention; preserve page wording, correct service-area fields"
https://www.805shutters.com/commercial-roller-shades-ventura-county/,$[1].@graph[2].itemListElement[3].areaServed,"Ventura County, North Los Angeles County, and Santa Clarita","Outside-county mention; preserve page wording, correct service-area fields"
https://www.805shutters.com/commercial-roller-shades-ventura-county/,$[1].@graph[2].itemListElement[3].itemOffered.areaServed[7].name,Westlake Village,Explicitly approved Westlake Village; incorporated city is Los Angeles County
https://www.805shutters.com/commercial-roller-shades-ventura-county/,$[1].@graph[2].itemListElement[3].itemOffered.areaServed[14].name,Santa Clarita,"Outside-county mention; preserve page wording, correct service-area fields"
https://www.805shutters.com/sliding-door-window-treatments-ventura-county/,$[0].@graph[0].contactPoint.areaServed[7].name,Westlake Village,Explicitly approved Westlake Village; incorporated city is Los Angeles County
https://www.805shutters.com/sliding-door-window-treatments-ventura-county/,$[0].@graph[0].contactPoint.areaServed[14].name,Santa Clarita,"Outside-county mention; preserve page wording, correct service-area fields"
https://www.805shutters.com/sliding-door-window-treatments-ventura-county/,$[0].@graph[0].areaServed[7].name,Westlake Village,Explicitly approved Westlake Village; incorporated city is Los Angeles County
https://www.805shutters.com/sliding-door-window-treatments-ventura-county/,$[0].@graph[0].areaServed[14].name,Santa Clarita,"Outside-county mention; preserve page wording, correct service-area fields"
https://www.805shutters.com/sliding-door-window-treatments-ventura-county/,$[0].@graph[0].serviceArea.name,"Ventura County, North Los Angeles County, and Santa Clarita","Outside-county mention; preserve page wording, correct service-area fields"
https://www.805shutters.com/sliding-door-window-treatments-ventura-county/,$[0].@graph[0].hasOfferCatalog.itemListElement[0].itemOffered.areaServed,"Ventura County, North Los Angeles County, and Santa Clarita","Outside-county mention; preserve page wording, correct service-area fields"
https://www.805shutters.com/sliding-door-window-treatments-ventura-county/,$[0].@graph[0].hasOfferCatalog.itemListElement[1].itemOffered.areaServed,"Ventura County, North Los Angeles County, and Santa Clarita","Outside-county mention; preserve page wording, correct service-area fields"
https://www.805shutters.com/sliding-door-window-treatments-ventura-county/,$[0].@graph[0].hasOfferCatalog.itemListElement[2].itemOffered.areaServed,"Ventura County, North Los Angeles County, and Santa Clarita","Outside-county mention; preserve page wording, correct service-area fields"
https://www.805shutters.com/sliding-door-window-treatments-ventura-county/,$[0].@graph[0].hasOfferCatalog.itemListElement[3].itemOffered.areaServed,"Ventura County, North Los Angeles County, and Santa Clarita","Outside-county mention; preserve page wording, correct service-area fields"
https://www.805shutters.com/sliding-door-window-treatments-ventura-county/,$[0].@graph[0].hasOfferCatalog.itemListElement[4].itemOffered.areaServed,"Ventura County, North Los Angeles County, and Santa Clarita","Outside-county mention; preserve page wording, correct service-area fields"
https://www.805shutters.com/sliding-door-window-treatments-ventura-county/,$[1].@graph[1].areaServed[7].name,Westlake Village,Explicitly approved Westlake Village; incorporated city is Los Angeles County
https://www.805shutters.com/sliding-door-window-treatments-ventura-county/,$[1].@graph[1].areaServed[14].name,Santa Clarita,"Outside-county mention; preserve page wording, correct service-area fields"
https://www.805shutters.com/sliding-door-window-treatments-ventura-county/,$[1].@graph[2].itemListElement[0].areaServed,"Ventura County, North Los Angeles County, and Santa Clarita","Outside-county mention; preserve page wording, correct service-area fields"
https://www.805shutters.com/sliding-door-window-treatments-ventura-county/,$[1].@graph[2].itemListElement[0].itemOffered.areaServed[7].name,Westlake Village,Explicitly approved Westlake Village; incorporated city is Los Angeles County
https://www.805shutters.com/sliding-door-window-treatments-ventura-county/,$[1].@graph[2].itemListElement[0].itemOffered.areaServed[14].name,Santa Clarita,"Outside-county mention; preserve page wording, correct service-area fields"
https://www.805shutters.com/sliding-door-window-treatments-ventura-county/,$[1].@graph[2].itemListElement[1].areaServed,"Ventura County, North Los Angeles County, and Santa Clarita","Outside-county mention; preserve page wording, correct service-area fields"
https://www.805shutters.com/sliding-door-window-treatments-ventura-county/,$[1].@graph[2].itemListElement[1].itemOffered.areaServed[7].name,Westlake Village,Explicitly approved Westlake Village; incorporated city is Los Angeles County
https://www.805shutters.com/sliding-door-window-treatments-ventura-county/,$[1].@graph[2].itemListElement[1].itemOffered.areaServed[14].name,Santa Clarita,"Outside-county mention; preserve page wording, correct service-area fields"
https://www.805shutters.com/sliding-door-window-treatments-ventura-county/,$[1].@graph[2].itemListElement[2].areaServed,"Ventura County, North Los Angeles County, and Santa Clarita","Outside-county mention; preserve page wording, correct service-area fields"
https://www.805shutters.com/sliding-door-window-treatments-ventura-county/,$[1].@graph[2].itemListElement[2].itemOffered.areaServed[7].name,Westlake Village,Explicitly approved Westlake Village; incorporated city is Los Angeles County
https://www.805shutters.com/sliding-door-window-treatments-ventura-county/,$[1].@graph[2].itemListElement[2].itemOffered.areaServed[14].name,Santa Clarita,"Outside-county mention; preserve page wording, correct service-area fields"
https://www.805shutters.com/sliding-door-window-treatments-ventura-county/,$[1].@graph[2].itemListElement[3].areaServed,"Ventura County, North Los Angeles County, and Santa Clarita","Outside-county mention; preserve page wording, correct service-area fields"
https://www.805shutters.com/sliding-door-window-treatments-ventura-county/,$[1].@graph[2].itemListElement[3].itemOffered.areaServed[7].name,Westlake Village,Explicitly approved Westlake Village; incorporated city is Los Angeles County
https://www.805shutters.com/sliding-door-window-treatments-ventura-county/,$[1].@graph[2].itemListElement[3].itemOffered.areaServed[14].name,Santa Clarita,"Outside-county mention; preserve page wording, correct service-area fields"
https://www.805shutters.com/motorized-window-shades-ventura-county/,$[0].@graph[0].contactPoint.areaServed[7].name,Westlake Village,Explicitly approved Westlake Village; incorporated city is Los Angeles County
https://www.805shutters.com/motorized-window-shades-ventura-county/,$[0].@graph[0].contactPoint.areaServed[14].name,Santa Clarita,"Outside-county mention; preserve page wording, correct service-area fields"
https://www.805shutters.com/motorized-window-shades-ventura-county/,$[0].@graph[0].areaServed[7].name,Westlake Village,Explicitly approved Westlake Village; incorporated city is Los Angeles County
https://www.805shutters.com/motorized-window-shades-ventura-county/,$[0].@graph[0].areaServed[14].name,Santa Clarita,"Outside-county mention; preserve page wording, correct service-area fields"
https://www.805shutters.com/motorized-window-shades-ventura-county/,$[0].@graph[0].serviceArea.name,"Ventura County, North Los Angeles County, and Santa Clarita","Outside-county mention; preserve page wording, correct service-area fields"
https://www.805shutters.com/motorized-window-shades-ventura-county/,$[0].@graph[0].hasOfferCatalog.itemListElement[0].itemOffered.areaServed,"Ventura County, North Los Angeles County, and Santa Clarita","Outside-county mention; preserve page wording, correct service-area fields"
https://www.805shutters.com/motorized-window-shades-ventura-county/,$[0].@graph[0].hasOfferCatalog.itemListElement[1].itemOffered.areaServed,"Ventura County, North Los Angeles County, and Santa Clarita","Outside-county mention; preserve page wording, correct service-area fields"
https://www.805shutters.com/motorized-window-shades-ventura-county/,$[0].@graph[0].hasOfferCatalog.itemListElement[2].itemOffered.areaServed,"Ventura County, North Los Angeles County, and Santa Clarita","Outside-county mention; preserve page wording, correct service-area fields"
https://www.805shutters.com/motorized-window-shades-ventura-county/,$[0].@graph[0].hasOfferCatalog.itemListElement[3].itemOffered.areaServed,"Ventura County, North Los Angeles County, and Santa Clarita","Outside-county mention; preserve page wording, correct service-area fields"
https://www.805shutters.com/motorized-window-shades-ventura-county/,$[0].@graph[0].hasOfferCatalog.itemListElement[4].itemOffered.areaServed,"Ventura County, North Los Angeles County, and Santa Clarita","Outside-county mention; preserve page wording, correct service-area fields"
https://www.805shutters.com/motorized-window-shades-ventura-county/,$[1].@graph[1].areaServed[7].name,Westlake Village,Explicitly approved Westlake Village; incorporated city is Los Angeles County
https://www.805shutters.com/motorized-window-shades-ventura-county/,$[1].@graph[1].areaServed[14].name,Santa Clarita,"Outside-county mention; preserve page wording, correct service-area fields"
https://www.805shutters.com/motorized-window-shades-ventura-county/,$[1].@graph[2].itemListElement[0].areaServed,"Ventura County, North Los Angeles County, and Santa Clarita","Outside-county mention; preserve page wording, correct service-area fields"
https://www.805shutters.com/motorized-window-shades-ventura-county/,$[1].@graph[2].itemListElement[0].itemOffered.areaServed[7].name,Westlake Village,Explicitly approved Westlake Village; incorporated city is Los Angeles County
https://www.805shutters.com/motorized-window-shades-ventura-county/,$[1].@graph[2].itemListElement[0].itemOffered.areaServed[14].name,Santa Clarita,"Outside-county mention; preserve page wording, correct service-area fields"
https://www.805shutters.com/motorized-window-shades-ventura-county/,$[1].@graph[2].itemListElement[1].areaServed,"Ventura County, North Los Angeles County, and Santa Clarita","Outside-county mention; preserve page wording, correct service-area fields"
https://www.805shutters.com/motorized-window-shades-ventura-county/,$[1].@graph[2].itemListElement[1].itemOffered.areaServed[7].name,Westlake Village,Explicitly approved Westlake Village; incorporated city is Los Angeles County
https://www.805shutters.com/motorized-window-shades-ventura-county/,$[1].@graph[2].itemListElement[1].itemOffered.areaServed[14].name,Santa Clarita,"Outside-county mention; preserve page wording, correct service-area fields"
https://www.805shutters.com/motorized-window-shades-ventura-county/,$[1].@graph[2].itemListElement[2].areaServed,"Ventura County, North Los Angeles County, and Santa Clarita","Outside-county mention; preserve page wording, correct service-area fields"
https://www.805shutters.com/motorized-window-shades-ventura-county/,$[1].@graph[2].itemListElement[2].itemOffered.areaServed[7].name,Westlake Village,Explicitly approved Westlake Village; incorporated city is Los Angeles County
https://www.805shutters.com/motorized-window-shades-ventura-county/,$[1].@graph[2].itemListElement[2].itemOffered.areaServed[14].name,Santa Clarita,"Outside-county mention; preserve page wording, correct service-area fields"
https://www.805shutters.com/motorized-window-shades-ventura-county/,$[1].@graph[2].itemListElement[3].areaServed,"Ventura County, North Los Angeles County, and Santa Clarita","Outside-county mention; preserve page wording, correct service-area fields"
https://www.805shutters.com/motorized-window-shades-ventura-county/,$[1].@graph[2].itemListElement[3].itemOffered.areaServed[7].name,Westlake Village,Explicitly approved Westlake Village; incorporated city is Los Angeles County
https://www.805shutters.com/motorized-window-shades-ventura-county/,$[1].@graph[2].itemListElement[3].itemOffered.areaServed[14].name,Santa Clarita,"Outside-county mention; preserve page wording, correct service-area fields"
https://www.805shutters.com/coastal-window-treatments-ventura-county/,$[0].@graph[0].contactPoint.areaServed[7].name,Westlake Village,Explicitly approved Westlake Village; incorporated city is Los Angeles County
https://www.805shutters.com/coastal-window-treatments-ventura-county/,$[0].@graph[0].contactPoint.areaServed[14].name,Santa Clarita,"Outside-county mention; preserve page wording, correct service-area fields"
https://www.805shutters.com/coastal-window-treatments-ventura-county/,$[0].@graph[0].areaServed[7].name,Westlake Village,Explicitly approved Westlake Village; incorporated city is Los Angeles County
https://www.805shutters.com/coastal-window-treatments-ventura-county/,$[0].@graph[0].areaServed[14].name,Santa Clarita,"Outside-county mention; preserve page wording, correct service-area fields"
https://www.805shutters.com/coastal-window-treatments-ventura-county/,$[0].@graph[0].serviceArea.name,"Ventura County, North Los Angeles County, and Santa Clarita","Outside-county mention; preserve page wording, correct service-area fields"
https://www.805shutters.com/coastal-window-treatments-ventura-county/,$[0].@graph[0].hasOfferCatalog.itemListElement[0].itemOffered.areaServed,"Ventura County, North Los Angeles County, and Santa Clarita","Outside-county mention; preserve page wording, correct service-area fields"
https://www.805shutters.com/coastal-window-treatments-ventura-county/,$[0].@graph[0].hasOfferCatalog.itemListElement[1].itemOffered.areaServed,"Ventura County, North Los Angeles County, and Santa Clarita","Outside-county mention; preserve page wording, correct service-area fields"
https://www.805shutters.com/coastal-window-treatments-ventura-county/,$[0].@graph[0].hasOfferCatalog.itemListElement[2].itemOffered.areaServed,"Ventura County, North Los Angeles County, and Santa Clarita","Outside-county mention; preserve page wording, correct service-area fields"
https://www.805shutters.com/coastal-window-treatments-ventura-county/,$[0].@graph[0].hasOfferCatalog.itemListElement[3].itemOffered.areaServed,"Ventura County, North Los Angeles County, and Santa Clarita","Outside-county mention; preserve page wording, correct service-area fields"
https://www.805shutters.com/coastal-window-treatments-ventura-county/,$[0].@graph[0].hasOfferCatalog.itemListElement[4].itemOffered.areaServed,"Ventura County, North Los Angeles County, and Santa Clarita","Outside-county mention; preserve page wording, correct service-area fields"
https://www.805shutters.com/coastal-window-treatments-ventura-county/,$[1].@graph[1].areaServed[7].name,Westlake Village,Explicitly approved Westlake Village; incorporated city is Los Angeles County
https://www.805shutters.com/coastal-window-treatments-ventura-county/,$[1].@graph[1].areaServed[14].name,Santa Clarita,"Outside-county mention; preserve page wording, correct service-area fields"
https://www.805shutters.com/coastal-window-treatments-ventura-county/,$[1].@graph[2].itemListElement[0].areaServed,"Ventura County, North Los Angeles County, and Santa Clarita","Outside-county mention; preserve page wording, correct service-area fields"
https://www.805shutters.com/coastal-window-treatments-ventura-county/,$[1].@graph[2].itemListElement[0].itemOffered.areaServed[7].name,Westlake Village,Explicitly approved Westlake Village; incorporated city is Los Angeles County
https://www.805shutters.com/coastal-window-treatments-ventura-county/,$[1].@graph[2].itemListElement[0].itemOffered.areaServed[14].name,Santa Clarita,"Outside-county mention; preserve page wording, correct service-area fields"
https://www.805shutters.com/coastal-window-treatments-ventura-county/,$[1].@graph[2].itemListElement[1].areaServed,"Ventura County, North Los Angeles County, and Santa Clarita","Outside-county mention; preserve page wording, correct service-area fields"
https://www.805shutters.com/coastal-window-treatments-ventura-county/,$[1].@graph[2].itemListElement[1].itemOffered.areaServed[7].name,Westlake Village,Explicitly approved Westlake Village; incorporated city is Los Angeles County
https://www.805shutters.com/coastal-window-treatments-ventura-county/,$[1].@graph[2].itemListElement[1].itemOffered.areaServed[14].name,Santa Clarita,"Outside-county mention; preserve page wording, correct service-area fields"
https://www.805shutters.com/coastal-window-treatments-ventura-county/,$[1].@graph[2].itemListElement[2].areaServed,"Ventura County, North Los Angeles County, and Santa Clarita","Outside-county mention; preserve page wording, correct service-area fields"
https://www.805shutters.com/coastal-window-treatments-ventura-county/,$[1].@graph[2].itemListElement[2].itemOffered.areaServed[7].name,Westlake Village,Explicitly approved Westlake Village; incorporated city is Los Angeles County
https://www.805shutters.com/coastal-window-treatments-ventura-county/,$[1].@graph[2].itemListElement[2].itemOffered.areaServed[14].name,Santa Clarita,"Outside-county mention; preserve page wording, correct service-area fields"
https://www.805shutters.com/coastal-window-treatments-ventura-county/,$[1].@graph[2].itemListElement[3].areaServed,"Ventura County, North Los Angeles County, and Santa Clarita","Outside-county mention; preserve page wording, correct service-area fields"
https://www.805shutters.com/coastal-window-treatments-ventura-county/,$[1].@graph[2].itemListElement[3].itemOffered.areaServed[7].name,Westlake Village,Explicitly approved Westlake Village; incorporated city is Los Angeles County
https://www.805shutters.com/coastal-window-treatments-ventura-county/,$[1].@graph[2].itemListElement[3].itemOffered.areaServed[14].name,Santa Clarita,"Outside-county mention; preserve page wording, correct service-area fields"
https://www.805shutters.com/window-treatment-installation-timeline-ventura-county/,$[0].@graph[0].contactPoint.areaServed[7].name,Westlake Village,Explicitly approved Westlake Village; incorporated city is Los Angeles County
https://www.805shutters.com/window-treatment-installation-timeline-ventura-county/,$[0].@graph[0].contactPoint.areaServed[14].name,Santa Clarita,"Outside-county mention; preserve page wording, correct service-area fields"
https://www.805shutters.com/window-treatment-installation-timeline-ventura-county/,$[0].@graph[0].areaServed[7].name,Westlake Village,Explicitly approved Westlake Village; incorporated city is Los Angeles County
https://www.805shutters.com/window-treatment-installation-timeline-ventura-county/,$[0].@graph[0].areaServed[14].name,Santa Clarita,"Outside-county mention; preserve page wording, correct service-area fields"
https://www.805shutters.com/window-treatment-installation-timeline-ventura-county/,$[0].@graph[0].serviceArea.name,"Ventura County, North Los Angeles County, and Santa Clarita","Outside-county mention; preserve page wording, correct service-area fields"
https://www.805shutters.com/window-treatment-installation-timeline-ventura-county/,$[0].@graph[0].hasOfferCatalog.itemListElement[0].itemOffered.areaServed,"Ventura County, North Los Angeles County, and Santa Clarita","Outside-county mention; preserve page wording, correct service-area fields"
https://www.805shutters.com/window-treatment-installation-timeline-ventura-county/,$[0].@graph[0].hasOfferCatalog.itemListElement[1].itemOffered.areaServed,"Ventura County, North Los Angeles County, and Santa Clarita","Outside-county mention; preserve page wording, correct service-area fields"
https://www.805shutters.com/window-treatment-installation-timeline-ventura-county/,$[0].@graph[0].hasOfferCatalog.itemListElement[2].itemOffered.areaServed,"Ventura County, North Los Angeles County, and Santa Clarita","Outside-county mention; preserve page wording, correct service-area fields"
https://www.805shutters.com/window-treatment-installation-timeline-ventura-county/,$[0].@graph[0].hasOfferCatalog.itemListElement[3].itemOffered.areaServed,"Ventura County, North Los Angeles County, and Santa Clarita","Outside-county mention; preserve page wording, correct service-area fields"
https://www.805shutters.com/window-treatment-installation-timeline-ventura-county/,$[0].@graph[0].hasOfferCatalog.itemListElement[4].itemOffered.areaServed,"Ventura County, North Los Angeles County, and Santa Clarita","Outside-county mention; preserve page wording, correct service-area fields"
https://www.805shutters.com/window-treatment-installation-timeline-ventura-county/,$[1].@graph[1].areaServed[7].name,Westlake Village,Explicitly approved Westlake Village; incorporated city is Los Angeles County
https://www.805shutters.com/window-treatment-installation-timeline-ventura-county/,$[1].@graph[1].areaServed[14].name,Santa Clarita,"Outside-county mention; preserve page wording, correct service-area fields"
https://www.805shutters.com/window-treatment-installation-timeline-ventura-county/,$[1].@graph[2].itemListElement[0].areaServed,"Ventura County, North Los Angeles County, and Santa Clarita","Outside-county mention; preserve page wording, correct service-area fields"
https://www.805shutters.com/window-treatment-installation-timeline-ventura-county/,$[1].@graph[2].itemListElement[0].itemOffered.areaServed[7].name,Westlake Village,Explicitly approved Westlake Village; incorporated city is Los Angeles County
https://www.805shutters.com/window-treatment-installation-timeline-ventura-county/,$[1].@graph[2].itemListElement[0].itemOffered.areaServed[14].name,Santa Clarita,"Outside-county mention; preserve page wording, correct service-area fields"
https://www.805shutters.com/window-treatment-installation-timeline-ventura-county/,$[1].@graph[2].itemListElement[1].areaServed,"Ventura County, North Los Angeles County, and Santa Clarita","Outside-county mention; preserve page wording, correct service-area fields"
https://www.805shutters.com/window-treatment-installation-timeline-ventura-county/,$[1].@graph[2].itemListElement[1].itemOffered.areaServed[7].name,Westlake Village,Explicitly approved Westlake Village; incorporated city is Los Angeles County
https://www.805shutters.com/window-treatment-installation-timeline-ventura-county/,$[1].@graph[2].itemListElement[1].itemOffered.areaServed[14].name,Santa Clarita,"Outside-county mention; preserve page wording, correct service-area fields"
https://www.805shutters.com/window-treatment-installation-timeline-ventura-county/,$[1].@graph[2].itemListElement[2].areaServed,"Ventura County, North Los Angeles County, and Santa Clarita","Outside-county mention; preserve page wording, correct service-area fields"
https://www.805shutters.com/window-treatment-installation-timeline-ventura-county/,$[1].@graph[2].itemListElement[2].itemOffered.areaServed[7].name,Westlake Village,Explicitly approved Westlake Village; incorporated city is Los Angeles County
https://www.805shutters.com/window-treatment-installation-timeline-ventura-county/,$[1].@graph[2].itemListElement[2].itemOffered.areaServed[14].name,Santa Clarita,"Outside-county mention; preserve page wording, correct service-area fields"
https://www.805shutters.com/window-treatment-installation-timeline-ventura-county/,$[1].@graph[2].itemListElement[3].areaServed,"Ventura County, North Los Angeles County, and Santa Clarita","Outside-county mention; preserve page wording, correct service-area fields"
https://www.805shutters.com/window-treatment-installation-timeline-ventura-county/,$[1].@graph[2].itemListElement[3].itemOffered.areaServed[7].name,Westlake Village,Explicitly approved Westlake Village; incorporated city is Los Angeles County
https://www.805shutters.com/window-treatment-installation-timeline-ventura-county/,$[1].@graph[2].itemListElement[3].itemOffered.areaServed[14].name,Santa Clarita,"Outside-county mention; preserve page wording, correct service-area fields"
https://www.805shutters.com/window-treatment-installation-timeline-ventura-county/,$[1].@graph[2].itemListElement[4].areaServed,"Ventura County, North Los Angeles County, and Santa Clarita","Outside-county mention; preserve page wording, correct service-area fields"
https://www.805shutters.com/window-treatment-installation-timeline-ventura-county/,$[1].@graph[2].itemListElement[4].itemOffered.areaServed[7].name,Westlake Village,Explicitly approved Westlake Village; incorporated city is Los Angeles County
https://www.805shutters.com/window-treatment-installation-timeline-ventura-county/,$[1].@graph[2].itemListElement[4].itemOffered.areaServed[14].name,Santa Clarita,"Outside-county mention; preserve page wording, correct service-area fields"
https://www.805shutters.com/window-treatment-cost-guide-ventura-county/,$[0].@graph[0].contactPoint.areaServed[7].name,Westlake Village,Explicitly approved Westlake Village; incorporated city is Los Angeles County
https://www.805shutters.com/window-treatment-cost-guide-ventura-county/,$[0].@graph[0].contactPoint.areaServed[14].name,Santa Clarita,"Outside-county mention; preserve page wording, correct service-area fields"
https://www.805shutters.com/window-treatment-cost-guide-ventura-county/,$[0].@graph[0].areaServed[7].name,Westlake Village,Explicitly approved Westlake Village; incorporated city is Los Angeles County
https://www.805shutters.com/window-treatment-cost-guide-ventura-county/,$[0].@graph[0].areaServed[14].name,Santa Clarita,"Outside-county mention; preserve page wording, correct service-area fields"
https://www.805shutters.com/window-treatment-cost-guide-ventura-county/,$[0].@graph[0].serviceArea.name,"Ventura County, North Los Angeles County, and Santa Clarita","Outside-county mention; preserve page wording, correct service-area fields"
https://www.805shutters.com/window-treatment-cost-guide-ventura-county/,$[0].@graph[0].hasOfferCatalog.itemListElement[0].itemOffered.areaServed,"Ventura County, North Los Angeles County, and Santa Clarita","Outside-county mention; preserve page wording, correct service-area fields"
https://www.805shutters.com/window-treatment-cost-guide-ventura-county/,$[0].@graph[0].hasOfferCatalog.itemListElement[1].itemOffered.areaServed,"Ventura County, North Los Angeles County, and Santa Clarita","Outside-county mention; preserve page wording, correct service-area fields"
https://www.805shutters.com/window-treatment-cost-guide-ventura-county/,$[0].@graph[0].hasOfferCatalog.itemListElement[2].itemOffered.areaServed,"Ventura County, North Los Angeles County, and Santa Clarita","Outside-county mention; preserve page wording, correct service-area fields"
https://www.805shutters.com/window-treatment-cost-guide-ventura-county/,$[0].@graph[0].hasOfferCatalog.itemListElement[3].itemOffered.areaServed,"Ventura County, North Los Angeles County, and Santa Clarita","Outside-county mention; preserve page wording, correct service-area fields"
https://www.805shutters.com/window-treatment-cost-guide-ventura-county/,$[0].@graph[0].hasOfferCatalog.itemListElement[4].itemOffered.areaServed,"Ventura County, North Los Angeles County, and Santa Clarita","Outside-county mention; preserve page wording, correct service-area fields"
https://www.805shutters.com/window-treatment-cost-guide-ventura-county/,$[1].@graph[1].areaServed[7].name,Westlake Village,Explicitly approved Westlake Village; incorporated city is Los Angeles County
https://www.805shutters.com/window-treatment-cost-guide-ventura-county/,$[1].@graph[1].areaServed[14].name,Santa Clarita,"Outside-county mention; preserve page wording, correct service-area fields"
https://www.805shutters.com/window-treatment-cost-guide-ventura-county/,$[1].@graph[2].itemListElement[0].areaServed,"Ventura County, North Los Angeles County, and Santa Clarita","Outside-county mention; preserve page wording, correct service-area fields"
https://www.805shutters.com/window-treatment-cost-guide-ventura-county/,$[1].@graph[2].itemListElement[0].itemOffered.areaServed[7].name,Westlake Village,Explicitly approved Westlake Village; incorporated city is Los Angeles County
https://www.805shutters.com/window-treatment-cost-guide-ventura-county/,$[1].@graph[2].itemListElement[0].itemOffered.areaServed[14].name,Santa Clarita,"Outside-county mention; preserve page wording, correct service-area fields"
https://www.805shutters.com/window-treatment-cost-guide-ventura-county/,$[1].@graph[2].itemListElement[1].areaServed,"Ventura County, North Los Angeles County, and Santa Clarita","Outside-county mention; preserve page wording, correct service-area fields"
https://www.805shutters.com/window-treatment-cost-guide-ventura-county/,$[1].@graph[2].itemListElement[1].itemOffered.areaServed[7].name,Westlake Village,Explicitly approved Westlake Village; incorporated city is Los Angeles County
https://www.805shutters.com/window-treatment-cost-guide-ventura-county/,$[1].@graph[2].itemListElement[1].itemOffered.areaServed[14].name,Santa Clarita,"Outside-county mention; preserve page wording, correct service-area fields"
https://www.805shutters.com/window-treatment-cost-guide-ventura-county/,$[1].@graph[2].itemListElement[2].areaServed,"Ventura County, North Los Angeles County, and Santa Clarita","Outside-county mention; preserve page wording, correct service-area fields"
https://www.805shutters.com/window-treatment-cost-guide-ventura-county/,$[1].@graph[2].itemListElement[2].itemOffered.areaServed[7].name,Westlake Village,Explicitly approved Westlake Village; incorporated city is Los Angeles County
https://www.805shutters.com/window-treatment-cost-guide-ventura-county/,$[1].@graph[2].itemListElement[2].itemOffered.areaServed[14].name,Santa Clarita,"Outside-county mention; preserve page wording, correct service-area fields"
https://www.805shutters.com/window-treatment-cost-guide-ventura-county/,$[1].@graph[2].itemListElement[3].areaServed,"Ventura County, North Los Angeles County, and Santa Clarita","Outside-county mention; preserve page wording, correct service-area fields"
https://www.805shutters.com/window-treatment-cost-guide-ventura-county/,$[1].@graph[2].itemListElement[3].itemOffered.areaServed[7].name,Westlake Village,Explicitly approved Westlake Village; incorporated city is Los Angeles County
https://www.805shutters.com/window-treatment-cost-guide-ventura-county/,$[1].@graph[2].itemListElement[3].itemOffered.areaServed[14].name,Santa Clarita,"Outside-county mention; preserve page wording, correct service-area fields"
https://www.805shutters.com/window-treatment-cost-guide-ventura-county/,$[1].@graph[2].itemListElement[4].areaServed,"Ventura County, North Los Angeles County, and Santa Clarita","Outside-county mention; preserve page wording, correct service-area fields"
https://www.805shutters.com/window-treatment-cost-guide-ventura-county/,$[1].@graph[2].itemListElement[4].itemOffered.areaServed[7].name,Westlake Village,Explicitly approved Westlake Village; incorporated city is Los Angeles County
https://www.805shutters.com/window-treatment-cost-guide-ventura-county/,$[1].@graph[2].itemListElement[4].itemOffered.areaServed[14].name,Santa Clarita,"Outside-county mention; preserve page wording, correct service-area fields"
https://www.805shutters.com/window-treatment-cost-guide-ventura-county/,$[1].@graph[2].itemListElement[5].areaServed,"Ventura County, North Los Angeles County, and Santa Clarita","Outside-county mention; preserve page wording, correct service-area fields"
https://www.805shutters.com/window-treatment-cost-guide-ventura-county/,$[1].@graph[2].itemListElement[5].itemOffered.areaServed[7].name,Westlake Village,Explicitly approved Westlake Village; incorporated city is Los Angeles County
https://www.805shutters.com/window-treatment-cost-guide-ventura-county/,$[1].@graph[2].itemListElement[5].itemOffered.areaServed[14].name,Santa Clarita,"Outside-county mention; preserve page wording, correct service-area fields"
https://www.805shutters.com/custom-drapery-curtains-ventura-county/,$[0].@graph[0].contactPoint.areaServed[7].name,Westlake Village,Explicitly approved Westlake Village; incorporated city is Los Angeles County
https://www.805shutters.com/custom-drapery-curtains-ventura-county/,$[0].@graph[0].contactPoint.areaServed[14].name,Santa Clarita,"Outside-county mention; preserve page wording, correct service-area fields"
https://www.805shutters.com/custom-drapery-curtains-ventura-county/,$[0].@graph[0].areaServed[7].name,Westlake Village,Explicitly approved Westlake Village; incorporated city is Los Angeles County
https://www.805shutters.com/custom-drapery-curtains-ventura-county/,$[0].@graph[0].areaServed[14].name,Santa Clarita,"Outside-county mention; preserve page wording, correct service-area fields"
https://www.805shutters.com/custom-drapery-curtains-ventura-county/,$[0].@graph[0].serviceArea.name,"Ventura County, North Los Angeles County, and Santa Clarita","Outside-county mention; preserve page wording, correct service-area fields"
https://www.805shutters.com/custom-drapery-curtains-ventura-county/,$[0].@graph[0].hasOfferCatalog.itemListElement[0].itemOffered.areaServed,"Ventura County, North Los Angeles County, and Santa Clarita","Outside-county mention; preserve page wording, correct service-area fields"
https://www.805shutters.com/custom-drapery-curtains-ventura-county/,$[0].@graph[0].hasOfferCatalog.itemListElement[1].itemOffered.areaServed,"Ventura County, North Los Angeles County, and Santa Clarita","Outside-county mention; preserve page wording, correct service-area fields"
https://www.805shutters.com/custom-drapery-curtains-ventura-county/,$[0].@graph[0].hasOfferCatalog.itemListElement[2].itemOffered.areaServed,"Ventura County, North Los Angeles County, and Santa Clarita","Outside-county mention; preserve page wording, correct service-area fields"
https://www.805shutters.com/custom-drapery-curtains-ventura-county/,$[0].@graph[0].hasOfferCatalog.itemListElement[3].itemOffered.areaServed,"Ventura County, North Los Angeles County, and Santa Clarita","Outside-county mention; preserve page wording, correct service-area fields"
https://www.805shutters.com/custom-drapery-curtains-ventura-county/,$[0].@graph[0].hasOfferCatalog.itemListElement[4].itemOffered.areaServed,"Ventura County, North Los Angeles County, and Santa Clarita","Outside-county mention; preserve page wording, correct service-area fields"
https://www.805shutters.com/custom-drapery-curtains-ventura-county/,$[1].@graph[1].description,"805 Shutters designs and installs custom drapery and curtains for homes across Ventura County, including Moorpark, Thousand Oaks, Camarillo, Simi Valley, Newbury Park, and Westlake Village. A free in-home consultation compares drapery panel styles, curtain fabrics, sheers, room-darkening and blackout linings, fullness, and hardware — on their own or layered over shutters, shades, or blinds — with measuring and professional installation included.",Explicitly approved Westlake Village; incorporated city is Los Angeles County
https://www.805shutters.com/custom-drapery-curtains-ventura-county/,$[1].@graph[1].areaServed[7].name,Westlake Village,Explicitly approved Westlake Village; incorporated city is Los Angeles County
https://www.805shutters.com/custom-drapery-curtains-ventura-county/,$[1].@graph[1].areaServed[14].name,Santa Clarita,"Outside-county mention; preserve page wording, correct service-area fields"
https://www.805shutters.com/custom-drapery-curtains-ventura-county/,$[1].@graph[2].itemListElement[0].areaServed,"Ventura County, North Los Angeles County, and Santa Clarita","Outside-county mention; preserve page wording, correct service-area fields"
https://www.805shutters.com/custom-drapery-curtains-ventura-county/,$[1].@graph[2].itemListElement[0].itemOffered.areaServed[7].name,Westlake Village,Explicitly approved Westlake Village; incorporated city is Los Angeles County
https://www.805shutters.com/custom-drapery-curtains-ventura-county/,$[1].@graph[2].itemListElement[0].itemOffered.areaServed[14].name,Santa Clarita,"Outside-county mention; preserve page wording, correct service-area fields"
https://www.805shutters.com/custom-drapery-curtains-ventura-county/,$[1].@graph[2].itemListElement[1].areaServed,"Ventura County, North Los Angeles County, and Santa Clarita","Outside-county mention; preserve page wording, correct service-area fields"
https://www.805shutters.com/custom-drapery-curtains-ventura-county/,$[1].@graph[2].itemListElement[1].itemOffered.areaServed[7].name,Westlake Village,Explicitly approved Westlake Village; incorporated city is Los Angeles County
https://www.805shutters.com/custom-drapery-curtains-ventura-county/,$[1].@graph[2].itemListElement[1].itemOffered.areaServed[14].name,Santa Clarita,"Outside-county mention; preserve page wording, correct service-area fields"
https://www.805shutters.com/custom-drapery-curtains-ventura-county/,$[1].@graph[2].itemListElement[2].areaServed,"Ventura County, North Los Angeles County, and Santa Clarita","Outside-county mention; preserve page wording, correct service-area fields"
https://www.805shutters.com/custom-drapery-curtains-ventura-county/,$[1].@graph[2].itemListElement[2].itemOffered.areaServed[7].name,Westlake Village,Explicitly approved Westlake Village; incorporated city is Los Angeles County
https://www.805shutters.com/custom-drapery-curtains-ventura-county/,$[1].@graph[2].itemListElement[2].itemOffered.areaServed[14].name,Santa Clarita,"Outside-county mention; preserve page wording, correct service-area fields"
https://www.805shutters.com/custom-drapery-curtains-ventura-county/,$[1].@graph[2].itemListElement[3].areaServed,"Ventura County, North Los Angeles County, and Santa Clarita","Outside-county mention; preserve page wording, correct service-area fields"
https://www.805shutters.com/custom-drapery-curtains-ventura-county/,$[1].@graph[2].itemListElement[3].itemOffered.areaServed[7].name,Westlake Village,Explicitly approved Westlake Village; incorporated city is Los Angeles County
https://www.805shutters.com/custom-drapery-curtains-ventura-county/,$[1].@graph[2].itemListElement[3].itemOffered.areaServed[14].name,Santa Clarita,"Outside-county mention; preserve page wording, correct service-area fields"
https://www.805shutters.com/shutters-near-me-ventura-county/,$[0].@graph[0].contactPoint.areaServed[7].name,Westlake Village,Explicitly approved Westlake Village; incorporated city is Los Angeles County
https://www.805shutters.com/shutters-near-me-ventura-county/,$[0].@graph[0].contactPoint.areaServed[14].name,Santa Clarita,"Outside-county mention; preserve page wording, correct service-area fields"
https://www.805shutters.com/shutters-near-me-ventura-county/,$[0].@graph[0].areaServed[7].name,Westlake Village,Explicitly approved Westlake Village; incorporated city is Los Angeles County
https://www.805shutters.com/shutters-near-me-ventura-county/,$[0].@graph[0].areaServed[14].name,Santa Clarita,"Outside-county mention; preserve page wording, correct service-area fields"
https://www.805shutters.com/shutters-near-me-ventura-county/,$[0].@graph[0].serviceArea.name,"Ventura County, North Los Angeles County, and Santa Clarita","Outside-county mention; preserve page wording, correct service-area fields"
https://www.805shutters.com/shutters-near-me-ventura-county/,$[0].@graph[0].hasOfferCatalog.itemListElement[0].itemOffered.areaServed,"Ventura County, North Los Angeles County, and Santa Clarita","Outside-county mention; preserve page wording, correct service-area fields"
https://www.805shutters.com/shutters-near-me-ventura-county/,$[0].@graph[0].hasOfferCatalog.itemListElement[1].itemOffered.areaServed,"Ventura County, North Los Angeles County, and Santa Clarita","Outside-county mention; preserve page wording, correct service-area fields"
https://www.805shutters.com/shutters-near-me-ventura-county/,$[0].@graph[0].hasOfferCatalog.itemListElement[2].itemOffered.areaServed,"Ventura County, North Los Angeles County, and Santa Clarita","Outside-county mention; preserve page wording, correct service-area fields"
https://www.805shutters.com/shutters-near-me-ventura-county/,$[0].@graph[0].hasOfferCatalog.itemListElement[3].itemOffered.areaServed,"Ventura County, North Los Angeles County, and Santa Clarita","Outside-county mention; preserve page wording, correct service-area fields"
https://www.805shutters.com/shutters-near-me-ventura-county/,$[0].@graph[0].hasOfferCatalog.itemListElement[4].itemOffered.areaServed,"Ventura County, North Los Angeles County, and Santa Clarita","Outside-county mention; preserve page wording, correct service-area fields"
https://www.805shutters.com/shutters-near-me-ventura-county/,$[1].@graph[1].description,"If you are searching for shutters near you in Ventura County, 805 Shutters is a local, family-owned shutter company that measures, builds, and installs custom plantation shutters in Moorpark, Thousand Oaks, Camarillo, Simi Valley, Newbury Park, Westlake Village, Oxnard, Ventura, Ojai, and surrounding communities. There is no showroom trip required — the free consultation brings samples and measuring to your home, and the written quote includes professional installation.",Explicitly approved Westlake Village; incorporated city is Los Angeles County
https://www.805shutters.com/shutters-near-me-ventura-county/,$[1].@graph[1].areaServed[7].name,Westlake Village,Explicitly approved Westlake Village; incorporated city is Los Angeles County
https://www.805shutters.com/shutters-near-me-ventura-county/,$[1].@graph[1].areaServed[14].name,Santa Clarita,"Outside-county mention; preserve page wording, correct service-area fields"
https://www.805shutters.com/shutters-near-me-ventura-county/,$[1].@graph[2].itemListElement[0].areaServed,"Ventura County, North Los Angeles County, and Santa Clarita","Outside-county mention; preserve page wording, correct service-area fields"
https://www.805shutters.com/shutters-near-me-ventura-county/,$[1].@graph[2].itemListElement[0].itemOffered.areaServed[7].name,Westlake Village,Explicitly approved Westlake Village; incorporated city is Los Angeles County
https://www.805shutters.com/shutters-near-me-ventura-county/,$[1].@graph[2].itemListElement[0].itemOffered.areaServed[14].name,Santa Clarita,"Outside-county mention; preserve page wording, correct service-area fields"
https://www.805shutters.com/shutters-near-me-ventura-county/,$[1].@graph[2].itemListElement[1].areaServed,"Ventura County, North Los Angeles County, and Santa Clarita","Outside-county mention; preserve page wording, correct service-area fields"
https://www.805shutters.com/shutters-near-me-ventura-county/,$[1].@graph[2].itemListElement[1].itemOffered.areaServed[7].name,Westlake Village,Explicitly approved Westlake Village; incorporated city is Los Angeles County
https://www.805shutters.com/shutters-near-me-ventura-county/,$[1].@graph[2].itemListElement[1].itemOffered.areaServed[14].name,Santa Clarita,"Outside-county mention; preserve page wording, correct service-area fields"
https://www.805shutters.com/shutters-near-me-ventura-county/,$[1].@graph[2].itemListElement[2].areaServed,"Ventura County, North Los Angeles County, and Santa Clarita","Outside-county mention; preserve page wording, correct service-area fields"
https://www.805shutters.com/shutters-near-me-ventura-county/,$[1].@graph[2].itemListElement[2].itemOffered.areaServed[7].name,Westlake Village,Explicitly approved Westlake Village; incorporated city is Los Angeles County
https://www.805shutters.com/shutters-near-me-ventura-county/,$[1].@graph[2].itemListElement[2].itemOffered.areaServed[14].name,Santa Clarita,"Outside-county mention; preserve page wording, correct service-area fields"
https://www.805shutters.com/blinds-near-me-ventura-county/,$[0].@graph[0].contactPoint.areaServed[7].name,Westlake Village,Explicitly approved Westlake Village; incorporated city is Los Angeles County
https://www.805shutters.com/blinds-near-me-ventura-county/,$[0].@graph[0].contactPoint.areaServed[14].name,Santa Clarita,"Outside-county mention; preserve page wording, correct service-area fields"
https://www.805shutters.com/blinds-near-me-ventura-county/,$[0].@graph[0].areaServed[7].name,Westlake Village,Explicitly approved Westlake Village; incorporated city is Los Angeles County
https://www.805shutters.com/blinds-near-me-ventura-county/,$[0].@graph[0].areaServed[14].name,Santa Clarita,"Outside-county mention; preserve page wording, correct service-area fields"
https://www.805shutters.com/blinds-near-me-ventura-county/,$[0].@graph[0].serviceArea.name,"Ventura County, North Los Angeles County, and Santa Clarita","Outside-county mention; preserve page wording, correct service-area fields"
https://www.805shutters.com/blinds-near-me-ventura-county/,$[0].@graph[0].hasOfferCatalog.itemListElement[0].itemOffered.areaServed,"Ventura County, North Los Angeles County, and Santa Clarita","Outside-county mention; preserve page wording, correct service-area fields"
https://www.805shutters.com/blinds-near-me-ventura-county/,$[0].@graph[0].hasOfferCatalog.itemListElement[1].itemOffered.areaServed,"Ventura County, North Los Angeles County, and Santa Clarita","Outside-county mention; preserve page wording, correct service-area fields"
https://www.805shutters.com/blinds-near-me-ventura-county/,$[0].@graph[0].hasOfferCatalog.itemListElement[2].itemOffered.areaServed,"Ventura County, North Los Angeles County, and Santa Clarita","Outside-county mention; preserve page wording, correct service-area fields"
https://www.805shutters.com/blinds-near-me-ventura-county/,$[0].@graph[0].hasOfferCatalog.itemListElement[3].itemOffered.areaServed,"Ventura County, North Los Angeles County, and Santa Clarita","Outside-county mention; preserve page wording, correct service-area fields"
https://www.805shutters.com/blinds-near-me-ventura-county/,$[0].@graph[0].hasOfferCatalog.itemListElement[4].itemOffered.areaServed,"Ventura County, North Los Angeles County, and Santa Clarita","Outside-county mention; preserve page wording, correct service-area fields"
https://www.805shutters.com/blinds-near-me-ventura-county/,$[1].@graph[1].description,"If you are searching for blinds near you in Ventura County, 805 Shutters is a local, family-owned company that measures and installs custom wood, faux wood, aluminum, vertical, and softwood blinds in Moorpark, Thousand Oaks, Camarillo, Simi Valley, Newbury Park, Westlake Village, Oxnard, Ventura, Ojai, and surrounding communities. The free in-home consultation brings samples to your windows and the written quote includes professional installation.",Explicitly approved Westlake Village; incorporated city is Los Angeles County
https://www.805shutters.com/blinds-near-me-ventura-county/,$[1].@graph[1].areaServed[7].name,Westlake Village,Explicitly approved Westlake Village; incorporated city is Los Angeles County
https://www.805shutters.com/blinds-near-me-ventura-county/,$[1].@graph[1].areaServed[14].name,Santa Clarita,"Outside-county mention; preserve page wording, correct service-area fields"
https://www.805shutters.com/blinds-near-me-ventura-county/,$[1].@graph[2].itemListElement[0].areaServed,"Ventura County, North Los Angeles County, and Santa Clarita","Outside-county mention; preserve page wording, correct service-area fields"
https://www.805shutters.com/blinds-near-me-ventura-county/,$[1].@graph[2].itemListElement[0].itemOffered.areaServed[7].name,Westlake Village,Explicitly approved Westlake Village; incorporated city is Los Angeles County
https://www.805shutters.com/blinds-near-me-ventura-county/,$[1].@graph[2].itemListElement[0].itemOffered.areaServed[14].name,Santa Clarita,"Outside-county mention; preserve page wording, correct service-area fields"
https://www.805shutters.com/blinds-near-me-ventura-county/,$[1].@graph[2].itemListElement[1].areaServed,"Ventura County, North Los Angeles County, and Santa Clarita","Outside-county mention; preserve page wording, correct service-area fields"
https://www.805shutters.com/blinds-near-me-ventura-county/,$[1].@graph[2].itemListElement[1].itemOffered.areaServed[7].name,Westlake Village,Explicitly approved Westlake Village; incorporated city is Los Angeles County
https://www.805shutters.com/blinds-near-me-ventura-county/,$[1].@graph[2].itemListElement[1].itemOffered.areaServed[14].name,Santa Clarita,"Outside-county mention; preserve page wording, correct service-area fields"
https://www.805shutters.com/blinds-near-me-ventura-county/,$[1].@graph[2].itemListElement[2].areaServed,"Ventura County, North Los Angeles County, and Santa Clarita","Outside-county mention; preserve page wording, correct service-area fields"
https://www.805shutters.com/blinds-near-me-ventura-county/,$[1].@graph[2].itemListElement[2].itemOffered.areaServed[7].name,Westlake Village,Explicitly approved Westlake Village; incorporated city is Los Angeles County
https://www.805shutters.com/blinds-near-me-ventura-county/,$[1].@graph[2].itemListElement[2].itemOffered.areaServed[14].name,Santa Clarita,"Outside-county mention; preserve page wording, correct service-area fields"
https://www.805shutters.com/blinds-near-me-ventura-county/,$[1].@graph[2].itemListElement[3].areaServed,"Ventura County, North Los Angeles County, and Santa Clarita","Outside-county mention; preserve page wording, correct service-area fields"
https://www.805shutters.com/blinds-near-me-ventura-county/,$[1].@graph[2].itemListElement[3].itemOffered.areaServed[7].name,Westlake Village,Explicitly approved Westlake Village; incorporated city is Los Angeles County
https://www.805shutters.com/blinds-near-me-ventura-county/,$[1].@graph[2].itemListElement[3].itemOffered.areaServed[14].name,Santa Clarita,"Outside-county mention; preserve page wording, correct service-area fields"
https://www.805shutters.com/window-shades-near-me-ventura-county/,$[0].@graph[0].contactPoint.areaServed[7].name,Westlake Village,Explicitly approved Westlake Village; incorporated city is Los Angeles County
https://www.805shutters.com/window-shades-near-me-ventura-county/,$[0].@graph[0].contactPoint.areaServed[14].name,Santa Clarita,"Outside-county mention; preserve page wording, correct service-area fields"
https://www.805shutters.com/window-shades-near-me-ventura-county/,$[0].@graph[0].areaServed[7].name,Westlake Village,Explicitly approved Westlake Village; incorporated city is Los Angeles County
https://www.805shutters.com/window-shades-near-me-ventura-county/,$[0].@graph[0].areaServed[14].name,Santa Clarita,"Outside-county mention; preserve page wording, correct service-area fields"
https://www.805shutters.com/window-shades-near-me-ventura-county/,$[0].@graph[0].serviceArea.name,"Ventura County, North Los Angeles County, and Santa Clarita","Outside-county mention; preserve page wording, correct service-area fields"
https://www.805shutters.com/window-shades-near-me-ventura-county/,$[0].@graph[0].hasOfferCatalog.itemListElement[0].itemOffered.areaServed,"Ventura County, North Los Angeles County, and Santa Clarita","Outside-county mention; preserve page wording, correct service-area fields"
https://www.805shutters.com/window-shades-near-me-ventura-county/,$[0].@graph[0].hasOfferCatalog.itemListElement[1].itemOffered.areaServed,"Ventura County, North Los Angeles County, and Santa Clarita","Outside-county mention; preserve page wording, correct service-area fields"
https://www.805shutters.com/window-shades-near-me-ventura-county/,$[0].@graph[0].hasOfferCatalog.itemListElement[2].itemOffered.areaServed,"Ventura County, North Los Angeles County, and Santa Clarita","Outside-county mention; preserve page wording, correct service-area fields"
https://www.805shutters.com/window-shades-near-me-ventura-county/,$[0].@graph[0].hasOfferCatalog.itemListElement[3].itemOffered.areaServed,"Ventura County, North Los Angeles County, and Santa Clarita","Outside-county mention; preserve page wording, correct service-area fields"
https://www.805shutters.com/window-shades-near-me-ventura-county/,$[0].@graph[0].hasOfferCatalog.itemListElement[4].itemOffered.areaServed,"Ventura County, North Los Angeles County, and Santa Clarita","Outside-county mention; preserve page wording, correct service-area fields"
https://www.805shutters.com/window-shades-near-me-ventura-county/,$[1].@graph[1].description,"If you are searching for window shades near you in Ventura County, 805 Shutters is a local, family-owned company that measures and installs custom roller shades, honeycomb shades, Roman shades, woven wood shades, and motorized shades in Moorpark, Thousand Oaks, Camarillo, Simi Valley, Newbury Park, Westlake Village, Oxnard, Ventura, Ojai, and surrounding communities. The free in-home consultation compares fabrics and lift systems at your own windows.",Explicitly approved Westlake Village; incorporated city is Los Angeles County
https://www.805shutters.com/window-shades-near-me-ventura-county/,$[1].@graph[1].areaServed[7].name,Westlake Village,Explicitly approved Westlake Village; incorporated city is Los Angeles County
https://www.805shutters.com/window-shades-near-me-ventura-county/,$[1].@graph[1].areaServed[14].name,Santa Clarita,"Outside-county mention; preserve page wording, correct service-area fields"
https://www.805shutters.com/window-shades-near-me-ventura-county/,$[1].@graph[2].itemListElement[0].areaServed,"Ventura County, North Los Angeles County, and Santa Clarita","Outside-county mention; preserve page wording, correct service-area fields"
https://www.805shutters.com/window-shades-near-me-ventura-county/,$[1].@graph[2].itemListElement[0].itemOffered.areaServed[7].name,Westlake Village,Explicitly approved Westlake Village; incorporated city is Los Angeles County
https://www.805shutters.com/window-shades-near-me-ventura-county/,$[1].@graph[2].itemListElement[0].itemOffered.areaServed[14].name,Santa Clarita,"Outside-county mention; preserve page wording, correct service-area fields"
https://www.805shutters.com/window-shades-near-me-ventura-county/,$[1].@graph[2].itemListElement[1].areaServed,"Ventura County, North Los Angeles County, and Santa Clarita","Outside-county mention; preserve page wording, correct service-area fields"
https://www.805shutters.com/window-shades-near-me-ventura-county/,$[1].@graph[2].itemListElement[1].itemOffered.areaServed[7].name,Westlake Village,Explicitly approved Westlake Village; incorporated city is Los Angeles County
https://www.805shutters.com/window-shades-near-me-ventura-county/,$[1].@graph[2].itemListElement[1].itemOffered.areaServed[14].name,Santa Clarita,"Outside-county mention; preserve page wording, correct service-area fields"
https://www.805shutters.com/window-shades-near-me-ventura-county/,$[1].@graph[2].itemListElement[2].areaServed,"Ventura County, North Los Angeles County, and Santa Clarita","Outside-county mention; preserve page wording, correct service-area fields"
https://www.805shutters.com/window-shades-near-me-ventura-county/,$[1].@graph[2].itemListElement[2].itemOffered.areaServed[7].name,Westlake Village,Explicitly approved Westlake Village; incorporated city is Los Angeles County
https://www.805shutters.com/window-shades-near-me-ventura-county/,$[1].@graph[2].itemListElement[2].itemOffered.areaServed[14].name,Santa Clarita,"Outside-county mention; preserve page wording, correct service-area fields"
https://www.805shutters.com/window-shades-near-me-ventura-county/,$[1].@graph[2].itemListElement[3].areaServed,"Ventura County, North Los Angeles County, and Santa Clarita","Outside-county mention; preserve page wording, correct service-area fields"
https://www.805shutters.com/window-shades-near-me-ventura-county/,$[1].@graph[2].itemListElement[3].itemOffered.areaServed[7].name,Westlake Village,Explicitly approved Westlake Village; incorporated city is Los Angeles County
https://www.805shutters.com/window-shades-near-me-ventura-county/,$[1].@graph[2].itemListElement[3].itemOffered.areaServed[14].name,Santa Clarita,"Outside-county mention; preserve page wording, correct service-area fields"
https://www.805shutters.com/window-treatment-company-near-me-ventura-county/,$[0].@graph[0].contactPoint.areaServed[7].name,Westlake Village,Explicitly approved Westlake Village; incorporated city is Los Angeles County
https://www.805shutters.com/window-treatment-company-near-me-ventura-county/,$[0].@graph[0].contactPoint.areaServed[14].name,Santa Clarita,"Outside-county mention; preserve page wording, correct service-area fields"
https://www.805shutters.com/window-treatment-company-near-me-ventura-county/,$[0].@graph[0].areaServed[7].name,Westlake Village,Explicitly approved Westlake Village; incorporated city is Los Angeles County
https://www.805shutters.com/window-treatment-company-near-me-ventura-county/,$[0].@graph[0].areaServed[14].name,Santa Clarita,"Outside-county mention; preserve page wording, correct service-area fields"
https://www.805shutters.com/window-treatment-company-near-me-ventura-county/,$[0].@graph[0].serviceArea.name,"Ventura County, North Los Angeles County, and Santa Clarita","Outside-county mention; preserve page wording, correct service-area fields"
https://www.805shutters.com/window-treatment-company-near-me-ventura-county/,$[0].@graph[0].hasOfferCatalog.itemListElement[0].itemOffered.areaServed,"Ventura County, North Los Angeles County, and Santa Clarita","Outside-county mention; preserve page wording, correct service-area fields"
https://www.805shutters.com/window-treatment-company-near-me-ventura-county/,$[0].@graph[0].hasOfferCatalog.itemListElement[1].itemOffered.areaServed,"Ventura County, North Los Angeles County, and Santa Clarita","Outside-county mention; preserve page wording, correct service-area fields"
https://www.805shutters.com/window-treatment-company-near-me-ventura-county/,$[0].@graph[0].hasOfferCatalog.itemListElement[2].itemOffered.areaServed,"Ventura County, North Los Angeles County, and Santa Clarita","Outside-county mention; preserve page wording, correct service-area fields"
https://www.805shutters.com/window-treatment-company-near-me-ventura-county/,$[0].@graph[0].hasOfferCatalog.itemListElement[3].itemOffered.areaServed,"Ventura County, North Los Angeles County, and Santa Clarita","Outside-county mention; preserve page wording, correct service-area fields"
https://www.805shutters.com/window-treatment-company-near-me-ventura-county/,$[0].@graph[0].hasOfferCatalog.itemListElement[4].itemOffered.areaServed,"Ventura County, North Los Angeles County, and Santa Clarita","Outside-county mention; preserve page wording, correct service-area fields"
https://www.805shutters.com/window-treatment-company-near-me-ventura-county/,$[1].@graph[1].description,"805 Shutters is a local, family-owned window treatment company serving all of Ventura County — Moorpark, Thousand Oaks, Camarillo, Simi Valley, Newbury Park, Westlake Village, Oxnard, Ventura, Ojai, and surrounding communities. One free in-home consultation can compare custom plantation shutters, roller and honeycomb shades, motorized shades, wood and faux wood blinds, and custom drapery and curtains, with measuring and professional installation included.",Explicitly approved Westlake Village; incorporated city is Los Angeles County
https://www.805shutters.com/window-treatment-company-near-me-ventura-county/,$[1].@graph[1].areaServed[7].name,Westlake Village,Explicitly approved Westlake Village; incorporated city is Los Angeles County
https://www.805shutters.com/window-treatment-company-near-me-ventura-county/,$[1].@graph[1].areaServed[14].name,Santa Clarita,"Outside-county mention; preserve page wording, correct service-area fields"
https://www.805shutters.com/window-treatment-company-near-me-ventura-county/,$[1].@graph[2].itemListElement[0].areaServed,"Ventura County, North Los Angeles County, and Santa Clarita","Outside-county mention; preserve page wording, correct service-area fields"
https://www.805shutters.com/window-treatment-company-near-me-ventura-county/,$[1].@graph[2].itemListElement[0].itemOffered.areaServed[7].name,Westlake Village,Explicitly approved Westlake Village; incorporated city is Los Angeles County
https://www.805shutters.com/window-treatment-company-near-me-ventura-county/,$[1].@graph[2].itemListElement[0].itemOffered.areaServed[14].name,Santa Clarita,"Outside-county mention; preserve page wording, correct service-area fields"
https://www.805shutters.com/window-treatment-company-near-me-ventura-county/,$[1].@graph[2].itemListElement[1].areaServed,"Ventura County, North Los Angeles County, and Santa Clarita","Outside-county mention; preserve page wording, correct service-area fields"
https://www.805shutters.com/window-treatment-company-near-me-ventura-county/,$[1].@graph[2].itemListElement[1].itemOffered.areaServed[7].name,Westlake Village,Explicitly approved Westlake Village; incorporated city is Los Angeles County
https://www.805shutters.com/window-treatment-company-near-me-ventura-county/,$[1].@graph[2].itemListElement[1].itemOffered.areaServed[14].name,Santa Clarita,"Outside-county mention; preserve page wording, correct service-area fields"
https://www.805shutters.com/window-treatment-company-near-me-ventura-county/,$[1].@graph[2].itemListElement[2].areaServed,"Ventura County, North Los Angeles County, and Santa Clarita","Outside-county mention; preserve page wording, correct service-area fields"
https://www.805shutters.com/window-treatment-company-near-me-ventura-county/,$[1].@graph[2].itemListElement[2].itemOffered.areaServed[7].name,Westlake Village,Explicitly approved Westlake Village; incorporated city is Los Angeles County
https://www.805shutters.com/window-treatment-company-near-me-ventura-county/,$[1].@graph[2].itemListElement[2].itemOffered.areaServed[14].name,Santa Clarita,"Outside-county mention; preserve page wording, correct service-area fields"
https://www.805shutters.com/window-treatment-company-near-me-ventura-county/,$[1].@graph[2].itemListElement[3].areaServed,"Ventura County, North Los Angeles County, and Santa Clarita","Outside-county mention; preserve page wording, correct service-area fields"
https://www.805shutters.com/window-treatment-company-near-me-ventura-county/,$[1].@graph[2].itemListElement[3].itemOffered.areaServed[7].name,Westlake Village,Explicitly approved Westlake Village; incorporated city is Los Angeles County
https://www.805shutters.com/window-treatment-company-near-me-ventura-county/,$[1].@graph[2].itemListElement[3].itemOffered.areaServed[14].name,Santa Clarita,"Outside-county mention; preserve page wording, correct service-area fields"
https://www.805shutters.com/window-treatment-company-near-me-ventura-county/,$[1].@graph[2].itemListElement[4].areaServed,"Ventura County, North Los Angeles County, and Santa Clarita","Outside-county mention; preserve page wording, correct service-area fields"
https://www.805shutters.com/window-treatment-company-near-me-ventura-county/,$[1].@graph[2].itemListElement[4].itemOffered.areaServed[7].name,Westlake Village,Explicitly approved Westlake Village; incorporated city is Los Angeles County
https://www.805shutters.com/window-treatment-company-near-me-ventura-county/,$[1].@graph[2].itemListElement[4].itemOffered.areaServed[14].name,Santa Clarita,"Outside-county mention; preserve page wording, correct service-area fields"
https://www.805shutters.com/window-treatment-comparison-guide/,$[0].@graph[0].contactPoint.areaServed[7].name,Westlake Village,Explicitly approved Westlake Village; incorporated city is Los Angeles County
https://www.805shutters.com/window-treatment-comparison-guide/,$[0].@graph[0].contactPoint.areaServed[14].name,Santa Clarita,"Outside-county mention; preserve page wording, correct service-area fields"
https://www.805shutters.com/window-treatment-comparison-guide/,$[0].@graph[0].areaServed[7].name,Westlake Village,Explicitly approved Westlake Village; incorporated city is Los Angeles County
https://www.805shutters.com/window-treatment-comparison-guide/,$[0].@graph[0].areaServed[14].name,Santa Clarita,"Outside-county mention; preserve page wording, correct service-area fields"
https://www.805shutters.com/window-treatment-comparison-guide/,$[0].@graph[0].serviceArea.name,"Ventura County, North Los Angeles County, and Santa Clarita","Outside-county mention; preserve page wording, correct service-area fields"
https://www.805shutters.com/window-treatment-comparison-guide/,$[0].@graph[0].hasOfferCatalog.itemListElement[0].itemOffered.areaServed,"Ventura County, North Los Angeles County, and Santa Clarita","Outside-county mention; preserve page wording, correct service-area fields"
https://www.805shutters.com/window-treatment-comparison-guide/,$[0].@graph[0].hasOfferCatalog.itemListElement[1].itemOffered.areaServed,"Ventura County, North Los Angeles County, and Santa Clarita","Outside-county mention; preserve page wording, correct service-area fields"
https://www.805shutters.com/window-treatment-comparison-guide/,$[0].@graph[0].hasOfferCatalog.itemListElement[2].itemOffered.areaServed,"Ventura County, North Los Angeles County, and Santa Clarita","Outside-county mention; preserve page wording, correct service-area fields"
https://www.805shutters.com/window-treatment-comparison-guide/,$[0].@graph[0].hasOfferCatalog.itemListElement[3].itemOffered.areaServed,"Ventura County, North Los Angeles County, and Santa Clarita","Outside-county mention; preserve page wording, correct service-area fields"
https://www.805shutters.com/window-treatment-comparison-guide/,$[0].@graph[0].hasOfferCatalog.itemListElement[4].itemOffered.areaServed,"Ventura County, North Los Angeles County, and Santa Clarita","Outside-county mention; preserve page wording, correct service-area fields"
https://www.805shutters.com/window-treatment-comparison-guide/,$[1].@graph[1].itemListElement[0].item.areaServed,"Ventura County, North Los Angeles County, and Santa Clarita","Outside-county mention; preserve page wording, correct service-area fields"
https://www.805shutters.com/window-treatment-comparison-guide/,$[1].@graph[1].itemListElement[1].item.areaServed,"Ventura County, North Los Angeles County, and Santa Clarita","Outside-county mention; preserve page wording, correct service-area fields"
https://www.805shutters.com/window-treatment-comparison-guide/,$[1].@graph[1].itemListElement[2].item.areaServed,"Ventura County, North Los Angeles County, and Santa Clarita","Outside-county mention; preserve page wording, correct service-area fields"
https://www.805shutters.com/window-treatment-comparison-guide/,$[1].@graph[1].itemListElement[3].item.areaServed,"Ventura County, North Los Angeles County, and Santa Clarita","Outside-county mention; preserve page wording, correct service-area fields"
https://www.805shutters.com/window-treatment-comparison-guide/,$[1].@graph[1].itemListElement[4].item.areaServed,"Ventura County, North Los Angeles County, and Santa Clarita","Outside-county mention; preserve page wording, correct service-area fields"
https://www.805shutters.com/window-treatment-comparison-guide/,$[1].@graph[1].itemListElement[5].item.areaServed,"Ventura County, North Los Angeles County, and Santa Clarita","Outside-county mention; preserve page wording, correct service-area fields"
https://www.805shutters.com/window-treatment-comparison-guide/,$[1].@graph[1].itemListElement[6].item.areaServed,"Ventura County, North Los Angeles County, and Santa Clarita","Outside-county mention; preserve page wording, correct service-area fields"
https://www.805shutters.com/book-consultation/,$[0].@graph[0].contactPoint.areaServed[7].name,Westlake Village,Explicitly approved Westlake Village; incorporated city is Los Angeles County
https://www.805shutters.com/book-consultation/,$[0].@graph[0].contactPoint.areaServed[14].name,Santa Clarita,"Outside-county mention; preserve page wording, correct service-area fields"
https://www.805shutters.com/book-consultation/,$[0].@graph[0].areaServed[7].name,Westlake Village,Explicitly approved Westlake Village; incorporated city is Los Angeles County
https://www.805shutters.com/book-consultation/,$[0].@graph[0].areaServed[14].name,Santa Clarita,"Outside-county mention; preserve page wording, correct service-area fields"
https://www.805shutters.com/book-consultation/,$[0].@graph[0].serviceArea.name,"Ventura County, North Los Angeles County, and Santa Clarita","Outside-county mention; preserve page wording, correct service-area fields"
https://www.805shutters.com/book-consultation/,$[0].@graph[0].hasOfferCatalog.itemListElement[0].itemOffered.areaServed,"Ventura County, North Los Angeles County, and Santa Clarita","Outside-county mention; preserve page wording, correct service-area fields"
https://www.805shutters.com/book-consultation/,$[0].@graph[0].hasOfferCatalog.itemListElement[1].itemOffered.areaServed,"Ventura County, North Los Angeles County, and Santa Clarita","Outside-county mention; preserve page wording, correct service-area fields"
https://www.805shutters.com/book-consultation/,$[0].@graph[0].hasOfferCatalog.itemListElement[2].itemOffered.areaServed,"Ventura County, North Los Angeles County, and Santa Clarita","Outside-county mention; preserve page wording, correct service-area fields"
https://www.805shutters.com/book-consultation/,$[0].@graph[0].hasOfferCatalog.itemListElement[3].itemOffered.areaServed,"Ventura County, North Los Angeles County, and Santa Clarita","Outside-county mention; preserve page wording, correct service-area fields"
https://www.805shutters.com/book-consultation/,$[0].@graph[0].hasOfferCatalog.itemListElement[4].itemOffered.areaServed,"Ventura County, North Los Angeles County, and Santa Clarita","Outside-county mention; preserve page wording, correct service-area fields"
https://www.805shutters.com/book-consultation/,$[1].@graph[1].areaServed[7].name,Westlake Village,Explicitly approved Westlake Village; incorporated city is Los Angeles County
https://www.805shutters.com/book-consultation/,$[1].@graph[1].areaServed[14].name,Santa Clarita,"Outside-county mention; preserve page wording, correct service-area fields"
https://www.805shutters.com/book-consultation/,$[1].@graph[2].mainEntity[2].acceptedAnswer.text,"805 Shutters serves Ventura County, North Los Angeles County, and Santa Clarita, including Camarillo, Thousand Oaks, Ventura, Oxnard, Simi Valley, Moorpark, Newbury Park, Westlake Village, and nearby communities.",Explicitly approved Westlake Village; incorporated city is Los Angeles County
https://www.805shutters.com/official/,$[0].@graph[0].contactPoint.areaServed[7].name,Westlake Village,Explicitly approved Westlake Village; incorporated city is Los Angeles County
https://www.805shutters.com/official/,$[0].@graph[0].contactPoint.areaServed[14].name,Santa Clarita,"Outside-county mention; preserve page wording, correct service-area fields"
https://www.805shutters.com/official/,$[0].@graph[0].areaServed[7].name,Westlake Village,Explicitly approved Westlake Village; incorporated city is Los Angeles County
https://www.805shutters.com/official/,$[0].@graph[0].areaServed[14].name,Santa Clarita,"Outside-county mention; preserve page wording, correct service-area fields"
https://www.805shutters.com/official/,$[0].@graph[0].serviceArea.name,"Ventura County, North Los Angeles County, and Santa Clarita","Outside-county mention; preserve page wording, correct service-area fields"
https://www.805shutters.com/official/,$[0].@graph[0].hasOfferCatalog.itemListElement[0].itemOffered.areaServed,"Ventura County, North Los Angeles County, and Santa Clarita","Outside-county mention; preserve page wording, correct service-area fields"
https://www.805shutters.com/official/,$[0].@graph[0].hasOfferCatalog.itemListElement[1].itemOffered.areaServed,"Ventura County, North Los Angeles County, and Santa Clarita","Outside-county mention; preserve page wording, correct service-area fields"
https://www.805shutters.com/official/,$[0].@graph[0].hasOfferCatalog.itemListElement[2].itemOffered.areaServed,"Ventura County, North Los Angeles County, and Santa Clarita","Outside-county mention; preserve page wording, correct service-area fields"
https://www.805shutters.com/official/,$[0].@graph[0].hasOfferCatalog.itemListElement[3].itemOffered.areaServed,"Ventura County, North Los Angeles County, and Santa Clarita","Outside-county mention; preserve page wording, correct service-area fields"
https://www.805shutters.com/official/,$[0].@graph[0].hasOfferCatalog.itemListElement[4].itemOffered.areaServed,"Ventura County, North Los Angeles County, and Santa Clarita","Outside-county mention; preserve page wording, correct service-area fields"
