page,json_path,exact_current_value
https://www.805shutters.com/,$[0].@graph[0].sameAs,"""https://www.bbb.org/us/ca/camarillo/profile/window-coverings/805-shutters-shades-blinds-1236-3001378"""
https://www.805shutters.com/,$[0].@graph[0].sameAs,"""https://www.mapquest.com/us/california/805-shutters-shades-blinds-378112738"""
https://www.805shutters.com/,$[0].@graph[0].sameAs,"""https://local.yahoo.com/info-225163327-805-shutters"""
https://www.805shutters.com/,$[0].@graph[0].sameAs,"""https://www.chamberofcommerce.com/business-directory/california/santa-rosa-valley/window-treatment-store/2026058550-805-shutters-shades-blinds"""
https://www.805shutters.com/,$[0].@graph[0].sameAs,"""https://www.2findlocal.com/b/15023840/805-shutters-shades-blinds-santa-rosa-valley-ca"""
https://www.805shutters.com/,$[0].@graph[0].description,"""805 Shutters is a family-owned local window treatment company serving Ventura County and nearby communities with more than 30 years of custom shutters, shades, blinds, commercial roller shades, and window covering experience."""
https://www.805shutters.com/,$[0].@graph[0].founder,"{""@type"": ""Person"", ""name"": ""Ken Hill""}"
https://www.805shutters.com/,$[0].@graph[0].owner,"{""@type"": ""Person"", ""name"": ""Ken Hill""}"
https://www.805shutters.com/,$[0].@graph[0].priceRange,"""$$"""
https://www.805shutters.com/,$[0].@graph[0].openingHoursSpecification,"[{""@type"": ""OpeningHoursSpecification"", ""closes"": ""18:00"", ""dayOfWeek"": [""Monday"", ""Tuesday"", ""Wednesday"", ""Thursday"", ""Friday"", ""Saturday""], ""opens"": ""08:00""}]"
https://www.805shutters.com/shutters/,$[0].@graph[0].sameAs,"""https://www.bbb.org/us/ca/camarillo/profile/window-coverings/805-shutters-shades-blinds-1236-3001378"""
https://www.805shutters.com/shutters/,$[0].@graph[0].sameAs,"""https://www.mapquest.com/us/california/805-shutters-shades-blinds-378112738"""
https://www.805shutters.com/shutters/,$[0].@graph[0].sameAs,"""https://local.yahoo.com/info-225163327-805-shutters"""
https://www.805shutters.com/shutters/,$[0].@graph[0].sameAs,"""https://www.chamberofcommerce.com/business-directory/california/santa-rosa-valley/window-treatment-store/2026058550-805-shutters-shades-blinds"""
https://www.805shutters.com/shutters/,$[0].@graph[0].sameAs,"""https://www.2findlocal.com/b/15023840/805-shutters-shades-blinds-santa-rosa-valley-ca"""
https://www.805shutters.com/shutters/,$[0].@graph[0].description,"""805 Shutters is a family-owned local window treatment company serving Ventura County and nearby communities with more than 30 years of custom shutters, shades, blinds, commercial roller shades, and window covering experience."""
https://www.805shutters.com/shutters/,$[0].@graph[0].founder,"{""@type"": ""Person"", ""name"": ""Ken Hill""}"
https://www.805shutters.com/shutters/,$[0].@graph[0].owner,"{""@type"": ""Person"", ""name"": ""Ken Hill""}"
https://www.805shutters.com/shutters/,$[0].@graph[0].priceRange,"""$$"""
https://www.805shutters.com/shutters/,$[0].@graph[0].openingHoursSpecification,"[{""@type"": ""OpeningHoursSpecification"", ""closes"": ""18:00"", ""dayOfWeek"": [""Monday"", ""Tuesday"", ""Wednesday"", ""Thursday"", ""Friday"", ""Saturday""], ""opens"": ""08:00""}]"
https://www.805shutters.com/shades/,$[0].@graph[0].sameAs,"""https://www.bbb.org/us/ca/camarillo/profile/window-coverings/805-shutters-shades-blinds-1236-3001378"""
https://www.805shutters.com/shades/,$[0].@graph[0].sameAs,"""https://www.mapquest.com/us/california/805-shutters-shades-blinds-378112738"""
https://www.805shutters.com/shades/,$[0].@graph[0].sameAs,"""https://local.yahoo.com/info-225163327-805-shutters"""
https://www.805shutters.com/shades/,$[0].@graph[0].sameAs,"""https://www.chamberofcommerce.com/business-directory/california/santa-rosa-valley/window-treatment-store/2026058550-805-shutters-shades-blinds"""
https://www.805shutters.com/shades/,$[0].@graph[0].sameAs,"""https://www.2findlocal.com/b/15023840/805-shutters-shades-blinds-santa-rosa-valley-ca"""
https://www.805shutters.com/shades/,$[0].@graph[0].description,"""805 Shutters is a family-owned local window treatment company serving Ventura County and nearby communities with more than 30 years of custom shutters, shades, blinds, commercial roller shades, and window covering experience."""
https://www.805shutters.com/shades/,$[0].@graph[0].founder,"{""@type"": ""Person"", ""name"": ""Ken Hill""}"
https://www.805shutters.com/shades/,$[0].@graph[0].owner,"{""@type"": ""Person"", ""name"": ""Ken Hill""}"
https://www.805shutters.com/shades/,$[0].@graph[0].priceRange,"""$$"""
https://www.805shutters.com/shades/,$[0].@graph[0].openingHoursSpecification,"[{""@type"": ""OpeningHoursSpecification"", ""closes"": ""18:00"", ""dayOfWeek"": [""Monday"", ""Tuesday"", ""Wednesday"", ""Thursday"", ""Friday"", ""Saturday""], ""opens"": ""08:00""}]"
https://www.805shutters.com/blinds/,$[0].@graph[0].sameAs,"""https://www.bbb.org/us/ca/camarillo/profile/window-coverings/805-shutters-shades-blinds-1236-3001378"""
https://www.805shutters.com/blinds/,$[0].@graph[0].sameAs,"""https://www.mapquest.com/us/california/805-shutters-shades-blinds-378112738"""
https://www.805shutters.com/blinds/,$[0].@graph[0].sameAs,"""https://local.yahoo.com/info-225163327-805-shutters"""
https://www.805shutters.com/blinds/,$[0].@graph[0].sameAs,"""https://www.chamberofcommerce.com/business-directory/california/santa-rosa-valley/window-treatment-store/2026058550-805-shutters-shades-blinds"""
https://www.805shutters.com/blinds/,$[0].@graph[0].sameAs,"""https://www.2findlocal.com/b/15023840/805-shutters-shades-blinds-santa-rosa-valley-ca"""
https://www.805shutters.com/blinds/,$[0].@graph[0].description,"""805 Shutters is a family-owned local window treatment company serving Ventura County and nearby communities with more than 30 years of custom shutters, shades, blinds, commercial roller shades, and window covering experience."""
https://www.805shutters.com/blinds/,$[0].@graph[0].founder,"{""@type"": ""Person"", ""name"": ""Ken Hill""}"
https://www.805shutters.com/blinds/,$[0].@graph[0].owner,"{""@type"": ""Person"", ""name"": ""Ken Hill""}"
https://www.805shutters.com/blinds/,$[0].@graph[0].priceRange,"""$$"""
https://www.805shutters.com/blinds/,$[0].@graph[0].openingHoursSpecification,"[{""@type"": ""OpeningHoursSpecification"", ""closes"": ""18:00"", ""dayOfWeek"": [""Monday"", ""Tuesday"", ""Wednesday"", ""Thursday"", ""Friday"", ""Saturday""], ""opens"": ""08:00""}]"
https://www.805shutters.com/drapery/,$[0].@graph[0].sameAs,"""https://www.bbb.org/us/ca/camarillo/profile/window-coverings/805-shutters-shades-blinds-1236-3001378"""
https://www.805shutters.com/drapery/,$[0].@graph[0].sameAs,"""https://www.mapquest.com/us/california/805-shutters-shades-blinds-378112738"""
https://www.805shutters.com/drapery/,$[0].@graph[0].sameAs,"""https://local.yahoo.com/info-225163327-805-shutters"""
https://www.805shutters.com/drapery/,$[0].@graph[0].sameAs,"""https://www.chamberofcommerce.com/business-directory/california/santa-rosa-valley/window-treatment-store/2026058550-805-shutters-shades-blinds"""
https://www.805shutters.com/drapery/,$[0].@graph[0].sameAs,"""https://www.2findlocal.com/b/15023840/805-shutters-shades-blinds-santa-rosa-valley-ca"""
https://www.805shutters.com/drapery/,$[0].@graph[0].description,"""805 Shutters is a family-owned local window treatment company serving Ventura County and nearby communities with more than 30 years of custom shutters, shades, blinds, commercial roller shades, and window covering experience."""
https://www.805shutters.com/drapery/,$[0].@graph[0].founder,"{""@type"": ""Person"", ""name"": ""Ken Hill""}"
https://www.805shutters.com/drapery/,$[0].@graph[0].owner,"{""@type"": ""Person"", ""name"": ""Ken Hill""}"
https://www.805shutters.com/drapery/,$[0].@graph[0].priceRange,"""$$"""
https://www.805shutters.com/drapery/,$[0].@graph[0].openingHoursSpecification,"[{""@type"": ""OpeningHoursSpecification"", ""closes"": ""18:00"", ""dayOfWeek"": [""Monday"", ""Tuesday"", ""Wednesday"", ""Thursday"", ""Friday"", ""Saturday""], ""opens"": ""08:00""}]"
https://www.805shutters.com/exterior-shades/,$[0].@graph[0].sameAs,"""https://www.bbb.org/us/ca/camarillo/profile/window-coverings/805-shutters-shades-blinds-1236-3001378"""
https://www.805shutters.com/exterior-shades/,$[0].@graph[0].sameAs,"""https://www.mapquest.com/us/california/805-shutters-shades-blinds-378112738"""
https://www.805shutters.com/exterior-shades/,$[0].@graph[0].sameAs,"""https://local.yahoo.com/info-225163327-805-shutters"""
https://www.805shutters.com/exterior-shades/,$[0].@graph[0].sameAs,"""https://www.chamberofcommerce.com/business-directory/california/santa-rosa-valley/window-treatment-store/2026058550-805-shutters-shades-blinds"""
https://www.805shutters.com/exterior-shades/,$[0].@graph[0].sameAs,"""https://www.2findlocal.com/b/15023840/805-shutters-shades-blinds-santa-rosa-valley-ca"""
https://www.805shutters.com/exterior-shades/,$[0].@graph[0].description,"""805 Shutters is a family-owned local window treatment company serving Ventura County and nearby communities with more than 30 years of custom shutters, shades, blinds, commercial roller shades, and window covering experience."""
https://www.805shutters.com/exterior-shades/,$[0].@graph[0].founder,"{""@type"": ""Person"", ""name"": ""Ken Hill""}"
https://www.805shutters.com/exterior-shades/,$[0].@graph[0].owner,"{""@type"": ""Person"", ""name"": ""Ken Hill""}"
https://www.805shutters.com/exterior-shades/,$[0].@graph[0].priceRange,"""$$"""
https://www.805shutters.com/exterior-shades/,$[0].@graph[0].openingHoursSpecification,"[{""@type"": ""OpeningHoursSpecification"", ""closes"": ""18:00"", ""dayOfWeek"": [""Monday"", ""Tuesday"", ""Wednesday"", ""Thursday"", ""Friday"", ""Saturday""], ""opens"": ""08:00""}]"
https://www.805shutters.com/window-treatments/,$[0].@graph[0].sameAs,"""https://www.bbb.org/us/ca/camarillo/profile/window-coverings/805-shutters-shades-blinds-1236-3001378"""
https://www.805shutters.com/window-treatments/,$[0].@graph[0].sameAs,"""https://www.mapquest.com/us/california/805-shutters-shades-blinds-378112738"""
https://www.805shutters.com/window-treatments/,$[0].@graph[0].sameAs,"""https://local.yahoo.com/info-225163327-805-shutters"""
https://www.805shutters.com/window-treatments/,$[0].@graph[0].sameAs,"""https://www.chamberofcommerce.com/business-directory/california/santa-rosa-valley/window-treatment-store/2026058550-805-shutters-shades-blinds"""
https://www.805shutters.com/window-treatments/,$[0].@graph[0].sameAs,"""https://www.2findlocal.com/b/15023840/805-shutters-shades-blinds-santa-rosa-valley-ca"""
https://www.805shutters.com/window-treatments/,$[0].@graph[0].description,"""805 Shutters is a family-owned local window treatment company serving Ventura County and nearby communities with more than 30 years of custom shutters, shades, blinds, commercial roller shades, and window covering experience."""
https://www.805shutters.com/window-treatments/,$[0].@graph[0].founder,"{""@type"": ""Person"", ""name"": ""Ken Hill""}"
https://www.805shutters.com/window-treatments/,$[0].@graph[0].owner,"{""@type"": ""Person"", ""name"": ""Ken Hill""}"
https://www.805shutters.com/window-treatments/,$[0].@graph[0].priceRange,"""$$"""
https://www.805shutters.com/window-treatments/,$[0].@graph[0].openingHoursSpecification,"[{""@type"": ""OpeningHoursSpecification"", ""closes"": ""18:00"", ""dayOfWeek"": [""Monday"", ""Tuesday"", ""Wednesday"", ""Thursday"", ""Friday"", ""Saturday""], ""opens"": ""08:00""}]"
https://www.805shutters.com/window-coverings/,$[0].@graph[0].sameAs,"""https://www.bbb.org/us/ca/camarillo/profile/window-coverings/805-shutters-shades-blinds-1236-3001378"""
https://www.805shutters.com/window-coverings/,$[0].@graph[0].sameAs,"""https://www.mapquest.com/us/california/805-shutters-shades-blinds-378112738"""
https://www.805shutters.com/window-coverings/,$[0].@graph[0].sameAs,"""https://local.yahoo.com/info-225163327-805-shutters"""
https://www.805shutters.com/window-coverings/,$[0].@graph[0].sameAs,"""https://www.chamberofcommerce.com/business-directory/california/santa-rosa-valley/window-treatment-store/2026058550-805-shutters-shades-blinds"""
https://www.805shutters.com/window-coverings/,$[0].@graph[0].sameAs,"""https://www.2findlocal.com/b/15023840/805-shutters-shades-blinds-santa-rosa-valley-ca"""
https://www.805shutters.com/window-coverings/,$[0].@graph[0].description,"""805 Shutters is a family-owned local window treatment company serving Ventura County and nearby communities with more than 30 years of custom shutters, shades, blinds, commercial roller shades, and window covering experience."""
https://www.805shutters.com/window-coverings/,$[0].@graph[0].founder,"{""@type"": ""Person"", ""name"": ""Ken Hill""}"
https://www.805shutters.com/window-coverings/,$[0].@graph[0].owner,"{""@type"": ""Person"", ""name"": ""Ken Hill""}"
https://www.805shutters.com/window-coverings/,$[0].@graph[0].priceRange,"""$$"""
https://www.805shutters.com/window-coverings/,$[0].@graph[0].openingHoursSpecification,"[{""@type"": ""OpeningHoursSpecification"", ""closes"": ""18:00"", ""dayOfWeek"": [""Monday"", ""Tuesday"", ""Wednesday"", ""Thursday"", ""Friday"", ""Saturday""], ""opens"": ""08:00""}]"
https://www.805shutters.com/commercial-window-coverings/,$[0].@graph[0].sameAs,"""https://www.bbb.org/us/ca/camarillo/profile/window-coverings/805-shutters-shades-blinds-1236-3001378"""
https://www.805shutters.com/commercial-window-coverings/,$[0].@graph[0].sameAs,"""https://www.mapquest.com/us/california/805-shutters-shades-blinds-378112738"""
https://www.805shutters.com/commercial-window-coverings/,$[0].@graph[0].sameAs,"""https://local.yahoo.com/info-225163327-805-shutters"""
https://www.805shutters.com/commercial-window-coverings/,$[0].@graph[0].sameAs,"""https://www.chamberofcommerce.com/business-directory/california/santa-rosa-valley/window-treatment-store/2026058550-805-shutters-shades-blinds"""
https://www.805shutters.com/commercial-window-coverings/,$[0].@graph[0].sameAs,"""https://www.2findlocal.com/b/15023840/805-shutters-shades-blinds-santa-rosa-valley-ca"""
https://www.805shutters.com/commercial-window-coverings/,$[0].@graph[0].description,"""805 Shutters is a family-owned local window treatment company serving Ventura County and nearby communities with more than 30 years of custom shutters, shades, blinds, commercial roller shades, and window covering experience."""
https://www.805shutters.com/commercial-window-coverings/,$[0].@graph[0].founder,"{""@type"": ""Person"", ""name"": ""Ken Hill""}"
https://www.805shutters.com/commercial-window-coverings/,$[0].@graph[0].owner,"{""@type"": ""Person"", ""name"": ""Ken Hill""}"
https://www.805shutters.com/commercial-window-coverings/,$[0].@graph[0].priceRange,"""$$"""
https://www.805shutters.com/commercial-window-coverings/,$[0].@graph[0].openingHoursSpecification,"[{""@type"": ""OpeningHoursSpecification"", ""closes"": ""18:00"", ""dayOfWeek"": [""Monday"", ""Tuesday"", ""Wednesday"", ""Thursday"", ""Friday"", ""Saturday""], ""opens"": ""08:00""}]"
https://www.805shutters.com/commercial-roller-shades/,$[0].@graph[0].sameAs,"""https://www.bbb.org/us/ca/camarillo/profile/window-coverings/805-shutters-shades-blinds-1236-3001378"""
https://www.805shutters.com/commercial-roller-shades/,$[0].@graph[0].sameAs,"""https://www.mapquest.com/us/california/805-shutters-shades-blinds-378112738"""
https://www.805shutters.com/commercial-roller-shades/,$[0].@graph[0].sameAs,"""https://local.yahoo.com/info-225163327-805-shutters"""
https://www.805shutters.com/commercial-roller-shades/,$[0].@graph[0].sameAs,"""https://www.chamberofcommerce.com/business-directory/california/santa-rosa-valley/window-treatment-store/2026058550-805-shutters-shades-blinds"""
https://www.805shutters.com/commercial-roller-shades/,$[0].@graph[0].sameAs,"""https://www.2findlocal.com/b/15023840/805-shutters-shades-blinds-santa-rosa-valley-ca"""
https://www.805shutters.com/commercial-roller-shades/,$[0].@graph[0].description,"""805 Shutters is a family-owned local window treatment company serving Ventura County and nearby communities with more than 30 years of custom shutters, shades, blinds, commercial roller shades, and window covering experience."""
https://www.805shutters.com/commercial-roller-shades/,$[0].@graph[0].founder,"{""@type"": ""Person"", ""name"": ""Ken Hill""}"
https://www.805shutters.com/commercial-roller-shades/,$[0].@graph[0].owner,"{""@type"": ""Person"", ""name"": ""Ken Hill""}"
https://www.805shutters.com/commercial-roller-shades/,$[0].@graph[0].priceRange,"""$$"""
https://www.805shutters.com/commercial-roller-shades/,$[0].@graph[0].openingHoursSpecification,"[{""@type"": ""OpeningHoursSpecification"", ""closes"": ""18:00"", ""dayOfWeek"": [""Monday"", ""Tuesday"", ""Wednesday"", ""Thursday"", ""Friday"", ""Saturday""], ""opens"": ""08:00""}]"
https://www.805shutters.com/about/,$[0].@graph[0].sameAs,"""https://www.bbb.org/us/ca/camarillo/profile/window-coverings/805-shutters-shades-blinds-1236-3001378"""
https://www.805shutters.com/about/,$[0].@graph[0].sameAs,"""https://www.mapquest.com/us/california/805-shutters-shades-blinds-378112738"""
https://www.805shutters.com/about/,$[0].@graph[0].sameAs,"""https://local.yahoo.com/info-225163327-805-shutters"""
https://www.805shutters.com/about/,$[0].@graph[0].sameAs,"""https://www.chamberofcommerce.com/business-directory/california/santa-rosa-valley/window-treatment-store/2026058550-805-shutters-shades-blinds"""
https://www.805shutters.com/about/,$[0].@graph[0].sameAs,"""https://www.2findlocal.com/b/15023840/805-shutters-shades-blinds-santa-rosa-valley-ca"""
https://www.805shutters.com/about/,$[0].@graph[0].description,"""805 Shutters is a family-owned local window treatment company serving Ventura County and nearby communities with more than 30 years of custom shutters, shades, blinds, commercial roller shades, and window covering experience."""
https://www.805shutters.com/about/,$[0].@graph[0].founder,"{""@type"": ""Person"", ""name"": ""Ken Hill""}"
https://www.805shutters.com/about/,$[0].@graph[0].owner,"{""@type"": ""Person"", ""name"": ""Ken Hill""}"
https://www.805shutters.com/about/,$[0].@graph[0].priceRange,"""$$"""
https://www.805shutters.com/about/,$[0].@graph[0].openingHoursSpecification,"[{""@type"": ""OpeningHoursSpecification"", ""closes"": ""18:00"", ""dayOfWeek"": [""Monday"", ""Tuesday"", ""Wednesday"", ""Thursday"", ""Friday"", ""Saturday""], ""opens"": ""08:00""}]"
https://www.805shutters.com/contact/,$[0].@graph[0].sameAs,"""https://www.bbb.org/us/ca/camarillo/profile/window-coverings/805-shutters-shades-blinds-1236-3001378"""
https://www.805shutters.com/contact/,$[0].@graph[0].sameAs,"""https://www.mapquest.com/us/california/805-shutters-shades-blinds-378112738"""
https://www.805shutters.com/contact/,$[0].@graph[0].sameAs,"""https://local.yahoo.com/info-225163327-805-shutters"""
https://www.805shutters.com/contact/,$[0].@graph[0].sameAs,"""https://www.chamberofcommerce.com/business-directory/california/santa-rosa-valley/window-treatment-store/2026058550-805-shutters-shades-blinds"""
https://www.805shutters.com/contact/,$[0].@graph[0].sameAs,"""https://www.2findlocal.com/b/15023840/805-shutters-shades-blinds-santa-rosa-valley-ca"""
https://www.805shutters.com/contact/,$[0].@graph[0].description,"""805 Shutters is a family-owned local window treatment company serving Ventura County and nearby communities with more than 30 years of custom shutters, shades, blinds, commercial roller shades, and window covering experience."""
https://www.805shutters.com/contact/,$[0].@graph[0].founder,"{""@type"": ""Person"", ""name"": ""Ken Hill""}"
https://www.805shutters.com/contact/,$[0].@graph[0].owner,"{""@type"": ""Person"", ""name"": ""Ken Hill""}"
https://www.805shutters.com/contact/,$[0].@graph[0].priceRange,"""$$"""
https://www.805shutters.com/contact/,$[0].@graph[0].openingHoursSpecification,"[{""@type"": ""OpeningHoursSpecification"", ""closes"": ""18:00"", ""dayOfWeek"": [""Monday"", ""Tuesday"", ""Wednesday"", ""Thursday"", ""Friday"", ""Saturday""], ""opens"": ""08:00""}]"
https://www.805shutters.com/free-window-treatment-consultation/,$[0].@graph[0].sameAs,"""https://www.bbb.org/us/ca/camarillo/profile/window-coverings/805-shutters-shades-blinds-1236-3001378"""
https://www.805shutters.com/free-window-treatment-consultation/,$[0].@graph[0].sameAs,"""https://www.mapquest.com/us/california/805-shutters-shades-blinds-378112738"""
https://www.805shutters.com/free-window-treatment-consultation/,$[0].@graph[0].sameAs,"""https://local.yahoo.com/info-225163327-805-shutters"""
https://www.805shutters.com/free-window-treatment-consultation/,$[0].@graph[0].sameAs,"""https://www.chamberofcommerce.com/business-directory/california/santa-rosa-valley/window-treatment-store/2026058550-805-shutters-shades-blinds"""
https://www.805shutters.com/free-window-treatment-consultation/,$[0].@graph[0].sameAs,"""https://www.2findlocal.com/b/15023840/805-shutters-shades-blinds-santa-rosa-valley-ca"""
https://www.805shutters.com/free-window-treatment-consultation/,$[0].@graph[0].description,"""805 Shutters is a family-owned local window treatment company serving Ventura County and nearby communities with more than 30 years of custom shutters, shades, blinds, commercial roller shades, and window covering experience."""
https://www.805shutters.com/free-window-treatment-consultation/,$[0].@graph[0].founder,"{""@type"": ""Person"", ""name"": ""Ken Hill""}"
https://www.805shutters.com/free-window-treatment-consultation/,$[0].@graph[0].owner,"{""@type"": ""Person"", ""name"": ""Ken Hill""}"
https://www.805shutters.com/free-window-treatment-consultation/,$[0].@graph[0].priceRange,"""$$"""
https://www.805shutters.com/free-window-treatment-consultation/,$[0].@graph[0].openingHoursSpecification,"[{""@type"": ""OpeningHoursSpecification"", ""closes"": ""18:00"", ""dayOfWeek"": [""Monday"", ""Tuesday"", ""Wednesday"", ""Thursday"", ""Friday"", ""Saturday""], ""opens"": ""08:00""}]"
https://www.805shutters.com/free-window-treatment-consultation/,$[1].@graph[1].offers.price,"""0"""
https://www.805shutters.com/financing/,$[0].@graph[0].sameAs,"""https://www.bbb.org/us/ca/camarillo/profile/window-coverings/805-shutters-shades-blinds-1236-3001378"""
https://www.805shutters.com/financing/,$[0].@graph[0].sameAs,"""https://www.mapquest.com/us/california/805-shutters-shades-blinds-378112738"""
https://www.805shutters.com/financing/,$[0].@graph[0].sameAs,"""https://local.yahoo.com/info-225163327-805-shutters"""
https://www.805shutters.com/financing/,$[0].@graph[0].sameAs,"""https://www.chamberofcommerce.com/business-directory/california/santa-rosa-valley/window-treatment-store/2026058550-805-shutters-shades-blinds"""
https://www.805shutters.com/financing/,$[0].@graph[0].sameAs,"""https://www.2findlocal.com/b/15023840/805-shutters-shades-blinds-santa-rosa-valley-ca"""
https://www.805shutters.com/financing/,$[0].@graph[0].description,"""805 Shutters is a family-owned local window treatment company serving Ventura County and nearby communities with more than 30 years of custom shutters, shades, blinds, commercial roller shades, and window covering experience."""
https://www.805shutters.com/financing/,$[0].@graph[0].founder,"{""@type"": ""Person"", ""name"": ""Ken Hill""}"
https://www.805shutters.com/financing/,$[0].@graph[0].owner,"{""@type"": ""Person"", ""name"": ""Ken Hill""}"
https://www.805shutters.com/financing/,$[0].@graph[0].priceRange,"""$$"""
https://www.805shutters.com/financing/,$[0].@graph[0].openingHoursSpecification,"[{""@type"": ""OpeningHoursSpecification"", ""closes"": ""18:00"", ""dayOfWeek"": [""Monday"", ""Tuesday"", ""Wednesday"", ""Thursday"", ""Friday"", ""Saturday""], ""opens"": ""08:00""}]"
https://www.805shutters.com/faq/,$[0].@graph[0].sameAs,"""https://www.bbb.org/us/ca/camarillo/profile/window-coverings/805-shutters-shades-blinds-1236-3001378"""
https://www.805shutters.com/faq/,$[0].@graph[0].sameAs,"""https://www.mapquest.com/us/california/805-shutters-shades-blinds-378112738"""
https://www.805shutters.com/faq/,$[0].@graph[0].sameAs,"""https://local.yahoo.com/info-225163327-805-shutters"""
https://www.805shutters.com/faq/,$[0].@graph[0].sameAs,"""https://www.chamberofcommerce.com/business-directory/california/santa-rosa-valley/window-treatment-store/2026058550-805-shutters-shades-blinds"""
https://www.805shutters.com/faq/,$[0].@graph[0].sameAs,"""https://www.2findlocal.com/b/15023840/805-shutters-shades-blinds-santa-rosa-valley-ca"""
https://www.805shutters.com/faq/,$[0].@graph[0].description,"""805 Shutters is a family-owned local window treatment company serving Ventura County and nearby communities with more than 30 years of custom shutters, shades, blinds, commercial roller shades, and window covering experience."""
https://www.805shutters.com/faq/,$[0].@graph[0].founder,"{""@type"": ""Person"", ""name"": ""Ken Hill""}"
https://www.805shutters.com/faq/,$[0].@graph[0].owner,"{""@type"": ""Person"", ""name"": ""Ken Hill""}"
https://www.805shutters.com/faq/,$[0].@graph[0].priceRange,"""$$"""
https://www.805shutters.com/faq/,$[0].@graph[0].openingHoursSpecification,"[{""@type"": ""OpeningHoursSpecification"", ""closes"": ""18:00"", ""dayOfWeek"": [""Monday"", ""Tuesday"", ""Wednesday"", ""Thursday"", ""Friday"", ""Saturday""], ""opens"": ""08:00""}]"
https://www.805shutters.com/gallery/,$[0].@graph[0].sameAs,"""https://www.bbb.org/us/ca/camarillo/profile/window-coverings/805-shutters-shades-blinds-1236-3001378"""
https://www.805shutters.com/gallery/,$[0].@graph[0].sameAs,"""https://www.mapquest.com/us/california/805-shutters-shades-blinds-378112738"""
https://www.805shutters.com/gallery/,$[0].@graph[0].sameAs,"""https://local.yahoo.com/info-225163327-805-shutters"""
https://www.805shutters.com/gallery/,$[0].@graph[0].sameAs,"""https://www.chamberofcommerce.com/business-directory/california/santa-rosa-valley/window-treatment-store/2026058550-805-shutters-shades-blinds"""
https://www.805shutters.com/gallery/,$[0].@graph[0].sameAs,"""https://www.2findlocal.com/b/15023840/805-shutters-shades-blinds-santa-rosa-valley-ca"""
https://www.805shutters.com/gallery/,$[0].@graph[0].description,"""805 Shutters is a family-owned local window treatment company serving Ventura County and nearby communities with more than 30 years of custom shutters, shades, blinds, commercial roller shades, and window covering experience."""
https://www.805shutters.com/gallery/,$[0].@graph[0].founder,"{""@type"": ""Person"", ""name"": ""Ken Hill""}"
https://www.805shutters.com/gallery/,$[0].@graph[0].owner,"{""@type"": ""Person"", ""name"": ""Ken Hill""}"
https://www.805shutters.com/gallery/,$[0].@graph[0].priceRange,"""$$"""
https://www.805shutters.com/gallery/,$[0].@graph[0].openingHoursSpecification,"[{""@type"": ""OpeningHoursSpecification"", ""closes"": ""18:00"", ""dayOfWeek"": [""Monday"", ""Tuesday"", ""Wednesday"", ""Thursday"", ""Friday"", ""Saturday""], ""opens"": ""08:00""}]"
https://www.805shutters.com/reviews/,$[0].@graph[0].sameAs,"""https://www.bbb.org/us/ca/camarillo/profile/window-coverings/805-shutters-shades-blinds-1236-3001378"""
https://www.805shutters.com/reviews/,$[0].@graph[0].sameAs,"""https://www.mapquest.com/us/california/805-shutters-shades-blinds-378112738"""
https://www.805shutters.com/reviews/,$[0].@graph[0].sameAs,"""https://local.yahoo.com/info-225163327-805-shutters"""
https://www.805shutters.com/reviews/,$[0].@graph[0].sameAs,"""https://www.chamberofcommerce.com/business-directory/california/santa-rosa-valley/window-treatment-store/2026058550-805-shutters-shades-blinds"""
https://www.805shutters.com/reviews/,$[0].@graph[0].sameAs,"""https://www.2findlocal.com/b/15023840/805-shutters-shades-blinds-santa-rosa-valley-ca"""
https://www.805shutters.com/reviews/,$[0].@graph[0].description,"""805 Shutters is a family-owned local window treatment company serving Ventura County and nearby communities with more than 30 years of custom shutters, shades, blinds, commercial roller shades, and window covering experience."""
https://www.805shutters.com/reviews/,$[0].@graph[0].founder,"{""@type"": ""Person"", ""name"": ""Ken Hill""}"
https://www.805shutters.com/reviews/,$[0].@graph[0].owner,"{""@type"": ""Person"", ""name"": ""Ken Hill""}"
https://www.805shutters.com/reviews/,$[0].@graph[0].priceRange,"""$$"""
https://www.805shutters.com/reviews/,$[0].@graph[0].openingHoursSpecification,"[{""@type"": ""OpeningHoursSpecification"", ""closes"": ""18:00"", ""dayOfWeek"": [""Monday"", ""Tuesday"", ""Wednesday"", ""Thursday"", ""Friday"", ""Saturday""], ""opens"": ""08:00""}]"
https://www.805shutters.com/recent-projects/,$[0].@graph[0].sameAs,"""https://www.bbb.org/us/ca/camarillo/profile/window-coverings/805-shutters-shades-blinds-1236-3001378"""
https://www.805shutters.com/recent-projects/,$[0].@graph[0].sameAs,"""https://www.mapquest.com/us/california/805-shutters-shades-blinds-378112738"""
https://www.805shutters.com/recent-projects/,$[0].@graph[0].sameAs,"""https://local.yahoo.com/info-225163327-805-shutters"""
https://www.805shutters.com/recent-projects/,$[0].@graph[0].sameAs,"""https://www.chamberofcommerce.com/business-directory/california/santa-rosa-valley/window-treatment-store/2026058550-805-shutters-shades-blinds"""
https://www.805shutters.com/recent-projects/,$[0].@graph[0].sameAs,"""https://www.2findlocal.com/b/15023840/805-shutters-shades-blinds-santa-rosa-valley-ca"""
https://www.805shutters.com/recent-projects/,$[0].@graph[0].description,"""805 Shutters is a family-owned local window treatment company serving Ventura County and nearby communities with more than 30 years of custom shutters, shades, blinds, commercial roller shades, and window covering experience."""
https://www.805shutters.com/recent-projects/,$[0].@graph[0].founder,"{""@type"": ""Person"", ""name"": ""Ken Hill""}"
https://www.805shutters.com/recent-projects/,$[0].@graph[0].owner,"{""@type"": ""Person"", ""name"": ""Ken Hill""}"
https://www.805shutters.com/recent-projects/,$[0].@graph[0].priceRange,"""$$"""
https://www.805shutters.com/recent-projects/,$[0].@graph[0].openingHoursSpecification,"[{""@type"": ""OpeningHoursSpecification"", ""closes"": ""18:00"", ""dayOfWeek"": [""Monday"", ""Tuesday"", ""Wednesday"", ""Thursday"", ""Friday"", ""Saturday""], ""opens"": ""08:00""}]"
https://www.805shutters.com/shutters/camarillo/,$[0].@graph[0].sameAs,"""https://www.bbb.org/us/ca/camarillo/profile/window-coverings/805-shutters-shades-blinds-1236-3001378"""
https://www.805shutters.com/shutters/camarillo/,$[0].@graph[0].sameAs,"""https://www.mapquest.com/us/california/805-shutters-shades-blinds-378112738"""
https://www.805shutters.com/shutters/camarillo/,$[0].@graph[0].sameAs,"""https://local.yahoo.com/info-225163327-805-shutters"""
https://www.805shutters.com/shutters/camarillo/,$[0].@graph[0].sameAs,"""https://www.chamberofcommerce.com/business-directory/california/santa-rosa-valley/window-treatment-store/2026058550-805-shutters-shades-blinds"""
https://www.805shutters.com/shutters/camarillo/,$[0].@graph[0].sameAs,"""https://www.2findlocal.com/b/15023840/805-shutters-shades-blinds-santa-rosa-valley-ca"""
https://www.805shutters.com/shutters/camarillo/,$[0].@graph[0].description,"""805 Shutters is a family-owned local window treatment company serving Ventura County and nearby communities with more than 30 years of custom shutters, shades, blinds, commercial roller shades, and window covering experience."""
https://www.805shutters.com/shutters/camarillo/,$[0].@graph[0].founder,"{""@type"": ""Person"", ""name"": ""Ken Hill""}"
https://www.805shutters.com/shutters/camarillo/,$[0].@graph[0].owner,"{""@type"": ""Person"", ""name"": ""Ken Hill""}"
https://www.805shutters.com/shutters/camarillo/,$[0].@graph[0].priceRange,"""$$"""
https://www.805shutters.com/shutters/camarillo/,$[0].@graph[0].openingHoursSpecification,"[{""@type"": ""OpeningHoursSpecification"", ""closes"": ""18:00"", ""dayOfWeek"": [""Monday"", ""Tuesday"", ""Wednesday"", ""Thursday"", ""Friday"", ""Saturday""], ""opens"": ""08:00""}]"
https://www.805shutters.com/shutters/camarillo/,$[1].@graph[0].description,"""Custom shutters and plantation shutters for Camarillo homes. Family-owned Ventura County installer with free in-home consultation. Call 805-806-9344."""
https://www.805shutters.com/shutters/camarillo/,$[1].@graph[1].description,"""Custom shutters and plantation shutters for Camarillo homes. Family-owned Ventura County installer with free in-home consultation. Call 805-806-9344."""
https://www.805shutters.com/shades/camarillo-ca/,$[0].@graph[0].sameAs,"""https://www.bbb.org/us/ca/camarillo/profile/window-coverings/805-shutters-shades-blinds-1236-3001378"""
https://www.805shutters.com/shades/camarillo-ca/,$[0].@graph[0].sameAs,"""https://www.mapquest.com/us/california/805-shutters-shades-blinds-378112738"""
https://www.805shutters.com/shades/camarillo-ca/,$[0].@graph[0].sameAs,"""https://local.yahoo.com/info-225163327-805-shutters"""
https://www.805shutters.com/shades/camarillo-ca/,$[0].@graph[0].sameAs,"""https://www.chamberofcommerce.com/business-directory/california/santa-rosa-valley/window-treatment-store/2026058550-805-shutters-shades-blinds"""
https://www.805shutters.com/shades/camarillo-ca/,$[0].@graph[0].sameAs,"""https://www.2findlocal.com/b/15023840/805-shutters-shades-blinds-santa-rosa-valley-ca"""
https://www.805shutters.com/shades/camarillo-ca/,$[0].@graph[0].description,"""805 Shutters is a family-owned local window treatment company serving Ventura County and nearby communities with more than 30 years of custom shutters, shades, blinds, commercial roller shades, and window covering experience."""
https://www.805shutters.com/shades/camarillo-ca/,$[0].@graph[0].founder,"{""@type"": ""Person"", ""name"": ""Ken Hill""}"
https://www.805shutters.com/shades/camarillo-ca/,$[0].@graph[0].owner,"{""@type"": ""Person"", ""name"": ""Ken Hill""}"
https://www.805shutters.com/shades/camarillo-ca/,$[0].@graph[0].priceRange,"""$$"""
https://www.805shutters.com/shades/camarillo-ca/,$[0].@graph[0].openingHoursSpecification,"[{""@type"": ""OpeningHoursSpecification"", ""closes"": ""18:00"", ""dayOfWeek"": [""Monday"", ""Tuesday"", ""Wednesday"", ""Thursday"", ""Friday"", ""Saturday""], ""opens"": ""08:00""}]"
https://www.805shutters.com/blinds/camarillo-ca/,$[0].@graph[0].sameAs,"""https://www.bbb.org/us/ca/camarillo/profile/window-coverings/805-shutters-shades-blinds-1236-3001378"""
https://www.805shutters.com/blinds/camarillo-ca/,$[0].@graph[0].sameAs,"""https://www.mapquest.com/us/california/805-shutters-shades-blinds-378112738"""
https://www.805shutters.com/blinds/camarillo-ca/,$[0].@graph[0].sameAs,"""https://local.yahoo.com/info-225163327-805-shutters"""
https://www.805shutters.com/blinds/camarillo-ca/,$[0].@graph[0].sameAs,"""https://www.chamberofcommerce.com/business-directory/california/santa-rosa-valley/window-treatment-store/2026058550-805-shutters-shades-blinds"""
https://www.805shutters.com/blinds/camarillo-ca/,$[0].@graph[0].sameAs,"""https://www.2findlocal.com/b/15023840/805-shutters-shades-blinds-santa-rosa-valley-ca"""
https://www.805shutters.com/blinds/camarillo-ca/,$[0].@graph[0].description,"""805 Shutters is a family-owned local window treatment company serving Ventura County and nearby communities with more than 30 years of custom shutters, shades, blinds, commercial roller shades, and window covering experience."""
https://www.805shutters.com/blinds/camarillo-ca/,$[0].@graph[0].founder,"{""@type"": ""Person"", ""name"": ""Ken Hill""}"
https://www.805shutters.com/blinds/camarillo-ca/,$[0].@graph[0].owner,"{""@type"": ""Person"", ""name"": ""Ken Hill""}"
https://www.805shutters.com/blinds/camarillo-ca/,$[0].@graph[0].priceRange,"""$$"""
https://www.805shutters.com/blinds/camarillo-ca/,$[0].@graph[0].openingHoursSpecification,"[{""@type"": ""OpeningHoursSpecification"", ""closes"": ""18:00"", ""dayOfWeek"": [""Monday"", ""Tuesday"", ""Wednesday"", ""Thursday"", ""Friday"", ""Saturday""], ""opens"": ""08:00""}]"
https://www.805shutters.com/drapery/camarillo-ca/,$[0].@graph[0].sameAs,"""https://www.bbb.org/us/ca/camarillo/profile/window-coverings/805-shutters-shades-blinds-1236-3001378"""
https://www.805shutters.com/drapery/camarillo-ca/,$[0].@graph[0].sameAs,"""https://www.mapquest.com/us/california/805-shutters-shades-blinds-378112738"""
https://www.805shutters.com/drapery/camarillo-ca/,$[0].@graph[0].sameAs,"""https://local.yahoo.com/info-225163327-805-shutters"""
https://www.805shutters.com/drapery/camarillo-ca/,$[0].@graph[0].sameAs,"""https://www.chamberofcommerce.com/business-directory/california/santa-rosa-valley/window-treatment-store/2026058550-805-shutters-shades-blinds"""
https://www.805shutters.com/drapery/camarillo-ca/,$[0].@graph[0].sameAs,"""https://www.2findlocal.com/b/15023840/805-shutters-shades-blinds-santa-rosa-valley-ca"""
https://www.805shutters.com/drapery/camarillo-ca/,$[0].@graph[0].description,"""805 Shutters is a family-owned local window treatment company serving Ventura County and nearby communities with more than 30 years of custom shutters, shades, blinds, commercial roller shades, and window covering experience."""
https://www.805shutters.com/drapery/camarillo-ca/,$[0].@graph[0].founder,"{""@type"": ""Person"", ""name"": ""Ken Hill""}"
https://www.805shutters.com/drapery/camarillo-ca/,$[0].@graph[0].owner,"{""@type"": ""Person"", ""name"": ""Ken Hill""}"
https://www.805shutters.com/drapery/camarillo-ca/,$[0].@graph[0].priceRange,"""$$"""
https://www.805shutters.com/drapery/camarillo-ca/,$[0].@graph[0].openingHoursSpecification,"[{""@type"": ""OpeningHoursSpecification"", ""closes"": ""18:00"", ""dayOfWeek"": [""Monday"", ""Tuesday"", ""Wednesday"", ""Thursday"", ""Friday"", ""Saturday""], ""opens"": ""08:00""}]"
https://www.805shutters.com/window-coverings/camarillo-ca/,$[0].@graph[0].sameAs,"""https://www.bbb.org/us/ca/camarillo/profile/window-coverings/805-shutters-shades-blinds-1236-3001378"""
https://www.805shutters.com/window-coverings/camarillo-ca/,$[0].@graph[0].sameAs,"""https://www.mapquest.com/us/california/805-shutters-shades-blinds-378112738"""
https://www.805shutters.com/window-coverings/camarillo-ca/,$[0].@graph[0].sameAs,"""https://local.yahoo.com/info-225163327-805-shutters"""
https://www.805shutters.com/window-coverings/camarillo-ca/,$[0].@graph[0].sameAs,"""https://www.chamberofcommerce.com/business-directory/california/santa-rosa-valley/window-treatment-store/2026058550-805-shutters-shades-blinds"""
https://www.805shutters.com/window-coverings/camarillo-ca/,$[0].@graph[0].sameAs,"""https://www.2findlocal.com/b/15023840/805-shutters-shades-blinds-santa-rosa-valley-ca"""
https://www.805shutters.com/window-coverings/camarillo-ca/,$[0].@graph[0].description,"""805 Shutters is a family-owned local window treatment company serving Ventura County and nearby communities with more than 30 years of custom shutters, shades, blinds, commercial roller shades, and window covering experience."""
https://www.805shutters.com/window-coverings/camarillo-ca/,$[0].@graph[0].founder,"{""@type"": ""Person"", ""name"": ""Ken Hill""}"
https://www.805shutters.com/window-coverings/camarillo-ca/,$[0].@graph[0].owner,"{""@type"": ""Person"", ""name"": ""Ken Hill""}"
https://www.805shutters.com/window-coverings/camarillo-ca/,$[0].@graph[0].priceRange,"""$$"""
https://www.805shutters.com/window-coverings/camarillo-ca/,$[0].@graph[0].openingHoursSpecification,"[{""@type"": ""OpeningHoursSpecification"", ""closes"": ""18:00"", ""dayOfWeek"": [""Monday"", ""Tuesday"", ""Wednesday"", ""Thursday"", ""Friday"", ""Saturday""], ""opens"": ""08:00""}]"
https://www.805shutters.com/window-treatments/camarillo-ca/,$[0].@graph[0].sameAs,"""https://www.bbb.org/us/ca/camarillo/profile/window-coverings/805-shutters-shades-blinds-1236-3001378"""
https://www.805shutters.com/window-treatments/camarillo-ca/,$[0].@graph[0].sameAs,"""https://www.mapquest.com/us/california/805-shutters-shades-blinds-378112738"""
https://www.805shutters.com/window-treatments/camarillo-ca/,$[0].@graph[0].sameAs,"""https://local.yahoo.com/info-225163327-805-shutters"""
https://www.805shutters.com/window-treatments/camarillo-ca/,$[0].@graph[0].sameAs,"""https://www.chamberofcommerce.com/business-directory/california/santa-rosa-valley/window-treatment-store/2026058550-805-shutters-shades-blinds"""
https://www.805shutters.com/window-treatments/camarillo-ca/,$[0].@graph[0].sameAs,"""https://www.2findlocal.com/b/15023840/805-shutters-shades-blinds-santa-rosa-valley-ca"""
https://www.805shutters.com/window-treatments/camarillo-ca/,$[0].@graph[0].description,"""805 Shutters is a family-owned local window treatment company serving Ventura County and nearby communities with more than 30 years of custom shutters, shades, blinds, commercial roller shades, and window covering experience."""
https://www.805shutters.com/window-treatments/camarillo-ca/,$[0].@graph[0].founder,"{""@type"": ""Person"", ""name"": ""Ken Hill""}"
https://www.805shutters.com/window-treatments/camarillo-ca/,$[0].@graph[0].owner,"{""@type"": ""Person"", ""name"": ""Ken Hill""}"
https://www.805shutters.com/window-treatments/camarillo-ca/,$[0].@graph[0].priceRange,"""$$"""
https://www.805shutters.com/window-treatments/camarillo-ca/,$[0].@graph[0].openingHoursSpecification,"[{""@type"": ""OpeningHoursSpecification"", ""closes"": ""18:00"", ""dayOfWeek"": [""Monday"", ""Tuesday"", ""Wednesday"", ""Thursday"", ""Friday"", ""Saturday""], ""opens"": ""08:00""}]"
https://www.805shutters.com/shutters/fillmore/,$[0].@graph[0].sameAs,"""https://www.bbb.org/us/ca/camarillo/profile/window-coverings/805-shutters-shades-blinds-1236-3001378"""
https://www.805shutters.com/shutters/fillmore/,$[0].@graph[0].sameAs,"""https://www.mapquest.com/us/california/805-shutters-shades-blinds-378112738"""
https://www.805shutters.com/shutters/fillmore/,$[0].@graph[0].sameAs,"""https://local.yahoo.com/info-225163327-805-shutters"""
https://www.805shutters.com/shutters/fillmore/,$[0].@graph[0].sameAs,"""https://www.chamberofcommerce.com/business-directory/california/santa-rosa-valley/window-treatment-store/2026058550-805-shutters-shades-blinds"""
https://www.805shutters.com/shutters/fillmore/,$[0].@graph[0].sameAs,"""https://www.2findlocal.com/b/15023840/805-shutters-shades-blinds-santa-rosa-valley-ca"""
https://www.805shutters.com/shutters/fillmore/,$[0].@graph[0].description,"""805 Shutters is a family-owned local window treatment company serving Ventura County and nearby communities with more than 30 years of custom shutters, shades, blinds, commercial roller shades, and window covering experience."""
https://www.805shutters.com/shutters/fillmore/,$[0].@graph[0].founder,"{""@type"": ""Person"", ""name"": ""Ken Hill""}"
https://www.805shutters.com/shutters/fillmore/,$[0].@graph[0].owner,"{""@type"": ""Person"", ""name"": ""Ken Hill""}"
https://www.805shutters.com/shutters/fillmore/,$[0].@graph[0].priceRange,"""$$"""
https://www.805shutters.com/shutters/fillmore/,$[0].@graph[0].openingHoursSpecification,"[{""@type"": ""OpeningHoursSpecification"", ""closes"": ""18:00"", ""dayOfWeek"": [""Monday"", ""Tuesday"", ""Wednesday"", ""Thursday"", ""Friday"", ""Saturday""], ""opens"": ""08:00""}]"
https://www.805shutters.com/shades/fillmore-ca/,$[0].@graph[0].sameAs,"""https://www.bbb.org/us/ca/camarillo/profile/window-coverings/805-shutters-shades-blinds-1236-3001378"""
https://www.805shutters.com/shades/fillmore-ca/,$[0].@graph[0].sameAs,"""https://www.mapquest.com/us/california/805-shutters-shades-blinds-378112738"""
https://www.805shutters.com/shades/fillmore-ca/,$[0].@graph[0].sameAs,"""https://local.yahoo.com/info-225163327-805-shutters"""
https://www.805shutters.com/shades/fillmore-ca/,$[0].@graph[0].sameAs,"""https://www.chamberofcommerce.com/business-directory/california/santa-rosa-valley/window-treatment-store/2026058550-805-shutters-shades-blinds"""
https://www.805shutters.com/shades/fillmore-ca/,$[0].@graph[0].sameAs,"""https://www.2findlocal.com/b/15023840/805-shutters-shades-blinds-santa-rosa-valley-ca"""
https://www.805shutters.com/shades/fillmore-ca/,$[0].@graph[0].description,"""805 Shutters is a family-owned local window treatment company serving Ventura County and nearby communities with more than 30 years of custom shutters, shades, blinds, commercial roller shades, and window covering experience."""
https://www.805shutters.com/shades/fillmore-ca/,$[0].@graph[0].founder,"{""@type"": ""Person"", ""name"": ""Ken Hill""}"
https://www.805shutters.com/shades/fillmore-ca/,$[0].@graph[0].owner,"{""@type"": ""Person"", ""name"": ""Ken Hill""}"
https://www.805shutters.com/shades/fillmore-ca/,$[0].@graph[0].priceRange,"""$$"""
https://www.805shutters.com/shades/fillmore-ca/,$[0].@graph[0].openingHoursSpecification,"[{""@type"": ""OpeningHoursSpecification"", ""closes"": ""18:00"", ""dayOfWeek"": [""Monday"", ""Tuesday"", ""Wednesday"", ""Thursday"", ""Friday"", ""Saturday""], ""opens"": ""08:00""}]"
https://www.805shutters.com/blinds/fillmore-ca/,$[0].@graph[0].sameAs,"""https://www.bbb.org/us/ca/camarillo/profile/window-coverings/805-shutters-shades-blinds-1236-3001378"""
https://www.805shutters.com/blinds/fillmore-ca/,$[0].@graph[0].sameAs,"""https://www.mapquest.com/us/california/805-shutters-shades-blinds-378112738"""
https://www.805shutters.com/blinds/fillmore-ca/,$[0].@graph[0].sameAs,"""https://local.yahoo.com/info-225163327-805-shutters"""
https://www.805shutters.com/blinds/fillmore-ca/,$[0].@graph[0].sameAs,"""https://www.chamberofcommerce.com/business-directory/california/santa-rosa-valley/window-treatment-store/2026058550-805-shutters-shades-blinds"""
https://www.805shutters.com/blinds/fillmore-ca/,$[0].@graph[0].sameAs,"""https://www.2findlocal.com/b/15023840/805-shutters-shades-blinds-santa-rosa-valley-ca"""
https://www.805shutters.com/blinds/fillmore-ca/,$[0].@graph[0].description,"""805 Shutters is a family-owned local window treatment company serving Ventura County and nearby communities with more than 30 years of custom shutters, shades, blinds, commercial roller shades, and window covering experience."""
https://www.805shutters.com/blinds/fillmore-ca/,$[0].@graph[0].founder,"{""@type"": ""Person"", ""name"": ""Ken Hill""}"
https://www.805shutters.com/blinds/fillmore-ca/,$[0].@graph[0].owner,"{""@type"": ""Person"", ""name"": ""Ken Hill""}"
https://www.805shutters.com/blinds/fillmore-ca/,$[0].@graph[0].priceRange,"""$$"""
https://www.805shutters.com/blinds/fillmore-ca/,$[0].@graph[0].openingHoursSpecification,"[{""@type"": ""OpeningHoursSpecification"", ""closes"": ""18:00"", ""dayOfWeek"": [""Monday"", ""Tuesday"", ""Wednesday"", ""Thursday"", ""Friday"", ""Saturday""], ""opens"": ""08:00""}]"
https://www.805shutters.com/drapery/fillmore-ca/,$[0].@graph[0].sameAs,"""https://www.bbb.org/us/ca/camarillo/profile/window-coverings/805-shutters-shades-blinds-1236-3001378"""
https://www.805shutters.com/drapery/fillmore-ca/,$[0].@graph[0].sameAs,"""https://www.mapquest.com/us/california/805-shutters-shades-blinds-378112738"""
https://www.805shutters.com/drapery/fillmore-ca/,$[0].@graph[0].sameAs,"""https://local.yahoo.com/info-225163327-805-shutters"""
https://www.805shutters.com/drapery/fillmore-ca/,$[0].@graph[0].sameAs,"""https://www.chamberofcommerce.com/business-directory/california/santa-rosa-valley/window-treatment-store/2026058550-805-shutters-shades-blinds"""
https://www.805shutters.com/drapery/fillmore-ca/,$[0].@graph[0].sameAs,"""https://www.2findlocal.com/b/15023840/805-shutters-shades-blinds-santa-rosa-valley-ca"""
https://www.805shutters.com/drapery/fillmore-ca/,$[0].@graph[0].description,"""805 Shutters is a family-owned local window treatment company serving Ventura County and nearby communities with more than 30 years of custom shutters, shades, blinds, commercial roller shades, and window covering experience."""
https://www.805shutters.com/drapery/fillmore-ca/,$[0].@graph[0].founder,"{""@type"": ""Person"", ""name"": ""Ken Hill""}"
https://www.805shutters.com/drapery/fillmore-ca/,$[0].@graph[0].owner,"{""@type"": ""Person"", ""name"": ""Ken Hill""}"
https://www.805shutters.com/drapery/fillmore-ca/,$[0].@graph[0].priceRange,"""$$"""
https://www.805shutters.com/drapery/fillmore-ca/,$[0].@graph[0].openingHoursSpecification,"[{""@type"": ""OpeningHoursSpecification"", ""closes"": ""18:00"", ""dayOfWeek"": [""Monday"", ""Tuesday"", ""Wednesday"", ""Thursday"", ""Friday"", ""Saturday""], ""opens"": ""08:00""}]"
https://www.805shutters.com/window-coverings/fillmore-ca/,$[0].@graph[0].sameAs,"""https://www.bbb.org/us/ca/camarillo/profile/window-coverings/805-shutters-shades-blinds-1236-3001378"""
https://www.805shutters.com/window-coverings/fillmore-ca/,$[0].@graph[0].sameAs,"""https://www.mapquest.com/us/california/805-shutters-shades-blinds-378112738"""
https://www.805shutters.com/window-coverings/fillmore-ca/,$[0].@graph[0].sameAs,"""https://local.yahoo.com/info-225163327-805-shutters"""
https://www.805shutters.com/window-coverings/fillmore-ca/,$[0].@graph[0].sameAs,"""https://www.chamberofcommerce.com/business-directory/california/santa-rosa-valley/window-treatment-store/2026058550-805-shutters-shades-blinds"""
https://www.805shutters.com/window-coverings/fillmore-ca/,$[0].@graph[0].sameAs,"""https://www.2findlocal.com/b/15023840/805-shutters-shades-blinds-santa-rosa-valley-ca"""
https://www.805shutters.com/window-coverings/fillmore-ca/,$[0].@graph[0].description,"""805 Shutters is a family-owned local window treatment company serving Ventura County and nearby communities with more than 30 years of custom shutters, shades, blinds, commercial roller shades, and window covering experience."""
https://www.805shutters.com/window-coverings/fillmore-ca/,$[0].@graph[0].founder,"{""@type"": ""Person"", ""name"": ""Ken Hill""}"
https://www.805shutters.com/window-coverings/fillmore-ca/,$[0].@graph[0].owner,"{""@type"": ""Person"", ""name"": ""Ken Hill""}"
https://www.805shutters.com/window-coverings/fillmore-ca/,$[0].@graph[0].priceRange,"""$$"""
https://www.805shutters.com/window-coverings/fillmore-ca/,$[0].@graph[0].openingHoursSpecification,"[{""@type"": ""OpeningHoursSpecification"", ""closes"": ""18:00"", ""dayOfWeek"": [""Monday"", ""Tuesday"", ""Wednesday"", ""Thursday"", ""Friday"", ""Saturday""], ""opens"": ""08:00""}]"
https://www.805shutters.com/window-treatments/fillmore-ca/,$[0].@graph[0].sameAs,"""https://www.bbb.org/us/ca/camarillo/profile/window-coverings/805-shutters-shades-blinds-1236-3001378"""
https://www.805shutters.com/window-treatments/fillmore-ca/,$[0].@graph[0].sameAs,"""https://www.mapquest.com/us/california/805-shutters-shades-blinds-378112738"""
https://www.805shutters.com/window-treatments/fillmore-ca/,$[0].@graph[0].sameAs,"""https://local.yahoo.com/info-225163327-805-shutters"""
https://www.805shutters.com/window-treatments/fillmore-ca/,$[0].@graph[0].sameAs,"""https://www.chamberofcommerce.com/business-directory/california/santa-rosa-valley/window-treatment-store/2026058550-805-shutters-shades-blinds"""
https://www.805shutters.com/window-treatments/fillmore-ca/,$[0].@graph[0].sameAs,"""https://www.2findlocal.com/b/15023840/805-shutters-shades-blinds-santa-rosa-valley-ca"""
https://www.805shutters.com/window-treatments/fillmore-ca/,$[0].@graph[0].description,"""805 Shutters is a family-owned local window treatment company serving Ventura County and nearby communities with more than 30 years of custom shutters, shades, blinds, commercial roller shades, and window covering experience."""
https://www.805shutters.com/window-treatments/fillmore-ca/,$[0].@graph[0].founder,"{""@type"": ""Person"", ""name"": ""Ken Hill""}"
https://www.805shutters.com/window-treatments/fillmore-ca/,$[0].@graph[0].owner,"{""@type"": ""Person"", ""name"": ""Ken Hill""}"
https://www.805shutters.com/window-treatments/fillmore-ca/,$[0].@graph[0].priceRange,"""$$"""
https://www.805shutters.com/window-treatments/fillmore-ca/,$[0].@graph[0].openingHoursSpecification,"[{""@type"": ""OpeningHoursSpecification"", ""closes"": ""18:00"", ""dayOfWeek"": [""Monday"", ""Tuesday"", ""Wednesday"", ""Thursday"", ""Friday"", ""Saturday""], ""opens"": ""08:00""}]"
https://www.805shutters.com/shutters/moorpark/,$[0].@graph[0].sameAs,"""https://www.bbb.org/us/ca/camarillo/profile/window-coverings/805-shutters-shades-blinds-1236-3001378"""
https://www.805shutters.com/shutters/moorpark/,$[0].@graph[0].sameAs,"""https://www.mapquest.com/us/california/805-shutters-shades-blinds-378112738"""
https://www.805shutters.com/shutters/moorpark/,$[0].@graph[0].sameAs,"""https://local.yahoo.com/info-225163327-805-shutters"""
https://www.805shutters.com/shutters/moorpark/,$[0].@graph[0].sameAs,"""https://www.chamberofcommerce.com/business-directory/california/santa-rosa-valley/window-treatment-store/2026058550-805-shutters-shades-blinds"""
https://www.805shutters.com/shutters/moorpark/,$[0].@graph[0].sameAs,"""https://www.2findlocal.com/b/15023840/805-shutters-shades-blinds-santa-rosa-valley-ca"""
https://www.805shutters.com/shutters/moorpark/,$[0].@graph[0].description,"""805 Shutters is a family-owned local window treatment company serving Ventura County and nearby communities with more than 30 years of custom shutters, shades, blinds, commercial roller shades, and window covering experience."""
https://www.805shutters.com/shutters/moorpark/,$[0].@graph[0].founder,"{""@type"": ""Person"", ""name"": ""Ken Hill""}"
https://www.805shutters.com/shutters/moorpark/,$[0].@graph[0].owner,"{""@type"": ""Person"", ""name"": ""Ken Hill""}"
https://www.805shutters.com/shutters/moorpark/,$[0].@graph[0].priceRange,"""$$"""
https://www.805shutters.com/shutters/moorpark/,$[0].@graph[0].openingHoursSpecification,"[{""@type"": ""OpeningHoursSpecification"", ""closes"": ""18:00"", ""dayOfWeek"": [""Monday"", ""Tuesday"", ""Wednesday"", ""Thursday"", ""Friday"", ""Saturday""], ""opens"": ""08:00""}]"
https://www.805shutters.com/shades/moorpark-ca/,$[0].@graph[0].sameAs,"""https://www.bbb.org/us/ca/camarillo/profile/window-coverings/805-shutters-shades-blinds-1236-3001378"""
https://www.805shutters.com/shades/moorpark-ca/,$[0].@graph[0].sameAs,"""https://www.mapquest.com/us/california/805-shutters-shades-blinds-378112738"""
https://www.805shutters.com/shades/moorpark-ca/,$[0].@graph[0].sameAs,"""https://local.yahoo.com/info-225163327-805-shutters"""
https://www.805shutters.com/shades/moorpark-ca/,$[0].@graph[0].sameAs,"""https://www.chamberofcommerce.com/business-directory/california/santa-rosa-valley/window-treatment-store/2026058550-805-shutters-shades-blinds"""
https://www.805shutters.com/shades/moorpark-ca/,$[0].@graph[0].sameAs,"""https://www.2findlocal.com/b/15023840/805-shutters-shades-blinds-santa-rosa-valley-ca"""
https://www.805shutters.com/shades/moorpark-ca/,$[0].@graph[0].description,"""805 Shutters is a family-owned local window treatment company serving Ventura County and nearby communities with more than 30 years of custom shutters, shades, blinds, commercial roller shades, and window covering experience."""
https://www.805shutters.com/shades/moorpark-ca/,$[0].@graph[0].founder,"{""@type"": ""Person"", ""name"": ""Ken Hill""}"
https://www.805shutters.com/shades/moorpark-ca/,$[0].@graph[0].owner,"{""@type"": ""Person"", ""name"": ""Ken Hill""}"
https://www.805shutters.com/shades/moorpark-ca/,$[0].@graph[0].priceRange,"""$$"""
https://www.805shutters.com/shades/moorpark-ca/,$[0].@graph[0].openingHoursSpecification,"[{""@type"": ""OpeningHoursSpecification"", ""closes"": ""18:00"", ""dayOfWeek"": [""Monday"", ""Tuesday"", ""Wednesday"", ""Thursday"", ""Friday"", ""Saturday""], ""opens"": ""08:00""}]"
https://www.805shutters.com/blinds/moorpark-ca/,$[0].@graph[0].sameAs,"""https://www.bbb.org/us/ca/camarillo/profile/window-coverings/805-shutters-shades-blinds-1236-3001378"""
https://www.805shutters.com/blinds/moorpark-ca/,$[0].@graph[0].sameAs,"""https://www.mapquest.com/us/california/805-shutters-shades-blinds-378112738"""
https://www.805shutters.com/blinds/moorpark-ca/,$[0].@graph[0].sameAs,"""https://local.yahoo.com/info-225163327-805-shutters"""
https://www.805shutters.com/blinds/moorpark-ca/,$[0].@graph[0].sameAs,"""https://www.chamberofcommerce.com/business-directory/california/santa-rosa-valley/window-treatment-store/2026058550-805-shutters-shades-blinds"""
https://www.805shutters.com/blinds/moorpark-ca/,$[0].@graph[0].sameAs,"""https://www.2findlocal.com/b/15023840/805-shutters-shades-blinds-santa-rosa-valley-ca"""
https://www.805shutters.com/blinds/moorpark-ca/,$[0].@graph[0].description,"""805 Shutters is a family-owned local window treatment company serving Ventura County and nearby communities with more than 30 years of custom shutters, shades, blinds, commercial roller shades, and window covering experience."""
https://www.805shutters.com/blinds/moorpark-ca/,$[0].@graph[0].founder,"{""@type"": ""Person"", ""name"": ""Ken Hill""}"
https://www.805shutters.com/blinds/moorpark-ca/,$[0].@graph[0].owner,"{""@type"": ""Person"", ""name"": ""Ken Hill""}"
https://www.805shutters.com/blinds/moorpark-ca/,$[0].@graph[0].priceRange,"""$$"""
https://www.805shutters.com/blinds/moorpark-ca/,$[0].@graph[0].openingHoursSpecification,"[{""@type"": ""OpeningHoursSpecification"", ""closes"": ""18:00"", ""dayOfWeek"": [""Monday"", ""Tuesday"", ""Wednesday"", ""Thursday"", ""Friday"", ""Saturday""], ""opens"": ""08:00""}]"
https://www.805shutters.com/drapery/moorpark-ca/,$[0].@graph[0].sameAs,"""https://www.bbb.org/us/ca/camarillo/profile/window-coverings/805-shutters-shades-blinds-1236-3001378"""
https://www.805shutters.com/drapery/moorpark-ca/,$[0].@graph[0].sameAs,"""https://www.mapquest.com/us/california/805-shutters-shades-blinds-378112738"""
https://www.805shutters.com/drapery/moorpark-ca/,$[0].@graph[0].sameAs,"""https://local.yahoo.com/info-225163327-805-shutters"""
https://www.805shutters.com/drapery/moorpark-ca/,$[0].@graph[0].sameAs,"""https://www.chamberofcommerce.com/business-directory/california/santa-rosa-valley/window-treatment-store/2026058550-805-shutters-shades-blinds"""
https://www.805shutters.com/drapery/moorpark-ca/,$[0].@graph[0].sameAs,"""https://www.2findlocal.com/b/15023840/805-shutters-shades-blinds-santa-rosa-valley-ca"""
https://www.805shutters.com/drapery/moorpark-ca/,$[0].@graph[0].description,"""805 Shutters is a family-owned local window treatment company serving Ventura County and nearby communities with more than 30 years of custom shutters, shades, blinds, commercial roller shades, and window covering experience."""
https://www.805shutters.com/drapery/moorpark-ca/,$[0].@graph[0].founder,"{""@type"": ""Person"", ""name"": ""Ken Hill""}"
https://www.805shutters.com/drapery/moorpark-ca/,$[0].@graph[0].owner,"{""@type"": ""Person"", ""name"": ""Ken Hill""}"
https://www.805shutters.com/drapery/moorpark-ca/,$[0].@graph[0].priceRange,"""$$"""
https://www.805shutters.com/drapery/moorpark-ca/,$[0].@graph[0].openingHoursSpecification,"[{""@type"": ""OpeningHoursSpecification"", ""closes"": ""18:00"", ""dayOfWeek"": [""Monday"", ""Tuesday"", ""Wednesday"", ""Thursday"", ""Friday"", ""Saturday""], ""opens"": ""08:00""}]"
https://www.805shutters.com/window-coverings/moorpark-ca/,$[0].@graph[0].sameAs,"""https://www.bbb.org/us/ca/camarillo/profile/window-coverings/805-shutters-shades-blinds-1236-3001378"""
https://www.805shutters.com/window-coverings/moorpark-ca/,$[0].@graph[0].sameAs,"""https://www.mapquest.com/us/california/805-shutters-shades-blinds-378112738"""
https://www.805shutters.com/window-coverings/moorpark-ca/,$[0].@graph[0].sameAs,"""https://local.yahoo.com/info-225163327-805-shutters"""
https://www.805shutters.com/window-coverings/moorpark-ca/,$[0].@graph[0].sameAs,"""https://www.chamberofcommerce.com/business-directory/california/santa-rosa-valley/window-treatment-store/2026058550-805-shutters-shades-blinds"""
https://www.805shutters.com/window-coverings/moorpark-ca/,$[0].@graph[0].sameAs,"""https://www.2findlocal.com/b/15023840/805-shutters-shades-blinds-santa-rosa-valley-ca"""
https://www.805shutters.com/window-coverings/moorpark-ca/,$[0].@graph[0].description,"""805 Shutters is a family-owned local window treatment company serving Ventura County and nearby communities with more than 30 years of custom shutters, shades, blinds, commercial roller shades, and window covering experience."""
https://www.805shutters.com/window-coverings/moorpark-ca/,$[0].@graph[0].founder,"{""@type"": ""Person"", ""name"": ""Ken Hill""}"
https://www.805shutters.com/window-coverings/moorpark-ca/,$[0].@graph[0].owner,"{""@type"": ""Person"", ""name"": ""Ken Hill""}"
https://www.805shutters.com/window-coverings/moorpark-ca/,$[0].@graph[0].priceRange,"""$$"""
https://www.805shutters.com/window-coverings/moorpark-ca/,$[0].@graph[0].openingHoursSpecification,"[{""@type"": ""OpeningHoursSpecification"", ""closes"": ""18:00"", ""dayOfWeek"": [""Monday"", ""Tuesday"", ""Wednesday"", ""Thursday"", ""Friday"", ""Saturday""], ""opens"": ""08:00""}]"
https://www.805shutters.com/window-treatments/moorpark-ca/,$[0].@graph[0].sameAs,"""https://www.bbb.org/us/ca/camarillo/profile/window-coverings/805-shutters-shades-blinds-1236-3001378"""
https://www.805shutters.com/window-treatments/moorpark-ca/,$[0].@graph[0].sameAs,"""https://www.mapquest.com/us/california/805-shutters-shades-blinds-378112738"""
https://www.805shutters.com/window-treatments/moorpark-ca/,$[0].@graph[0].sameAs,"""https://local.yahoo.com/info-225163327-805-shutters"""
https://www.805shutters.com/window-treatments/moorpark-ca/,$[0].@graph[0].sameAs,"""https://www.chamberofcommerce.com/business-directory/california/santa-rosa-valley/window-treatment-store/2026058550-805-shutters-shades-blinds"""
https://www.805shutters.com/window-treatments/moorpark-ca/,$[0].@graph[0].sameAs,"""https://www.2findlocal.com/b/15023840/805-shutters-shades-blinds-santa-rosa-valley-ca"""
https://www.805shutters.com/window-treatments/moorpark-ca/,$[0].@graph[0].description,"""805 Shutters is a family-owned local window treatment company serving Ventura County and nearby communities with more than 30 years of custom shutters, shades, blinds, commercial roller shades, and window covering experience."""
https://www.805shutters.com/window-treatments/moorpark-ca/,$[0].@graph[0].founder,"{""@type"": ""Person"", ""name"": ""Ken Hill""}"
https://www.805shutters.com/window-treatments/moorpark-ca/,$[0].@graph[0].owner,"{""@type"": ""Person"", ""name"": ""Ken Hill""}"
https://www.805shutters.com/window-treatments/moorpark-ca/,$[0].@graph[0].priceRange,"""$$"""
https://www.805shutters.com/window-treatments/moorpark-ca/,$[0].@graph[0].openingHoursSpecification,"[{""@type"": ""OpeningHoursSpecification"", ""closes"": ""18:00"", ""dayOfWeek"": [""Monday"", ""Tuesday"", ""Wednesday"", ""Thursday"", ""Friday"", ""Saturday""], ""opens"": ""08:00""}]"
https://www.805shutters.com/shutters/newbury-park/,$[0].@graph[0].sameAs,"""https://www.bbb.org/us/ca/camarillo/profile/window-coverings/805-shutters-shades-blinds-1236-3001378"""
https://www.805shutters.com/shutters/newbury-park/,$[0].@graph[0].sameAs,"""https://www.mapquest.com/us/california/805-shutters-shades-blinds-378112738"""
https://www.805shutters.com/shutters/newbury-park/,$[0].@graph[0].sameAs,"""https://local.yahoo.com/info-225163327-805-shutters"""
https://www.805shutters.com/shutters/newbury-park/,$[0].@graph[0].sameAs,"""https://www.chamberofcommerce.com/business-directory/california/santa-rosa-valley/window-treatment-store/2026058550-805-shutters-shades-blinds"""
https://www.805shutters.com/shutters/newbury-park/,$[0].@graph[0].sameAs,"""https://www.2findlocal.com/b/15023840/805-shutters-shades-blinds-santa-rosa-valley-ca"""
https://www.805shutters.com/shutters/newbury-park/,$[0].@graph[0].description,"""805 Shutters is a family-owned local window treatment company serving Ventura County and nearby communities with more than 30 years of custom shutters, shades, blinds, commercial roller shades, and window covering experience."""
https://www.805shutters.com/shutters/newbury-park/,$[0].@graph[0].founder,"{""@type"": ""Person"", ""name"": ""Ken Hill""}"
https://www.805shutters.com/shutters/newbury-park/,$[0].@graph[0].owner,"{""@type"": ""Person"", ""name"": ""Ken Hill""}"
https://www.805shutters.com/shutters/newbury-park/,$[0].@graph[0].priceRange,"""$$"""
https://www.805shutters.com/shutters/newbury-park/,$[0].@graph[0].openingHoursSpecification,"[{""@type"": ""OpeningHoursSpecification"", ""closes"": ""18:00"", ""dayOfWeek"": [""Monday"", ""Tuesday"", ""Wednesday"", ""Thursday"", ""Friday"", ""Saturday""], ""opens"": ""08:00""}]"
https://www.805shutters.com/shades/newbury-park-ca/,$[0].@graph[0].sameAs,"""https://www.bbb.org/us/ca/camarillo/profile/window-coverings/805-shutters-shades-blinds-1236-3001378"""
https://www.805shutters.com/shades/newbury-park-ca/,$[0].@graph[0].sameAs,"""https://www.mapquest.com/us/california/805-shutters-shades-blinds-378112738"""
https://www.805shutters.com/shades/newbury-park-ca/,$[0].@graph[0].sameAs,"""https://local.yahoo.com/info-225163327-805-shutters"""
https://www.805shutters.com/shades/newbury-park-ca/,$[0].@graph[0].sameAs,"""https://www.chamberofcommerce.com/business-directory/california/santa-rosa-valley/window-treatment-store/2026058550-805-shutters-shades-blinds"""
https://www.805shutters.com/shades/newbury-park-ca/,$[0].@graph[0].sameAs,"""https://www.2findlocal.com/b/15023840/805-shutters-shades-blinds-santa-rosa-valley-ca"""
https://www.805shutters.com/shades/newbury-park-ca/,$[0].@graph[0].description,"""805 Shutters is a family-owned local window treatment company serving Ventura County and nearby communities with more than 30 years of custom shutters, shades, blinds, commercial roller shades, and window covering experience."""
https://www.805shutters.com/shades/newbury-park-ca/,$[0].@graph[0].founder,"{""@type"": ""Person"", ""name"": ""Ken Hill""}"
https://www.805shutters.com/shades/newbury-park-ca/,$[0].@graph[0].owner,"{""@type"": ""Person"", ""name"": ""Ken Hill""}"
https://www.805shutters.com/shades/newbury-park-ca/,$[0].@graph[0].priceRange,"""$$"""
https://www.805shutters.com/shades/newbury-park-ca/,$[0].@graph[0].openingHoursSpecification,"[{""@type"": ""OpeningHoursSpecification"", ""closes"": ""18:00"", ""dayOfWeek"": [""Monday"", ""Tuesday"", ""Wednesday"", ""Thursday"", ""Friday"", ""Saturday""], ""opens"": ""08:00""}]"
https://www.805shutters.com/blinds/newbury-park-ca/,$[0].@graph[0].sameAs,"""https://www.bbb.org/us/ca/camarillo/profile/window-coverings/805-shutters-shades-blinds-1236-3001378"""
https://www.805shutters.com/blinds/newbury-park-ca/,$[0].@graph[0].sameAs,"""https://www.mapquest.com/us/california/805-shutters-shades-blinds-378112738"""
https://www.805shutters.com/blinds/newbury-park-ca/,$[0].@graph[0].sameAs,"""https://local.yahoo.com/info-225163327-805-shutters"""
https://www.805shutters.com/blinds/newbury-park-ca/,$[0].@graph[0].sameAs,"""https://www.chamberofcommerce.com/business-directory/california/santa-rosa-valley/window-treatment-store/2026058550-805-shutters-shades-blinds"""
https://www.805shutters.com/blinds/newbury-park-ca/,$[0].@graph[0].sameAs,"""https://www.2findlocal.com/b/15023840/805-shutters-shades-blinds-santa-rosa-valley-ca"""
https://www.805shutters.com/blinds/newbury-park-ca/,$[0].@graph[0].description,"""805 Shutters is a family-owned local window treatment company serving Ventura County and nearby communities with more than 30 years of custom shutters, shades, blinds, commercial roller shades, and window covering experience."""
https://www.805shutters.com/blinds/newbury-park-ca/,$[0].@graph[0].founder,"{""@type"": ""Person"", ""name"": ""Ken Hill""}"
https://www.805shutters.com/blinds/newbury-park-ca/,$[0].@graph[0].owner,"{""@type"": ""Person"", ""name"": ""Ken Hill""}"
https://www.805shutters.com/blinds/newbury-park-ca/,$[0].@graph[0].priceRange,"""$$"""
https://www.805shutters.com/blinds/newbury-park-ca/,$[0].@graph[0].openingHoursSpecification,"[{""@type"": ""OpeningHoursSpecification"", ""closes"": ""18:00"", ""dayOfWeek"": [""Monday"", ""Tuesday"", ""Wednesday"", ""Thursday"", ""Friday"", ""Saturday""], ""opens"": ""08:00""}]"
https://www.805shutters.com/drapery/newbury-park-ca/,$[0].@graph[0].sameAs,"""https://www.bbb.org/us/ca/camarillo/profile/window-coverings/805-shutters-shades-blinds-1236-3001378"""
https://www.805shutters.com/drapery/newbury-park-ca/,$[0].@graph[0].sameAs,"""https://www.mapquest.com/us/california/805-shutters-shades-blinds-378112738"""
https://www.805shutters.com/drapery/newbury-park-ca/,$[0].@graph[0].sameAs,"""https://local.yahoo.com/info-225163327-805-shutters"""
https://www.805shutters.com/drapery/newbury-park-ca/,$[0].@graph[0].sameAs,"""https://www.chamberofcommerce.com/business-directory/california/santa-rosa-valley/window-treatment-store/2026058550-805-shutters-shades-blinds"""
https://www.805shutters.com/drapery/newbury-park-ca/,$[0].@graph[0].sameAs,"""https://www.2findlocal.com/b/15023840/805-shutters-shades-blinds-santa-rosa-valley-ca"""
https://www.805shutters.com/drapery/newbury-park-ca/,$[0].@graph[0].description,"""805 Shutters is a family-owned local window treatment company serving Ventura County and nearby communities with more than 30 years of custom shutters, shades, blinds, commercial roller shades, and window covering experience."""
https://www.805shutters.com/drapery/newbury-park-ca/,$[0].@graph[0].founder,"{""@type"": ""Person"", ""name"": ""Ken Hill""}"
https://www.805shutters.com/drapery/newbury-park-ca/,$[0].@graph[0].owner,"{""@type"": ""Person"", ""name"": ""Ken Hill""}"
https://www.805shutters.com/drapery/newbury-park-ca/,$[0].@graph[0].priceRange,"""$$"""
https://www.805shutters.com/drapery/newbury-park-ca/,$[0].@graph[0].openingHoursSpecification,"[{""@type"": ""OpeningHoursSpecification"", ""closes"": ""18:00"", ""dayOfWeek"": [""Monday"", ""Tuesday"", ""Wednesday"", ""Thursday"", ""Friday"", ""Saturday""], ""opens"": ""08:00""}]"
https://www.805shutters.com/window-coverings/newbury-park-ca/,$[0].@graph[0].sameAs,"""https://www.bbb.org/us/ca/camarillo/profile/window-coverings/805-shutters-shades-blinds-1236-3001378"""
https://www.805shutters.com/window-coverings/newbury-park-ca/,$[0].@graph[0].sameAs,"""https://www.mapquest.com/us/california/805-shutters-shades-blinds-378112738"""
https://www.805shutters.com/window-coverings/newbury-park-ca/,$[0].@graph[0].sameAs,"""https://local.yahoo.com/info-225163327-805-shutters"""
https://www.805shutters.com/window-coverings/newbury-park-ca/,$[0].@graph[0].sameAs,"""https://www.chamberofcommerce.com/business-directory/california/santa-rosa-valley/window-treatment-store/2026058550-805-shutters-shades-blinds"""
https://www.805shutters.com/window-coverings/newbury-park-ca/,$[0].@graph[0].sameAs,"""https://www.2findlocal.com/b/15023840/805-shutters-shades-blinds-santa-rosa-valley-ca"""
https://www.805shutters.com/window-coverings/newbury-park-ca/,$[0].@graph[0].description,"""805 Shutters is a family-owned local window treatment company serving Ventura County and nearby communities with more than 30 years of custom shutters, shades, blinds, commercial roller shades, and window covering experience."""
https://www.805shutters.com/window-coverings/newbury-park-ca/,$[0].@graph[0].founder,"{""@type"": ""Person"", ""name"": ""Ken Hill""}"
https://www.805shutters.com/window-coverings/newbury-park-ca/,$[0].@graph[0].owner,"{""@type"": ""Person"", ""name"": ""Ken Hill""}"
https://www.805shutters.com/window-coverings/newbury-park-ca/,$[0].@graph[0].priceRange,"""$$"""
https://www.805shutters.com/window-coverings/newbury-park-ca/,$[0].@graph[0].openingHoursSpecification,"[{""@type"": ""OpeningHoursSpecification"", ""closes"": ""18:00"", ""dayOfWeek"": [""Monday"", ""Tuesday"", ""Wednesday"", ""Thursday"", ""Friday"", ""Saturday""], ""opens"": ""08:00""}]"
https://www.805shutters.com/window-treatments/newbury-park-ca/,$[0].@graph[0].sameAs,"""https://www.bbb.org/us/ca/camarillo/profile/window-coverings/805-shutters-shades-blinds-1236-3001378"""
https://www.805shutters.com/window-treatments/newbury-park-ca/,$[0].@graph[0].sameAs,"""https://www.mapquest.com/us/california/805-shutters-shades-blinds-378112738"""
https://www.805shutters.com/window-treatments/newbury-park-ca/,$[0].@graph[0].sameAs,"""https://local.yahoo.com/info-225163327-805-shutters"""
https://www.805shutters.com/window-treatments/newbury-park-ca/,$[0].@graph[0].sameAs,"""https://www.chamberofcommerce.com/business-directory/california/santa-rosa-valley/window-treatment-store/2026058550-805-shutters-shades-blinds"""
https://www.805shutters.com/window-treatments/newbury-park-ca/,$[0].@graph[0].sameAs,"""https://www.2findlocal.com/b/15023840/805-shutters-shades-blinds-santa-rosa-valley-ca"""
https://www.805shutters.com/window-treatments/newbury-park-ca/,$[0].@graph[0].description,"""805 Shutters is a family-owned local window treatment company serving Ventura County and nearby communities with more than 30 years of custom shutters, shades, blinds, commercial roller shades, and window covering experience."""
https://www.805shutters.com/window-treatments/newbury-park-ca/,$[0].@graph[0].founder,"{""@type"": ""Person"", ""name"": ""Ken Hill""}"
https://www.805shutters.com/window-treatments/newbury-park-ca/,$[0].@graph[0].owner,"{""@type"": ""Person"", ""name"": ""Ken Hill""}"
https://www.805shutters.com/window-treatments/newbury-park-ca/,$[0].@graph[0].priceRange,"""$$"""
https://www.805shutters.com/window-treatments/newbury-park-ca/,$[0].@graph[0].openingHoursSpecification,"[{""@type"": ""OpeningHoursSpecification"", ""closes"": ""18:00"", ""dayOfWeek"": [""Monday"", ""Tuesday"", ""Wednesday"", ""Thursday"", ""Friday"", ""Saturday""], ""opens"": ""08:00""}]"
https://www.805shutters.com/shutters/oak-park/,$[0].@graph[0].sameAs,"""https://www.bbb.org/us/ca/camarillo/profile/window-coverings/805-shutters-shades-blinds-1236-3001378"""
https://www.805shutters.com/shutters/oak-park/,$[0].@graph[0].sameAs,"""https://www.mapquest.com/us/california/805-shutters-shades-blinds-378112738"""
https://www.805shutters.com/shutters/oak-park/,$[0].@graph[0].sameAs,"""https://local.yahoo.com/info-225163327-805-shutters"""
https://www.805shutters.com/shutters/oak-park/,$[0].@graph[0].sameAs,"""https://www.chamberofcommerce.com/business-directory/california/santa-rosa-valley/window-treatment-store/2026058550-805-shutters-shades-blinds"""
https://www.805shutters.com/shutters/oak-park/,$[0].@graph[0].sameAs,"""https://www.2findlocal.com/b/15023840/805-shutters-shades-blinds-santa-rosa-valley-ca"""
https://www.805shutters.com/shutters/oak-park/,$[0].@graph[0].description,"""805 Shutters is a family-owned local window treatment company serving Ventura County and nearby communities with more than 30 years of custom shutters, shades, blinds, commercial roller shades, and window covering experience."""
https://www.805shutters.com/shutters/oak-park/,$[0].@graph[0].founder,"{""@type"": ""Person"", ""name"": ""Ken Hill""}"
https://www.805shutters.com/shutters/oak-park/,$[0].@graph[0].owner,"{""@type"": ""Person"", ""name"": ""Ken Hill""}"
https://www.805shutters.com/shutters/oak-park/,$[0].@graph[0].priceRange,"""$$"""
https://www.805shutters.com/shutters/oak-park/,$[0].@graph[0].openingHoursSpecification,"[{""@type"": ""OpeningHoursSpecification"", ""closes"": ""18:00"", ""dayOfWeek"": [""Monday"", ""Tuesday"", ""Wednesday"", ""Thursday"", ""Friday"", ""Saturday""], ""opens"": ""08:00""}]"
https://www.805shutters.com/shades/oak-park-ca/,$[0].@graph[0].sameAs,"""https://www.bbb.org/us/ca/camarillo/profile/window-coverings/805-shutters-shades-blinds-1236-3001378"""
https://www.805shutters.com/shades/oak-park-ca/,$[0].@graph[0].sameAs,"""https://www.mapquest.com/us/california/805-shutters-shades-blinds-378112738"""
https://www.805shutters.com/shades/oak-park-ca/,$[0].@graph[0].sameAs,"""https://local.yahoo.com/info-225163327-805-shutters"""
https://www.805shutters.com/shades/oak-park-ca/,$[0].@graph[0].sameAs,"""https://www.chamberofcommerce.com/business-directory/california/santa-rosa-valley/window-treatment-store/2026058550-805-shutters-shades-blinds"""
https://www.805shutters.com/shades/oak-park-ca/,$[0].@graph[0].sameAs,"""https://www.2findlocal.com/b/15023840/805-shutters-shades-blinds-santa-rosa-valley-ca"""
https://www.805shutters.com/shades/oak-park-ca/,$[0].@graph[0].description,"""805 Shutters is a family-owned local window treatment company serving Ventura County and nearby communities with more than 30 years of custom shutters, shades, blinds, commercial roller shades, and window covering experience."""
https://www.805shutters.com/shades/oak-park-ca/,$[0].@graph[0].founder,"{""@type"": ""Person"", ""name"": ""Ken Hill""}"
https://www.805shutters.com/shades/oak-park-ca/,$[0].@graph[0].owner,"{""@type"": ""Person"", ""name"": ""Ken Hill""}"
https://www.805shutters.com/shades/oak-park-ca/,$[0].@graph[0].priceRange,"""$$"""
https://www.805shutters.com/shades/oak-park-ca/,$[0].@graph[0].openingHoursSpecification,"[{""@type"": ""OpeningHoursSpecification"", ""closes"": ""18:00"", ""dayOfWeek"": [""Monday"", ""Tuesday"", ""Wednesday"", ""Thursday"", ""Friday"", ""Saturday""], ""opens"": ""08:00""}]"
https://www.805shutters.com/blinds/oak-park-ca/,$[0].@graph[0].sameAs,"""https://www.bbb.org/us/ca/camarillo/profile/window-coverings/805-shutters-shades-blinds-1236-3001378"""
https://www.805shutters.com/blinds/oak-park-ca/,$[0].@graph[0].sameAs,"""https://www.mapquest.com/us/california/805-shutters-shades-blinds-378112738"""
https://www.805shutters.com/blinds/oak-park-ca/,$[0].@graph[0].sameAs,"""https://local.yahoo.com/info-225163327-805-shutters"""
https://www.805shutters.com/blinds/oak-park-ca/,$[0].@graph[0].sameAs,"""https://www.chamberofcommerce.com/business-directory/california/santa-rosa-valley/window-treatment-store/2026058550-805-shutters-shades-blinds"""
https://www.805shutters.com/blinds/oak-park-ca/,$[0].@graph[0].sameAs,"""https://www.2findlocal.com/b/15023840/805-shutters-shades-blinds-santa-rosa-valley-ca"""
https://www.805shutters.com/blinds/oak-park-ca/,$[0].@graph[0].description,"""805 Shutters is a family-owned local window treatment company serving Ventura County and nearby communities with more than 30 years of custom shutters, shades, blinds, commercial roller shades, and window covering experience."""
https://www.805shutters.com/blinds/oak-park-ca/,$[0].@graph[0].founder,"{""@type"": ""Person"", ""name"": ""Ken Hill""}"
https://www.805shutters.com/blinds/oak-park-ca/,$[0].@graph[0].owner,"{""@type"": ""Person"", ""name"": ""Ken Hill""}"
https://www.805shutters.com/blinds/oak-park-ca/,$[0].@graph[0].priceRange,"""$$"""
https://www.805shutters.com/blinds/oak-park-ca/,$[0].@graph[0].openingHoursSpecification,"[{""@type"": ""OpeningHoursSpecification"", ""closes"": ""18:00"", ""dayOfWeek"": [""Monday"", ""Tuesday"", ""Wednesday"", ""Thursday"", ""Friday"", ""Saturday""], ""opens"": ""08:00""}]"
https://www.805shutters.com/drapery/oak-park-ca/,$[0].@graph[0].sameAs,"""https://www.bbb.org/us/ca/camarillo/profile/window-coverings/805-shutters-shades-blinds-1236-3001378"""
https://www.805shutters.com/drapery/oak-park-ca/,$[0].@graph[0].sameAs,"""https://www.mapquest.com/us/california/805-shutters-shades-blinds-378112738"""
https://www.805shutters.com/drapery/oak-park-ca/,$[0].@graph[0].sameAs,"""https://local.yahoo.com/info-225163327-805-shutters"""
https://www.805shutters.com/drapery/oak-park-ca/,$[0].@graph[0].sameAs,"""https://www.chamberofcommerce.com/business-directory/california/santa-rosa-valley/window-treatment-store/2026058550-805-shutters-shades-blinds"""
https://www.805shutters.com/drapery/oak-park-ca/,$[0].@graph[0].sameAs,"""https://www.2findlocal.com/b/15023840/805-shutters-shades-blinds-santa-rosa-valley-ca"""
https://www.805shutters.com/drapery/oak-park-ca/,$[0].@graph[0].description,"""805 Shutters is a family-owned local window treatment company serving Ventura County and nearby communities with more than 30 years of custom shutters, shades, blinds, commercial roller shades, and window covering experience."""
https://www.805shutters.com/drapery/oak-park-ca/,$[0].@graph[0].founder,"{""@type"": ""Person"", ""name"": ""Ken Hill""}"
https://www.805shutters.com/drapery/oak-park-ca/,$[0].@graph[0].owner,"{""@type"": ""Person"", ""name"": ""Ken Hill""}"
https://www.805shutters.com/drapery/oak-park-ca/,$[0].@graph[0].priceRange,"""$$"""
https://www.805shutters.com/drapery/oak-park-ca/,$[0].@graph[0].openingHoursSpecification,"[{""@type"": ""OpeningHoursSpecification"", ""closes"": ""18:00"", ""dayOfWeek"": [""Monday"", ""Tuesday"", ""Wednesday"", ""Thursday"", ""Friday"", ""Saturday""], ""opens"": ""08:00""}]"
https://www.805shutters.com/window-coverings/oak-park-ca/,$[0].@graph[0].sameAs,"""https://www.bbb.org/us/ca/camarillo/profile/window-coverings/805-shutters-shades-blinds-1236-3001378"""
https://www.805shutters.com/window-coverings/oak-park-ca/,$[0].@graph[0].sameAs,"""https://www.mapquest.com/us/california/805-shutters-shades-blinds-378112738"""
https://www.805shutters.com/window-coverings/oak-park-ca/,$[0].@graph[0].sameAs,"""https://local.yahoo.com/info-225163327-805-shutters"""
https://www.805shutters.com/window-coverings/oak-park-ca/,$[0].@graph[0].sameAs,"""https://www.chamberofcommerce.com/business-directory/california/santa-rosa-valley/window-treatment-store/2026058550-805-shutters-shades-blinds"""
https://www.805shutters.com/window-coverings/oak-park-ca/,$[0].@graph[0].sameAs,"""https://www.2findlocal.com/b/15023840/805-shutters-shades-blinds-santa-rosa-valley-ca"""
https://www.805shutters.com/window-coverings/oak-park-ca/,$[0].@graph[0].description,"""805 Shutters is a family-owned local window treatment company serving Ventura County and nearby communities with more than 30 years of custom shutters, shades, blinds, commercial roller shades, and window covering experience."""
https://www.805shutters.com/window-coverings/oak-park-ca/,$[0].@graph[0].founder,"{""@type"": ""Person"", ""name"": ""Ken Hill""}"
https://www.805shutters.com/window-coverings/oak-park-ca/,$[0].@graph[0].owner,"{""@type"": ""Person"", ""name"": ""Ken Hill""}"
https://www.805shutters.com/window-coverings/oak-park-ca/,$[0].@graph[0].priceRange,"""$$"""
https://www.805shutters.com/window-coverings/oak-park-ca/,$[0].@graph[0].openingHoursSpecification,"[{""@type"": ""OpeningHoursSpecification"", ""closes"": ""18:00"", ""dayOfWeek"": [""Monday"", ""Tuesday"", ""Wednesday"", ""Thursday"", ""Friday"", ""Saturday""], ""opens"": ""08:00""}]"
https://www.805shutters.com/window-treatments/oak-park-ca/,$[0].@graph[0].sameAs,"""https://www.bbb.org/us/ca/camarillo/profile/window-coverings/805-shutters-shades-blinds-1236-3001378"""
https://www.805shutters.com/window-treatments/oak-park-ca/,$[0].@graph[0].sameAs,"""https://www.mapquest.com/us/california/805-shutters-shades-blinds-378112738"""
https://www.805shutters.com/window-treatments/oak-park-ca/,$[0].@graph[0].sameAs,"""https://local.yahoo.com/info-225163327-805-shutters"""
https://www.805shutters.com/window-treatments/oak-park-ca/,$[0].@graph[0].sameAs,"""https://www.chamberofcommerce.com/business-directory/california/santa-rosa-valley/window-treatment-store/2026058550-805-shutters-shades-blinds"""
https://www.805shutters.com/window-treatments/oak-park-ca/,$[0].@graph[0].sameAs,"""https://www.2findlocal.com/b/15023840/805-shutters-shades-blinds-santa-rosa-valley-ca"""
https://www.805shutters.com/window-treatments/oak-park-ca/,$[0].@graph[0].description,"""805 Shutters is a family-owned local window treatment company serving Ventura County and nearby communities with more than 30 years of custom shutters, shades, blinds, commercial roller shades, and window covering experience."""
https://www.805shutters.com/window-treatments/oak-park-ca/,$[0].@graph[0].founder,"{""@type"": ""Person"", ""name"": ""Ken Hill""}"
https://www.805shutters.com/window-treatments/oak-park-ca/,$[0].@graph[0].owner,"{""@type"": ""Person"", ""name"": ""Ken Hill""}"
https://www.805shutters.com/window-treatments/oak-park-ca/,$[0].@graph[0].priceRange,"""$$"""
https://www.805shutters.com/window-treatments/oak-park-ca/,$[0].@graph[0].openingHoursSpecification,"[{""@type"": ""OpeningHoursSpecification"", ""closes"": ""18:00"", ""dayOfWeek"": [""Monday"", ""Tuesday"", ""Wednesday"", ""Thursday"", ""Friday"", ""Saturday""], ""opens"": ""08:00""}]"
https://www.805shutters.com/shutters/ojai/,$[0].@graph[0].sameAs,"""https://www.bbb.org/us/ca/camarillo/profile/window-coverings/805-shutters-shades-blinds-1236-3001378"""
https://www.805shutters.com/shutters/ojai/,$[0].@graph[0].sameAs,"""https://www.mapquest.com/us/california/805-shutters-shades-blinds-378112738"""
https://www.805shutters.com/shutters/ojai/,$[0].@graph[0].sameAs,"""https://local.yahoo.com/info-225163327-805-shutters"""
https://www.805shutters.com/shutters/ojai/,$[0].@graph[0].sameAs,"""https://www.chamberofcommerce.com/business-directory/california/santa-rosa-valley/window-treatment-store/2026058550-805-shutters-shades-blinds"""
https://www.805shutters.com/shutters/ojai/,$[0].@graph[0].sameAs,"""https://www.2findlocal.com/b/15023840/805-shutters-shades-blinds-santa-rosa-valley-ca"""
https://www.805shutters.com/shutters/ojai/,$[0].@graph[0].description,"""805 Shutters is a family-owned local window treatment company serving Ventura County and nearby communities with more than 30 years of custom shutters, shades, blinds, commercial roller shades, and window covering experience."""
https://www.805shutters.com/shutters/ojai/,$[0].@graph[0].founder,"{""@type"": ""Person"", ""name"": ""Ken Hill""}"
https://www.805shutters.com/shutters/ojai/,$[0].@graph[0].owner,"{""@type"": ""Person"", ""name"": ""Ken Hill""}"
https://www.805shutters.com/shutters/ojai/,$[0].@graph[0].priceRange,"""$$"""
https://www.805shutters.com/shutters/ojai/,$[0].@graph[0].openingHoursSpecification,"[{""@type"": ""OpeningHoursSpecification"", ""closes"": ""18:00"", ""dayOfWeek"": [""Monday"", ""Tuesday"", ""Wednesday"", ""Thursday"", ""Friday"", ""Saturday""], ""opens"": ""08:00""}]"
https://www.805shutters.com/shades/ojai-ca/,$[0].@graph[0].sameAs,"""https://www.bbb.org/us/ca/camarillo/profile/window-coverings/805-shutters-shades-blinds-1236-3001378"""
https://www.805shutters.com/shades/ojai-ca/,$[0].@graph[0].sameAs,"""https://www.mapquest.com/us/california/805-shutters-shades-blinds-378112738"""
https://www.805shutters.com/shades/ojai-ca/,$[0].@graph[0].sameAs,"""https://local.yahoo.com/info-225163327-805-shutters"""
https://www.805shutters.com/shades/ojai-ca/,$[0].@graph[0].sameAs,"""https://www.chamberofcommerce.com/business-directory/california/santa-rosa-valley/window-treatment-store/2026058550-805-shutters-shades-blinds"""
https://www.805shutters.com/shades/ojai-ca/,$[0].@graph[0].sameAs,"""https://www.2findlocal.com/b/15023840/805-shutters-shades-blinds-santa-rosa-valley-ca"""
https://www.805shutters.com/shades/ojai-ca/,$[0].@graph[0].description,"""805 Shutters is a family-owned local window treatment company serving Ventura County and nearby communities with more than 30 years of custom shutters, shades, blinds, commercial roller shades, and window covering experience."""
https://www.805shutters.com/shades/ojai-ca/,$[0].@graph[0].founder,"{""@type"": ""Person"", ""name"": ""Ken Hill""}"
https://www.805shutters.com/shades/ojai-ca/,$[0].@graph[0].owner,"{""@type"": ""Person"", ""name"": ""Ken Hill""}"
https://www.805shutters.com/shades/ojai-ca/,$[0].@graph[0].priceRange,"""$$"""
https://www.805shutters.com/shades/ojai-ca/,$[0].@graph[0].openingHoursSpecification,"[{""@type"": ""OpeningHoursSpecification"", ""closes"": ""18:00"", ""dayOfWeek"": [""Monday"", ""Tuesday"", ""Wednesday"", ""Thursday"", ""Friday"", ""Saturday""], ""opens"": ""08:00""}]"
https://www.805shutters.com/blinds/ojai-ca/,$[0].@graph[0].sameAs,"""https://www.bbb.org/us/ca/camarillo/profile/window-coverings/805-shutters-shades-blinds-1236-3001378"""
https://www.805shutters.com/blinds/ojai-ca/,$[0].@graph[0].sameAs,"""https://www.mapquest.com/us/california/805-shutters-shades-blinds-378112738"""
https://www.805shutters.com/blinds/ojai-ca/,$[0].@graph[0].sameAs,"""https://local.yahoo.com/info-225163327-805-shutters"""
https://www.805shutters.com/blinds/ojai-ca/,$[0].@graph[0].sameAs,"""https://www.chamberofcommerce.com/business-directory/california/santa-rosa-valley/window-treatment-store/2026058550-805-shutters-shades-blinds"""
https://www.805shutters.com/blinds/ojai-ca/,$[0].@graph[0].sameAs,"""https://www.2findlocal.com/b/15023840/805-shutters-shades-blinds-santa-rosa-valley-ca"""
https://www.805shutters.com/blinds/ojai-ca/,$[0].@graph[0].description,"""805 Shutters is a family-owned local window treatment company serving Ventura County and nearby communities with more than 30 years of custom shutters, shades, blinds, commercial roller shades, and window covering experience."""
https://www.805shutters.com/blinds/ojai-ca/,$[0].@graph[0].founder,"{""@type"": ""Person"", ""name"": ""Ken Hill""}"
https://www.805shutters.com/blinds/ojai-ca/,$[0].@graph[0].owner,"{""@type"": ""Person"", ""name"": ""Ken Hill""}"
https://www.805shutters.com/blinds/ojai-ca/,$[0].@graph[0].priceRange,"""$$"""
https://www.805shutters.com/blinds/ojai-ca/,$[0].@graph[0].openingHoursSpecification,"[{""@type"": ""OpeningHoursSpecification"", ""closes"": ""18:00"", ""dayOfWeek"": [""Monday"", ""Tuesday"", ""Wednesday"", ""Thursday"", ""Friday"", ""Saturday""], ""opens"": ""08:00""}]"
https://www.805shutters.com/drapery/ojai-ca/,$[0].@graph[0].sameAs,"""https://www.bbb.org/us/ca/camarillo/profile/window-coverings/805-shutters-shades-blinds-1236-3001378"""
https://www.805shutters.com/drapery/ojai-ca/,$[0].@graph[0].sameAs,"""https://www.mapquest.com/us/california/805-shutters-shades-blinds-378112738"""
https://www.805shutters.com/drapery/ojai-ca/,$[0].@graph[0].sameAs,"""https://local.yahoo.com/info-225163327-805-shutters"""
https://www.805shutters.com/drapery/ojai-ca/,$[0].@graph[0].sameAs,"""https://www.chamberofcommerce.com/business-directory/california/santa-rosa-valley/window-treatment-store/2026058550-805-shutters-shades-blinds"""
https://www.805shutters.com/drapery/ojai-ca/,$[0].@graph[0].sameAs,"""https://www.2findlocal.com/b/15023840/805-shutters-shades-blinds-santa-rosa-valley-ca"""
https://www.805shutters.com/drapery/ojai-ca/,$[0].@graph[0].description,"""805 Shutters is a family-owned local window treatment company serving Ventura County and nearby communities with more than 30 years of custom shutters, shades, blinds, commercial roller shades, and window covering experience."""
https://www.805shutters.com/drapery/ojai-ca/,$[0].@graph[0].founder,"{""@type"": ""Person"", ""name"": ""Ken Hill""}"
https://www.805shutters.com/drapery/ojai-ca/,$[0].@graph[0].owner,"{""@type"": ""Person"", ""name"": ""Ken Hill""}"
https://www.805shutters.com/drapery/ojai-ca/,$[0].@graph[0].priceRange,"""$$"""
https://www.805shutters.com/drapery/ojai-ca/,$[0].@graph[0].openingHoursSpecification,"[{""@type"": ""OpeningHoursSpecification"", ""closes"": ""18:00"", ""dayOfWeek"": [""Monday"", ""Tuesday"", ""Wednesday"", ""Thursday"", ""Friday"", ""Saturday""], ""opens"": ""08:00""}]"
https://www.805shutters.com/window-coverings/ojai-ca/,$[0].@graph[0].sameAs,"""https://www.bbb.org/us/ca/camarillo/profile/window-coverings/805-shutters-shades-blinds-1236-3001378"""
https://www.805shutters.com/window-coverings/ojai-ca/,$[0].@graph[0].sameAs,"""https://www.mapquest.com/us/california/805-shutters-shades-blinds-378112738"""
https://www.805shutters.com/window-coverings/ojai-ca/,$[0].@graph[0].sameAs,"""https://local.yahoo.com/info-225163327-805-shutters"""
https://www.805shutters.com/window-coverings/ojai-ca/,$[0].@graph[0].sameAs,"""https://www.chamberofcommerce.com/business-directory/california/santa-rosa-valley/window-treatment-store/2026058550-805-shutters-shades-blinds"""
https://www.805shutters.com/window-coverings/ojai-ca/,$[0].@graph[0].sameAs,"""https://www.2findlocal.com/b/15023840/805-shutters-shades-blinds-santa-rosa-valley-ca"""
https://www.805shutters.com/window-coverings/ojai-ca/,$[0].@graph[0].description,"""805 Shutters is a family-owned local window treatment company serving Ventura County and nearby communities with more than 30 years of custom shutters, shades, blinds, commercial roller shades, and window covering experience."""
https://www.805shutters.com/window-coverings/ojai-ca/,$[0].@graph[0].founder,"{""@type"": ""Person"", ""name"": ""Ken Hill""}"
https://www.805shutters.com/window-coverings/ojai-ca/,$[0].@graph[0].owner,"{""@type"": ""Person"", ""name"": ""Ken Hill""}"
https://www.805shutters.com/window-coverings/ojai-ca/,$[0].@graph[0].priceRange,"""$$"""
https://www.805shutters.com/window-coverings/ojai-ca/,$[0].@graph[0].openingHoursSpecification,"[{""@type"": ""OpeningHoursSpecification"", ""closes"": ""18:00"", ""dayOfWeek"": [""Monday"", ""Tuesday"", ""Wednesday"", ""Thursday"", ""Friday"", ""Saturday""], ""opens"": ""08:00""}]"
https://www.805shutters.com/window-treatments/ojai-ca/,$[0].@graph[0].sameAs,"""https://www.bbb.org/us/ca/camarillo/profile/window-coverings/805-shutters-shades-blinds-1236-3001378"""
https://www.805shutters.com/window-treatments/ojai-ca/,$[0].@graph[0].sameAs,"""https://www.mapquest.com/us/california/805-shutters-shades-blinds-378112738"""
https://www.805shutters.com/window-treatments/ojai-ca/,$[0].@graph[0].sameAs,"""https://local.yahoo.com/info-225163327-805-shutters"""
https://www.805shutters.com/window-treatments/ojai-ca/,$[0].@graph[0].sameAs,"""https://www.chamberofcommerce.com/business-directory/california/santa-rosa-valley/window-treatment-store/2026058550-805-shutters-shades-blinds"""
https://www.805shutters.com/window-treatments/ojai-ca/,$[0].@graph[0].sameAs,"""https://www.2findlocal.com/b/15023840/805-shutters-shades-blinds-santa-rosa-valley-ca"""
https://www.805shutters.com/window-treatments/ojai-ca/,$[0].@graph[0].description,"""805 Shutters is a family-owned local window treatment company serving Ventura County and nearby communities with more than 30 years of custom shutters, shades, blinds, commercial roller shades, and window covering experience."""
https://www.805shutters.com/window-treatments/ojai-ca/,$[0].@graph[0].founder,"{""@type"": ""Person"", ""name"": ""Ken Hill""}"
https://www.805shutters.com/window-treatments/ojai-ca/,$[0].@graph[0].owner,"{""@type"": ""Person"", ""name"": ""Ken Hill""}"
https://www.805shutters.com/window-treatments/ojai-ca/,$[0].@graph[0].priceRange,"""$$"""
https://www.805shutters.com/window-treatments/ojai-ca/,$[0].@graph[0].openingHoursSpecification,"[{""@type"": ""OpeningHoursSpecification"", ""closes"": ""18:00"", ""dayOfWeek"": [""Monday"", ""Tuesday"", ""Wednesday"", ""Thursday"", ""Friday"", ""Saturday""], ""opens"": ""08:00""}]"
https://www.805shutters.com/shutters/oxnard/,$[0].@graph[0].sameAs,"""https://www.bbb.org/us/ca/camarillo/profile/window-coverings/805-shutters-shades-blinds-1236-3001378"""
https://www.805shutters.com/shutters/oxnard/,$[0].@graph[0].sameAs,"""https://www.mapquest.com/us/california/805-shutters-shades-blinds-378112738"""
https://www.805shutters.com/shutters/oxnard/,$[0].@graph[0].sameAs,"""https://local.yahoo.com/info-225163327-805-shutters"""
https://www.805shutters.com/shutters/oxnard/,$[0].@graph[0].sameAs,"""https://www.chamberofcommerce.com/business-directory/california/santa-rosa-valley/window-treatment-store/2026058550-805-shutters-shades-blinds"""
https://www.805shutters.com/shutters/oxnard/,$[0].@graph[0].sameAs,"""https://www.2findlocal.com/b/15023840/805-shutters-shades-blinds-santa-rosa-valley-ca"""
https://www.805shutters.com/shutters/oxnard/,$[0].@graph[0].description,"""805 Shutters is a family-owned local window treatment company serving Ventura County and nearby communities with more than 30 years of custom shutters, shades, blinds, commercial roller shades, and window covering experience."""
https://www.805shutters.com/shutters/oxnard/,$[0].@graph[0].founder,"{""@type"": ""Person"", ""name"": ""Ken Hill""}"
https://www.805shutters.com/shutters/oxnard/,$[0].@graph[0].owner,"{""@type"": ""Person"", ""name"": ""Ken Hill""}"
https://www.805shutters.com/shutters/oxnard/,$[0].@graph[0].priceRange,"""$$"""
https://www.805shutters.com/shutters/oxnard/,$[0].@graph[0].openingHoursSpecification,"[{""@type"": ""OpeningHoursSpecification"", ""closes"": ""18:00"", ""dayOfWeek"": [""Monday"", ""Tuesday"", ""Wednesday"", ""Thursday"", ""Friday"", ""Saturday""], ""opens"": ""08:00""}]"
https://www.805shutters.com/shades/oxnard-ca/,$[0].@graph[0].sameAs,"""https://www.bbb.org/us/ca/camarillo/profile/window-coverings/805-shutters-shades-blinds-1236-3001378"""
https://www.805shutters.com/shades/oxnard-ca/,$[0].@graph[0].sameAs,"""https://www.mapquest.com/us/california/805-shutters-shades-blinds-378112738"""
https://www.805shutters.com/shades/oxnard-ca/,$[0].@graph[0].sameAs,"""https://local.yahoo.com/info-225163327-805-shutters"""
https://www.805shutters.com/shades/oxnard-ca/,$[0].@graph[0].sameAs,"""https://www.chamberofcommerce.com/business-directory/california/santa-rosa-valley/window-treatment-store/2026058550-805-shutters-shades-blinds"""
https://www.805shutters.com/shades/oxnard-ca/,$[0].@graph[0].sameAs,"""https://www.2findlocal.com/b/15023840/805-shutters-shades-blinds-santa-rosa-valley-ca"""
https://www.805shutters.com/shades/oxnard-ca/,$[0].@graph[0].description,"""805 Shutters is a family-owned local window treatment company serving Ventura County and nearby communities with more than 30 years of custom shutters, shades, blinds, commercial roller shades, and window covering experience."""
https://www.805shutters.com/shades/oxnard-ca/,$[0].@graph[0].founder,"{""@type"": ""Person"", ""name"": ""Ken Hill""}"
https://www.805shutters.com/shades/oxnard-ca/,$[0].@graph[0].owner,"{""@type"": ""Person"", ""name"": ""Ken Hill""}"
https://www.805shutters.com/shades/oxnard-ca/,$[0].@graph[0].priceRange,"""$$"""
https://www.805shutters.com/shades/oxnard-ca/,$[0].@graph[0].openingHoursSpecification,"[{""@type"": ""OpeningHoursSpecification"", ""closes"": ""18:00"", ""dayOfWeek"": [""Monday"", ""Tuesday"", ""Wednesday"", ""Thursday"", ""Friday"", ""Saturday""], ""opens"": ""08:00""}]"
https://www.805shutters.com/blinds/oxnard-ca/,$[0].@graph[0].sameAs,"""https://www.bbb.org/us/ca/camarillo/profile/window-coverings/805-shutters-shades-blinds-1236-3001378"""
https://www.805shutters.com/blinds/oxnard-ca/,$[0].@graph[0].sameAs,"""https://www.mapquest.com/us/california/805-shutters-shades-blinds-378112738"""
https://www.805shutters.com/blinds/oxnard-ca/,$[0].@graph[0].sameAs,"""https://local.yahoo.com/info-225163327-805-shutters"""
https://www.805shutters.com/blinds/oxnard-ca/,$[0].@graph[0].sameAs,"""https://www.chamberofcommerce.com/business-directory/california/santa-rosa-valley/window-treatment-store/2026058550-805-shutters-shades-blinds"""
https://www.805shutters.com/blinds/oxnard-ca/,$[0].@graph[0].sameAs,"""https://www.2findlocal.com/b/15023840/805-shutters-shades-blinds-santa-rosa-valley-ca"""
https://www.805shutters.com/blinds/oxnard-ca/,$[0].@graph[0].description,"""805 Shutters is a family-owned local window treatment company serving Ventura County and nearby communities with more than 30 years of custom shutters, shades, blinds, commercial roller shades, and window covering experience."""
https://www.805shutters.com/blinds/oxnard-ca/,$[0].@graph[0].founder,"{""@type"": ""Person"", ""name"": ""Ken Hill""}"
https://www.805shutters.com/blinds/oxnard-ca/,$[0].@graph[0].owner,"{""@type"": ""Person"", ""name"": ""Ken Hill""}"
https://www.805shutters.com/blinds/oxnard-ca/,$[0].@graph[0].priceRange,"""$$"""
https://www.805shutters.com/blinds/oxnard-ca/,$[0].@graph[0].openingHoursSpecification,"[{""@type"": ""OpeningHoursSpecification"", ""closes"": ""18:00"", ""dayOfWeek"": [""Monday"", ""Tuesday"", ""Wednesday"", ""Thursday"", ""Friday"", ""Saturday""], ""opens"": ""08:00""}]"
https://www.805shutters.com/drapery/oxnard-ca/,$[0].@graph[0].sameAs,"""https://www.bbb.org/us/ca/camarillo/profile/window-coverings/805-shutters-shades-blinds-1236-3001378"""
https://www.805shutters.com/drapery/oxnard-ca/,$[0].@graph[0].sameAs,"""https://www.mapquest.com/us/california/805-shutters-shades-blinds-378112738"""
https://www.805shutters.com/drapery/oxnard-ca/,$[0].@graph[0].sameAs,"""https://local.yahoo.com/info-225163327-805-shutters"""
https://www.805shutters.com/drapery/oxnard-ca/,$[0].@graph[0].sameAs,"""https://www.chamberofcommerce.com/business-directory/california/santa-rosa-valley/window-treatment-store/2026058550-805-shutters-shades-blinds"""
https://www.805shutters.com/drapery/oxnard-ca/,$[0].@graph[0].sameAs,"""https://www.2findlocal.com/b/15023840/805-shutters-shades-blinds-santa-rosa-valley-ca"""
https://www.805shutters.com/drapery/oxnard-ca/,$[0].@graph[0].description,"""805 Shutters is a family-owned local window treatment company serving Ventura County and nearby communities with more than 30 years of custom shutters, shades, blinds, commercial roller shades, and window covering experience."""
https://www.805shutters.com/drapery/oxnard-ca/,$[0].@graph[0].founder,"{""@type"": ""Person"", ""name"": ""Ken Hill""}"
https://www.805shutters.com/drapery/oxnard-ca/,$[0].@graph[0].owner,"{""@type"": ""Person"", ""name"": ""Ken Hill""}"
https://www.805shutters.com/drapery/oxnard-ca/,$[0].@graph[0].priceRange,"""$$"""
https://www.805shutters.com/drapery/oxnard-ca/,$[0].@graph[0].openingHoursSpecification,"[{""@type"": ""OpeningHoursSpecification"", ""closes"": ""18:00"", ""dayOfWeek"": [""Monday"", ""Tuesday"", ""Wednesday"", ""Thursday"", ""Friday"", ""Saturday""], ""opens"": ""08:00""}]"
https://www.805shutters.com/window-coverings/oxnard-ca/,$[0].@graph[0].sameAs,"""https://www.bbb.org/us/ca/camarillo/profile/window-coverings/805-shutters-shades-blinds-1236-3001378"""
https://www.805shutters.com/window-coverings/oxnard-ca/,$[0].@graph[0].sameAs,"""https://www.mapquest.com/us/california/805-shutters-shades-blinds-378112738"""
https://www.805shutters.com/window-coverings/oxnard-ca/,$[0].@graph[0].sameAs,"""https://local.yahoo.com/info-225163327-805-shutters"""
https://www.805shutters.com/window-coverings/oxnard-ca/,$[0].@graph[0].sameAs,"""https://www.chamberofcommerce.com/business-directory/california/santa-rosa-valley/window-treatment-store/2026058550-805-shutters-shades-blinds"""
https://www.805shutters.com/window-coverings/oxnard-ca/,$[0].@graph[0].sameAs,"""https://www.2findlocal.com/b/15023840/805-shutters-shades-blinds-santa-rosa-valley-ca"""
https://www.805shutters.com/window-coverings/oxnard-ca/,$[0].@graph[0].description,"""805 Shutters is a family-owned local window treatment company serving Ventura County and nearby communities with more than 30 years of custom shutters, shades, blinds, commercial roller shades, and window covering experience."""
https://www.805shutters.com/window-coverings/oxnard-ca/,$[0].@graph[0].founder,"{""@type"": ""Person"", ""name"": ""Ken Hill""}"
https://www.805shutters.com/window-coverings/oxnard-ca/,$[0].@graph[0].owner,"{""@type"": ""Person"", ""name"": ""Ken Hill""}"
https://www.805shutters.com/window-coverings/oxnard-ca/,$[0].@graph[0].priceRange,"""$$"""
https://www.805shutters.com/window-coverings/oxnard-ca/,$[0].@graph[0].openingHoursSpecification,"[{""@type"": ""OpeningHoursSpecification"", ""closes"": ""18:00"", ""dayOfWeek"": [""Monday"", ""Tuesday"", ""Wednesday"", ""Thursday"", ""Friday"", ""Saturday""], ""opens"": ""08:00""}]"
https://www.805shutters.com/window-treatments/oxnard-ca/,$[0].@graph[0].sameAs,"""https://www.bbb.org/us/ca/camarillo/profile/window-coverings/805-shutters-shades-blinds-1236-3001378"""
https://www.805shutters.com/window-treatments/oxnard-ca/,$[0].@graph[0].sameAs,"""https://www.mapquest.com/us/california/805-shutters-shades-blinds-378112738"""
https://www.805shutters.com/window-treatments/oxnard-ca/,$[0].@graph[0].sameAs,"""https://local.yahoo.com/info-225163327-805-shutters"""
https://www.805shutters.com/window-treatments/oxnard-ca/,$[0].@graph[0].sameAs,"""https://www.chamberofcommerce.com/business-directory/california/santa-rosa-valley/window-treatment-store/2026058550-805-shutters-shades-blinds"""
https://www.805shutters.com/window-treatments/oxnard-ca/,$[0].@graph[0].sameAs,"""https://www.2findlocal.com/b/15023840/805-shutters-shades-blinds-santa-rosa-valley-ca"""
https://www.805shutters.com/window-treatments/oxnard-ca/,$[0].@graph[0].description,"""805 Shutters is a family-owned local window treatment company serving Ventura County and nearby communities with more than 30 years of custom shutters, shades, blinds, commercial roller shades, and window covering experience."""
https://www.805shutters.com/window-treatments/oxnard-ca/,$[0].@graph[0].founder,"{""@type"": ""Person"", ""name"": ""Ken Hill""}"
https://www.805shutters.com/window-treatments/oxnard-ca/,$[0].@graph[0].owner,"{""@type"": ""Person"", ""name"": ""Ken Hill""}"
https://www.805shutters.com/window-treatments/oxnard-ca/,$[0].@graph[0].priceRange,"""$$"""
https://www.805shutters.com/window-treatments/oxnard-ca/,$[0].@graph[0].openingHoursSpecification,"[{""@type"": ""OpeningHoursSpecification"", ""closes"": ""18:00"", ""dayOfWeek"": [""Monday"", ""Tuesday"", ""Wednesday"", ""Thursday"", ""Friday"", ""Saturday""], ""opens"": ""08:00""}]"
https://www.805shutters.com/shutters/port-hueneme/,$[0].@graph[0].sameAs,"""https://www.bbb.org/us/ca/camarillo/profile/window-coverings/805-shutters-shades-blinds-1236-3001378"""
https://www.805shutters.com/shutters/port-hueneme/,$[0].@graph[0].sameAs,"""https://www.mapquest.com/us/california/805-shutters-shades-blinds-378112738"""
https://www.805shutters.com/shutters/port-hueneme/,$[0].@graph[0].sameAs,"""https://local.yahoo.com/info-225163327-805-shutters"""
https://www.805shutters.com/shutters/port-hueneme/,$[0].@graph[0].sameAs,"""https://www.chamberofcommerce.com/business-directory/california/santa-rosa-valley/window-treatment-store/2026058550-805-shutters-shades-blinds"""
https://www.805shutters.com/shutters/port-hueneme/,$[0].@graph[0].sameAs,"""https://www.2findlocal.com/b/15023840/805-shutters-shades-blinds-santa-rosa-valley-ca"""
https://www.805shutters.com/shutters/port-hueneme/,$[0].@graph[0].description,"""805 Shutters is a family-owned local window treatment company serving Ventura County and nearby communities with more than 30 years of custom shutters, shades, blinds, commercial roller shades, and window covering experience."""
https://www.805shutters.com/shutters/port-hueneme/,$[0].@graph[0].founder,"{""@type"": ""Person"", ""name"": ""Ken Hill""}"
https://www.805shutters.com/shutters/port-hueneme/,$[0].@graph[0].owner,"{""@type"": ""Person"", ""name"": ""Ken Hill""}"
https://www.805shutters.com/shutters/port-hueneme/,$[0].@graph[0].priceRange,"""$$"""
https://www.805shutters.com/shutters/port-hueneme/,$[0].@graph[0].openingHoursSpecification,"[{""@type"": ""OpeningHoursSpecification"", ""closes"": ""18:00"", ""dayOfWeek"": [""Monday"", ""Tuesday"", ""Wednesday"", ""Thursday"", ""Friday"", ""Saturday""], ""opens"": ""08:00""}]"
https://www.805shutters.com/shades/port-hueneme-ca/,$[0].@graph[0].sameAs,"""https://www.bbb.org/us/ca/camarillo/profile/window-coverings/805-shutters-shades-blinds-1236-3001378"""
https://www.805shutters.com/shades/port-hueneme-ca/,$[0].@graph[0].sameAs,"""https://www.mapquest.com/us/california/805-shutters-shades-blinds-378112738"""
https://www.805shutters.com/shades/port-hueneme-ca/,$[0].@graph[0].sameAs,"""https://local.yahoo.com/info-225163327-805-shutters"""
https://www.805shutters.com/shades/port-hueneme-ca/,$[0].@graph[0].sameAs,"""https://www.chamberofcommerce.com/business-directory/california/santa-rosa-valley/window-treatment-store/2026058550-805-shutters-shades-blinds"""
https://www.805shutters.com/shades/port-hueneme-ca/,$[0].@graph[0].sameAs,"""https://www.2findlocal.com/b/15023840/805-shutters-shades-blinds-santa-rosa-valley-ca"""
https://www.805shutters.com/shades/port-hueneme-ca/,$[0].@graph[0].description,"""805 Shutters is a family-owned local window treatment company serving Ventura County and nearby communities with more than 30 years of custom shutters, shades, blinds, commercial roller shades, and window covering experience."""
https://www.805shutters.com/shades/port-hueneme-ca/,$[0].@graph[0].founder,"{""@type"": ""Person"", ""name"": ""Ken Hill""}"
https://www.805shutters.com/shades/port-hueneme-ca/,$[0].@graph[0].owner,"{""@type"": ""Person"", ""name"": ""Ken Hill""}"
https://www.805shutters.com/shades/port-hueneme-ca/,$[0].@graph[0].priceRange,"""$$"""
https://www.805shutters.com/shades/port-hueneme-ca/,$[0].@graph[0].openingHoursSpecification,"[{""@type"": ""OpeningHoursSpecification"", ""closes"": ""18:00"", ""dayOfWeek"": [""Monday"", ""Tuesday"", ""Wednesday"", ""Thursday"", ""Friday"", ""Saturday""], ""opens"": ""08:00""}]"
https://www.805shutters.com/blinds/port-hueneme-ca/,$[0].@graph[0].sameAs,"""https://www.bbb.org/us/ca/camarillo/profile/window-coverings/805-shutters-shades-blinds-1236-3001378"""
https://www.805shutters.com/blinds/port-hueneme-ca/,$[0].@graph[0].sameAs,"""https://www.mapquest.com/us/california/805-shutters-shades-blinds-378112738"""
https://www.805shutters.com/blinds/port-hueneme-ca/,$[0].@graph[0].sameAs,"""https://local.yahoo.com/info-225163327-805-shutters"""
https://www.805shutters.com/blinds/port-hueneme-ca/,$[0].@graph[0].sameAs,"""https://www.chamberofcommerce.com/business-directory/california/santa-rosa-valley/window-treatment-store/2026058550-805-shutters-shades-blinds"""
https://www.805shutters.com/blinds/port-hueneme-ca/,$[0].@graph[0].sameAs,"""https://www.2findlocal.com/b/15023840/805-shutters-shades-blinds-santa-rosa-valley-ca"""
https://www.805shutters.com/blinds/port-hueneme-ca/,$[0].@graph[0].description,"""805 Shutters is a family-owned local window treatment company serving Ventura County and nearby communities with more than 30 years of custom shutters, shades, blinds, commercial roller shades, and window covering experience."""
https://www.805shutters.com/blinds/port-hueneme-ca/,$[0].@graph[0].founder,"{""@type"": ""Person"", ""name"": ""Ken Hill""}"
https://www.805shutters.com/blinds/port-hueneme-ca/,$[0].@graph[0].owner,"{""@type"": ""Person"", ""name"": ""Ken Hill""}"
https://www.805shutters.com/blinds/port-hueneme-ca/,$[0].@graph[0].priceRange,"""$$"""
https://www.805shutters.com/blinds/port-hueneme-ca/,$[0].@graph[0].openingHoursSpecification,"[{""@type"": ""OpeningHoursSpecification"", ""closes"": ""18:00"", ""dayOfWeek"": [""Monday"", ""Tuesday"", ""Wednesday"", ""Thursday"", ""Friday"", ""Saturday""], ""opens"": ""08:00""}]"
https://www.805shutters.com/drapery/port-hueneme-ca/,$[0].@graph[0].sameAs,"""https://www.bbb.org/us/ca/camarillo/profile/window-coverings/805-shutters-shades-blinds-1236-3001378"""
https://www.805shutters.com/drapery/port-hueneme-ca/,$[0].@graph[0].sameAs,"""https://www.mapquest.com/us/california/805-shutters-shades-blinds-378112738"""
https://www.805shutters.com/drapery/port-hueneme-ca/,$[0].@graph[0].sameAs,"""https://local.yahoo.com/info-225163327-805-shutters"""
https://www.805shutters.com/drapery/port-hueneme-ca/,$[0].@graph[0].sameAs,"""https://www.chamberofcommerce.com/business-directory/california/santa-rosa-valley/window-treatment-store/2026058550-805-shutters-shades-blinds"""
https://www.805shutters.com/drapery/port-hueneme-ca/,$[0].@graph[0].sameAs,"""https://www.2findlocal.com/b/15023840/805-shutters-shades-blinds-santa-rosa-valley-ca"""
https://www.805shutters.com/drapery/port-hueneme-ca/,$[0].@graph[0].description,"""805 Shutters is a family-owned local window treatment company serving Ventura County and nearby communities with more than 30 years of custom shutters, shades, blinds, commercial roller shades, and window covering experience."""
https://www.805shutters.com/drapery/port-hueneme-ca/,$[0].@graph[0].founder,"{""@type"": ""Person"", ""name"": ""Ken Hill""}"
https://www.805shutters.com/drapery/port-hueneme-ca/,$[0].@graph[0].owner,"{""@type"": ""Person"", ""name"": ""Ken Hill""}"
https://www.805shutters.com/drapery/port-hueneme-ca/,$[0].@graph[0].priceRange,"""$$"""
https://www.805shutters.com/drapery/port-hueneme-ca/,$[0].@graph[0].openingHoursSpecification,"[{""@type"": ""OpeningHoursSpecification"", ""closes"": ""18:00"", ""dayOfWeek"": [""Monday"", ""Tuesday"", ""Wednesday"", ""Thursday"", ""Friday"", ""Saturday""], ""opens"": ""08:00""}]"
https://www.805shutters.com/window-coverings/port-hueneme-ca/,$[0].@graph[0].sameAs,"""https://www.bbb.org/us/ca/camarillo/profile/window-coverings/805-shutters-shades-blinds-1236-3001378"""
https://www.805shutters.com/window-coverings/port-hueneme-ca/,$[0].@graph[0].sameAs,"""https://www.mapquest.com/us/california/805-shutters-shades-blinds-378112738"""
https://www.805shutters.com/window-coverings/port-hueneme-ca/,$[0].@graph[0].sameAs,"""https://local.yahoo.com/info-225163327-805-shutters"""
https://www.805shutters.com/window-coverings/port-hueneme-ca/,$[0].@graph[0].sameAs,"""https://www.chamberofcommerce.com/business-directory/california/santa-rosa-valley/window-treatment-store/2026058550-805-shutters-shades-blinds"""
https://www.805shutters.com/window-coverings/port-hueneme-ca/,$[0].@graph[0].sameAs,"""https://www.2findlocal.com/b/15023840/805-shutters-shades-blinds-santa-rosa-valley-ca"""
https://www.805shutters.com/window-coverings/port-hueneme-ca/,$[0].@graph[0].description,"""805 Shutters is a family-owned local window treatment company serving Ventura County and nearby communities with more than 30 years of custom shutters, shades, blinds, commercial roller shades, and window covering experience."""
https://www.805shutters.com/window-coverings/port-hueneme-ca/,$[0].@graph[0].founder,"{""@type"": ""Person"", ""name"": ""Ken Hill""}"
https://www.805shutters.com/window-coverings/port-hueneme-ca/,$[0].@graph[0].owner,"{""@type"": ""Person"", ""name"": ""Ken Hill""}"
https://www.805shutters.com/window-coverings/port-hueneme-ca/,$[0].@graph[0].priceRange,"""$$"""
https://www.805shutters.com/window-coverings/port-hueneme-ca/,$[0].@graph[0].openingHoursSpecification,"[{""@type"": ""OpeningHoursSpecification"", ""closes"": ""18:00"", ""dayOfWeek"": [""Monday"", ""Tuesday"", ""Wednesday"", ""Thursday"", ""Friday"", ""Saturday""], ""opens"": ""08:00""}]"
https://www.805shutters.com/window-treatments/port-hueneme-ca/,$[0].@graph[0].sameAs,"""https://www.bbb.org/us/ca/camarillo/profile/window-coverings/805-shutters-shades-blinds-1236-3001378"""
https://www.805shutters.com/window-treatments/port-hueneme-ca/,$[0].@graph[0].sameAs,"""https://www.mapquest.com/us/california/805-shutters-shades-blinds-378112738"""
https://www.805shutters.com/window-treatments/port-hueneme-ca/,$[0].@graph[0].sameAs,"""https://local.yahoo.com/info-225163327-805-shutters"""
https://www.805shutters.com/window-treatments/port-hueneme-ca/,$[0].@graph[0].sameAs,"""https://www.chamberofcommerce.com/business-directory/california/santa-rosa-valley/window-treatment-store/2026058550-805-shutters-shades-blinds"""
https://www.805shutters.com/window-treatments/port-hueneme-ca/,$[0].@graph[0].sameAs,"""https://www.2findlocal.com/b/15023840/805-shutters-shades-blinds-santa-rosa-valley-ca"""
https://www.805shutters.com/window-treatments/port-hueneme-ca/,$[0].@graph[0].description,"""805 Shutters is a family-owned local window treatment company serving Ventura County and nearby communities with more than 30 years of custom shutters, shades, blinds, commercial roller shades, and window covering experience."""
https://www.805shutters.com/window-treatments/port-hueneme-ca/,$[0].@graph[0].founder,"{""@type"": ""Person"", ""name"": ""Ken Hill""}"
https://www.805shutters.com/window-treatments/port-hueneme-ca/,$[0].@graph[0].owner,"{""@type"": ""Person"", ""name"": ""Ken Hill""}"
https://www.805shutters.com/window-treatments/port-hueneme-ca/,$[0].@graph[0].priceRange,"""$$"""
https://www.805shutters.com/window-treatments/port-hueneme-ca/,$[0].@graph[0].openingHoursSpecification,"[{""@type"": ""OpeningHoursSpecification"", ""closes"": ""18:00"", ""dayOfWeek"": [""Monday"", ""Tuesday"", ""Wednesday"", ""Thursday"", ""Friday"", ""Saturday""], ""opens"": ""08:00""}]"
https://www.805shutters.com/shutters/santa-paula/,$[0].@graph[0].sameAs,"""https://www.bbb.org/us/ca/camarillo/profile/window-coverings/805-shutters-shades-blinds-1236-3001378"""
https://www.805shutters.com/shutters/santa-paula/,$[0].@graph[0].sameAs,"""https://www.mapquest.com/us/california/805-shutters-shades-blinds-378112738"""
https://www.805shutters.com/shutters/santa-paula/,$[0].@graph[0].sameAs,"""https://local.yahoo.com/info-225163327-805-shutters"""
https://www.805shutters.com/shutters/santa-paula/,$[0].@graph[0].sameAs,"""https://www.chamberofcommerce.com/business-directory/california/santa-rosa-valley/window-treatment-store/2026058550-805-shutters-shades-blinds"""
https://www.805shutters.com/shutters/santa-paula/,$[0].@graph[0].sameAs,"""https://www.2findlocal.com/b/15023840/805-shutters-shades-blinds-santa-rosa-valley-ca"""
https://www.805shutters.com/shutters/santa-paula/,$[0].@graph[0].description,"""805 Shutters is a family-owned local window treatment company serving Ventura County and nearby communities with more than 30 years of custom shutters, shades, blinds, commercial roller shades, and window covering experience."""
https://www.805shutters.com/shutters/santa-paula/,$[0].@graph[0].founder,"{""@type"": ""Person"", ""name"": ""Ken Hill""}"
https://www.805shutters.com/shutters/santa-paula/,$[0].@graph[0].owner,"{""@type"": ""Person"", ""name"": ""Ken Hill""}"
https://www.805shutters.com/shutters/santa-paula/,$[0].@graph[0].priceRange,"""$$"""
https://www.805shutters.com/shutters/santa-paula/,$[0].@graph[0].openingHoursSpecification,"[{""@type"": ""OpeningHoursSpecification"", ""closes"": ""18:00"", ""dayOfWeek"": [""Monday"", ""Tuesday"", ""Wednesday"", ""Thursday"", ""Friday"", ""Saturday""], ""opens"": ""08:00""}]"
https://www.805shutters.com/shades/santa-paula-ca/,$[0].@graph[0].sameAs,"""https://www.bbb.org/us/ca/camarillo/profile/window-coverings/805-shutters-shades-blinds-1236-3001378"""
https://www.805shutters.com/shades/santa-paula-ca/,$[0].@graph[0].sameAs,"""https://www.mapquest.com/us/california/805-shutters-shades-blinds-378112738"""
https://www.805shutters.com/shades/santa-paula-ca/,$[0].@graph[0].sameAs,"""https://local.yahoo.com/info-225163327-805-shutters"""
https://www.805shutters.com/shades/santa-paula-ca/,$[0].@graph[0].sameAs,"""https://www.chamberofcommerce.com/business-directory/california/santa-rosa-valley/window-treatment-store/2026058550-805-shutters-shades-blinds"""
https://www.805shutters.com/shades/santa-paula-ca/,$[0].@graph[0].sameAs,"""https://www.2findlocal.com/b/15023840/805-shutters-shades-blinds-santa-rosa-valley-ca"""
https://www.805shutters.com/shades/santa-paula-ca/,$[0].@graph[0].description,"""805 Shutters is a family-owned local window treatment company serving Ventura County and nearby communities with more than 30 years of custom shutters, shades, blinds, commercial roller shades, and window covering experience."""
https://www.805shutters.com/shades/santa-paula-ca/,$[0].@graph[0].founder,"{""@type"": ""Person"", ""name"": ""Ken Hill""}"
https://www.805shutters.com/shades/santa-paula-ca/,$[0].@graph[0].owner,"{""@type"": ""Person"", ""name"": ""Ken Hill""}"
https://www.805shutters.com/shades/santa-paula-ca/,$[0].@graph[0].priceRange,"""$$"""
https://www.805shutters.com/shades/santa-paula-ca/,$[0].@graph[0].openingHoursSpecification,"[{""@type"": ""OpeningHoursSpecification"", ""closes"": ""18:00"", ""dayOfWeek"": [""Monday"", ""Tuesday"", ""Wednesday"", ""Thursday"", ""Friday"", ""Saturday""], ""opens"": ""08:00""}]"
https://www.805shutters.com/blinds/santa-paula-ca/,$[0].@graph[0].sameAs,"""https://www.bbb.org/us/ca/camarillo/profile/window-coverings/805-shutters-shades-blinds-1236-3001378"""
https://www.805shutters.com/blinds/santa-paula-ca/,$[0].@graph[0].sameAs,"""https://www.mapquest.com/us/california/805-shutters-shades-blinds-378112738"""
https://www.805shutters.com/blinds/santa-paula-ca/,$[0].@graph[0].sameAs,"""https://local.yahoo.com/info-225163327-805-shutters"""
https://www.805shutters.com/blinds/santa-paula-ca/,$[0].@graph[0].sameAs,"""https://www.chamberofcommerce.com/business-directory/california/santa-rosa-valley/window-treatment-store/2026058550-805-shutters-shades-blinds"""
https://www.805shutters.com/blinds/santa-paula-ca/,$[0].@graph[0].sameAs,"""https://www.2findlocal.com/b/15023840/805-shutters-shades-blinds-santa-rosa-valley-ca"""
https://www.805shutters.com/blinds/santa-paula-ca/,$[0].@graph[0].description,"""805 Shutters is a family-owned local window treatment company serving Ventura County and nearby communities with more than 30 years of custom shutters, shades, blinds, commercial roller shades, and window covering experience."""
https://www.805shutters.com/blinds/santa-paula-ca/,$[0].@graph[0].founder,"{""@type"": ""Person"", ""name"": ""Ken Hill""}"
https://www.805shutters.com/blinds/santa-paula-ca/,$[0].@graph[0].owner,"{""@type"": ""Person"", ""name"": ""Ken Hill""}"
https://www.805shutters.com/blinds/santa-paula-ca/,$[0].@graph[0].priceRange,"""$$"""
https://www.805shutters.com/blinds/santa-paula-ca/,$[0].@graph[0].openingHoursSpecification,"[{""@type"": ""OpeningHoursSpecification"", ""closes"": ""18:00"", ""dayOfWeek"": [""Monday"", ""Tuesday"", ""Wednesday"", ""Thursday"", ""Friday"", ""Saturday""], ""opens"": ""08:00""}]"
https://www.805shutters.com/drapery/santa-paula-ca/,$[0].@graph[0].sameAs,"""https://www.bbb.org/us/ca/camarillo/profile/window-coverings/805-shutters-shades-blinds-1236-3001378"""
https://www.805shutters.com/drapery/santa-paula-ca/,$[0].@graph[0].sameAs,"""https://www.mapquest.com/us/california/805-shutters-shades-blinds-378112738"""
https://www.805shutters.com/drapery/santa-paula-ca/,$[0].@graph[0].sameAs,"""https://local.yahoo.com/info-225163327-805-shutters"""
https://www.805shutters.com/drapery/santa-paula-ca/,$[0].@graph[0].sameAs,"""https://www.chamberofcommerce.com/business-directory/california/santa-rosa-valley/window-treatment-store/2026058550-805-shutters-shades-blinds"""
https://www.805shutters.com/drapery/santa-paula-ca/,$[0].@graph[0].sameAs,"""https://www.2findlocal.com/b/15023840/805-shutters-shades-blinds-santa-rosa-valley-ca"""
https://www.805shutters.com/drapery/santa-paula-ca/,$[0].@graph[0].description,"""805 Shutters is a family-owned local window treatment company serving Ventura County and nearby communities with more than 30 years of custom shutters, shades, blinds, commercial roller shades, and window covering experience."""
https://www.805shutters.com/drapery/santa-paula-ca/,$[0].@graph[0].founder,"{""@type"": ""Person"", ""name"": ""Ken Hill""}"
https://www.805shutters.com/drapery/santa-paula-ca/,$[0].@graph[0].owner,"{""@type"": ""Person"", ""name"": ""Ken Hill""}"
https://www.805shutters.com/drapery/santa-paula-ca/,$[0].@graph[0].priceRange,"""$$"""
https://www.805shutters.com/drapery/santa-paula-ca/,$[0].@graph[0].openingHoursSpecification,"[{""@type"": ""OpeningHoursSpecification"", ""closes"": ""18:00"", ""dayOfWeek"": [""Monday"", ""Tuesday"", ""Wednesday"", ""Thursday"", ""Friday"", ""Saturday""], ""opens"": ""08:00""}]"
https://www.805shutters.com/window-coverings/santa-paula-ca/,$[0].@graph[0].sameAs,"""https://www.bbb.org/us/ca/camarillo/profile/window-coverings/805-shutters-shades-blinds-1236-3001378"""
https://www.805shutters.com/window-coverings/santa-paula-ca/,$[0].@graph[0].sameAs,"""https://www.mapquest.com/us/california/805-shutters-shades-blinds-378112738"""
https://www.805shutters.com/window-coverings/santa-paula-ca/,$[0].@graph[0].sameAs,"""https://local.yahoo.com/info-225163327-805-shutters"""
https://www.805shutters.com/window-coverings/santa-paula-ca/,$[0].@graph[0].sameAs,"""https://www.chamberofcommerce.com/business-directory/california/santa-rosa-valley/window-treatment-store/2026058550-805-shutters-shades-blinds"""
https://www.805shutters.com/window-coverings/santa-paula-ca/,$[0].@graph[0].sameAs,"""https://www.2findlocal.com/b/15023840/805-shutters-shades-blinds-santa-rosa-valley-ca"""
https://www.805shutters.com/window-coverings/santa-paula-ca/,$[0].@graph[0].description,"""805 Shutters is a family-owned local window treatment company serving Ventura County and nearby communities with more than 30 years of custom shutters, shades, blinds, commercial roller shades, and window covering experience."""
https://www.805shutters.com/window-coverings/santa-paula-ca/,$[0].@graph[0].founder,"{""@type"": ""Person"", ""name"": ""Ken Hill""}"
https://www.805shutters.com/window-coverings/santa-paula-ca/,$[0].@graph[0].owner,"{""@type"": ""Person"", ""name"": ""Ken Hill""}"
https://www.805shutters.com/window-coverings/santa-paula-ca/,$[0].@graph[0].priceRange,"""$$"""
https://www.805shutters.com/window-coverings/santa-paula-ca/,$[0].@graph[0].openingHoursSpecification,"[{""@type"": ""OpeningHoursSpecification"", ""closes"": ""18:00"", ""dayOfWeek"": [""Monday"", ""Tuesday"", ""Wednesday"", ""Thursday"", ""Friday"", ""Saturday""], ""opens"": ""08:00""}]"
https://www.805shutters.com/window-treatments/santa-paula-ca/,$[0].@graph[0].sameAs,"""https://www.bbb.org/us/ca/camarillo/profile/window-coverings/805-shutters-shades-blinds-1236-3001378"""
https://www.805shutters.com/window-treatments/santa-paula-ca/,$[0].@graph[0].sameAs,"""https://www.mapquest.com/us/california/805-shutters-shades-blinds-378112738"""
https://www.805shutters.com/window-treatments/santa-paula-ca/,$[0].@graph[0].sameAs,"""https://local.yahoo.com/info-225163327-805-shutters"""
https://www.805shutters.com/window-treatments/santa-paula-ca/,$[0].@graph[0].sameAs,"""https://www.chamberofcommerce.com/business-directory/california/santa-rosa-valley/window-treatment-store/2026058550-805-shutters-shades-blinds"""
https://www.805shutters.com/window-treatments/santa-paula-ca/,$[0].@graph[0].sameAs,"""https://www.2findlocal.com/b/15023840/805-shutters-shades-blinds-santa-rosa-valley-ca"""
https://www.805shutters.com/window-treatments/santa-paula-ca/,$[0].@graph[0].description,"""805 Shutters is a family-owned local window treatment company serving Ventura County and nearby communities with more than 30 years of custom shutters, shades, blinds, commercial roller shades, and window covering experience."""
https://www.805shutters.com/window-treatments/santa-paula-ca/,$[0].@graph[0].founder,"{""@type"": ""Person"", ""name"": ""Ken Hill""}"
https://www.805shutters.com/window-treatments/santa-paula-ca/,$[0].@graph[0].owner,"{""@type"": ""Person"", ""name"": ""Ken Hill""}"
https://www.805shutters.com/window-treatments/santa-paula-ca/,$[0].@graph[0].priceRange,"""$$"""
https://www.805shutters.com/window-treatments/santa-paula-ca/,$[0].@graph[0].openingHoursSpecification,"[{""@type"": ""OpeningHoursSpecification"", ""closes"": ""18:00"", ""dayOfWeek"": [""Monday"", ""Tuesday"", ""Wednesday"", ""Thursday"", ""Friday"", ""Saturday""], ""opens"": ""08:00""}]"
https://www.805shutters.com/shutters/santa-clarita/,$[0].@graph[0].sameAs,"""https://www.bbb.org/us/ca/camarillo/profile/window-coverings/805-shutters-shades-blinds-1236-3001378"""
https://www.805shutters.com/shutters/santa-clarita/,$[0].@graph[0].sameAs,"""https://www.mapquest.com/us/california/805-shutters-shades-blinds-378112738"""
https://www.805shutters.com/shutters/santa-clarita/,$[0].@graph[0].sameAs,"""https://local.yahoo.com/info-225163327-805-shutters"""
https://www.805shutters.com/shutters/santa-clarita/,$[0].@graph[0].sameAs,"""https://www.chamberofcommerce.com/business-directory/california/santa-rosa-valley/window-treatment-store/2026058550-805-shutters-shades-blinds"""
https://www.805shutters.com/shutters/santa-clarita/,$[0].@graph[0].sameAs,"""https://www.2findlocal.com/b/15023840/805-shutters-shades-blinds-santa-rosa-valley-ca"""
https://www.805shutters.com/shutters/santa-clarita/,$[0].@graph[0].description,"""805 Shutters is a family-owned local window treatment company serving Ventura County and nearby communities with more than 30 years of custom shutters, shades, blinds, commercial roller shades, and window covering experience."""
https://www.805shutters.com/shutters/santa-clarita/,$[0].@graph[0].founder,"{""@type"": ""Person"", ""name"": ""Ken Hill""}"
https://www.805shutters.com/shutters/santa-clarita/,$[0].@graph[0].owner,"{""@type"": ""Person"", ""name"": ""Ken Hill""}"
https://www.805shutters.com/shutters/santa-clarita/,$[0].@graph[0].priceRange,"""$$"""
https://www.805shutters.com/shutters/santa-clarita/,$[0].@graph[0].openingHoursSpecification,"[{""@type"": ""OpeningHoursSpecification"", ""closes"": ""18:00"", ""dayOfWeek"": [""Monday"", ""Tuesday"", ""Wednesday"", ""Thursday"", ""Friday"", ""Saturday""], ""opens"": ""08:00""}]"
https://www.805shutters.com/shades/santa-clarita-ca/,$[0].@graph[0].sameAs,"""https://www.bbb.org/us/ca/camarillo/profile/window-coverings/805-shutters-shades-blinds-1236-3001378"""
https://www.805shutters.com/shades/santa-clarita-ca/,$[0].@graph[0].sameAs,"""https://www.mapquest.com/us/california/805-shutters-shades-blinds-378112738"""
https://www.805shutters.com/shades/santa-clarita-ca/,$[0].@graph[0].sameAs,"""https://local.yahoo.com/info-225163327-805-shutters"""
https://www.805shutters.com/shades/santa-clarita-ca/,$[0].@graph[0].sameAs,"""https://www.chamberofcommerce.com/business-directory/california/santa-rosa-valley/window-treatment-store/2026058550-805-shutters-shades-blinds"""
https://www.805shutters.com/shades/santa-clarita-ca/,$[0].@graph[0].sameAs,"""https://www.2findlocal.com/b/15023840/805-shutters-shades-blinds-santa-rosa-valley-ca"""
https://www.805shutters.com/shades/santa-clarita-ca/,$[0].@graph[0].description,"""805 Shutters is a family-owned local window treatment company serving Ventura County and nearby communities with more than 30 years of custom shutters, shades, blinds, commercial roller shades, and window covering experience."""
https://www.805shutters.com/shades/santa-clarita-ca/,$[0].@graph[0].founder,"{""@type"": ""Person"", ""name"": ""Ken Hill""}"
https://www.805shutters.com/shades/santa-clarita-ca/,$[0].@graph[0].owner,"{""@type"": ""Person"", ""name"": ""Ken Hill""}"
https://www.805shutters.com/shades/santa-clarita-ca/,$[0].@graph[0].priceRange,"""$$"""
https://www.805shutters.com/shades/santa-clarita-ca/,$[0].@graph[0].openingHoursSpecification,"[{""@type"": ""OpeningHoursSpecification"", ""closes"": ""18:00"", ""dayOfWeek"": [""Monday"", ""Tuesday"", ""Wednesday"", ""Thursday"", ""Friday"", ""Saturday""], ""opens"": ""08:00""}]"
https://www.805shutters.com/blinds/santa-clarita-ca/,$[0].@graph[0].sameAs,"""https://www.bbb.org/us/ca/camarillo/profile/window-coverings/805-shutters-shades-blinds-1236-3001378"""
https://www.805shutters.com/blinds/santa-clarita-ca/,$[0].@graph[0].sameAs,"""https://www.mapquest.com/us/california/805-shutters-shades-blinds-378112738"""
https://www.805shutters.com/blinds/santa-clarita-ca/,$[0].@graph[0].sameAs,"""https://local.yahoo.com/info-225163327-805-shutters"""
https://www.805shutters.com/blinds/santa-clarita-ca/,$[0].@graph[0].sameAs,"""https://www.chamberofcommerce.com/business-directory/california/santa-rosa-valley/window-treatment-store/2026058550-805-shutters-shades-blinds"""
https://www.805shutters.com/blinds/santa-clarita-ca/,$[0].@graph[0].sameAs,"""https://www.2findlocal.com/b/15023840/805-shutters-shades-blinds-santa-rosa-valley-ca"""
https://www.805shutters.com/blinds/santa-clarita-ca/,$[0].@graph[0].description,"""805 Shutters is a family-owned local window treatment company serving Ventura County and nearby communities with more than 30 years of custom shutters, shades, blinds, commercial roller shades, and window covering experience."""
https://www.805shutters.com/blinds/santa-clarita-ca/,$[0].@graph[0].founder,"{""@type"": ""Person"", ""name"": ""Ken Hill""}"
https://www.805shutters.com/blinds/santa-clarita-ca/,$[0].@graph[0].owner,"{""@type"": ""Person"", ""name"": ""Ken Hill""}"
https://www.805shutters.com/blinds/santa-clarita-ca/,$[0].@graph[0].priceRange,"""$$"""
https://www.805shutters.com/blinds/santa-clarita-ca/,$[0].@graph[0].openingHoursSpecification,"[{""@type"": ""OpeningHoursSpecification"", ""closes"": ""18:00"", ""dayOfWeek"": [""Monday"", ""Tuesday"", ""Wednesday"", ""Thursday"", ""Friday"", ""Saturday""], ""opens"": ""08:00""}]"
https://www.805shutters.com/drapery/santa-clarita-ca/,$[0].@graph[0].sameAs,"""https://www.bbb.org/us/ca/camarillo/profile/window-coverings/805-shutters-shades-blinds-1236-3001378"""
https://www.805shutters.com/drapery/santa-clarita-ca/,$[0].@graph[0].sameAs,"""https://www.mapquest.com/us/california/805-shutters-shades-blinds-378112738"""
https://www.805shutters.com/drapery/santa-clarita-ca/,$[0].@graph[0].sameAs,"""https://local.yahoo.com/info-225163327-805-shutters"""
https://www.805shutters.com/drapery/santa-clarita-ca/,$[0].@graph[0].sameAs,"""https://www.chamberofcommerce.com/business-directory/california/santa-rosa-valley/window-treatment-store/2026058550-805-shutters-shades-blinds"""
https://www.805shutters.com/drapery/santa-clarita-ca/,$[0].@graph[0].sameAs,"""https://www.2findlocal.com/b/15023840/805-shutters-shades-blinds-santa-rosa-valley-ca"""
https://www.805shutters.com/drapery/santa-clarita-ca/,$[0].@graph[0].description,"""805 Shutters is a family-owned local window treatment company serving Ventura County and nearby communities with more than 30 years of custom shutters, shades, blinds, commercial roller shades, and window covering experience."""
https://www.805shutters.com/drapery/santa-clarita-ca/,$[0].@graph[0].founder,"{""@type"": ""Person"", ""name"": ""Ken Hill""}"
https://www.805shutters.com/drapery/santa-clarita-ca/,$[0].@graph[0].owner,"{""@type"": ""Person"", ""name"": ""Ken Hill""}"
https://www.805shutters.com/drapery/santa-clarita-ca/,$[0].@graph[0].priceRange,"""$$"""
https://www.805shutters.com/drapery/santa-clarita-ca/,$[0].@graph[0].openingHoursSpecification,"[{""@type"": ""OpeningHoursSpecification"", ""closes"": ""18:00"", ""dayOfWeek"": [""Monday"", ""Tuesday"", ""Wednesday"", ""Thursday"", ""Friday"", ""Saturday""], ""opens"": ""08:00""}]"
https://www.805shutters.com/window-coverings/santa-clarita-ca/,$[0].@graph[0].sameAs,"""https://www.bbb.org/us/ca/camarillo/profile/window-coverings/805-shutters-shades-blinds-1236-3001378"""
https://www.805shutters.com/window-coverings/santa-clarita-ca/,$[0].@graph[0].sameAs,"""https://www.mapquest.com/us/california/805-shutters-shades-blinds-378112738"""
https://www.805shutters.com/window-coverings/santa-clarita-ca/,$[0].@graph[0].sameAs,"""https://local.yahoo.com/info-225163327-805-shutters"""
https://www.805shutters.com/window-coverings/santa-clarita-ca/,$[0].@graph[0].sameAs,"""https://www.chamberofcommerce.com/business-directory/california/santa-rosa-valley/window-treatment-store/2026058550-805-shutters-shades-blinds"""
https://www.805shutters.com/window-coverings/santa-clarita-ca/,$[0].@graph[0].sameAs,"""https://www.2findlocal.com/b/15023840/805-shutters-shades-blinds-santa-rosa-valley-ca"""
https://www.805shutters.com/window-coverings/santa-clarita-ca/,$[0].@graph[0].description,"""805 Shutters is a family-owned local window treatment company serving Ventura County and nearby communities with more than 30 years of custom shutters, shades, blinds, commercial roller shades, and window covering experience."""
https://www.805shutters.com/window-coverings/santa-clarita-ca/,$[0].@graph[0].founder,"{""@type"": ""Person"", ""name"": ""Ken Hill""}"
https://www.805shutters.com/window-coverings/santa-clarita-ca/,$[0].@graph[0].owner,"{""@type"": ""Person"", ""name"": ""Ken Hill""}"
https://www.805shutters.com/window-coverings/santa-clarita-ca/,$[0].@graph[0].priceRange,"""$$"""
https://www.805shutters.com/window-coverings/santa-clarita-ca/,$[0].@graph[0].openingHoursSpecification,"[{""@type"": ""OpeningHoursSpecification"", ""closes"": ""18:00"", ""dayOfWeek"": [""Monday"", ""Tuesday"", ""Wednesday"", ""Thursday"", ""Friday"", ""Saturday""], ""opens"": ""08:00""}]"
https://www.805shutters.com/window-treatments/santa-clarita-ca/,$[0].@graph[0].sameAs,"""https://www.bbb.org/us/ca/camarillo/profile/window-coverings/805-shutters-shades-blinds-1236-3001378"""
https://www.805shutters.com/window-treatments/santa-clarita-ca/,$[0].@graph[0].sameAs,"""https://www.mapquest.com/us/california/805-shutters-shades-blinds-378112738"""
https://www.805shutters.com/window-treatments/santa-clarita-ca/,$[0].@graph[0].sameAs,"""https://local.yahoo.com/info-225163327-805-shutters"""
https://www.805shutters.com/window-treatments/santa-clarita-ca/,$[0].@graph[0].sameAs,"""https://www.chamberofcommerce.com/business-directory/california/santa-rosa-valley/window-treatment-store/2026058550-805-shutters-shades-blinds"""
https://www.805shutters.com/window-treatments/santa-clarita-ca/,$[0].@graph[0].sameAs,"""https://www.2findlocal.com/b/15023840/805-shutters-shades-blinds-santa-rosa-valley-ca"""
https://www.805shutters.com/window-treatments/santa-clarita-ca/,$[0].@graph[0].description,"""805 Shutters is a family-owned local window treatment company serving Ventura County and nearby communities with more than 30 years of custom shutters, shades, blinds, commercial roller shades, and window covering experience."""
https://www.805shutters.com/window-treatments/santa-clarita-ca/,$[0].@graph[0].founder,"{""@type"": ""Person"", ""name"": ""Ken Hill""}"
https://www.805shutters.com/window-treatments/santa-clarita-ca/,$[0].@graph[0].owner,"{""@type"": ""Person"", ""name"": ""Ken Hill""}"
https://www.805shutters.com/window-treatments/santa-clarita-ca/,$[0].@graph[0].priceRange,"""$$"""
https://www.805shutters.com/window-treatments/santa-clarita-ca/,$[0].@graph[0].openingHoursSpecification,"[{""@type"": ""OpeningHoursSpecification"", ""closes"": ""18:00"", ""dayOfWeek"": [""Monday"", ""Tuesday"", ""Wednesday"", ""Thursday"", ""Friday"", ""Saturday""], ""opens"": ""08:00""}]"
https://www.805shutters.com/shutters/santa-rosa-valley/,$[0].@graph[0].sameAs,"""https://www.bbb.org/us/ca/camarillo/profile/window-coverings/805-shutters-shades-blinds-1236-3001378"""
https://www.805shutters.com/shutters/santa-rosa-valley/,$[0].@graph[0].sameAs,"""https://www.mapquest.com/us/california/805-shutters-shades-blinds-378112738"""
https://www.805shutters.com/shutters/santa-rosa-valley/,$[0].@graph[0].sameAs,"""https://local.yahoo.com/info-225163327-805-shutters"""
https://www.805shutters.com/shutters/santa-rosa-valley/,$[0].@graph[0].sameAs,"""https://www.chamberofcommerce.com/business-directory/california/santa-rosa-valley/window-treatment-store/2026058550-805-shutters-shades-blinds"""
https://www.805shutters.com/shutters/santa-rosa-valley/,$[0].@graph[0].sameAs,"""https://www.2findlocal.com/b/15023840/805-shutters-shades-blinds-santa-rosa-valley-ca"""
https://www.805shutters.com/shutters/santa-rosa-valley/,$[0].@graph[0].description,"""805 Shutters is a family-owned local window treatment company serving Ventura County and nearby communities with more than 30 years of custom shutters, shades, blinds, commercial roller shades, and window covering experience."""
https://www.805shutters.com/shutters/santa-rosa-valley/,$[0].@graph[0].founder,"{""@type"": ""Person"", ""name"": ""Ken Hill""}"
https://www.805shutters.com/shutters/santa-rosa-valley/,$[0].@graph[0].owner,"{""@type"": ""Person"", ""name"": ""Ken Hill""}"
https://www.805shutters.com/shutters/santa-rosa-valley/,$[0].@graph[0].priceRange,"""$$"""
https://www.805shutters.com/shutters/santa-rosa-valley/,$[0].@graph[0].openingHoursSpecification,"[{""@type"": ""OpeningHoursSpecification"", ""closes"": ""18:00"", ""dayOfWeek"": [""Monday"", ""Tuesday"", ""Wednesday"", ""Thursday"", ""Friday"", ""Saturday""], ""opens"": ""08:00""}]"
https://www.805shutters.com/shades/santa-rosa-valley-ca/,$[0].@graph[0].sameAs,"""https://www.bbb.org/us/ca/camarillo/profile/window-coverings/805-shutters-shades-blinds-1236-3001378"""
https://www.805shutters.com/shades/santa-rosa-valley-ca/,$[0].@graph[0].sameAs,"""https://www.mapquest.com/us/california/805-shutters-shades-blinds-378112738"""
https://www.805shutters.com/shades/santa-rosa-valley-ca/,$[0].@graph[0].sameAs,"""https://local.yahoo.com/info-225163327-805-shutters"""
https://www.805shutters.com/shades/santa-rosa-valley-ca/,$[0].@graph[0].sameAs,"""https://www.chamberofcommerce.com/business-directory/california/santa-rosa-valley/window-treatment-store/2026058550-805-shutters-shades-blinds"""
https://www.805shutters.com/shades/santa-rosa-valley-ca/,$[0].@graph[0].sameAs,"""https://www.2findlocal.com/b/15023840/805-shutters-shades-blinds-santa-rosa-valley-ca"""
https://www.805shutters.com/shades/santa-rosa-valley-ca/,$[0].@graph[0].description,"""805 Shutters is a family-owned local window treatment company serving Ventura County and nearby communities with more than 30 years of custom shutters, shades, blinds, commercial roller shades, and window covering experience."""
https://www.805shutters.com/shades/santa-rosa-valley-ca/,$[0].@graph[0].founder,"{""@type"": ""Person"", ""name"": ""Ken Hill""}"
https://www.805shutters.com/shades/santa-rosa-valley-ca/,$[0].@graph[0].owner,"{""@type"": ""Person"", ""name"": ""Ken Hill""}"
https://www.805shutters.com/shades/santa-rosa-valley-ca/,$[0].@graph[0].priceRange,"""$$"""
https://www.805shutters.com/shades/santa-rosa-valley-ca/,$[0].@graph[0].openingHoursSpecification,"[{""@type"": ""OpeningHoursSpecification"", ""closes"": ""18:00"", ""dayOfWeek"": [""Monday"", ""Tuesday"", ""Wednesday"", ""Thursday"", ""Friday"", ""Saturday""], ""opens"": ""08:00""}]"
https://www.805shutters.com/blinds/santa-rosa-valley-ca/,$[0].@graph[0].sameAs,"""https://www.bbb.org/us/ca/camarillo/profile/window-coverings/805-shutters-shades-blinds-1236-3001378"""
https://www.805shutters.com/blinds/santa-rosa-valley-ca/,$[0].@graph[0].sameAs,"""https://www.mapquest.com/us/california/805-shutters-shades-blinds-378112738"""
https://www.805shutters.com/blinds/santa-rosa-valley-ca/,$[0].@graph[0].sameAs,"""https://local.yahoo.com/info-225163327-805-shutters"""
https://www.805shutters.com/blinds/santa-rosa-valley-ca/,$[0].@graph[0].sameAs,"""https://www.chamberofcommerce.com/business-directory/california/santa-rosa-valley/window-treatment-store/2026058550-805-shutters-shades-blinds"""
https://www.805shutters.com/blinds/santa-rosa-valley-ca/,$[0].@graph[0].sameAs,"""https://www.2findlocal.com/b/15023840/805-shutters-shades-blinds-santa-rosa-valley-ca"""
https://www.805shutters.com/blinds/santa-rosa-valley-ca/,$[0].@graph[0].description,"""805 Shutters is a family-owned local window treatment company serving Ventura County and nearby communities with more than 30 years of custom shutters, shades, blinds, commercial roller shades, and window covering experience."""
https://www.805shutters.com/blinds/santa-rosa-valley-ca/,$[0].@graph[0].founder,"{""@type"": ""Person"", ""name"": ""Ken Hill""}"
https://www.805shutters.com/blinds/santa-rosa-valley-ca/,$[0].@graph[0].owner,"{""@type"": ""Person"", ""name"": ""Ken Hill""}"
https://www.805shutters.com/blinds/santa-rosa-valley-ca/,$[0].@graph[0].priceRange,"""$$"""
https://www.805shutters.com/blinds/santa-rosa-valley-ca/,$[0].@graph[0].openingHoursSpecification,"[{""@type"": ""OpeningHoursSpecification"", ""closes"": ""18:00"", ""dayOfWeek"": [""Monday"", ""Tuesday"", ""Wednesday"", ""Thursday"", ""Friday"", ""Saturday""], ""opens"": ""08:00""}]"
https://www.805shutters.com/drapery/santa-rosa-valley-ca/,$[0].@graph[0].sameAs,"""https://www.bbb.org/us/ca/camarillo/profile/window-coverings/805-shutters-shades-blinds-1236-3001378"""
https://www.805shutters.com/drapery/santa-rosa-valley-ca/,$[0].@graph[0].sameAs,"""https://www.mapquest.com/us/california/805-shutters-shades-blinds-378112738"""
https://www.805shutters.com/drapery/santa-rosa-valley-ca/,$[0].@graph[0].sameAs,"""https://local.yahoo.com/info-225163327-805-shutters"""
https://www.805shutters.com/drapery/santa-rosa-valley-ca/,$[0].@graph[0].sameAs,"""https://www.chamberofcommerce.com/business-directory/california/santa-rosa-valley/window-treatment-store/2026058550-805-shutters-shades-blinds"""
https://www.805shutters.com/drapery/santa-rosa-valley-ca/,$[0].@graph[0].sameAs,"""https://www.2findlocal.com/b/15023840/805-shutters-shades-blinds-santa-rosa-valley-ca"""
https://www.805shutters.com/drapery/santa-rosa-valley-ca/,$[0].@graph[0].description,"""805 Shutters is a family-owned local window treatment company serving Ventura County and nearby communities with more than 30 years of custom shutters, shades, blinds, commercial roller shades, and window covering experience."""
https://www.805shutters.com/drapery/santa-rosa-valley-ca/,$[0].@graph[0].founder,"{""@type"": ""Person"", ""name"": ""Ken Hill""}"
https://www.805shutters.com/drapery/santa-rosa-valley-ca/,$[0].@graph[0].owner,"{""@type"": ""Person"", ""name"": ""Ken Hill""}"
https://www.805shutters.com/drapery/santa-rosa-valley-ca/,$[0].@graph[0].priceRange,"""$$"""
https://www.805shutters.com/drapery/santa-rosa-valley-ca/,$[0].@graph[0].openingHoursSpecification,"[{""@type"": ""OpeningHoursSpecification"", ""closes"": ""18:00"", ""dayOfWeek"": [""Monday"", ""Tuesday"", ""Wednesday"", ""Thursday"", ""Friday"", ""Saturday""], ""opens"": ""08:00""}]"
https://www.805shutters.com/window-coverings/santa-rosa-valley-ca/,$[0].@graph[0].sameAs,"""https://www.bbb.org/us/ca/camarillo/profile/window-coverings/805-shutters-shades-blinds-1236-3001378"""
https://www.805shutters.com/window-coverings/santa-rosa-valley-ca/,$[0].@graph[0].sameAs,"""https://www.mapquest.com/us/california/805-shutters-shades-blinds-378112738"""
https://www.805shutters.com/window-coverings/santa-rosa-valley-ca/,$[0].@graph[0].sameAs,"""https://local.yahoo.com/info-225163327-805-shutters"""
https://www.805shutters.com/window-coverings/santa-rosa-valley-ca/,$[0].@graph[0].sameAs,"""https://www.chamberofcommerce.com/business-directory/california/santa-rosa-valley/window-treatment-store/2026058550-805-shutters-shades-blinds"""
https://www.805shutters.com/window-coverings/santa-rosa-valley-ca/,$[0].@graph[0].sameAs,"""https://www.2findlocal.com/b/15023840/805-shutters-shades-blinds-santa-rosa-valley-ca"""
https://www.805shutters.com/window-coverings/santa-rosa-valley-ca/,$[0].@graph[0].description,"""805 Shutters is a family-owned local window treatment company serving Ventura County and nearby communities with more than 30 years of custom shutters, shades, blinds, commercial roller shades, and window covering experience."""
https://www.805shutters.com/window-coverings/santa-rosa-valley-ca/,$[0].@graph[0].founder,"{""@type"": ""Person"", ""name"": ""Ken Hill""}"
https://www.805shutters.com/window-coverings/santa-rosa-valley-ca/,$[0].@graph[0].owner,"{""@type"": ""Person"", ""name"": ""Ken Hill""}"
https://www.805shutters.com/window-coverings/santa-rosa-valley-ca/,$[0].@graph[0].priceRange,"""$$"""
https://www.805shutters.com/window-coverings/santa-rosa-valley-ca/,$[0].@graph[0].openingHoursSpecification,"[{""@type"": ""OpeningHoursSpecification"", ""closes"": ""18:00"", ""dayOfWeek"": [""Monday"", ""Tuesday"", ""Wednesday"", ""Thursday"", ""Friday"", ""Saturday""], ""opens"": ""08:00""}]"
https://www.805shutters.com/window-treatments/santa-rosa-valley-ca/,$[0].@graph[0].sameAs,"""https://www.bbb.org/us/ca/camarillo/profile/window-coverings/805-shutters-shades-blinds-1236-3001378"""
https://www.805shutters.com/window-treatments/santa-rosa-valley-ca/,$[0].@graph[0].sameAs,"""https://www.mapquest.com/us/california/805-shutters-shades-blinds-378112738"""
https://www.805shutters.com/window-treatments/santa-rosa-valley-ca/,$[0].@graph[0].sameAs,"""https://local.yahoo.com/info-225163327-805-shutters"""
https://www.805shutters.com/window-treatments/santa-rosa-valley-ca/,$[0].@graph[0].sameAs,"""https://www.chamberofcommerce.com/business-directory/california/santa-rosa-valley/window-treatment-store/2026058550-805-shutters-shades-blinds"""
https://www.805shutters.com/window-treatments/santa-rosa-valley-ca/,$[0].@graph[0].sameAs,"""https://www.2findlocal.com/b/15023840/805-shutters-shades-blinds-santa-rosa-valley-ca"""
https://www.805shutters.com/window-treatments/santa-rosa-valley-ca/,$[0].@graph[0].description,"""805 Shutters is a family-owned local window treatment company serving Ventura County and nearby communities with more than 30 years of custom shutters, shades, blinds, commercial roller shades, and window covering experience."""
https://www.805shutters.com/window-treatments/santa-rosa-valley-ca/,$[0].@graph[0].founder,"{""@type"": ""Person"", ""name"": ""Ken Hill""}"
https://www.805shutters.com/window-treatments/santa-rosa-valley-ca/,$[0].@graph[0].owner,"{""@type"": ""Person"", ""name"": ""Ken Hill""}"
https://www.805shutters.com/window-treatments/santa-rosa-valley-ca/,$[0].@graph[0].priceRange,"""$$"""
https://www.805shutters.com/window-treatments/santa-rosa-valley-ca/,$[0].@graph[0].openingHoursSpecification,"[{""@type"": ""OpeningHoursSpecification"", ""closes"": ""18:00"", ""dayOfWeek"": [""Monday"", ""Tuesday"", ""Wednesday"", ""Thursday"", ""Friday"", ""Saturday""], ""opens"": ""08:00""}]"
https://www.805shutters.com/shutters/simi-valley/,$[0].@graph[0].sameAs,"""https://www.bbb.org/us/ca/camarillo/profile/window-coverings/805-shutters-shades-blinds-1236-3001378"""
https://www.805shutters.com/shutters/simi-valley/,$[0].@graph[0].sameAs,"""https://www.mapquest.com/us/california/805-shutters-shades-blinds-378112738"""
https://www.805shutters.com/shutters/simi-valley/,$[0].@graph[0].sameAs,"""https://local.yahoo.com/info-225163327-805-shutters"""
https://www.805shutters.com/shutters/simi-valley/,$[0].@graph[0].sameAs,"""https://www.chamberofcommerce.com/business-directory/california/santa-rosa-valley/window-treatment-store/2026058550-805-shutters-shades-blinds"""
https://www.805shutters.com/shutters/simi-valley/,$[0].@graph[0].sameAs,"""https://www.2findlocal.com/b/15023840/805-shutters-shades-blinds-santa-rosa-valley-ca"""
https://www.805shutters.com/shutters/simi-valley/,$[0].@graph[0].description,"""805 Shutters is a family-owned local window treatment company serving Ventura County and nearby communities with more than 30 years of custom shutters, shades, blinds, commercial roller shades, and window covering experience."""
https://www.805shutters.com/shutters/simi-valley/,$[0].@graph[0].founder,"{""@type"": ""Person"", ""name"": ""Ken Hill""}"
https://www.805shutters.com/shutters/simi-valley/,$[0].@graph[0].owner,"{""@type"": ""Person"", ""name"": ""Ken Hill""}"
https://www.805shutters.com/shutters/simi-valley/,$[0].@graph[0].priceRange,"""$$"""
https://www.805shutters.com/shutters/simi-valley/,$[0].@graph[0].openingHoursSpecification,"[{""@type"": ""OpeningHoursSpecification"", ""closes"": ""18:00"", ""dayOfWeek"": [""Monday"", ""Tuesday"", ""Wednesday"", ""Thursday"", ""Friday"", ""Saturday""], ""opens"": ""08:00""}]"
https://www.805shutters.com/shades/simi-valley-ca/,$[0].@graph[0].sameAs,"""https://www.bbb.org/us/ca/camarillo/profile/window-coverings/805-shutters-shades-blinds-1236-3001378"""
https://www.805shutters.com/shades/simi-valley-ca/,$[0].@graph[0].sameAs,"""https://www.mapquest.com/us/california/805-shutters-shades-blinds-378112738"""
https://www.805shutters.com/shades/simi-valley-ca/,$[0].@graph[0].sameAs,"""https://local.yahoo.com/info-225163327-805-shutters"""
https://www.805shutters.com/shades/simi-valley-ca/,$[0].@graph[0].sameAs,"""https://www.chamberofcommerce.com/business-directory/california/santa-rosa-valley/window-treatment-store/2026058550-805-shutters-shades-blinds"""
https://www.805shutters.com/shades/simi-valley-ca/,$[0].@graph[0].sameAs,"""https://www.2findlocal.com/b/15023840/805-shutters-shades-blinds-santa-rosa-valley-ca"""
https://www.805shutters.com/shades/simi-valley-ca/,$[0].@graph[0].description,"""805 Shutters is a family-owned local window treatment company serving Ventura County and nearby communities with more than 30 years of custom shutters, shades, blinds, commercial roller shades, and window covering experience."""
https://www.805shutters.com/shades/simi-valley-ca/,$[0].@graph[0].founder,"{""@type"": ""Person"", ""name"": ""Ken Hill""}"
https://www.805shutters.com/shades/simi-valley-ca/,$[0].@graph[0].owner,"{""@type"": ""Person"", ""name"": ""Ken Hill""}"
https://www.805shutters.com/shades/simi-valley-ca/,$[0].@graph[0].priceRange,"""$$"""
https://www.805shutters.com/shades/simi-valley-ca/,$[0].@graph[0].openingHoursSpecification,"[{""@type"": ""OpeningHoursSpecification"", ""closes"": ""18:00"", ""dayOfWeek"": [""Monday"", ""Tuesday"", ""Wednesday"", ""Thursday"", ""Friday"", ""Saturday""], ""opens"": ""08:00""}]"
https://www.805shutters.com/blinds/simi-valley-ca/,$[0].@graph[0].sameAs,"""https://www.bbb.org/us/ca/camarillo/profile/window-coverings/805-shutters-shades-blinds-1236-3001378"""
https://www.805shutters.com/blinds/simi-valley-ca/,$[0].@graph[0].sameAs,"""https://www.mapquest.com/us/california/805-shutters-shades-blinds-378112738"""
https://www.805shutters.com/blinds/simi-valley-ca/,$[0].@graph[0].sameAs,"""https://local.yahoo.com/info-225163327-805-shutters"""
https://www.805shutters.com/blinds/simi-valley-ca/,$[0].@graph[0].sameAs,"""https://www.chamberofcommerce.com/business-directory/california/santa-rosa-valley/window-treatment-store/2026058550-805-shutters-shades-blinds"""
https://www.805shutters.com/blinds/simi-valley-ca/,$[0].@graph[0].sameAs,"""https://www.2findlocal.com/b/15023840/805-shutters-shades-blinds-santa-rosa-valley-ca"""
https://www.805shutters.com/blinds/simi-valley-ca/,$[0].@graph[0].description,"""805 Shutters is a family-owned local window treatment company serving Ventura County and nearby communities with more than 30 years of custom shutters, shades, blinds, commercial roller shades, and window covering experience."""
https://www.805shutters.com/blinds/simi-valley-ca/,$[0].@graph[0].founder,"{""@type"": ""Person"", ""name"": ""Ken Hill""}"
https://www.805shutters.com/blinds/simi-valley-ca/,$[0].@graph[0].owner,"{""@type"": ""Person"", ""name"": ""Ken Hill""}"
https://www.805shutters.com/blinds/simi-valley-ca/,$[0].@graph[0].priceRange,"""$$"""
https://www.805shutters.com/blinds/simi-valley-ca/,$[0].@graph[0].openingHoursSpecification,"[{""@type"": ""OpeningHoursSpecification"", ""closes"": ""18:00"", ""dayOfWeek"": [""Monday"", ""Tuesday"", ""Wednesday"", ""Thursday"", ""Friday"", ""Saturday""], ""opens"": ""08:00""}]"
https://www.805shutters.com/drapery/simi-valley-ca/,$[0].@graph[0].sameAs,"""https://www.bbb.org/us/ca/camarillo/profile/window-coverings/805-shutters-shades-blinds-1236-3001378"""
https://www.805shutters.com/drapery/simi-valley-ca/,$[0].@graph[0].sameAs,"""https://www.mapquest.com/us/california/805-shutters-shades-blinds-378112738"""
https://www.805shutters.com/drapery/simi-valley-ca/,$[0].@graph[0].sameAs,"""https://local.yahoo.com/info-225163327-805-shutters"""
https://www.805shutters.com/drapery/simi-valley-ca/,$[0].@graph[0].sameAs,"""https://www.chamberofcommerce.com/business-directory/california/santa-rosa-valley/window-treatment-store/2026058550-805-shutters-shades-blinds"""
https://www.805shutters.com/drapery/simi-valley-ca/,$[0].@graph[0].sameAs,"""https://www.2findlocal.com/b/15023840/805-shutters-shades-blinds-santa-rosa-valley-ca"""
https://www.805shutters.com/drapery/simi-valley-ca/,$[0].@graph[0].description,"""805 Shutters is a family-owned local window treatment company serving Ventura County and nearby communities with more than 30 years of custom shutters, shades, blinds, commercial roller shades, and window covering experience."""
https://www.805shutters.com/drapery/simi-valley-ca/,$[0].@graph[0].founder,"{""@type"": ""Person"", ""name"": ""Ken Hill""}"
https://www.805shutters.com/drapery/simi-valley-ca/,$[0].@graph[0].owner,"{""@type"": ""Person"", ""name"": ""Ken Hill""}"
https://www.805shutters.com/drapery/simi-valley-ca/,$[0].@graph[0].priceRange,"""$$"""
https://www.805shutters.com/drapery/simi-valley-ca/,$[0].@graph[0].openingHoursSpecification,"[{""@type"": ""OpeningHoursSpecification"", ""closes"": ""18:00"", ""dayOfWeek"": [""Monday"", ""Tuesday"", ""Wednesday"", ""Thursday"", ""Friday"", ""Saturday""], ""opens"": ""08:00""}]"
https://www.805shutters.com/window-coverings/simi-valley-ca/,$[0].@graph[0].sameAs,"""https://www.bbb.org/us/ca/camarillo/profile/window-coverings/805-shutters-shades-blinds-1236-3001378"""
https://www.805shutters.com/window-coverings/simi-valley-ca/,$[0].@graph[0].sameAs,"""https://www.mapquest.com/us/california/805-shutters-shades-blinds-378112738"""
https://www.805shutters.com/window-coverings/simi-valley-ca/,$[0].@graph[0].sameAs,"""https://local.yahoo.com/info-225163327-805-shutters"""
https://www.805shutters.com/window-coverings/simi-valley-ca/,$[0].@graph[0].sameAs,"""https://www.chamberofcommerce.com/business-directory/california/santa-rosa-valley/window-treatment-store/2026058550-805-shutters-shades-blinds"""
https://www.805shutters.com/window-coverings/simi-valley-ca/,$[0].@graph[0].sameAs,"""https://www.2findlocal.com/b/15023840/805-shutters-shades-blinds-santa-rosa-valley-ca"""
https://www.805shutters.com/window-coverings/simi-valley-ca/,$[0].@graph[0].description,"""805 Shutters is a family-owned local window treatment company serving Ventura County and nearby communities with more than 30 years of custom shutters, shades, blinds, commercial roller shades, and window covering experience."""
https://www.805shutters.com/window-coverings/simi-valley-ca/,$[0].@graph[0].founder,"{""@type"": ""Person"", ""name"": ""Ken Hill""}"
https://www.805shutters.com/window-coverings/simi-valley-ca/,$[0].@graph[0].owner,"{""@type"": ""Person"", ""name"": ""Ken Hill""}"
https://www.805shutters.com/window-coverings/simi-valley-ca/,$[0].@graph[0].priceRange,"""$$"""
https://www.805shutters.com/window-coverings/simi-valley-ca/,$[0].@graph[0].openingHoursSpecification,"[{""@type"": ""OpeningHoursSpecification"", ""closes"": ""18:00"", ""dayOfWeek"": [""Monday"", ""Tuesday"", ""Wednesday"", ""Thursday"", ""Friday"", ""Saturday""], ""opens"": ""08:00""}]"
https://www.805shutters.com/window-treatments/simi-valley-ca/,$[0].@graph[0].sameAs,"""https://www.bbb.org/us/ca/camarillo/profile/window-coverings/805-shutters-shades-blinds-1236-3001378"""
https://www.805shutters.com/window-treatments/simi-valley-ca/,$[0].@graph[0].sameAs,"""https://www.mapquest.com/us/california/805-shutters-shades-blinds-378112738"""
https://www.805shutters.com/window-treatments/simi-valley-ca/,$[0].@graph[0].sameAs,"""https://local.yahoo.com/info-225163327-805-shutters"""
https://www.805shutters.com/window-treatments/simi-valley-ca/,$[0].@graph[0].sameAs,"""https://www.chamberofcommerce.com/business-directory/california/santa-rosa-valley/window-treatment-store/2026058550-805-shutters-shades-blinds"""
https://www.805shutters.com/window-treatments/simi-valley-ca/,$[0].@graph[0].sameAs,"""https://www.2findlocal.com/b/15023840/805-shutters-shades-blinds-santa-rosa-valley-ca"""
https://www.805shutters.com/window-treatments/simi-valley-ca/,$[0].@graph[0].description,"""805 Shutters is a family-owned local window treatment company serving Ventura County and nearby communities with more than 30 years of custom shutters, shades, blinds, commercial roller shades, and window covering experience."""
https://www.805shutters.com/window-treatments/simi-valley-ca/,$[0].@graph[0].founder,"{""@type"": ""Person"", ""name"": ""Ken Hill""}"
https://www.805shutters.com/window-treatments/simi-valley-ca/,$[0].@graph[0].owner,"{""@type"": ""Person"", ""name"": ""Ken Hill""}"
https://www.805shutters.com/window-treatments/simi-valley-ca/,$[0].@graph[0].priceRange,"""$$"""
https://www.805shutters.com/window-treatments/simi-valley-ca/,$[0].@graph[0].openingHoursSpecification,"[{""@type"": ""OpeningHoursSpecification"", ""closes"": ""18:00"", ""dayOfWeek"": [""Monday"", ""Tuesday"", ""Wednesday"", ""Thursday"", ""Friday"", ""Saturday""], ""opens"": ""08:00""}]"
https://www.805shutters.com/shutters/thousand-oaks/,$[0].@graph[0].sameAs,"""https://www.bbb.org/us/ca/camarillo/profile/window-coverings/805-shutters-shades-blinds-1236-3001378"""
https://www.805shutters.com/shutters/thousand-oaks/,$[0].@graph[0].sameAs,"""https://www.mapquest.com/us/california/805-shutters-shades-blinds-378112738"""
https://www.805shutters.com/shutters/thousand-oaks/,$[0].@graph[0].sameAs,"""https://local.yahoo.com/info-225163327-805-shutters"""
https://www.805shutters.com/shutters/thousand-oaks/,$[0].@graph[0].sameAs,"""https://www.chamberofcommerce.com/business-directory/california/santa-rosa-valley/window-treatment-store/2026058550-805-shutters-shades-blinds"""
https://www.805shutters.com/shutters/thousand-oaks/,$[0].@graph[0].sameAs,"""https://www.2findlocal.com/b/15023840/805-shutters-shades-blinds-santa-rosa-valley-ca"""
https://www.805shutters.com/shutters/thousand-oaks/,$[0].@graph[0].description,"""805 Shutters is a family-owned local window treatment company serving Ventura County and nearby communities with more than 30 years of custom shutters, shades, blinds, commercial roller shades, and window covering experience."""
https://www.805shutters.com/shutters/thousand-oaks/,$[0].@graph[0].founder,"{""@type"": ""Person"", ""name"": ""Ken Hill""}"
https://www.805shutters.com/shutters/thousand-oaks/,$[0].@graph[0].owner,"{""@type"": ""Person"", ""name"": ""Ken Hill""}"
https://www.805shutters.com/shutters/thousand-oaks/,$[0].@graph[0].priceRange,"""$$"""
https://www.805shutters.com/shutters/thousand-oaks/,$[0].@graph[0].openingHoursSpecification,"[{""@type"": ""OpeningHoursSpecification"", ""closes"": ""18:00"", ""dayOfWeek"": [""Monday"", ""Tuesday"", ""Wednesday"", ""Thursday"", ""Friday"", ""Saturday""], ""opens"": ""08:00""}]"
https://www.805shutters.com/shades/thousand-oaks-ca/,$[0].@graph[0].sameAs,"""https://www.bbb.org/us/ca/camarillo/profile/window-coverings/805-shutters-shades-blinds-1236-3001378"""
https://www.805shutters.com/shades/thousand-oaks-ca/,$[0].@graph[0].sameAs,"""https://www.mapquest.com/us/california/805-shutters-shades-blinds-378112738"""
https://www.805shutters.com/shades/thousand-oaks-ca/,$[0].@graph[0].sameAs,"""https://local.yahoo.com/info-225163327-805-shutters"""
https://www.805shutters.com/shades/thousand-oaks-ca/,$[0].@graph[0].sameAs,"""https://www.chamberofcommerce.com/business-directory/california/santa-rosa-valley/window-treatment-store/2026058550-805-shutters-shades-blinds"""
https://www.805shutters.com/shades/thousand-oaks-ca/,$[0].@graph[0].sameAs,"""https://www.2findlocal.com/b/15023840/805-shutters-shades-blinds-santa-rosa-valley-ca"""
https://www.805shutters.com/shades/thousand-oaks-ca/,$[0].@graph[0].description,"""805 Shutters is a family-owned local window treatment company serving Ventura County and nearby communities with more than 30 years of custom shutters, shades, blinds, commercial roller shades, and window covering experience."""
https://www.805shutters.com/shades/thousand-oaks-ca/,$[0].@graph[0].founder,"{""@type"": ""Person"", ""name"": ""Ken Hill""}"
https://www.805shutters.com/shades/thousand-oaks-ca/,$[0].@graph[0].owner,"{""@type"": ""Person"", ""name"": ""Ken Hill""}"
https://www.805shutters.com/shades/thousand-oaks-ca/,$[0].@graph[0].priceRange,"""$$"""
https://www.805shutters.com/shades/thousand-oaks-ca/,$[0].@graph[0].openingHoursSpecification,"[{""@type"": ""OpeningHoursSpecification"", ""closes"": ""18:00"", ""dayOfWeek"": [""Monday"", ""Tuesday"", ""Wednesday"", ""Thursday"", ""Friday"", ""Saturday""], ""opens"": ""08:00""}]"
https://www.805shutters.com/blinds/thousand-oaks-ca/,$[0].@graph[0].sameAs,"""https://www.bbb.org/us/ca/camarillo/profile/window-coverings/805-shutters-shades-blinds-1236-3001378"""
https://www.805shutters.com/blinds/thousand-oaks-ca/,$[0].@graph[0].sameAs,"""https://www.mapquest.com/us/california/805-shutters-shades-blinds-378112738"""
https://www.805shutters.com/blinds/thousand-oaks-ca/,$[0].@graph[0].sameAs,"""https://local.yahoo.com/info-225163327-805-shutters"""
https://www.805shutters.com/blinds/thousand-oaks-ca/,$[0].@graph[0].sameAs,"""https://www.chamberofcommerce.com/business-directory/california/santa-rosa-valley/window-treatment-store/2026058550-805-shutters-shades-blinds"""
https://www.805shutters.com/blinds/thousand-oaks-ca/,$[0].@graph[0].sameAs,"""https://www.2findlocal.com/b/15023840/805-shutters-shades-blinds-santa-rosa-valley-ca"""
https://www.805shutters.com/blinds/thousand-oaks-ca/,$[0].@graph[0].description,"""805 Shutters is a family-owned local window treatment company serving Ventura County and nearby communities with more than 30 years of custom shutters, shades, blinds, commercial roller shades, and window covering experience."""
https://www.805shutters.com/blinds/thousand-oaks-ca/,$[0].@graph[0].founder,"{""@type"": ""Person"", ""name"": ""Ken Hill""}"
https://www.805shutters.com/blinds/thousand-oaks-ca/,$[0].@graph[0].owner,"{""@type"": ""Person"", ""name"": ""Ken Hill""}"
https://www.805shutters.com/blinds/thousand-oaks-ca/,$[0].@graph[0].priceRange,"""$$"""
https://www.805shutters.com/blinds/thousand-oaks-ca/,$[0].@graph[0].openingHoursSpecification,"[{""@type"": ""OpeningHoursSpecification"", ""closes"": ""18:00"", ""dayOfWeek"": [""Monday"", ""Tuesday"", ""Wednesday"", ""Thursday"", ""Friday"", ""Saturday""], ""opens"": ""08:00""}]"
https://www.805shutters.com/drapery/thousand-oaks-ca/,$[0].@graph[0].sameAs,"""https://www.bbb.org/us/ca/camarillo/profile/window-coverings/805-shutters-shades-blinds-1236-3001378"""
https://www.805shutters.com/drapery/thousand-oaks-ca/,$[0].@graph[0].sameAs,"""https://www.mapquest.com/us/california/805-shutters-shades-blinds-378112738"""
https://www.805shutters.com/drapery/thousand-oaks-ca/,$[0].@graph[0].sameAs,"""https://local.yahoo.com/info-225163327-805-shutters"""
https://www.805shutters.com/drapery/thousand-oaks-ca/,$[0].@graph[0].sameAs,"""https://www.chamberofcommerce.com/business-directory/california/santa-rosa-valley/window-treatment-store/2026058550-805-shutters-shades-blinds"""
https://www.805shutters.com/drapery/thousand-oaks-ca/,$[0].@graph[0].sameAs,"""https://www.2findlocal.com/b/15023840/805-shutters-shades-blinds-santa-rosa-valley-ca"""
https://www.805shutters.com/drapery/thousand-oaks-ca/,$[0].@graph[0].description,"""805 Shutters is a family-owned local window treatment company serving Ventura County and nearby communities with more than 30 years of custom shutters, shades, blinds, commercial roller shades, and window covering experience."""
https://www.805shutters.com/drapery/thousand-oaks-ca/,$[0].@graph[0].founder,"{""@type"": ""Person"", ""name"": ""Ken Hill""}"
https://www.805shutters.com/drapery/thousand-oaks-ca/,$[0].@graph[0].owner,"{""@type"": ""Person"", ""name"": ""Ken Hill""}"
https://www.805shutters.com/drapery/thousand-oaks-ca/,$[0].@graph[0].priceRange,"""$$"""
https://www.805shutters.com/drapery/thousand-oaks-ca/,$[0].@graph[0].openingHoursSpecification,"[{""@type"": ""OpeningHoursSpecification"", ""closes"": ""18:00"", ""dayOfWeek"": [""Monday"", ""Tuesday"", ""Wednesday"", ""Thursday"", ""Friday"", ""Saturday""], ""opens"": ""08:00""}]"
https://www.805shutters.com/window-coverings/thousand-oaks-ca/,$[0].@graph[0].sameAs,"""https://www.bbb.org/us/ca/camarillo/profile/window-coverings/805-shutters-shades-blinds-1236-3001378"""
https://www.805shutters.com/window-coverings/thousand-oaks-ca/,$[0].@graph[0].sameAs,"""https://www.mapquest.com/us/california/805-shutters-shades-blinds-378112738"""
https://www.805shutters.com/window-coverings/thousand-oaks-ca/,$[0].@graph[0].sameAs,"""https://local.yahoo.com/info-225163327-805-shutters"""
https://www.805shutters.com/window-coverings/thousand-oaks-ca/,$[0].@graph[0].sameAs,"""https://www.chamberofcommerce.com/business-directory/california/santa-rosa-valley/window-treatment-store/2026058550-805-shutters-shades-blinds"""
https://www.805shutters.com/window-coverings/thousand-oaks-ca/,$[0].@graph[0].sameAs,"""https://www.2findlocal.com/b/15023840/805-shutters-shades-blinds-santa-rosa-valley-ca"""
https://www.805shutters.com/window-coverings/thousand-oaks-ca/,$[0].@graph[0].description,"""805 Shutters is a family-owned local window treatment company serving Ventura County and nearby communities with more than 30 years of custom shutters, shades, blinds, commercial roller shades, and window covering experience."""
https://www.805shutters.com/window-coverings/thousand-oaks-ca/,$[0].@graph[0].founder,"{""@type"": ""Person"", ""name"": ""Ken Hill""}"
https://www.805shutters.com/window-coverings/thousand-oaks-ca/,$[0].@graph[0].owner,"{""@type"": ""Person"", ""name"": ""Ken Hill""}"
https://www.805shutters.com/window-coverings/thousand-oaks-ca/,$[0].@graph[0].priceRange,"""$$"""
https://www.805shutters.com/window-coverings/thousand-oaks-ca/,$[0].@graph[0].openingHoursSpecification,"[{""@type"": ""OpeningHoursSpecification"", ""closes"": ""18:00"", ""dayOfWeek"": [""Monday"", ""Tuesday"", ""Wednesday"", ""Thursday"", ""Friday"", ""Saturday""], ""opens"": ""08:00""}]"
https://www.805shutters.com/window-treatments/thousand-oaks-ca/,$[0].@graph[0].sameAs,"""https://www.bbb.org/us/ca/camarillo/profile/window-coverings/805-shutters-shades-blinds-1236-3001378"""
https://www.805shutters.com/window-treatments/thousand-oaks-ca/,$[0].@graph[0].sameAs,"""https://www.mapquest.com/us/california/805-shutters-shades-blinds-378112738"""
https://www.805shutters.com/window-treatments/thousand-oaks-ca/,$[0].@graph[0].sameAs,"""https://local.yahoo.com/info-225163327-805-shutters"""
https://www.805shutters.com/window-treatments/thousand-oaks-ca/,$[0].@graph[0].sameAs,"""https://www.chamberofcommerce.com/business-directory/california/santa-rosa-valley/window-treatment-store/2026058550-805-shutters-shades-blinds"""
https://www.805shutters.com/window-treatments/thousand-oaks-ca/,$[0].@graph[0].sameAs,"""https://www.2findlocal.com/b/15023840/805-shutters-shades-blinds-santa-rosa-valley-ca"""
https://www.805shutters.com/window-treatments/thousand-oaks-ca/,$[0].@graph[0].description,"""805 Shutters is a family-owned local window treatment company serving Ventura County and nearby communities with more than 30 years of custom shutters, shades, blinds, commercial roller shades, and window covering experience."""
https://www.805shutters.com/window-treatments/thousand-oaks-ca/,$[0].@graph[0].founder,"{""@type"": ""Person"", ""name"": ""Ken Hill""}"
https://www.805shutters.com/window-treatments/thousand-oaks-ca/,$[0].@graph[0].owner,"{""@type"": ""Person"", ""name"": ""Ken Hill""}"
https://www.805shutters.com/window-treatments/thousand-oaks-ca/,$[0].@graph[0].priceRange,"""$$"""
https://www.805shutters.com/window-treatments/thousand-oaks-ca/,$[0].@graph[0].openingHoursSpecification,"[{""@type"": ""OpeningHoursSpecification"", ""closes"": ""18:00"", ""dayOfWeek"": [""Monday"", ""Tuesday"", ""Wednesday"", ""Thursday"", ""Friday"", ""Saturday""], ""opens"": ""08:00""}]"
https://www.805shutters.com/shutters/ventura/,$[0].@graph[0].sameAs,"""https://www.bbb.org/us/ca/camarillo/profile/window-coverings/805-shutters-shades-blinds-1236-3001378"""
https://www.805shutters.com/shutters/ventura/,$[0].@graph[0].sameAs,"""https://www.mapquest.com/us/california/805-shutters-shades-blinds-378112738"""
https://www.805shutters.com/shutters/ventura/,$[0].@graph[0].sameAs,"""https://local.yahoo.com/info-225163327-805-shutters"""
https://www.805shutters.com/shutters/ventura/,$[0].@graph[0].sameAs,"""https://www.chamberofcommerce.com/business-directory/california/santa-rosa-valley/window-treatment-store/2026058550-805-shutters-shades-blinds"""
https://www.805shutters.com/shutters/ventura/,$[0].@graph[0].sameAs,"""https://www.2findlocal.com/b/15023840/805-shutters-shades-blinds-santa-rosa-valley-ca"""
https://www.805shutters.com/shutters/ventura/,$[0].@graph[0].description,"""805 Shutters is a family-owned local window treatment company serving Ventura County and nearby communities with more than 30 years of custom shutters, shades, blinds, commercial roller shades, and window covering experience."""
https://www.805shutters.com/shutters/ventura/,$[0].@graph[0].founder,"{""@type"": ""Person"", ""name"": ""Ken Hill""}"
https://www.805shutters.com/shutters/ventura/,$[0].@graph[0].owner,"{""@type"": ""Person"", ""name"": ""Ken Hill""}"
https://www.805shutters.com/shutters/ventura/,$[0].@graph[0].priceRange,"""$$"""
https://www.805shutters.com/shutters/ventura/,$[0].@graph[0].openingHoursSpecification,"[{""@type"": ""OpeningHoursSpecification"", ""closes"": ""18:00"", ""dayOfWeek"": [""Monday"", ""Tuesday"", ""Wednesday"", ""Thursday"", ""Friday"", ""Saturday""], ""opens"": ""08:00""}]"
https://www.805shutters.com/shades/ventura-ca/,$[0].@graph[0].sameAs,"""https://www.bbb.org/us/ca/camarillo/profile/window-coverings/805-shutters-shades-blinds-1236-3001378"""
https://www.805shutters.com/shades/ventura-ca/,$[0].@graph[0].sameAs,"""https://www.mapquest.com/us/california/805-shutters-shades-blinds-378112738"""
https://www.805shutters.com/shades/ventura-ca/,$[0].@graph[0].sameAs,"""https://local.yahoo.com/info-225163327-805-shutters"""
https://www.805shutters.com/shades/ventura-ca/,$[0].@graph[0].sameAs,"""https://www.chamberofcommerce.com/business-directory/california/santa-rosa-valley/window-treatment-store/2026058550-805-shutters-shades-blinds"""
https://www.805shutters.com/shades/ventura-ca/,$[0].@graph[0].sameAs,"""https://www.2findlocal.com/b/15023840/805-shutters-shades-blinds-santa-rosa-valley-ca"""
https://www.805shutters.com/shades/ventura-ca/,$[0].@graph[0].description,"""805 Shutters is a family-owned local window treatment company serving Ventura County and nearby communities with more than 30 years of custom shutters, shades, blinds, commercial roller shades, and window covering experience."""
https://www.805shutters.com/shades/ventura-ca/,$[0].@graph[0].founder,"{""@type"": ""Person"", ""name"": ""Ken Hill""}"
https://www.805shutters.com/shades/ventura-ca/,$[0].@graph[0].owner,"{""@type"": ""Person"", ""name"": ""Ken Hill""}"
https://www.805shutters.com/shades/ventura-ca/,$[0].@graph[0].priceRange,"""$$"""
https://www.805shutters.com/shades/ventura-ca/,$[0].@graph[0].openingHoursSpecification,"[{""@type"": ""OpeningHoursSpecification"", ""closes"": ""18:00"", ""dayOfWeek"": [""Monday"", ""Tuesday"", ""Wednesday"", ""Thursday"", ""Friday"", ""Saturday""], ""opens"": ""08:00""}]"
https://www.805shutters.com/blinds/ventura-ca/,$[0].@graph[0].sameAs,"""https://www.bbb.org/us/ca/camarillo/profile/window-coverings/805-shutters-shades-blinds-1236-3001378"""
https://www.805shutters.com/blinds/ventura-ca/,$[0].@graph[0].sameAs,"""https://www.mapquest.com/us/california/805-shutters-shades-blinds-378112738"""
https://www.805shutters.com/blinds/ventura-ca/,$[0].@graph[0].sameAs,"""https://local.yahoo.com/info-225163327-805-shutters"""
https://www.805shutters.com/blinds/ventura-ca/,$[0].@graph[0].sameAs,"""https://www.chamberofcommerce.com/business-directory/california/santa-rosa-valley/window-treatment-store/2026058550-805-shutters-shades-blinds"""
https://www.805shutters.com/blinds/ventura-ca/,$[0].@graph[0].sameAs,"""https://www.2findlocal.com/b/15023840/805-shutters-shades-blinds-santa-rosa-valley-ca"""
https://www.805shutters.com/blinds/ventura-ca/,$[0].@graph[0].description,"""805 Shutters is a family-owned local window treatment company serving Ventura County and nearby communities with more than 30 years of custom shutters, shades, blinds, commercial roller shades, and window covering experience."""
https://www.805shutters.com/blinds/ventura-ca/,$[0].@graph[0].founder,"{""@type"": ""Person"", ""name"": ""Ken Hill""}"
https://www.805shutters.com/blinds/ventura-ca/,$[0].@graph[0].owner,"{""@type"": ""Person"", ""name"": ""Ken Hill""}"
https://www.805shutters.com/blinds/ventura-ca/,$[0].@graph[0].priceRange,"""$$"""
https://www.805shutters.com/blinds/ventura-ca/,$[0].@graph[0].openingHoursSpecification,"[{""@type"": ""OpeningHoursSpecification"", ""closes"": ""18:00"", ""dayOfWeek"": [""Monday"", ""Tuesday"", ""Wednesday"", ""Thursday"", ""Friday"", ""Saturday""], ""opens"": ""08:00""}]"
https://www.805shutters.com/drapery/ventura-ca/,$[0].@graph[0].sameAs,"""https://www.bbb.org/us/ca/camarillo/profile/window-coverings/805-shutters-shades-blinds-1236-3001378"""
https://www.805shutters.com/drapery/ventura-ca/,$[0].@graph[0].sameAs,"""https://www.mapquest.com/us/california/805-shutters-shades-blinds-378112738"""
https://www.805shutters.com/drapery/ventura-ca/,$[0].@graph[0].sameAs,"""https://local.yahoo.com/info-225163327-805-shutters"""
https://www.805shutters.com/drapery/ventura-ca/,$[0].@graph[0].sameAs,"""https://www.chamberofcommerce.com/business-directory/california/santa-rosa-valley/window-treatment-store/2026058550-805-shutters-shades-blinds"""
https://www.805shutters.com/drapery/ventura-ca/,$[0].@graph[0].sameAs,"""https://www.2findlocal.com/b/15023840/805-shutters-shades-blinds-santa-rosa-valley-ca"""
https://www.805shutters.com/drapery/ventura-ca/,$[0].@graph[0].description,"""805 Shutters is a family-owned local window treatment company serving Ventura County and nearby communities with more than 30 years of custom shutters, shades, blinds, commercial roller shades, and window covering experience."""
https://www.805shutters.com/drapery/ventura-ca/,$[0].@graph[0].founder,"{""@type"": ""Person"", ""name"": ""Ken Hill""}"
https://www.805shutters.com/drapery/ventura-ca/,$[0].@graph[0].owner,"{""@type"": ""Person"", ""name"": ""Ken Hill""}"
https://www.805shutters.com/drapery/ventura-ca/,$[0].@graph[0].priceRange,"""$$"""
https://www.805shutters.com/drapery/ventura-ca/,$[0].@graph[0].openingHoursSpecification,"[{""@type"": ""OpeningHoursSpecification"", ""closes"": ""18:00"", ""dayOfWeek"": [""Monday"", ""Tuesday"", ""Wednesday"", ""Thursday"", ""Friday"", ""Saturday""], ""opens"": ""08:00""}]"
https://www.805shutters.com/window-coverings/ventura-ca/,$[0].@graph[0].sameAs,"""https://www.bbb.org/us/ca/camarillo/profile/window-coverings/805-shutters-shades-blinds-1236-3001378"""
https://www.805shutters.com/window-coverings/ventura-ca/,$[0].@graph[0].sameAs,"""https://www.mapquest.com/us/california/805-shutters-shades-blinds-378112738"""
https://www.805shutters.com/window-coverings/ventura-ca/,$[0].@graph[0].sameAs,"""https://local.yahoo.com/info-225163327-805-shutters"""
https://www.805shutters.com/window-coverings/ventura-ca/,$[0].@graph[0].sameAs,"""https://www.chamberofcommerce.com/business-directory/california/santa-rosa-valley/window-treatment-store/2026058550-805-shutters-shades-blinds"""
https://www.805shutters.com/window-coverings/ventura-ca/,$[0].@graph[0].sameAs,"""https://www.2findlocal.com/b/15023840/805-shutters-shades-blinds-santa-rosa-valley-ca"""
https://www.805shutters.com/window-coverings/ventura-ca/,$[0].@graph[0].description,"""805 Shutters is a family-owned local window treatment company serving Ventura County and nearby communities with more than 30 years of custom shutters, shades, blinds, commercial roller shades, and window covering experience."""
https://www.805shutters.com/window-coverings/ventura-ca/,$[0].@graph[0].founder,"{""@type"": ""Person"", ""name"": ""Ken Hill""}"
https://www.805shutters.com/window-coverings/ventura-ca/,$[0].@graph[0].owner,"{""@type"": ""Person"", ""name"": ""Ken Hill""}"
https://www.805shutters.com/window-coverings/ventura-ca/,$[0].@graph[0].priceRange,"""$$"""
https://www.805shutters.com/window-coverings/ventura-ca/,$[0].@graph[0].openingHoursSpecification,"[{""@type"": ""OpeningHoursSpecification"", ""closes"": ""18:00"", ""dayOfWeek"": [""Monday"", ""Tuesday"", ""Wednesday"", ""Thursday"", ""Friday"", ""Saturday""], ""opens"": ""08:00""}]"
https://www.805shutters.com/window-treatments/ventura-ca/,$[0].@graph[0].sameAs,"""https://www.bbb.org/us/ca/camarillo/profile/window-coverings/805-shutters-shades-blinds-1236-3001378"""
https://www.805shutters.com/window-treatments/ventura-ca/,$[0].@graph[0].sameAs,"""https://www.mapquest.com/us/california/805-shutters-shades-blinds-378112738"""
https://www.805shutters.com/window-treatments/ventura-ca/,$[0].@graph[0].sameAs,"""https://local.yahoo.com/info-225163327-805-shutters"""
https://www.805shutters.com/window-treatments/ventura-ca/,$[0].@graph[0].sameAs,"""https://www.chamberofcommerce.com/business-directory/california/santa-rosa-valley/window-treatment-store/2026058550-805-shutters-shades-blinds"""
https://www.805shutters.com/window-treatments/ventura-ca/,$[0].@graph[0].sameAs,"""https://www.2findlocal.com/b/15023840/805-shutters-shades-blinds-santa-rosa-valley-ca"""
https://www.805shutters.com/window-treatments/ventura-ca/,$[0].@graph[0].description,"""805 Shutters is a family-owned local window treatment company serving Ventura County and nearby communities with more than 30 years of custom shutters, shades, blinds, commercial roller shades, and window covering experience."""
https://www.805shutters.com/window-treatments/ventura-ca/,$[0].@graph[0].founder,"{""@type"": ""Person"", ""name"": ""Ken Hill""}"
https://www.805shutters.com/window-treatments/ventura-ca/,$[0].@graph[0].owner,"{""@type"": ""Person"", ""name"": ""Ken Hill""}"
https://www.805shutters.com/window-treatments/ventura-ca/,$[0].@graph[0].priceRange,"""$$"""
https://www.805shutters.com/window-treatments/ventura-ca/,$[0].@graph[0].openingHoursSpecification,"[{""@type"": ""OpeningHoursSpecification"", ""closes"": ""18:00"", ""dayOfWeek"": [""Monday"", ""Tuesday"", ""Wednesday"", ""Thursday"", ""Friday"", ""Saturday""], ""opens"": ""08:00""}]"
https://www.805shutters.com/shutters/westlake-village/,$[0].@graph[0].sameAs,"""https://www.bbb.org/us/ca/camarillo/profile/window-coverings/805-shutters-shades-blinds-1236-3001378"""
https://www.805shutters.com/shutters/westlake-village/,$[0].@graph[0].sameAs,"""https://www.mapquest.com/us/california/805-shutters-shades-blinds-378112738"""
https://www.805shutters.com/shutters/westlake-village/,$[0].@graph[0].sameAs,"""https://local.yahoo.com/info-225163327-805-shutters"""
https://www.805shutters.com/shutters/westlake-village/,$[0].@graph[0].sameAs,"""https://www.chamberofcommerce.com/business-directory/california/santa-rosa-valley/window-treatment-store/2026058550-805-shutters-shades-blinds"""
https://www.805shutters.com/shutters/westlake-village/,$[0].@graph[0].sameAs,"""https://www.2findlocal.com/b/15023840/805-shutters-shades-blinds-santa-rosa-valley-ca"""
https://www.805shutters.com/shutters/westlake-village/,$[0].@graph[0].description,"""805 Shutters is a family-owned local window treatment company serving Ventura County and nearby communities with more than 30 years of custom shutters, shades, blinds, commercial roller shades, and window covering experience."""
https://www.805shutters.com/shutters/westlake-village/,$[0].@graph[0].founder,"{""@type"": ""Person"", ""name"": ""Ken Hill""}"
https://www.805shutters.com/shutters/westlake-village/,$[0].@graph[0].owner,"{""@type"": ""Person"", ""name"": ""Ken Hill""}"
https://www.805shutters.com/shutters/westlake-village/,$[0].@graph[0].priceRange,"""$$"""
https://www.805shutters.com/shutters/westlake-village/,$[0].@graph[0].openingHoursSpecification,"[{""@type"": ""OpeningHoursSpecification"", ""closes"": ""18:00"", ""dayOfWeek"": [""Monday"", ""Tuesday"", ""Wednesday"", ""Thursday"", ""Friday"", ""Saturday""], ""opens"": ""08:00""}]"
https://www.805shutters.com/shades/westlake-village-ca/,$[0].@graph[0].sameAs,"""https://www.bbb.org/us/ca/camarillo/profile/window-coverings/805-shutters-shades-blinds-1236-3001378"""
https://www.805shutters.com/shades/westlake-village-ca/,$[0].@graph[0].sameAs,"""https://www.mapquest.com/us/california/805-shutters-shades-blinds-378112738"""
https://www.805shutters.com/shades/westlake-village-ca/,$[0].@graph[0].sameAs,"""https://local.yahoo.com/info-225163327-805-shutters"""
https://www.805shutters.com/shades/westlake-village-ca/,$[0].@graph[0].sameAs,"""https://www.chamberofcommerce.com/business-directory/california/santa-rosa-valley/window-treatment-store/2026058550-805-shutters-shades-blinds"""
https://www.805shutters.com/shades/westlake-village-ca/,$[0].@graph[0].sameAs,"""https://www.2findlocal.com/b/15023840/805-shutters-shades-blinds-santa-rosa-valley-ca"""
https://www.805shutters.com/shades/westlake-village-ca/,$[0].@graph[0].description,"""805 Shutters is a family-owned local window treatment company serving Ventura County and nearby communities with more than 30 years of custom shutters, shades, blinds, commercial roller shades, and window covering experience."""
https://www.805shutters.com/shades/westlake-village-ca/,$[0].@graph[0].founder,"{""@type"": ""Person"", ""name"": ""Ken Hill""}"
https://www.805shutters.com/shades/westlake-village-ca/,$[0].@graph[0].owner,"{""@type"": ""Person"", ""name"": ""Ken Hill""}"
https://www.805shutters.com/shades/westlake-village-ca/,$[0].@graph[0].priceRange,"""$$"""
https://www.805shutters.com/shades/westlake-village-ca/,$[0].@graph[0].openingHoursSpecification,"[{""@type"": ""OpeningHoursSpecification"", ""closes"": ""18:00"", ""dayOfWeek"": [""Monday"", ""Tuesday"", ""Wednesday"", ""Thursday"", ""Friday"", ""Saturday""], ""opens"": ""08:00""}]"
https://www.805shutters.com/blinds/westlake-village-ca/,$[0].@graph[0].sameAs,"""https://www.bbb.org/us/ca/camarillo/profile/window-coverings/805-shutters-shades-blinds-1236-3001378"""
https://www.805shutters.com/blinds/westlake-village-ca/,$[0].@graph[0].sameAs,"""https://www.mapquest.com/us/california/805-shutters-shades-blinds-378112738"""
https://www.805shutters.com/blinds/westlake-village-ca/,$[0].@graph[0].sameAs,"""https://local.yahoo.com/info-225163327-805-shutters"""
https://www.805shutters.com/blinds/westlake-village-ca/,$[0].@graph[0].sameAs,"""https://www.chamberofcommerce.com/business-directory/california/santa-rosa-valley/window-treatment-store/2026058550-805-shutters-shades-blinds"""
https://www.805shutters.com/blinds/westlake-village-ca/,$[0].@graph[0].sameAs,"""https://www.2findlocal.com/b/15023840/805-shutters-shades-blinds-santa-rosa-valley-ca"""
https://www.805shutters.com/blinds/westlake-village-ca/,$[0].@graph[0].description,"""805 Shutters is a family-owned local window treatment company serving Ventura County and nearby communities with more than 30 years of custom shutters, shades, blinds, commercial roller shades, and window covering experience."""
https://www.805shutters.com/blinds/westlake-village-ca/,$[0].@graph[0].founder,"{""@type"": ""Person"", ""name"": ""Ken Hill""}"
https://www.805shutters.com/blinds/westlake-village-ca/,$[0].@graph[0].owner,"{""@type"": ""Person"", ""name"": ""Ken Hill""}"
https://www.805shutters.com/blinds/westlake-village-ca/,$[0].@graph[0].priceRange,"""$$"""
https://www.805shutters.com/blinds/westlake-village-ca/,$[0].@graph[0].openingHoursSpecification,"[{""@type"": ""OpeningHoursSpecification"", ""closes"": ""18:00"", ""dayOfWeek"": [""Monday"", ""Tuesday"", ""Wednesday"", ""Thursday"", ""Friday"", ""Saturday""], ""opens"": ""08:00""}]"
https://www.805shutters.com/drapery/westlake-village-ca/,$[0].@graph[0].sameAs,"""https://www.bbb.org/us/ca/camarillo/profile/window-coverings/805-shutters-shades-blinds-1236-3001378"""
https://www.805shutters.com/drapery/westlake-village-ca/,$[0].@graph[0].sameAs,"""https://www.mapquest.com/us/california/805-shutters-shades-blinds-378112738"""
https://www.805shutters.com/drapery/westlake-village-ca/,$[0].@graph[0].sameAs,"""https://local.yahoo.com/info-225163327-805-shutters"""
https://www.805shutters.com/drapery/westlake-village-ca/,$[0].@graph[0].sameAs,"""https://www.chamberofcommerce.com/business-directory/california/santa-rosa-valley/window-treatment-store/2026058550-805-shutters-shades-blinds"""
https://www.805shutters.com/drapery/westlake-village-ca/,$[0].@graph[0].sameAs,"""https://www.2findlocal.com/b/15023840/805-shutters-shades-blinds-santa-rosa-valley-ca"""
https://www.805shutters.com/drapery/westlake-village-ca/,$[0].@graph[0].description,"""805 Shutters is a family-owned local window treatment company serving Ventura County and nearby communities with more than 30 years of custom shutters, shades, blinds, commercial roller shades, and window covering experience."""
https://www.805shutters.com/drapery/westlake-village-ca/,$[0].@graph[0].founder,"{""@type"": ""Person"", ""name"": ""Ken Hill""}"
https://www.805shutters.com/drapery/westlake-village-ca/,$[0].@graph[0].owner,"{""@type"": ""Person"", ""name"": ""Ken Hill""}"
https://www.805shutters.com/drapery/westlake-village-ca/,$[0].@graph[0].priceRange,"""$$"""
https://www.805shutters.com/drapery/westlake-village-ca/,$[0].@graph[0].openingHoursSpecification,"[{""@type"": ""OpeningHoursSpecification"", ""closes"": ""18:00"", ""dayOfWeek"": [""Monday"", ""Tuesday"", ""Wednesday"", ""Thursday"", ""Friday"", ""Saturday""], ""opens"": ""08:00""}]"
https://www.805shutters.com/window-coverings/westlake-village-ca/,$[0].@graph[0].sameAs,"""https://www.bbb.org/us/ca/camarillo/profile/window-coverings/805-shutters-shades-blinds-1236-3001378"""
https://www.805shutters.com/window-coverings/westlake-village-ca/,$[0].@graph[0].sameAs,"""https://www.mapquest.com/us/california/805-shutters-shades-blinds-378112738"""
https://www.805shutters.com/window-coverings/westlake-village-ca/,$[0].@graph[0].sameAs,"""https://local.yahoo.com/info-225163327-805-shutters"""
https://www.805shutters.com/window-coverings/westlake-village-ca/,$[0].@graph[0].sameAs,"""https://www.chamberofcommerce.com/business-directory/california/santa-rosa-valley/window-treatment-store/2026058550-805-shutters-shades-blinds"""
https://www.805shutters.com/window-coverings/westlake-village-ca/,$[0].@graph[0].sameAs,"""https://www.2findlocal.com/b/15023840/805-shutters-shades-blinds-santa-rosa-valley-ca"""
https://www.805shutters.com/window-coverings/westlake-village-ca/,$[0].@graph[0].description,"""805 Shutters is a family-owned local window treatment company serving Ventura County and nearby communities with more than 30 years of custom shutters, shades, blinds, commercial roller shades, and window covering experience."""
https://www.805shutters.com/window-coverings/westlake-village-ca/,$[0].@graph[0].founder,"{""@type"": ""Person"", ""name"": ""Ken Hill""}"
https://www.805shutters.com/window-coverings/westlake-village-ca/,$[0].@graph[0].owner,"{""@type"": ""Person"", ""name"": ""Ken Hill""}"
https://www.805shutters.com/window-coverings/westlake-village-ca/,$[0].@graph[0].priceRange,"""$$"""
https://www.805shutters.com/window-coverings/westlake-village-ca/,$[0].@graph[0].openingHoursSpecification,"[{""@type"": ""OpeningHoursSpecification"", ""closes"": ""18:00"", ""dayOfWeek"": [""Monday"", ""Tuesday"", ""Wednesday"", ""Thursday"", ""Friday"", ""Saturday""], ""opens"": ""08:00""}]"
https://www.805shutters.com/window-treatments/westlake-village-ca/,$[0].@graph[0].sameAs,"""https://www.bbb.org/us/ca/camarillo/profile/window-coverings/805-shutters-shades-blinds-1236-3001378"""
https://www.805shutters.com/window-treatments/westlake-village-ca/,$[0].@graph[0].sameAs,"""https://www.mapquest.com/us/california/805-shutters-shades-blinds-378112738"""
https://www.805shutters.com/window-treatments/westlake-village-ca/,$[0].@graph[0].sameAs,"""https://local.yahoo.com/info-225163327-805-shutters"""
https://www.805shutters.com/window-treatments/westlake-village-ca/,$[0].@graph[0].sameAs,"""https://www.chamberofcommerce.com/business-directory/california/santa-rosa-valley/window-treatment-store/2026058550-805-shutters-shades-blinds"""
https://www.805shutters.com/window-treatments/westlake-village-ca/,$[0].@graph[0].sameAs,"""https://www.2findlocal.com/b/15023840/805-shutters-shades-blinds-santa-rosa-valley-ca"""
https://www.805shutters.com/window-treatments/westlake-village-ca/,$[0].@graph[0].description,"""805 Shutters is a family-owned local window treatment company serving Ventura County and nearby communities with more than 30 years of custom shutters, shades, blinds, commercial roller shades, and window covering experience."""
https://www.805shutters.com/window-treatments/westlake-village-ca/,$[0].@graph[0].founder,"{""@type"": ""Person"", ""name"": ""Ken Hill""}"
https://www.805shutters.com/window-treatments/westlake-village-ca/,$[0].@graph[0].owner,"{""@type"": ""Person"", ""name"": ""Ken Hill""}"
https://www.805shutters.com/window-treatments/westlake-village-ca/,$[0].@graph[0].priceRange,"""$$"""
https://www.805shutters.com/window-treatments/westlake-village-ca/,$[0].@graph[0].openingHoursSpecification,"[{""@type"": ""OpeningHoursSpecification"", ""closes"": ""18:00"", ""dayOfWeek"": [""Monday"", ""Tuesday"", ""Wednesday"", ""Thursday"", ""Friday"", ""Saturday""], ""opens"": ""08:00""}]"
https://www.805shutters.com/commercial-window-coverings/camarillo-ca/,$[0].@graph[0].sameAs,"""https://www.bbb.org/us/ca/camarillo/profile/window-coverings/805-shutters-shades-blinds-1236-3001378"""
https://www.805shutters.com/commercial-window-coverings/camarillo-ca/,$[0].@graph[0].sameAs,"""https://www.mapquest.com/us/california/805-shutters-shades-blinds-378112738"""
https://www.805shutters.com/commercial-window-coverings/camarillo-ca/,$[0].@graph[0].sameAs,"""https://local.yahoo.com/info-225163327-805-shutters"""
https://www.805shutters.com/commercial-window-coverings/camarillo-ca/,$[0].@graph[0].sameAs,"""https://www.chamberofcommerce.com/business-directory/california/santa-rosa-valley/window-treatment-store/2026058550-805-shutters-shades-blinds"""
https://www.805shutters.com/commercial-window-coverings/camarillo-ca/,$[0].@graph[0].sameAs,"""https://www.2findlocal.com/b/15023840/805-shutters-shades-blinds-santa-rosa-valley-ca"""
https://www.805shutters.com/commercial-window-coverings/camarillo-ca/,$[0].@graph[0].description,"""805 Shutters is a family-owned local window treatment company serving Ventura County and nearby communities with more than 30 years of custom shutters, shades, blinds, commercial roller shades, and window covering experience."""
https://www.805shutters.com/commercial-window-coverings/camarillo-ca/,$[0].@graph[0].founder,"{""@type"": ""Person"", ""name"": ""Ken Hill""}"
https://www.805shutters.com/commercial-window-coverings/camarillo-ca/,$[0].@graph[0].owner,"{""@type"": ""Person"", ""name"": ""Ken Hill""}"
https://www.805shutters.com/commercial-window-coverings/camarillo-ca/,$[0].@graph[0].priceRange,"""$$"""
https://www.805shutters.com/commercial-window-coverings/camarillo-ca/,$[0].@graph[0].openingHoursSpecification,"[{""@type"": ""OpeningHoursSpecification"", ""closes"": ""18:00"", ""dayOfWeek"": [""Monday"", ""Tuesday"", ""Wednesday"", ""Thursday"", ""Friday"", ""Saturday""], ""opens"": ""08:00""}]"
https://www.805shutters.com/commercial-window-coverings/fillmore-ca/,$[0].@graph[0].sameAs,"""https://www.bbb.org/us/ca/camarillo/profile/window-coverings/805-shutters-shades-blinds-1236-3001378"""
https://www.805shutters.com/commercial-window-coverings/fillmore-ca/,$[0].@graph[0].sameAs,"""https://www.mapquest.com/us/california/805-shutters-shades-blinds-378112738"""
https://www.805shutters.com/commercial-window-coverings/fillmore-ca/,$[0].@graph[0].sameAs,"""https://local.yahoo.com/info-225163327-805-shutters"""
https://www.805shutters.com/commercial-window-coverings/fillmore-ca/,$[0].@graph[0].sameAs,"""https://www.chamberofcommerce.com/business-directory/california/santa-rosa-valley/window-treatment-store/2026058550-805-shutters-shades-blinds"""
https://www.805shutters.com/commercial-window-coverings/fillmore-ca/,$[0].@graph[0].sameAs,"""https://www.2findlocal.com/b/15023840/805-shutters-shades-blinds-santa-rosa-valley-ca"""
https://www.805shutters.com/commercial-window-coverings/fillmore-ca/,$[0].@graph[0].description,"""805 Shutters is a family-owned local window treatment company serving Ventura County and nearby communities with more than 30 years of custom shutters, shades, blinds, commercial roller shades, and window covering experience."""
https://www.805shutters.com/commercial-window-coverings/fillmore-ca/,$[0].@graph[0].founder,"{""@type"": ""Person"", ""name"": ""Ken Hill""}"
https://www.805shutters.com/commercial-window-coverings/fillmore-ca/,$[0].@graph[0].owner,"{""@type"": ""Person"", ""name"": ""Ken Hill""}"
https://www.805shutters.com/commercial-window-coverings/fillmore-ca/,$[0].@graph[0].priceRange,"""$$"""
https://www.805shutters.com/commercial-window-coverings/fillmore-ca/,$[0].@graph[0].openingHoursSpecification,"[{""@type"": ""OpeningHoursSpecification"", ""closes"": ""18:00"", ""dayOfWeek"": [""Monday"", ""Tuesday"", ""Wednesday"", ""Thursday"", ""Friday"", ""Saturday""], ""opens"": ""08:00""}]"
https://www.805shutters.com/commercial-window-coverings/moorpark-ca/,$[0].@graph[0].sameAs,"""https://www.bbb.org/us/ca/camarillo/profile/window-coverings/805-shutters-shades-blinds-1236-3001378"""
https://www.805shutters.com/commercial-window-coverings/moorpark-ca/,$[0].@graph[0].sameAs,"""https://www.mapquest.com/us/california/805-shutters-shades-blinds-378112738"""
https://www.805shutters.com/commercial-window-coverings/moorpark-ca/,$[0].@graph[0].sameAs,"""https://local.yahoo.com/info-225163327-805-shutters"""
https://www.805shutters.com/commercial-window-coverings/moorpark-ca/,$[0].@graph[0].sameAs,"""https://www.chamberofcommerce.com/business-directory/california/santa-rosa-valley/window-treatment-store/2026058550-805-shutters-shades-blinds"""
https://www.805shutters.com/commercial-window-coverings/moorpark-ca/,$[0].@graph[0].sameAs,"""https://www.2findlocal.com/b/15023840/805-shutters-shades-blinds-santa-rosa-valley-ca"""
https://www.805shutters.com/commercial-window-coverings/moorpark-ca/,$[0].@graph[0].description,"""805 Shutters is a family-owned local window treatment company serving Ventura County and nearby communities with more than 30 years of custom shutters, shades, blinds, commercial roller shades, and window covering experience."""
https://www.805shutters.com/commercial-window-coverings/moorpark-ca/,$[0].@graph[0].founder,"{""@type"": ""Person"", ""name"": ""Ken Hill""}"
https://www.805shutters.com/commercial-window-coverings/moorpark-ca/,$[0].@graph[0].owner,"{""@type"": ""Person"", ""name"": ""Ken Hill""}"
https://www.805shutters.com/commercial-window-coverings/moorpark-ca/,$[0].@graph[0].priceRange,"""$$"""
https://www.805shutters.com/commercial-window-coverings/moorpark-ca/,$[0].@graph[0].openingHoursSpecification,"[{""@type"": ""OpeningHoursSpecification"", ""closes"": ""18:00"", ""dayOfWeek"": [""Monday"", ""Tuesday"", ""Wednesday"", ""Thursday"", ""Friday"", ""Saturday""], ""opens"": ""08:00""}]"
https://www.805shutters.com/commercial-window-coverings/newbury-park-ca/,$[0].@graph[0].sameAs,"""https://www.bbb.org/us/ca/camarillo/profile/window-coverings/805-shutters-shades-blinds-1236-3001378"""
https://www.805shutters.com/commercial-window-coverings/newbury-park-ca/,$[0].@graph[0].sameAs,"""https://www.mapquest.com/us/california/805-shutters-shades-blinds-378112738"""
https://www.805shutters.com/commercial-window-coverings/newbury-park-ca/,$[0].@graph[0].sameAs,"""https://local.yahoo.com/info-225163327-805-shutters"""
https://www.805shutters.com/commercial-window-coverings/newbury-park-ca/,$[0].@graph[0].sameAs,"""https://www.chamberofcommerce.com/business-directory/california/santa-rosa-valley/window-treatment-store/2026058550-805-shutters-shades-blinds"""
https://www.805shutters.com/commercial-window-coverings/newbury-park-ca/,$[0].@graph[0].sameAs,"""https://www.2findlocal.com/b/15023840/805-shutters-shades-blinds-santa-rosa-valley-ca"""
https://www.805shutters.com/commercial-window-coverings/newbury-park-ca/,$[0].@graph[0].description,"""805 Shutters is a family-owned local window treatment company serving Ventura County and nearby communities with more than 30 years of custom shutters, shades, blinds, commercial roller shades, and window covering experience."""
https://www.805shutters.com/commercial-window-coverings/newbury-park-ca/,$[0].@graph[0].founder,"{""@type"": ""Person"", ""name"": ""Ken Hill""}"
https://www.805shutters.com/commercial-window-coverings/newbury-park-ca/,$[0].@graph[0].owner,"{""@type"": ""Person"", ""name"": ""Ken Hill""}"
https://www.805shutters.com/commercial-window-coverings/newbury-park-ca/,$[0].@graph[0].priceRange,"""$$"""
https://www.805shutters.com/commercial-window-coverings/newbury-park-ca/,$[0].@graph[0].openingHoursSpecification,"[{""@type"": ""OpeningHoursSpecification"", ""closes"": ""18:00"", ""dayOfWeek"": [""Monday"", ""Tuesday"", ""Wednesday"", ""Thursday"", ""Friday"", ""Saturday""], ""opens"": ""08:00""}]"
https://www.805shutters.com/commercial-window-coverings/oak-park-ca/,$[0].@graph[0].sameAs,"""https://www.bbb.org/us/ca/camarillo/profile/window-coverings/805-shutters-shades-blinds-1236-3001378"""
https://www.805shutters.com/commercial-window-coverings/oak-park-ca/,$[0].@graph[0].sameAs,"""https://www.mapquest.com/us/california/805-shutters-shades-blinds-378112738"""
https://www.805shutters.com/commercial-window-coverings/oak-park-ca/,$[0].@graph[0].sameAs,"""https://local.yahoo.com/info-225163327-805-shutters"""
https://www.805shutters.com/commercial-window-coverings/oak-park-ca/,$[0].@graph[0].sameAs,"""https://www.chamberofcommerce.com/business-directory/california/santa-rosa-valley/window-treatment-store/2026058550-805-shutters-shades-blinds"""
https://www.805shutters.com/commercial-window-coverings/oak-park-ca/,$[0].@graph[0].sameAs,"""https://www.2findlocal.com/b/15023840/805-shutters-shades-blinds-santa-rosa-valley-ca"""
https://www.805shutters.com/commercial-window-coverings/oak-park-ca/,$[0].@graph[0].description,"""805 Shutters is a family-owned local window treatment company serving Ventura County and nearby communities with more than 30 years of custom shutters, shades, blinds, commercial roller shades, and window covering experience."""
https://www.805shutters.com/commercial-window-coverings/oak-park-ca/,$[0].@graph[0].founder,"{""@type"": ""Person"", ""name"": ""Ken Hill""}"
https://www.805shutters.com/commercial-window-coverings/oak-park-ca/,$[0].@graph[0].owner,"{""@type"": ""Person"", ""name"": ""Ken Hill""}"
https://www.805shutters.com/commercial-window-coverings/oak-park-ca/,$[0].@graph[0].priceRange,"""$$"""
https://www.805shutters.com/commercial-window-coverings/oak-park-ca/,$[0].@graph[0].openingHoursSpecification,"[{""@type"": ""OpeningHoursSpecification"", ""closes"": ""18:00"", ""dayOfWeek"": [""Monday"", ""Tuesday"", ""Wednesday"", ""Thursday"", ""Friday"", ""Saturday""], ""opens"": ""08:00""}]"
https://www.805shutters.com/commercial-window-coverings/ojai-ca/,$[0].@graph[0].sameAs,"""https://www.bbb.org/us/ca/camarillo/profile/window-coverings/805-shutters-shades-blinds-1236-3001378"""
https://www.805shutters.com/commercial-window-coverings/ojai-ca/,$[0].@graph[0].sameAs,"""https://www.mapquest.com/us/california/805-shutters-shades-blinds-378112738"""
https://www.805shutters.com/commercial-window-coverings/ojai-ca/,$[0].@graph[0].sameAs,"""https://local.yahoo.com/info-225163327-805-shutters"""
https://www.805shutters.com/commercial-window-coverings/ojai-ca/,$[0].@graph[0].sameAs,"""https://www.chamberofcommerce.com/business-directory/california/santa-rosa-valley/window-treatment-store/2026058550-805-shutters-shades-blinds"""
https://www.805shutters.com/commercial-window-coverings/ojai-ca/,$[0].@graph[0].sameAs,"""https://www.2findlocal.com/b/15023840/805-shutters-shades-blinds-santa-rosa-valley-ca"""
https://www.805shutters.com/commercial-window-coverings/ojai-ca/,$[0].@graph[0].description,"""805 Shutters is a family-owned local window treatment company serving Ventura County and nearby communities with more than 30 years of custom shutters, shades, blinds, commercial roller shades, and window covering experience."""
https://www.805shutters.com/commercial-window-coverings/ojai-ca/,$[0].@graph[0].founder,"{""@type"": ""Person"", ""name"": ""Ken Hill""}"
https://www.805shutters.com/commercial-window-coverings/ojai-ca/,$[0].@graph[0].owner,"{""@type"": ""Person"", ""name"": ""Ken Hill""}"
https://www.805shutters.com/commercial-window-coverings/ojai-ca/,$[0].@graph[0].priceRange,"""$$"""
https://www.805shutters.com/commercial-window-coverings/ojai-ca/,$[0].@graph[0].openingHoursSpecification,"[{""@type"": ""OpeningHoursSpecification"", ""closes"": ""18:00"", ""dayOfWeek"": [""Monday"", ""Tuesday"", ""Wednesday"", ""Thursday"", ""Friday"", ""Saturday""], ""opens"": ""08:00""}]"
https://www.805shutters.com/commercial-window-coverings/oxnard-ca/,$[0].@graph[0].sameAs,"""https://www.bbb.org/us/ca/camarillo/profile/window-coverings/805-shutters-shades-blinds-1236-3001378"""
https://www.805shutters.com/commercial-window-coverings/oxnard-ca/,$[0].@graph[0].sameAs,"""https://www.mapquest.com/us/california/805-shutters-shades-blinds-378112738"""
https://www.805shutters.com/commercial-window-coverings/oxnard-ca/,$[0].@graph[0].sameAs,"""https://local.yahoo.com/info-225163327-805-shutters"""
https://www.805shutters.com/commercial-window-coverings/oxnard-ca/,$[0].@graph[0].sameAs,"""https://www.chamberofcommerce.com/business-directory/california/santa-rosa-valley/window-treatment-store/2026058550-805-shutters-shades-blinds"""
https://www.805shutters.com/commercial-window-coverings/oxnard-ca/,$[0].@graph[0].sameAs,"""https://www.2findlocal.com/b/15023840/805-shutters-shades-blinds-santa-rosa-valley-ca"""
https://www.805shutters.com/commercial-window-coverings/oxnard-ca/,$[0].@graph[0].description,"""805 Shutters is a family-owned local window treatment company serving Ventura County and nearby communities with more than 30 years of custom shutters, shades, blinds, commercial roller shades, and window covering experience."""
https://www.805shutters.com/commercial-window-coverings/oxnard-ca/,$[0].@graph[0].founder,"{""@type"": ""Person"", ""name"": ""Ken Hill""}"
https://www.805shutters.com/commercial-window-coverings/oxnard-ca/,$[0].@graph[0].owner,"{""@type"": ""Person"", ""name"": ""Ken Hill""}"
https://www.805shutters.com/commercial-window-coverings/oxnard-ca/,$[0].@graph[0].priceRange,"""$$"""
https://www.805shutters.com/commercial-window-coverings/oxnard-ca/,$[0].@graph[0].openingHoursSpecification,"[{""@type"": ""OpeningHoursSpecification"", ""closes"": ""18:00"", ""dayOfWeek"": [""Monday"", ""Tuesday"", ""Wednesday"", ""Thursday"", ""Friday"", ""Saturday""], ""opens"": ""08:00""}]"
https://www.805shutters.com/commercial-window-coverings/port-hueneme-ca/,$[0].@graph[0].sameAs,"""https://www.bbb.org/us/ca/camarillo/profile/window-coverings/805-shutters-shades-blinds-1236-3001378"""
https://www.805shutters.com/commercial-window-coverings/port-hueneme-ca/,$[0].@graph[0].sameAs,"""https://www.mapquest.com/us/california/805-shutters-shades-blinds-378112738"""
https://www.805shutters.com/commercial-window-coverings/port-hueneme-ca/,$[0].@graph[0].sameAs,"""https://local.yahoo.com/info-225163327-805-shutters"""
https://www.805shutters.com/commercial-window-coverings/port-hueneme-ca/,$[0].@graph[0].sameAs,"""https://www.chamberofcommerce.com/business-directory/california/santa-rosa-valley/window-treatment-store/2026058550-805-shutters-shades-blinds"""
https://www.805shutters.com/commercial-window-coverings/port-hueneme-ca/,$[0].@graph[0].sameAs,"""https://www.2findlocal.com/b/15023840/805-shutters-shades-blinds-santa-rosa-valley-ca"""
https://www.805shutters.com/commercial-window-coverings/port-hueneme-ca/,$[0].@graph[0].description,"""805 Shutters is a family-owned local window treatment company serving Ventura County and nearby communities with more than 30 years of custom shutters, shades, blinds, commercial roller shades, and window covering experience."""
https://www.805shutters.com/commercial-window-coverings/port-hueneme-ca/,$[0].@graph[0].founder,"{""@type"": ""Person"", ""name"": ""Ken Hill""}"
https://www.805shutters.com/commercial-window-coverings/port-hueneme-ca/,$[0].@graph[0].owner,"{""@type"": ""Person"", ""name"": ""Ken Hill""}"
https://www.805shutters.com/commercial-window-coverings/port-hueneme-ca/,$[0].@graph[0].priceRange,"""$$"""
https://www.805shutters.com/commercial-window-coverings/port-hueneme-ca/,$[0].@graph[0].openingHoursSpecification,"[{""@type"": ""OpeningHoursSpecification"", ""closes"": ""18:00"", ""dayOfWeek"": [""Monday"", ""Tuesday"", ""Wednesday"", ""Thursday"", ""Friday"", ""Saturday""], ""opens"": ""08:00""}]"
https://www.805shutters.com/commercial-window-coverings/santa-paula-ca/,$[0].@graph[0].sameAs,"""https://www.bbb.org/us/ca/camarillo/profile/window-coverings/805-shutters-shades-blinds-1236-3001378"""
https://www.805shutters.com/commercial-window-coverings/santa-paula-ca/,$[0].@graph[0].sameAs,"""https://www.mapquest.com/us/california/805-shutters-shades-blinds-378112738"""
https://www.805shutters.com/commercial-window-coverings/santa-paula-ca/,$[0].@graph[0].sameAs,"""https://local.yahoo.com/info-225163327-805-shutters"""
https://www.805shutters.com/commercial-window-coverings/santa-paula-ca/,$[0].@graph[0].sameAs,"""https://www.chamberofcommerce.com/business-directory/california/santa-rosa-valley/window-treatment-store/2026058550-805-shutters-shades-blinds"""
https://www.805shutters.com/commercial-window-coverings/santa-paula-ca/,$[0].@graph[0].sameAs,"""https://www.2findlocal.com/b/15023840/805-shutters-shades-blinds-santa-rosa-valley-ca"""
https://www.805shutters.com/commercial-window-coverings/santa-paula-ca/,$[0].@graph[0].description,"""805 Shutters is a family-owned local window treatment company serving Ventura County and nearby communities with more than 30 years of custom shutters, shades, blinds, commercial roller shades, and window covering experience."""
https://www.805shutters.com/commercial-window-coverings/santa-paula-ca/,$[0].@graph[0].founder,"{""@type"": ""Person"", ""name"": ""Ken Hill""}"
https://www.805shutters.com/commercial-window-coverings/santa-paula-ca/,$[0].@graph[0].owner,"{""@type"": ""Person"", ""name"": ""Ken Hill""}"
https://www.805shutters.com/commercial-window-coverings/santa-paula-ca/,$[0].@graph[0].priceRange,"""$$"""
https://www.805shutters.com/commercial-window-coverings/santa-paula-ca/,$[0].@graph[0].openingHoursSpecification,"[{""@type"": ""OpeningHoursSpecification"", ""closes"": ""18:00"", ""dayOfWeek"": [""Monday"", ""Tuesday"", ""Wednesday"", ""Thursday"", ""Friday"", ""Saturday""], ""opens"": ""08:00""}]"
https://www.805shutters.com/commercial-window-coverings/santa-clarita-ca/,$[0].@graph[0].sameAs,"""https://www.bbb.org/us/ca/camarillo/profile/window-coverings/805-shutters-shades-blinds-1236-3001378"""
https://www.805shutters.com/commercial-window-coverings/santa-clarita-ca/,$[0].@graph[0].sameAs,"""https://www.mapquest.com/us/california/805-shutters-shades-blinds-378112738"""
https://www.805shutters.com/commercial-window-coverings/santa-clarita-ca/,$[0].@graph[0].sameAs,"""https://local.yahoo.com/info-225163327-805-shutters"""
https://www.805shutters.com/commercial-window-coverings/santa-clarita-ca/,$[0].@graph[0].sameAs,"""https://www.chamberofcommerce.com/business-directory/california/santa-rosa-valley/window-treatment-store/2026058550-805-shutters-shades-blinds"""
https://www.805shutters.com/commercial-window-coverings/santa-clarita-ca/,$[0].@graph[0].sameAs,"""https://www.2findlocal.com/b/15023840/805-shutters-shades-blinds-santa-rosa-valley-ca"""
https://www.805shutters.com/commercial-window-coverings/santa-clarita-ca/,$[0].@graph[0].description,"""805 Shutters is a family-owned local window treatment company serving Ventura County and nearby communities with more than 30 years of custom shutters, shades, blinds, commercial roller shades, and window covering experience."""
https://www.805shutters.com/commercial-window-coverings/santa-clarita-ca/,$[0].@graph[0].founder,"{""@type"": ""Person"", ""name"": ""Ken Hill""}"
https://www.805shutters.com/commercial-window-coverings/santa-clarita-ca/,$[0].@graph[0].owner,"{""@type"": ""Person"", ""name"": ""Ken Hill""}"
https://www.805shutters.com/commercial-window-coverings/santa-clarita-ca/,$[0].@graph[0].priceRange,"""$$"""
https://www.805shutters.com/commercial-window-coverings/santa-clarita-ca/,$[0].@graph[0].openingHoursSpecification,"[{""@type"": ""OpeningHoursSpecification"", ""closes"": ""18:00"", ""dayOfWeek"": [""Monday"", ""Tuesday"", ""Wednesday"", ""Thursday"", ""Friday"", ""Saturday""], ""opens"": ""08:00""}]"
https://www.805shutters.com/commercial-window-coverings/santa-rosa-valley-ca/,$[0].@graph[0].sameAs,"""https://www.bbb.org/us/ca/camarillo/profile/window-coverings/805-shutters-shades-blinds-1236-3001378"""
https://www.805shutters.com/commercial-window-coverings/santa-rosa-valley-ca/,$[0].@graph[0].sameAs,"""https://www.mapquest.com/us/california/805-shutters-shades-blinds-378112738"""
https://www.805shutters.com/commercial-window-coverings/santa-rosa-valley-ca/,$[0].@graph[0].sameAs,"""https://local.yahoo.com/info-225163327-805-shutters"""
https://www.805shutters.com/commercial-window-coverings/santa-rosa-valley-ca/,$[0].@graph[0].sameAs,"""https://www.chamberofcommerce.com/business-directory/california/santa-rosa-valley/window-treatment-store/2026058550-805-shutters-shades-blinds"""
https://www.805shutters.com/commercial-window-coverings/santa-rosa-valley-ca/,$[0].@graph[0].sameAs,"""https://www.2findlocal.com/b/15023840/805-shutters-shades-blinds-santa-rosa-valley-ca"""
https://www.805shutters.com/commercial-window-coverings/santa-rosa-valley-ca/,$[0].@graph[0].description,"""805 Shutters is a family-owned local window treatment company serving Ventura County and nearby communities with more than 30 years of custom shutters, shades, blinds, commercial roller shades, and window covering experience."""
https://www.805shutters.com/commercial-window-coverings/santa-rosa-valley-ca/,$[0].@graph[0].founder,"{""@type"": ""Person"", ""name"": ""Ken Hill""}"
https://www.805shutters.com/commercial-window-coverings/santa-rosa-valley-ca/,$[0].@graph[0].owner,"{""@type"": ""Person"", ""name"": ""Ken Hill""}"
https://www.805shutters.com/commercial-window-coverings/santa-rosa-valley-ca/,$[0].@graph[0].priceRange,"""$$"""
https://www.805shutters.com/commercial-window-coverings/santa-rosa-valley-ca/,$[0].@graph[0].openingHoursSpecification,"[{""@type"": ""OpeningHoursSpecification"", ""closes"": ""18:00"", ""dayOfWeek"": [""Monday"", ""Tuesday"", ""Wednesday"", ""Thursday"", ""Friday"", ""Saturday""], ""opens"": ""08:00""}]"
https://www.805shutters.com/commercial-window-coverings/simi-valley-ca/,$[0].@graph[0].sameAs,"""https://www.bbb.org/us/ca/camarillo/profile/window-coverings/805-shutters-shades-blinds-1236-3001378"""
https://www.805shutters.com/commercial-window-coverings/simi-valley-ca/,$[0].@graph[0].sameAs,"""https://www.mapquest.com/us/california/805-shutters-shades-blinds-378112738"""
https://www.805shutters.com/commercial-window-coverings/simi-valley-ca/,$[0].@graph[0].sameAs,"""https://local.yahoo.com/info-225163327-805-shutters"""
https://www.805shutters.com/commercial-window-coverings/simi-valley-ca/,$[0].@graph[0].sameAs,"""https://www.chamberofcommerce.com/business-directory/california/santa-rosa-valley/window-treatment-store/2026058550-805-shutters-shades-blinds"""
https://www.805shutters.com/commercial-window-coverings/simi-valley-ca/,$[0].@graph[0].sameAs,"""https://www.2findlocal.com/b/15023840/805-shutters-shades-blinds-santa-rosa-valley-ca"""
https://www.805shutters.com/commercial-window-coverings/simi-valley-ca/,$[0].@graph[0].description,"""805 Shutters is a family-owned local window treatment company serving Ventura County and nearby communities with more than 30 years of custom shutters, shades, blinds, commercial roller shades, and window covering experience."""
https://www.805shutters.com/commercial-window-coverings/simi-valley-ca/,$[0].@graph[0].founder,"{""@type"": ""Person"", ""name"": ""Ken Hill""}"
https://www.805shutters.com/commercial-window-coverings/simi-valley-ca/,$[0].@graph[0].owner,"{""@type"": ""Person"", ""name"": ""Ken Hill""}"
https://www.805shutters.com/commercial-window-coverings/simi-valley-ca/,$[0].@graph[0].priceRange,"""$$"""
https://www.805shutters.com/commercial-window-coverings/simi-valley-ca/,$[0].@graph[0].openingHoursSpecification,"[{""@type"": ""OpeningHoursSpecification"", ""closes"": ""18:00"", ""dayOfWeek"": [""Monday"", ""Tuesday"", ""Wednesday"", ""Thursday"", ""Friday"", ""Saturday""], ""opens"": ""08:00""}]"
https://www.805shutters.com/commercial-window-coverings/thousand-oaks-ca/,$[0].@graph[0].sameAs,"""https://www.bbb.org/us/ca/camarillo/profile/window-coverings/805-shutters-shades-blinds-1236-3001378"""
https://www.805shutters.com/commercial-window-coverings/thousand-oaks-ca/,$[0].@graph[0].sameAs,"""https://www.mapquest.com/us/california/805-shutters-shades-blinds-378112738"""
https://www.805shutters.com/commercial-window-coverings/thousand-oaks-ca/,$[0].@graph[0].sameAs,"""https://local.yahoo.com/info-225163327-805-shutters"""
https://www.805shutters.com/commercial-window-coverings/thousand-oaks-ca/,$[0].@graph[0].sameAs,"""https://www.chamberofcommerce.com/business-directory/california/santa-rosa-valley/window-treatment-store/2026058550-805-shutters-shades-blinds"""
https://www.805shutters.com/commercial-window-coverings/thousand-oaks-ca/,$[0].@graph[0].sameAs,"""https://www.2findlocal.com/b/15023840/805-shutters-shades-blinds-santa-rosa-valley-ca"""
https://www.805shutters.com/commercial-window-coverings/thousand-oaks-ca/,$[0].@graph[0].description,"""805 Shutters is a family-owned local window treatment company serving Ventura County and nearby communities with more than 30 years of custom shutters, shades, blinds, commercial roller shades, and window covering experience."""
https://www.805shutters.com/commercial-window-coverings/thousand-oaks-ca/,$[0].@graph[0].founder,"{""@type"": ""Person"", ""name"": ""Ken Hill""}"
https://www.805shutters.com/commercial-window-coverings/thousand-oaks-ca/,$[0].@graph[0].owner,"{""@type"": ""Person"", ""name"": ""Ken Hill""}"
https://www.805shutters.com/commercial-window-coverings/thousand-oaks-ca/,$[0].@graph[0].priceRange,"""$$"""
https://www.805shutters.com/commercial-window-coverings/thousand-oaks-ca/,$[0].@graph[0].openingHoursSpecification,"[{""@type"": ""OpeningHoursSpecification"", ""closes"": ""18:00"", ""dayOfWeek"": [""Monday"", ""Tuesday"", ""Wednesday"", ""Thursday"", ""Friday"", ""Saturday""], ""opens"": ""08:00""}]"
https://www.805shutters.com/commercial-window-coverings/ventura-ca/,$[0].@graph[0].sameAs,"""https://www.bbb.org/us/ca/camarillo/profile/window-coverings/805-shutters-shades-blinds-1236-3001378"""
https://www.805shutters.com/commercial-window-coverings/ventura-ca/,$[0].@graph[0].sameAs,"""https://www.mapquest.com/us/california/805-shutters-shades-blinds-378112738"""
https://www.805shutters.com/commercial-window-coverings/ventura-ca/,$[0].@graph[0].sameAs,"""https://local.yahoo.com/info-225163327-805-shutters"""
https://www.805shutters.com/commercial-window-coverings/ventura-ca/,$[0].@graph[0].sameAs,"""https://www.chamberofcommerce.com/business-directory/california/santa-rosa-valley/window-treatment-store/2026058550-805-shutters-shades-blinds"""
https://www.805shutters.com/commercial-window-coverings/ventura-ca/,$[0].@graph[0].sameAs,"""https://www.2findlocal.com/b/15023840/805-shutters-shades-blinds-santa-rosa-valley-ca"""
https://www.805shutters.com/commercial-window-coverings/ventura-ca/,$[0].@graph[0].description,"""805 Shutters is a family-owned local window treatment company serving Ventura County and nearby communities with more than 30 years of custom shutters, shades, blinds, commercial roller shades, and window covering experience."""
https://www.805shutters.com/commercial-window-coverings/ventura-ca/,$[0].@graph[0].founder,"{""@type"": ""Person"", ""name"": ""Ken Hill""}"
https://www.805shutters.com/commercial-window-coverings/ventura-ca/,$[0].@graph[0].owner,"{""@type"": ""Person"", ""name"": ""Ken Hill""}"
https://www.805shutters.com/commercial-window-coverings/ventura-ca/,$[0].@graph[0].priceRange,"""$$"""
https://www.805shutters.com/commercial-window-coverings/ventura-ca/,$[0].@graph[0].openingHoursSpecification,"[{""@type"": ""OpeningHoursSpecification"", ""closes"": ""18:00"", ""dayOfWeek"": [""Monday"", ""Tuesday"", ""Wednesday"", ""Thursday"", ""Friday"", ""Saturday""], ""opens"": ""08:00""}]"
https://www.805shutters.com/commercial-window-coverings/westlake-village-ca/,$[0].@graph[0].sameAs,"""https://www.bbb.org/us/ca/camarillo/profile/window-coverings/805-shutters-shades-blinds-1236-3001378"""
https://www.805shutters.com/commercial-window-coverings/westlake-village-ca/,$[0].@graph[0].sameAs,"""https://www.mapquest.com/us/california/805-shutters-shades-blinds-378112738"""
https://www.805shutters.com/commercial-window-coverings/westlake-village-ca/,$[0].@graph[0].sameAs,"""https://local.yahoo.com/info-225163327-805-shutters"""
https://www.805shutters.com/commercial-window-coverings/westlake-village-ca/,$[0].@graph[0].sameAs,"""https://www.chamberofcommerce.com/business-directory/california/santa-rosa-valley/window-treatment-store/2026058550-805-shutters-shades-blinds"""
https://www.805shutters.com/commercial-window-coverings/westlake-village-ca/,$[0].@graph[0].sameAs,"""https://www.2findlocal.com/b/15023840/805-shutters-shades-blinds-santa-rosa-valley-ca"""
https://www.805shutters.com/commercial-window-coverings/westlake-village-ca/,$[0].@graph[0].description,"""805 Shutters is a family-owned local window treatment company serving Ventura County and nearby communities with more than 30 years of custom shutters, shades, blinds, commercial roller shades, and window covering experience."""
https://www.805shutters.com/commercial-window-coverings/westlake-village-ca/,$[0].@graph[0].founder,"{""@type"": ""Person"", ""name"": ""Ken Hill""}"
https://www.805shutters.com/commercial-window-coverings/westlake-village-ca/,$[0].@graph[0].owner,"{""@type"": ""Person"", ""name"": ""Ken Hill""}"
https://www.805shutters.com/commercial-window-coverings/westlake-village-ca/,$[0].@graph[0].priceRange,"""$$"""
https://www.805shutters.com/commercial-window-coverings/westlake-village-ca/,$[0].@graph[0].openingHoursSpecification,"[{""@type"": ""OpeningHoursSpecification"", ""closes"": ""18:00"", ""dayOfWeek"": [""Monday"", ""Tuesday"", ""Wednesday"", ""Thursday"", ""Friday"", ""Saturday""], ""opens"": ""08:00""}]"
https://www.805shutters.com/blinds/ventura-county/,$[0].@graph[0].sameAs,"""https://www.bbb.org/us/ca/camarillo/profile/window-coverings/805-shutters-shades-blinds-1236-3001378"""
https://www.805shutters.com/blinds/ventura-county/,$[0].@graph[0].sameAs,"""https://www.mapquest.com/us/california/805-shutters-shades-blinds-378112738"""
https://www.805shutters.com/blinds/ventura-county/,$[0].@graph[0].sameAs,"""https://local.yahoo.com/info-225163327-805-shutters"""
https://www.805shutters.com/blinds/ventura-county/,$[0].@graph[0].sameAs,"""https://www.chamberofcommerce.com/business-directory/california/santa-rosa-valley/window-treatment-store/2026058550-805-shutters-shades-blinds"""
https://www.805shutters.com/blinds/ventura-county/,$[0].@graph[0].sameAs,"""https://www.2findlocal.com/b/15023840/805-shutters-shades-blinds-santa-rosa-valley-ca"""
https://www.805shutters.com/blinds/ventura-county/,$[0].@graph[0].description,"""805 Shutters is a family-owned local window treatment company serving Ventura County and nearby communities with more than 30 years of custom shutters, shades, blinds, commercial roller shades, and window covering experience."""
https://www.805shutters.com/blinds/ventura-county/,$[0].@graph[0].founder,"{""@type"": ""Person"", ""name"": ""Ken Hill""}"
https://www.805shutters.com/blinds/ventura-county/,$[0].@graph[0].owner,"{""@type"": ""Person"", ""name"": ""Ken Hill""}"
https://www.805shutters.com/blinds/ventura-county/,$[0].@graph[0].priceRange,"""$$"""
https://www.805shutters.com/blinds/ventura-county/,$[0].@graph[0].openingHoursSpecification,"[{""@type"": ""OpeningHoursSpecification"", ""closes"": ""18:00"", ""dayOfWeek"": [""Monday"", ""Tuesday"", ""Wednesday"", ""Thursday"", ""Friday"", ""Saturday""], ""opens"": ""08:00""}]"
https://www.805shutters.com/window-treatments/camarillo/,$[0].@graph[0].sameAs,"""https://www.bbb.org/us/ca/camarillo/profile/window-coverings/805-shutters-shades-blinds-1236-3001378"""
https://www.805shutters.com/window-treatments/camarillo/,$[0].@graph[0].sameAs,"""https://www.mapquest.com/us/california/805-shutters-shades-blinds-378112738"""
https://www.805shutters.com/window-treatments/camarillo/,$[0].@graph[0].sameAs,"""https://local.yahoo.com/info-225163327-805-shutters"""
https://www.805shutters.com/window-treatments/camarillo/,$[0].@graph[0].sameAs,"""https://www.chamberofcommerce.com/business-directory/california/santa-rosa-valley/window-treatment-store/2026058550-805-shutters-shades-blinds"""
https://www.805shutters.com/window-treatments/camarillo/,$[0].@graph[0].sameAs,"""https://www.2findlocal.com/b/15023840/805-shutters-shades-blinds-santa-rosa-valley-ca"""
https://www.805shutters.com/window-treatments/camarillo/,$[0].@graph[0].description,"""805 Shutters is a family-owned local window treatment company serving Ventura County and nearby communities with more than 30 years of custom shutters, shades, blinds, commercial roller shades, and window covering experience."""
https://www.805shutters.com/window-treatments/camarillo/,$[0].@graph[0].founder,"{""@type"": ""Person"", ""name"": ""Ken Hill""}"
https://www.805shutters.com/window-treatments/camarillo/,$[0].@graph[0].owner,"{""@type"": ""Person"", ""name"": ""Ken Hill""}"
https://www.805shutters.com/window-treatments/camarillo/,$[0].@graph[0].priceRange,"""$$"""
https://www.805shutters.com/window-treatments/camarillo/,$[0].@graph[0].openingHoursSpecification,"[{""@type"": ""OpeningHoursSpecification"", ""closes"": ""18:00"", ""dayOfWeek"": [""Monday"", ""Tuesday"", ""Wednesday"", ""Thursday"", ""Friday"", ""Saturday""], ""opens"": ""08:00""}]"
https://www.805shutters.com/ventura-county-window-treatments-camarillo-blinds-shades-shutters/,$[0].@graph[0].sameAs,"""https://www.bbb.org/us/ca/camarillo/profile/window-coverings/805-shutters-shades-blinds-1236-3001378"""
https://www.805shutters.com/ventura-county-window-treatments-camarillo-blinds-shades-shutters/,$[0].@graph[0].sameAs,"""https://www.mapquest.com/us/california/805-shutters-shades-blinds-378112738"""
https://www.805shutters.com/ventura-county-window-treatments-camarillo-blinds-shades-shutters/,$[0].@graph[0].sameAs,"""https://local.yahoo.com/info-225163327-805-shutters"""
https://www.805shutters.com/ventura-county-window-treatments-camarillo-blinds-shades-shutters/,$[0].@graph[0].sameAs,"""https://www.chamberofcommerce.com/business-directory/california/santa-rosa-valley/window-treatment-store/2026058550-805-shutters-shades-blinds"""
https://www.805shutters.com/ventura-county-window-treatments-camarillo-blinds-shades-shutters/,$[0].@graph[0].sameAs,"""https://www.2findlocal.com/b/15023840/805-shutters-shades-blinds-santa-rosa-valley-ca"""
https://www.805shutters.com/ventura-county-window-treatments-camarillo-blinds-shades-shutters/,$[0].@graph[0].description,"""805 Shutters is a family-owned local window treatment company serving Ventura County and nearby communities with more than 30 years of custom shutters, shades, blinds, commercial roller shades, and window covering experience."""
https://www.805shutters.com/ventura-county-window-treatments-camarillo-blinds-shades-shutters/,$[0].@graph[0].founder,"{""@type"": ""Person"", ""name"": ""Ken Hill""}"
https://www.805shutters.com/ventura-county-window-treatments-camarillo-blinds-shades-shutters/,$[0].@graph[0].owner,"{""@type"": ""Person"", ""name"": ""Ken Hill""}"
https://www.805shutters.com/ventura-county-window-treatments-camarillo-blinds-shades-shutters/,$[0].@graph[0].priceRange,"""$$"""
https://www.805shutters.com/ventura-county-window-treatments-camarillo-blinds-shades-shutters/,$[0].@graph[0].openingHoursSpecification,"[{""@type"": ""OpeningHoursSpecification"", ""closes"": ""18:00"", ""dayOfWeek"": [""Monday"", ""Tuesday"", ""Wednesday"", ""Thursday"", ""Friday"", ""Saturday""], ""opens"": ""08:00""}]"
https://www.805shutters.com/shutters/plantation/,$[0].@graph[0].sameAs,"""https://www.bbb.org/us/ca/camarillo/profile/window-coverings/805-shutters-shades-blinds-1236-3001378"""
https://www.805shutters.com/shutters/plantation/,$[0].@graph[0].sameAs,"""https://www.mapquest.com/us/california/805-shutters-shades-blinds-378112738"""
https://www.805shutters.com/shutters/plantation/,$[0].@graph[0].sameAs,"""https://local.yahoo.com/info-225163327-805-shutters"""
https://www.805shutters.com/shutters/plantation/,$[0].@graph[0].sameAs,"""https://www.chamberofcommerce.com/business-directory/california/santa-rosa-valley/window-treatment-store/2026058550-805-shutters-shades-blinds"""
https://www.805shutters.com/shutters/plantation/,$[0].@graph[0].sameAs,"""https://www.2findlocal.com/b/15023840/805-shutters-shades-blinds-santa-rosa-valley-ca"""
https://www.805shutters.com/shutters/plantation/,$[0].@graph[0].description,"""805 Shutters is a family-owned local window treatment company serving Ventura County and nearby communities with more than 30 years of custom shutters, shades, blinds, commercial roller shades, and window covering experience."""
https://www.805shutters.com/shutters/plantation/,$[0].@graph[0].founder,"{""@type"": ""Person"", ""name"": ""Ken Hill""}"
https://www.805shutters.com/shutters/plantation/,$[0].@graph[0].owner,"{""@type"": ""Person"", ""name"": ""Ken Hill""}"
https://www.805shutters.com/shutters/plantation/,$[0].@graph[0].priceRange,"""$$"""
https://www.805shutters.com/shutters/plantation/,$[0].@graph[0].openingHoursSpecification,"[{""@type"": ""OpeningHoursSpecification"", ""closes"": ""18:00"", ""dayOfWeek"": [""Monday"", ""Tuesday"", ""Wednesday"", ""Thursday"", ""Friday"", ""Saturday""], ""opens"": ""08:00""}]"
https://www.805shutters.com/shutters/interior-shutters-camarillo/,$[0].@graph[0].sameAs,"""https://www.bbb.org/us/ca/camarillo/profile/window-coverings/805-shutters-shades-blinds-1236-3001378"""
https://www.805shutters.com/shutters/interior-shutters-camarillo/,$[0].@graph[0].sameAs,"""https://www.mapquest.com/us/california/805-shutters-shades-blinds-378112738"""
https://www.805shutters.com/shutters/interior-shutters-camarillo/,$[0].@graph[0].sameAs,"""https://local.yahoo.com/info-225163327-805-shutters"""
https://www.805shutters.com/shutters/interior-shutters-camarillo/,$[0].@graph[0].sameAs,"""https://www.chamberofcommerce.com/business-directory/california/santa-rosa-valley/window-treatment-store/2026058550-805-shutters-shades-blinds"""
https://www.805shutters.com/shutters/interior-shutters-camarillo/,$[0].@graph[0].sameAs,"""https://www.2findlocal.com/b/15023840/805-shutters-shades-blinds-santa-rosa-valley-ca"""
https://www.805shutters.com/shutters/interior-shutters-camarillo/,$[0].@graph[0].description,"""805 Shutters is a family-owned local window treatment company serving Ventura County and nearby communities with more than 30 years of custom shutters, shades, blinds, commercial roller shades, and window covering experience."""
https://www.805shutters.com/shutters/interior-shutters-camarillo/,$[0].@graph[0].founder,"{""@type"": ""Person"", ""name"": ""Ken Hill""}"
https://www.805shutters.com/shutters/interior-shutters-camarillo/,$[0].@graph[0].owner,"{""@type"": ""Person"", ""name"": ""Ken Hill""}"
https://www.805shutters.com/shutters/interior-shutters-camarillo/,$[0].@graph[0].priceRange,"""$$"""
https://www.805shutters.com/shutters/interior-shutters-camarillo/,$[0].@graph[0].openingHoursSpecification,"[{""@type"": ""OpeningHoursSpecification"", ""closes"": ""18:00"", ""dayOfWeek"": [""Monday"", ""Tuesday"", ""Wednesday"", ""Thursday"", ""Friday"", ""Saturday""], ""opens"": ""08:00""}]"
https://www.805shutters.com/shutters/wood-shutters-camarillo/,$[0].@graph[0].sameAs,"""https://www.bbb.org/us/ca/camarillo/profile/window-coverings/805-shutters-shades-blinds-1236-3001378"""
https://www.805shutters.com/shutters/wood-shutters-camarillo/,$[0].@graph[0].sameAs,"""https://www.mapquest.com/us/california/805-shutters-shades-blinds-378112738"""
https://www.805shutters.com/shutters/wood-shutters-camarillo/,$[0].@graph[0].sameAs,"""https://local.yahoo.com/info-225163327-805-shutters"""
https://www.805shutters.com/shutters/wood-shutters-camarillo/,$[0].@graph[0].sameAs,"""https://www.chamberofcommerce.com/business-directory/california/santa-rosa-valley/window-treatment-store/2026058550-805-shutters-shades-blinds"""
https://www.805shutters.com/shutters/wood-shutters-camarillo/,$[0].@graph[0].sameAs,"""https://www.2findlocal.com/b/15023840/805-shutters-shades-blinds-santa-rosa-valley-ca"""
https://www.805shutters.com/shutters/wood-shutters-camarillo/,$[0].@graph[0].description,"""805 Shutters is a family-owned local window treatment company serving Ventura County and nearby communities with more than 30 years of custom shutters, shades, blinds, commercial roller shades, and window covering experience."""
https://www.805shutters.com/shutters/wood-shutters-camarillo/,$[0].@graph[0].founder,"{""@type"": ""Person"", ""name"": ""Ken Hill""}"
https://www.805shutters.com/shutters/wood-shutters-camarillo/,$[0].@graph[0].owner,"{""@type"": ""Person"", ""name"": ""Ken Hill""}"
https://www.805shutters.com/shutters/wood-shutters-camarillo/,$[0].@graph[0].priceRange,"""$$"""
https://www.805shutters.com/shutters/wood-shutters-camarillo/,$[0].@graph[0].openingHoursSpecification,"[{""@type"": ""OpeningHoursSpecification"", ""closes"": ""18:00"", ""dayOfWeek"": [""Monday"", ""Tuesday"", ""Wednesday"", ""Thursday"", ""Friday"", ""Saturday""], ""opens"": ""08:00""}]"
https://www.805shutters.com/recent-projects/sliding-door-shutters-ventura-county/,$[0].@graph[0].sameAs,"""https://www.bbb.org/us/ca/camarillo/profile/window-coverings/805-shutters-shades-blinds-1236-3001378"""
https://www.805shutters.com/recent-projects/sliding-door-shutters-ventura-county/,$[0].@graph[0].sameAs,"""https://www.mapquest.com/us/california/805-shutters-shades-blinds-378112738"""
https://www.805shutters.com/recent-projects/sliding-door-shutters-ventura-county/,$[0].@graph[0].sameAs,"""https://local.yahoo.com/info-225163327-805-shutters"""
https://www.805shutters.com/recent-projects/sliding-door-shutters-ventura-county/,$[0].@graph[0].sameAs,"""https://www.chamberofcommerce.com/business-directory/california/santa-rosa-valley/window-treatment-store/2026058550-805-shutters-shades-blinds"""
https://www.805shutters.com/recent-projects/sliding-door-shutters-ventura-county/,$[0].@graph[0].sameAs,"""https://www.2findlocal.com/b/15023840/805-shutters-shades-blinds-santa-rosa-valley-ca"""
https://www.805shutters.com/recent-projects/sliding-door-shutters-ventura-county/,$[0].@graph[0].description,"""805 Shutters is a family-owned local window treatment company serving Ventura County and nearby communities with more than 30 years of custom shutters, shades, blinds, commercial roller shades, and window covering experience."""
https://www.805shutters.com/recent-projects/sliding-door-shutters-ventura-county/,$[0].@graph[0].founder,"{""@type"": ""Person"", ""name"": ""Ken Hill""}"
https://www.805shutters.com/recent-projects/sliding-door-shutters-ventura-county/,$[0].@graph[0].owner,"{""@type"": ""Person"", ""name"": ""Ken Hill""}"
https://www.805shutters.com/recent-projects/sliding-door-shutters-ventura-county/,$[0].@graph[0].priceRange,"""$$"""
https://www.805shutters.com/recent-projects/sliding-door-shutters-ventura-county/,$[0].@graph[0].openingHoursSpecification,"[{""@type"": ""OpeningHoursSpecification"", ""closes"": ""18:00"", ""dayOfWeek"": [""Monday"", ""Tuesday"", ""Wednesday"", ""Thursday"", ""Friday"", ""Saturday""], ""opens"": ""08:00""}]"
https://www.805shutters.com/recent-projects/roller-shades-large-window-ventura-county/,$[0].@graph[0].sameAs,"""https://www.bbb.org/us/ca/camarillo/profile/window-coverings/805-shutters-shades-blinds-1236-3001378"""
https://www.805shutters.com/recent-projects/roller-shades-large-window-ventura-county/,$[0].@graph[0].sameAs,"""https://www.mapquest.com/us/california/805-shutters-shades-blinds-378112738"""
https://www.805shutters.com/recent-projects/roller-shades-large-window-ventura-county/,$[0].@graph[0].sameAs,"""https://local.yahoo.com/info-225163327-805-shutters"""
https://www.805shutters.com/recent-projects/roller-shades-large-window-ventura-county/,$[0].@graph[0].sameAs,"""https://www.chamberofcommerce.com/business-directory/california/santa-rosa-valley/window-treatment-store/2026058550-805-shutters-shades-blinds"""
https://www.805shutters.com/recent-projects/roller-shades-large-window-ventura-county/,$[0].@graph[0].sameAs,"""https://www.2findlocal.com/b/15023840/805-shutters-shades-blinds-santa-rosa-valley-ca"""
https://www.805shutters.com/recent-projects/roller-shades-large-window-ventura-county/,$[0].@graph[0].description,"""805 Shutters is a family-owned local window treatment company serving Ventura County and nearby communities with more than 30 years of custom shutters, shades, blinds, commercial roller shades, and window covering experience."""
https://www.805shutters.com/recent-projects/roller-shades-large-window-ventura-county/,$[0].@graph[0].founder,"{""@type"": ""Person"", ""name"": ""Ken Hill""}"
https://www.805shutters.com/recent-projects/roller-shades-large-window-ventura-county/,$[0].@graph[0].owner,"{""@type"": ""Person"", ""name"": ""Ken Hill""}"
https://www.805shutters.com/recent-projects/roller-shades-large-window-ventura-county/,$[0].@graph[0].priceRange,"""$$"""
https://www.805shutters.com/recent-projects/roller-shades-large-window-ventura-county/,$[0].@graph[0].openingHoursSpecification,"[{""@type"": ""OpeningHoursSpecification"", ""closes"": ""18:00"", ""dayOfWeek"": [""Monday"", ""Tuesday"", ""Wednesday"", ""Thursday"", ""Friday"", ""Saturday""], ""opens"": ""08:00""}]"
https://www.805shutters.com/recent-projects/layered-window-shades-ventura-county/,$[0].@graph[0].sameAs,"""https://www.bbb.org/us/ca/camarillo/profile/window-coverings/805-shutters-shades-blinds-1236-3001378"""
https://www.805shutters.com/recent-projects/layered-window-shades-ventura-county/,$[0].@graph[0].sameAs,"""https://www.mapquest.com/us/california/805-shutters-shades-blinds-378112738"""
https://www.805shutters.com/recent-projects/layered-window-shades-ventura-county/,$[0].@graph[0].sameAs,"""https://local.yahoo.com/info-225163327-805-shutters"""
https://www.805shutters.com/recent-projects/layered-window-shades-ventura-county/,$[0].@graph[0].sameAs,"""https://www.chamberofcommerce.com/business-directory/california/santa-rosa-valley/window-treatment-store/2026058550-805-shutters-shades-blinds"""
https://www.805shutters.com/recent-projects/layered-window-shades-ventura-county/,$[0].@graph[0].sameAs,"""https://www.2findlocal.com/b/15023840/805-shutters-shades-blinds-santa-rosa-valley-ca"""
https://www.805shutters.com/recent-projects/layered-window-shades-ventura-county/,$[0].@graph[0].description,"""805 Shutters is a family-owned local window treatment company serving Ventura County and nearby communities with more than 30 years of custom shutters, shades, blinds, commercial roller shades, and window covering experience."""
https://www.805shutters.com/recent-projects/layered-window-shades-ventura-county/,$[0].@graph[0].founder,"{""@type"": ""Person"", ""name"": ""Ken Hill""}"
https://www.805shutters.com/recent-projects/layered-window-shades-ventura-county/,$[0].@graph[0].owner,"{""@type"": ""Person"", ""name"": ""Ken Hill""}"
https://www.805shutters.com/recent-projects/layered-window-shades-ventura-county/,$[0].@graph[0].priceRange,"""$$"""
https://www.805shutters.com/recent-projects/layered-window-shades-ventura-county/,$[0].@graph[0].openingHoursSpecification,"[{""@type"": ""OpeningHoursSpecification"", ""closes"": ""18:00"", ""dayOfWeek"": [""Monday"", ""Tuesday"", ""Wednesday"", ""Thursday"", ""Friday"", ""Saturday""], ""opens"": ""08:00""}]"
https://www.805shutters.com/recent-projects/arched-plantation-shutters-ventura-county/,$[0].@graph[0].sameAs,"""https://www.bbb.org/us/ca/camarillo/profile/window-coverings/805-shutters-shades-blinds-1236-3001378"""
https://www.805shutters.com/recent-projects/arched-plantation-shutters-ventura-county/,$[0].@graph[0].sameAs,"""https://www.mapquest.com/us/california/805-shutters-shades-blinds-378112738"""
https://www.805shutters.com/recent-projects/arched-plantation-shutters-ventura-county/,$[0].@graph[0].sameAs,"""https://local.yahoo.com/info-225163327-805-shutters"""
https://www.805shutters.com/recent-projects/arched-plantation-shutters-ventura-county/,$[0].@graph[0].sameAs,"""https://www.chamberofcommerce.com/business-directory/california/santa-rosa-valley/window-treatment-store/2026058550-805-shutters-shades-blinds"""
https://www.805shutters.com/recent-projects/arched-plantation-shutters-ventura-county/,$[0].@graph[0].sameAs,"""https://www.2findlocal.com/b/15023840/805-shutters-shades-blinds-santa-rosa-valley-ca"""
https://www.805shutters.com/recent-projects/arched-plantation-shutters-ventura-county/,$[0].@graph[0].description,"""805 Shutters is a family-owned local window treatment company serving Ventura County and nearby communities with more than 30 years of custom shutters, shades, blinds, commercial roller shades, and window covering experience."""
https://www.805shutters.com/recent-projects/arched-plantation-shutters-ventura-county/,$[0].@graph[0].founder,"{""@type"": ""Person"", ""name"": ""Ken Hill""}"
https://www.805shutters.com/recent-projects/arched-plantation-shutters-ventura-county/,$[0].@graph[0].owner,"{""@type"": ""Person"", ""name"": ""Ken Hill""}"
https://www.805shutters.com/recent-projects/arched-plantation-shutters-ventura-county/,$[0].@graph[0].priceRange,"""$$"""
https://www.805shutters.com/recent-projects/arched-plantation-shutters-ventura-county/,$[0].@graph[0].openingHoursSpecification,"[{""@type"": ""OpeningHoursSpecification"", ""closes"": ""18:00"", ""dayOfWeek"": [""Monday"", ""Tuesday"", ""Wednesday"", ""Thursday"", ""Friday"", ""Saturday""], ""opens"": ""08:00""}]"
https://www.805shutters.com/recent-projects/dark-wood-plantation-shutters-ventura-county/,$[0].@graph[0].sameAs,"""https://www.bbb.org/us/ca/camarillo/profile/window-coverings/805-shutters-shades-blinds-1236-3001378"""
https://www.805shutters.com/recent-projects/dark-wood-plantation-shutters-ventura-county/,$[0].@graph[0].sameAs,"""https://www.mapquest.com/us/california/805-shutters-shades-blinds-378112738"""
https://www.805shutters.com/recent-projects/dark-wood-plantation-shutters-ventura-county/,$[0].@graph[0].sameAs,"""https://local.yahoo.com/info-225163327-805-shutters"""
https://www.805shutters.com/recent-projects/dark-wood-plantation-shutters-ventura-county/,$[0].@graph[0].sameAs,"""https://www.chamberofcommerce.com/business-directory/california/santa-rosa-valley/window-treatment-store/2026058550-805-shutters-shades-blinds"""
https://www.805shutters.com/recent-projects/dark-wood-plantation-shutters-ventura-county/,$[0].@graph[0].sameAs,"""https://www.2findlocal.com/b/15023840/805-shutters-shades-blinds-santa-rosa-valley-ca"""
https://www.805shutters.com/recent-projects/dark-wood-plantation-shutters-ventura-county/,$[0].@graph[0].description,"""805 Shutters is a family-owned local window treatment company serving Ventura County and nearby communities with more than 30 years of custom shutters, shades, blinds, commercial roller shades, and window covering experience."""
https://www.805shutters.com/recent-projects/dark-wood-plantation-shutters-ventura-county/,$[0].@graph[0].founder,"{""@type"": ""Person"", ""name"": ""Ken Hill""}"
https://www.805shutters.com/recent-projects/dark-wood-plantation-shutters-ventura-county/,$[0].@graph[0].owner,"{""@type"": ""Person"", ""name"": ""Ken Hill""}"
https://www.805shutters.com/recent-projects/dark-wood-plantation-shutters-ventura-county/,$[0].@graph[0].priceRange,"""$$"""
https://www.805shutters.com/recent-projects/dark-wood-plantation-shutters-ventura-county/,$[0].@graph[0].openingHoursSpecification,"[{""@type"": ""OpeningHoursSpecification"", ""closes"": ""18:00"", ""dayOfWeek"": [""Monday"", ""Tuesday"", ""Wednesday"", ""Thursday"", ""Friday"", ""Saturday""], ""opens"": ""08:00""}]"
https://www.805shutters.com/recent-projects/plantation-shutters-ventura-county-project/,$[0].@graph[0].sameAs,"""https://www.bbb.org/us/ca/camarillo/profile/window-coverings/805-shutters-shades-blinds-1236-3001378"""
https://www.805shutters.com/recent-projects/plantation-shutters-ventura-county-project/,$[0].@graph[0].sameAs,"""https://www.mapquest.com/us/california/805-shutters-shades-blinds-378112738"""
https://www.805shutters.com/recent-projects/plantation-shutters-ventura-county-project/,$[0].@graph[0].sameAs,"""https://local.yahoo.com/info-225163327-805-shutters"""
https://www.805shutters.com/recent-projects/plantation-shutters-ventura-county-project/,$[0].@graph[0].sameAs,"""https://www.chamberofcommerce.com/business-directory/california/santa-rosa-valley/window-treatment-store/2026058550-805-shutters-shades-blinds"""
https://www.805shutters.com/recent-projects/plantation-shutters-ventura-county-project/,$[0].@graph[0].sameAs,"""https://www.2findlocal.com/b/15023840/805-shutters-shades-blinds-santa-rosa-valley-ca"""
https://www.805shutters.com/recent-projects/plantation-shutters-ventura-county-project/,$[0].@graph[0].description,"""805 Shutters is a family-owned local window treatment company serving Ventura County and nearby communities with more than 30 years of custom shutters, shades, blinds, commercial roller shades, and window covering experience."""
https://www.805shutters.com/recent-projects/plantation-shutters-ventura-county-project/,$[0].@graph[0].founder,"{""@type"": ""Person"", ""name"": ""Ken Hill""}"
https://www.805shutters.com/recent-projects/plantation-shutters-ventura-county-project/,$[0].@graph[0].owner,"{""@type"": ""Person"", ""name"": ""Ken Hill""}"
https://www.805shutters.com/recent-projects/plantation-shutters-ventura-county-project/,$[0].@graph[0].priceRange,"""$$"""
https://www.805shutters.com/recent-projects/plantation-shutters-ventura-county-project/,$[0].@graph[0].openingHoursSpecification,"[{""@type"": ""OpeningHoursSpecification"", ""closes"": ""18:00"", ""dayOfWeek"": [""Monday"", ""Tuesday"", ""Wednesday"", ""Thursday"", ""Friday"", ""Saturday""], ""opens"": ""08:00""}]"
https://www.805shutters.com/best-window-treatments-ventura-county/,$[0].@graph[0].sameAs,"""https://www.bbb.org/us/ca/camarillo/profile/window-coverings/805-shutters-shades-blinds-1236-3001378"""
https://www.805shutters.com/best-window-treatments-ventura-county/,$[0].@graph[0].sameAs,"""https://www.mapquest.com/us/california/805-shutters-shades-blinds-378112738"""
https://www.805shutters.com/best-window-treatments-ventura-county/,$[0].@graph[0].sameAs,"""https://local.yahoo.com/info-225163327-805-shutters"""
https://www.805shutters.com/best-window-treatments-ventura-county/,$[0].@graph[0].sameAs,"""https://www.chamberofcommerce.com/business-directory/california/santa-rosa-valley/window-treatment-store/2026058550-805-shutters-shades-blinds"""
https://www.805shutters.com/best-window-treatments-ventura-county/,$[0].@graph[0].sameAs,"""https://www.2findlocal.com/b/15023840/805-shutters-shades-blinds-santa-rosa-valley-ca"""
https://www.805shutters.com/best-window-treatments-ventura-county/,$[0].@graph[0].description,"""805 Shutters is a family-owned local window treatment company serving Ventura County and nearby communities with more than 30 years of custom shutters, shades, blinds, commercial roller shades, and window covering experience."""
https://www.805shutters.com/best-window-treatments-ventura-county/,$[0].@graph[0].founder,"{""@type"": ""Person"", ""name"": ""Ken Hill""}"
https://www.805shutters.com/best-window-treatments-ventura-county/,$[0].@graph[0].owner,"{""@type"": ""Person"", ""name"": ""Ken Hill""}"
https://www.805shutters.com/best-window-treatments-ventura-county/,$[0].@graph[0].priceRange,"""$$"""
https://www.805shutters.com/best-window-treatments-ventura-county/,$[0].@graph[0].openingHoursSpecification,"[{""@type"": ""OpeningHoursSpecification"", ""closes"": ""18:00"", ""dayOfWeek"": [""Monday"", ""Tuesday"", ""Wednesday"", ""Thursday"", ""Friday"", ""Saturday""], ""opens"": ""08:00""}]"
https://www.805shutters.com/best-window-treatments-ventura-county/,$[1].@graph[1].offers.price,"""0"""
https://www.805shutters.com/plantation-shutters-vs-shades-ventura-county/,$[0].@graph[0].sameAs,"""https://www.bbb.org/us/ca/camarillo/profile/window-coverings/805-shutters-shades-blinds-1236-3001378"""
https://www.805shutters.com/plantation-shutters-vs-shades-ventura-county/,$[0].@graph[0].sameAs,"""https://www.mapquest.com/us/california/805-shutters-shades-blinds-378112738"""
https://www.805shutters.com/plantation-shutters-vs-shades-ventura-county/,$[0].@graph[0].sameAs,"""https://local.yahoo.com/info-225163327-805-shutters"""
https://www.805shutters.com/plantation-shutters-vs-shades-ventura-county/,$[0].@graph[0].sameAs,"""https://www.chamberofcommerce.com/business-directory/california/santa-rosa-valley/window-treatment-store/2026058550-805-shutters-shades-blinds"""
https://www.805shutters.com/plantation-shutters-vs-shades-ventura-county/,$[0].@graph[0].sameAs,"""https://www.2findlocal.com/b/15023840/805-shutters-shades-blinds-santa-rosa-valley-ca"""
https://www.805shutters.com/plantation-shutters-vs-shades-ventura-county/,$[0].@graph[0].description,"""805 Shutters is a family-owned local window treatment company serving Ventura County and nearby communities with more than 30 years of custom shutters, shades, blinds, commercial roller shades, and window covering experience."""
https://www.805shutters.com/plantation-shutters-vs-shades-ventura-county/,$[0].@graph[0].founder,"{""@type"": ""Person"", ""name"": ""Ken Hill""}"
https://www.805shutters.com/plantation-shutters-vs-shades-ventura-county/,$[0].@graph[0].owner,"{""@type"": ""Person"", ""name"": ""Ken Hill""}"
https://www.805shutters.com/plantation-shutters-vs-shades-ventura-county/,$[0].@graph[0].priceRange,"""$$"""
https://www.805shutters.com/plantation-shutters-vs-shades-ventura-county/,$[0].@graph[0].openingHoursSpecification,"[{""@type"": ""OpeningHoursSpecification"", ""closes"": ""18:00"", ""dayOfWeek"": [""Monday"", ""Tuesday"", ""Wednesday"", ""Thursday"", ""Friday"", ""Saturday""], ""opens"": ""08:00""}]"
https://www.805shutters.com/plantation-shutters-vs-shades-ventura-county/,$[1].@graph[1].offers.price,"""0"""
https://www.805shutters.com/custom-blinds-shades-shutters-camarillo/,$[0].@graph[0].sameAs,"""https://www.bbb.org/us/ca/camarillo/profile/window-coverings/805-shutters-shades-blinds-1236-3001378"""
https://www.805shutters.com/custom-blinds-shades-shutters-camarillo/,$[0].@graph[0].sameAs,"""https://www.mapquest.com/us/california/805-shutters-shades-blinds-378112738"""
https://www.805shutters.com/custom-blinds-shades-shutters-camarillo/,$[0].@graph[0].sameAs,"""https://local.yahoo.com/info-225163327-805-shutters"""
https://www.805shutters.com/custom-blinds-shades-shutters-camarillo/,$[0].@graph[0].sameAs,"""https://www.chamberofcommerce.com/business-directory/california/santa-rosa-valley/window-treatment-store/2026058550-805-shutters-shades-blinds"""
https://www.805shutters.com/custom-blinds-shades-shutters-camarillo/,$[0].@graph[0].sameAs,"""https://www.2findlocal.com/b/15023840/805-shutters-shades-blinds-santa-rosa-valley-ca"""
https://www.805shutters.com/custom-blinds-shades-shutters-camarillo/,$[0].@graph[0].description,"""805 Shutters is a family-owned local window treatment company serving Ventura County and nearby communities with more than 30 years of custom shutters, shades, blinds, commercial roller shades, and window covering experience."""
https://www.805shutters.com/custom-blinds-shades-shutters-camarillo/,$[0].@graph[0].founder,"{""@type"": ""Person"", ""name"": ""Ken Hill""}"
https://www.805shutters.com/custom-blinds-shades-shutters-camarillo/,$[0].@graph[0].owner,"{""@type"": ""Person"", ""name"": ""Ken Hill""}"
https://www.805shutters.com/custom-blinds-shades-shutters-camarillo/,$[0].@graph[0].priceRange,"""$$"""
https://www.805shutters.com/custom-blinds-shades-shutters-camarillo/,$[0].@graph[0].openingHoursSpecification,"[{""@type"": ""OpeningHoursSpecification"", ""closes"": ""18:00"", ""dayOfWeek"": [""Monday"", ""Tuesday"", ""Wednesday"", ""Thursday"", ""Friday"", ""Saturday""], ""opens"": ""08:00""}]"
https://www.805shutters.com/custom-blinds-shades-shutters-camarillo/,$[1].@graph[1].offers.price,"""0"""
https://www.805shutters.com/commercial-roller-shades-ventura-county/,$[0].@graph[0].sameAs,"""https://www.bbb.org/us/ca/camarillo/profile/window-coverings/805-shutters-shades-blinds-1236-3001378"""
https://www.805shutters.com/commercial-roller-shades-ventura-county/,$[0].@graph[0].sameAs,"""https://www.mapquest.com/us/california/805-shutters-shades-blinds-378112738"""
https://www.805shutters.com/commercial-roller-shades-ventura-county/,$[0].@graph[0].sameAs,"""https://local.yahoo.com/info-225163327-805-shutters"""
https://www.805shutters.com/commercial-roller-shades-ventura-county/,$[0].@graph[0].sameAs,"""https://www.chamberofcommerce.com/business-directory/california/santa-rosa-valley/window-treatment-store/2026058550-805-shutters-shades-blinds"""
https://www.805shutters.com/commercial-roller-shades-ventura-county/,$[0].@graph[0].sameAs,"""https://www.2findlocal.com/b/15023840/805-shutters-shades-blinds-santa-rosa-valley-ca"""
https://www.805shutters.com/commercial-roller-shades-ventura-county/,$[0].@graph[0].description,"""805 Shutters is a family-owned local window treatment company serving Ventura County and nearby communities with more than 30 years of custom shutters, shades, blinds, commercial roller shades, and window covering experience."""
https://www.805shutters.com/commercial-roller-shades-ventura-county/,$[0].@graph[0].founder,"{""@type"": ""Person"", ""name"": ""Ken Hill""}"
https://www.805shutters.com/commercial-roller-shades-ventura-county/,$[0].@graph[0].owner,"{""@type"": ""Person"", ""name"": ""Ken Hill""}"
https://www.805shutters.com/commercial-roller-shades-ventura-county/,$[0].@graph[0].priceRange,"""$$"""
https://www.805shutters.com/commercial-roller-shades-ventura-county/,$[0].@graph[0].openingHoursSpecification,"[{""@type"": ""OpeningHoursSpecification"", ""closes"": ""18:00"", ""dayOfWeek"": [""Monday"", ""Tuesday"", ""Wednesday"", ""Thursday"", ""Friday"", ""Saturday""], ""opens"": ""08:00""}]"
https://www.805shutters.com/commercial-roller-shades-ventura-county/,$[1].@graph[1].offers.price,"""0"""
https://www.805shutters.com/sliding-door-window-treatments-ventura-county/,$[0].@graph[0].sameAs,"""https://www.bbb.org/us/ca/camarillo/profile/window-coverings/805-shutters-shades-blinds-1236-3001378"""
https://www.805shutters.com/sliding-door-window-treatments-ventura-county/,$[0].@graph[0].sameAs,"""https://www.mapquest.com/us/california/805-shutters-shades-blinds-378112738"""
https://www.805shutters.com/sliding-door-window-treatments-ventura-county/,$[0].@graph[0].sameAs,"""https://local.yahoo.com/info-225163327-805-shutters"""
https://www.805shutters.com/sliding-door-window-treatments-ventura-county/,$[0].@graph[0].sameAs,"""https://www.chamberofcommerce.com/business-directory/california/santa-rosa-valley/window-treatment-store/2026058550-805-shutters-shades-blinds"""
https://www.805shutters.com/sliding-door-window-treatments-ventura-county/,$[0].@graph[0].sameAs,"""https://www.2findlocal.com/b/15023840/805-shutters-shades-blinds-santa-rosa-valley-ca"""
https://www.805shutters.com/sliding-door-window-treatments-ventura-county/,$[0].@graph[0].description,"""805 Shutters is a family-owned local window treatment company serving Ventura County and nearby communities with more than 30 years of custom shutters, shades, blinds, commercial roller shades, and window covering experience."""
https://www.805shutters.com/sliding-door-window-treatments-ventura-county/,$[0].@graph[0].founder,"{""@type"": ""Person"", ""name"": ""Ken Hill""}"
https://www.805shutters.com/sliding-door-window-treatments-ventura-county/,$[0].@graph[0].owner,"{""@type"": ""Person"", ""name"": ""Ken Hill""}"
https://www.805shutters.com/sliding-door-window-treatments-ventura-county/,$[0].@graph[0].priceRange,"""$$"""
https://www.805shutters.com/sliding-door-window-treatments-ventura-county/,$[0].@graph[0].openingHoursSpecification,"[{""@type"": ""OpeningHoursSpecification"", ""closes"": ""18:00"", ""dayOfWeek"": [""Monday"", ""Tuesday"", ""Wednesday"", ""Thursday"", ""Friday"", ""Saturday""], ""opens"": ""08:00""}]"
https://www.805shutters.com/sliding-door-window-treatments-ventura-county/,$[1].@graph[1].offers.price,"""0"""
https://www.805shutters.com/motorized-window-shades-ventura-county/,$[0].@graph[0].sameAs,"""https://www.bbb.org/us/ca/camarillo/profile/window-coverings/805-shutters-shades-blinds-1236-3001378"""
https://www.805shutters.com/motorized-window-shades-ventura-county/,$[0].@graph[0].sameAs,"""https://www.mapquest.com/us/california/805-shutters-shades-blinds-378112738"""
https://www.805shutters.com/motorized-window-shades-ventura-county/,$[0].@graph[0].sameAs,"""https://local.yahoo.com/info-225163327-805-shutters"""
https://www.805shutters.com/motorized-window-shades-ventura-county/,$[0].@graph[0].sameAs,"""https://www.chamberofcommerce.com/business-directory/california/santa-rosa-valley/window-treatment-store/2026058550-805-shutters-shades-blinds"""
https://www.805shutters.com/motorized-window-shades-ventura-county/,$[0].@graph[0].sameAs,"""https://www.2findlocal.com/b/15023840/805-shutters-shades-blinds-santa-rosa-valley-ca"""
https://www.805shutters.com/motorized-window-shades-ventura-county/,$[0].@graph[0].description,"""805 Shutters is a family-owned local window treatment company serving Ventura County and nearby communities with more than 30 years of custom shutters, shades, blinds, commercial roller shades, and window covering experience."""
https://www.805shutters.com/motorized-window-shades-ventura-county/,$[0].@graph[0].founder,"{""@type"": ""Person"", ""name"": ""Ken Hill""}"
https://www.805shutters.com/motorized-window-shades-ventura-county/,$[0].@graph[0].owner,"{""@type"": ""Person"", ""name"": ""Ken Hill""}"
https://www.805shutters.com/motorized-window-shades-ventura-county/,$[0].@graph[0].priceRange,"""$$"""
https://www.805shutters.com/motorized-window-shades-ventura-county/,$[0].@graph[0].openingHoursSpecification,"[{""@type"": ""OpeningHoursSpecification"", ""closes"": ""18:00"", ""dayOfWeek"": [""Monday"", ""Tuesday"", ""Wednesday"", ""Thursday"", ""Friday"", ""Saturday""], ""opens"": ""08:00""}]"
https://www.805shutters.com/motorized-window-shades-ventura-county/,$[1].@graph[1].offers.price,"""0"""
https://www.805shutters.com/coastal-window-treatments-ventura-county/,$[0].@graph[0].sameAs,"""https://www.bbb.org/us/ca/camarillo/profile/window-coverings/805-shutters-shades-blinds-1236-3001378"""
https://www.805shutters.com/coastal-window-treatments-ventura-county/,$[0].@graph[0].sameAs,"""https://www.mapquest.com/us/california/805-shutters-shades-blinds-378112738"""
https://www.805shutters.com/coastal-window-treatments-ventura-county/,$[0].@graph[0].sameAs,"""https://local.yahoo.com/info-225163327-805-shutters"""
https://www.805shutters.com/coastal-window-treatments-ventura-county/,$[0].@graph[0].sameAs,"""https://www.chamberofcommerce.com/business-directory/california/santa-rosa-valley/window-treatment-store/2026058550-805-shutters-shades-blinds"""
https://www.805shutters.com/coastal-window-treatments-ventura-county/,$[0].@graph[0].sameAs,"""https://www.2findlocal.com/b/15023840/805-shutters-shades-blinds-santa-rosa-valley-ca"""
https://www.805shutters.com/coastal-window-treatments-ventura-county/,$[0].@graph[0].description,"""805 Shutters is a family-owned local window treatment company serving Ventura County and nearby communities with more than 30 years of custom shutters, shades, blinds, commercial roller shades, and window covering experience."""
https://www.805shutters.com/coastal-window-treatments-ventura-county/,$[0].@graph[0].founder,"{""@type"": ""Person"", ""name"": ""Ken Hill""}"
https://www.805shutters.com/coastal-window-treatments-ventura-county/,$[0].@graph[0].owner,"{""@type"": ""Person"", ""name"": ""Ken Hill""}"
https://www.805shutters.com/coastal-window-treatments-ventura-county/,$[0].@graph[0].priceRange,"""$$"""
https://www.805shutters.com/coastal-window-treatments-ventura-county/,$[0].@graph[0].openingHoursSpecification,"[{""@type"": ""OpeningHoursSpecification"", ""closes"": ""18:00"", ""dayOfWeek"": [""Monday"", ""Tuesday"", ""Wednesday"", ""Thursday"", ""Friday"", ""Saturday""], ""opens"": ""08:00""}]"
https://www.805shutters.com/coastal-window-treatments-ventura-county/,$[1].@graph[1].offers.price,"""0"""
https://www.805shutters.com/window-treatment-installation-timeline-ventura-county/,$[0].@graph[0].sameAs,"""https://www.bbb.org/us/ca/camarillo/profile/window-coverings/805-shutters-shades-blinds-1236-3001378"""
https://www.805shutters.com/window-treatment-installation-timeline-ventura-county/,$[0].@graph[0].sameAs,"""https://www.mapquest.com/us/california/805-shutters-shades-blinds-378112738"""
https://www.805shutters.com/window-treatment-installation-timeline-ventura-county/,$[0].@graph[0].sameAs,"""https://local.yahoo.com/info-225163327-805-shutters"""
https://www.805shutters.com/window-treatment-installation-timeline-ventura-county/,$[0].@graph[0].sameAs,"""https://www.chamberofcommerce.com/business-directory/california/santa-rosa-valley/window-treatment-store/2026058550-805-shutters-shades-blinds"""
https://www.805shutters.com/window-treatment-installation-timeline-ventura-county/,$[0].@graph[0].sameAs,"""https://www.2findlocal.com/b/15023840/805-shutters-shades-blinds-santa-rosa-valley-ca"""
https://www.805shutters.com/window-treatment-installation-timeline-ventura-county/,$[0].@graph[0].description,"""805 Shutters is a family-owned local window treatment company serving Ventura County and nearby communities with more than 30 years of custom shutters, shades, blinds, commercial roller shades, and window covering experience."""
https://www.805shutters.com/window-treatment-installation-timeline-ventura-county/,$[0].@graph[0].founder,"{""@type"": ""Person"", ""name"": ""Ken Hill""}"
https://www.805shutters.com/window-treatment-installation-timeline-ventura-county/,$[0].@graph[0].owner,"{""@type"": ""Person"", ""name"": ""Ken Hill""}"
https://www.805shutters.com/window-treatment-installation-timeline-ventura-county/,$[0].@graph[0].priceRange,"""$$"""
https://www.805shutters.com/window-treatment-installation-timeline-ventura-county/,$[0].@graph[0].openingHoursSpecification,"[{""@type"": ""OpeningHoursSpecification"", ""closes"": ""18:00"", ""dayOfWeek"": [""Monday"", ""Tuesday"", ""Wednesday"", ""Thursday"", ""Friday"", ""Saturday""], ""opens"": ""08:00""}]"
https://www.805shutters.com/window-treatment-installation-timeline-ventura-county/,$[1].@graph[1].offers.price,"""0"""
https://www.805shutters.com/window-treatment-cost-guide-ventura-county/,$[0].@graph[0].sameAs,"""https://www.bbb.org/us/ca/camarillo/profile/window-coverings/805-shutters-shades-blinds-1236-3001378"""
https://www.805shutters.com/window-treatment-cost-guide-ventura-county/,$[0].@graph[0].sameAs,"""https://www.mapquest.com/us/california/805-shutters-shades-blinds-378112738"""
https://www.805shutters.com/window-treatment-cost-guide-ventura-county/,$[0].@graph[0].sameAs,"""https://local.yahoo.com/info-225163327-805-shutters"""
https://www.805shutters.com/window-treatment-cost-guide-ventura-county/,$[0].@graph[0].sameAs,"""https://www.chamberofcommerce.com/business-directory/california/santa-rosa-valley/window-treatment-store/2026058550-805-shutters-shades-blinds"""
https://www.805shutters.com/window-treatment-cost-guide-ventura-county/,$[0].@graph[0].sameAs,"""https://www.2findlocal.com/b/15023840/805-shutters-shades-blinds-santa-rosa-valley-ca"""
https://www.805shutters.com/window-treatment-cost-guide-ventura-county/,$[0].@graph[0].description,"""805 Shutters is a family-owned local window treatment company serving Ventura County and nearby communities with more than 30 years of custom shutters, shades, blinds, commercial roller shades, and window covering experience."""
https://www.805shutters.com/window-treatment-cost-guide-ventura-county/,$[0].@graph[0].founder,"{""@type"": ""Person"", ""name"": ""Ken Hill""}"
https://www.805shutters.com/window-treatment-cost-guide-ventura-county/,$[0].@graph[0].owner,"{""@type"": ""Person"", ""name"": ""Ken Hill""}"
https://www.805shutters.com/window-treatment-cost-guide-ventura-county/,$[0].@graph[0].priceRange,"""$$"""
https://www.805shutters.com/window-treatment-cost-guide-ventura-county/,$[0].@graph[0].openingHoursSpecification,"[{""@type"": ""OpeningHoursSpecification"", ""closes"": ""18:00"", ""dayOfWeek"": [""Monday"", ""Tuesday"", ""Wednesday"", ""Thursday"", ""Friday"", ""Saturday""], ""opens"": ""08:00""}]"
https://www.805shutters.com/window-treatment-cost-guide-ventura-county/,$[1].@graph[1].offers.price,"""0"""
https://www.805shutters.com/custom-drapery-curtains-ventura-county/,$[0].@graph[0].sameAs,"""https://www.bbb.org/us/ca/camarillo/profile/window-coverings/805-shutters-shades-blinds-1236-3001378"""
https://www.805shutters.com/custom-drapery-curtains-ventura-county/,$[0].@graph[0].sameAs,"""https://www.mapquest.com/us/california/805-shutters-shades-blinds-378112738"""
https://www.805shutters.com/custom-drapery-curtains-ventura-county/,$[0].@graph[0].sameAs,"""https://local.yahoo.com/info-225163327-805-shutters"""
https://www.805shutters.com/custom-drapery-curtains-ventura-county/,$[0].@graph[0].sameAs,"""https://www.chamberofcommerce.com/business-directory/california/santa-rosa-valley/window-treatment-store/2026058550-805-shutters-shades-blinds"""
https://www.805shutters.com/custom-drapery-curtains-ventura-county/,$[0].@graph[0].sameAs,"""https://www.2findlocal.com/b/15023840/805-shutters-shades-blinds-santa-rosa-valley-ca"""
https://www.805shutters.com/custom-drapery-curtains-ventura-county/,$[0].@graph[0].description,"""805 Shutters is a family-owned local window treatment company serving Ventura County and nearby communities with more than 30 years of custom shutters, shades, blinds, commercial roller shades, and window covering experience."""
https://www.805shutters.com/custom-drapery-curtains-ventura-county/,$[0].@graph[0].founder,"{""@type"": ""Person"", ""name"": ""Ken Hill""}"
https://www.805shutters.com/custom-drapery-curtains-ventura-county/,$[0].@graph[0].owner,"{""@type"": ""Person"", ""name"": ""Ken Hill""}"
https://www.805shutters.com/custom-drapery-curtains-ventura-county/,$[0].@graph[0].priceRange,"""$$"""
https://www.805shutters.com/custom-drapery-curtains-ventura-county/,$[0].@graph[0].openingHoursSpecification,"[{""@type"": ""OpeningHoursSpecification"", ""closes"": ""18:00"", ""dayOfWeek"": [""Monday"", ""Tuesday"", ""Wednesday"", ""Thursday"", ""Friday"", ""Saturday""], ""opens"": ""08:00""}]"
https://www.805shutters.com/custom-drapery-curtains-ventura-county/,$[1].@graph[1].offers.price,"""0"""
https://www.805shutters.com/shutters-near-me-ventura-county/,$[0].@graph[0].sameAs,"""https://www.bbb.org/us/ca/camarillo/profile/window-coverings/805-shutters-shades-blinds-1236-3001378"""
https://www.805shutters.com/shutters-near-me-ventura-county/,$[0].@graph[0].sameAs,"""https://www.mapquest.com/us/california/805-shutters-shades-blinds-378112738"""
https://www.805shutters.com/shutters-near-me-ventura-county/,$[0].@graph[0].sameAs,"""https://local.yahoo.com/info-225163327-805-shutters"""
https://www.805shutters.com/shutters-near-me-ventura-county/,$[0].@graph[0].sameAs,"""https://www.chamberofcommerce.com/business-directory/california/santa-rosa-valley/window-treatment-store/2026058550-805-shutters-shades-blinds"""
https://www.805shutters.com/shutters-near-me-ventura-county/,$[0].@graph[0].sameAs,"""https://www.2findlocal.com/b/15023840/805-shutters-shades-blinds-santa-rosa-valley-ca"""
https://www.805shutters.com/shutters-near-me-ventura-county/,$[0].@graph[0].description,"""805 Shutters is a family-owned local window treatment company serving Ventura County and nearby communities with more than 30 years of custom shutters, shades, blinds, commercial roller shades, and window covering experience."""
https://www.805shutters.com/shutters-near-me-ventura-county/,$[0].@graph[0].founder,"{""@type"": ""Person"", ""name"": ""Ken Hill""}"
https://www.805shutters.com/shutters-near-me-ventura-county/,$[0].@graph[0].owner,"{""@type"": ""Person"", ""name"": ""Ken Hill""}"
https://www.805shutters.com/shutters-near-me-ventura-county/,$[0].@graph[0].priceRange,"""$$"""
https://www.805shutters.com/shutters-near-me-ventura-county/,$[0].@graph[0].openingHoursSpecification,"[{""@type"": ""OpeningHoursSpecification"", ""closes"": ""18:00"", ""dayOfWeek"": [""Monday"", ""Tuesday"", ""Wednesday"", ""Thursday"", ""Friday"", ""Saturday""], ""opens"": ""08:00""}]"
https://www.805shutters.com/shutters-near-me-ventura-county/,$[1].@graph[0].description,"""Looking for shutters near you in Ventura County? 805 Shutters is a local, family-owned shutter company installing custom plantation shutters in Moorpark, Thousand Oaks, Camarillo, Simi Valley, and nearby cities with free in-home consultations."""
https://www.805shutters.com/shutters-near-me-ventura-county/,$[1].@graph[1].description,"""If you are searching for shutters near you in Ventura County, 805 Shutters is a local, family-owned shutter company that measures, builds, and installs custom plantation shutters in Moorpark, Thousand Oaks, Camarillo, Simi Valley, Newbury Park, Westlake Village, Oxnard, Ventura, Ojai, and surrounding communities. There is no showroom trip required — the free consultation brings samples and measuring to your home, and the written quote includes professional installation."""
https://www.805shutters.com/shutters-near-me-ventura-county/,$[1].@graph[1].offers.price,"""0"""
https://www.805shutters.com/blinds-near-me-ventura-county/,$[0].@graph[0].sameAs,"""https://www.bbb.org/us/ca/camarillo/profile/window-coverings/805-shutters-shades-blinds-1236-3001378"""
https://www.805shutters.com/blinds-near-me-ventura-county/,$[0].@graph[0].sameAs,"""https://www.mapquest.com/us/california/805-shutters-shades-blinds-378112738"""
https://www.805shutters.com/blinds-near-me-ventura-county/,$[0].@graph[0].sameAs,"""https://local.yahoo.com/info-225163327-805-shutters"""
https://www.805shutters.com/blinds-near-me-ventura-county/,$[0].@graph[0].sameAs,"""https://www.chamberofcommerce.com/business-directory/california/santa-rosa-valley/window-treatment-store/2026058550-805-shutters-shades-blinds"""
https://www.805shutters.com/blinds-near-me-ventura-county/,$[0].@graph[0].sameAs,"""https://www.2findlocal.com/b/15023840/805-shutters-shades-blinds-santa-rosa-valley-ca"""
https://www.805shutters.com/blinds-near-me-ventura-county/,$[0].@graph[0].description,"""805 Shutters is a family-owned local window treatment company serving Ventura County and nearby communities with more than 30 years of custom shutters, shades, blinds, commercial roller shades, and window covering experience."""
https://www.805shutters.com/blinds-near-me-ventura-county/,$[0].@graph[0].founder,"{""@type"": ""Person"", ""name"": ""Ken Hill""}"
https://www.805shutters.com/blinds-near-me-ventura-county/,$[0].@graph[0].owner,"{""@type"": ""Person"", ""name"": ""Ken Hill""}"
https://www.805shutters.com/blinds-near-me-ventura-county/,$[0].@graph[0].priceRange,"""$$"""
https://www.805shutters.com/blinds-near-me-ventura-county/,$[0].@graph[0].openingHoursSpecification,"[{""@type"": ""OpeningHoursSpecification"", ""closes"": ""18:00"", ""dayOfWeek"": [""Monday"", ""Tuesday"", ""Wednesday"", ""Thursday"", ""Friday"", ""Saturday""], ""opens"": ""08:00""}]"
https://www.805shutters.com/blinds-near-me-ventura-county/,$[1].@graph[1].description,"""If you are searching for blinds near you in Ventura County, 805 Shutters is a local, family-owned company that measures and installs custom wood, faux wood, aluminum, vertical, and softwood blinds in Moorpark, Thousand Oaks, Camarillo, Simi Valley, Newbury Park, Westlake Village, Oxnard, Ventura, Ojai, and surrounding communities. The free in-home consultation brings samples to your windows and the written quote includes professional installation."""
https://www.805shutters.com/blinds-near-me-ventura-county/,$[1].@graph[1].offers.price,"""0"""
https://www.805shutters.com/window-shades-near-me-ventura-county/,$[0].@graph[0].sameAs,"""https://www.bbb.org/us/ca/camarillo/profile/window-coverings/805-shutters-shades-blinds-1236-3001378"""
https://www.805shutters.com/window-shades-near-me-ventura-county/,$[0].@graph[0].sameAs,"""https://www.mapquest.com/us/california/805-shutters-shades-blinds-378112738"""
https://www.805shutters.com/window-shades-near-me-ventura-county/,$[0].@graph[0].sameAs,"""https://local.yahoo.com/info-225163327-805-shutters"""
https://www.805shutters.com/window-shades-near-me-ventura-county/,$[0].@graph[0].sameAs,"""https://www.chamberofcommerce.com/business-directory/california/santa-rosa-valley/window-treatment-store/2026058550-805-shutters-shades-blinds"""
https://www.805shutters.com/window-shades-near-me-ventura-county/,$[0].@graph[0].sameAs,"""https://www.2findlocal.com/b/15023840/805-shutters-shades-blinds-santa-rosa-valley-ca"""
https://www.805shutters.com/window-shades-near-me-ventura-county/,$[0].@graph[0].description,"""805 Shutters is a family-owned local window treatment company serving Ventura County and nearby communities with more than 30 years of custom shutters, shades, blinds, commercial roller shades, and window covering experience."""
https://www.805shutters.com/window-shades-near-me-ventura-county/,$[0].@graph[0].founder,"{""@type"": ""Person"", ""name"": ""Ken Hill""}"
https://www.805shutters.com/window-shades-near-me-ventura-county/,$[0].@graph[0].owner,"{""@type"": ""Person"", ""name"": ""Ken Hill""}"
https://www.805shutters.com/window-shades-near-me-ventura-county/,$[0].@graph[0].priceRange,"""$$"""
https://www.805shutters.com/window-shades-near-me-ventura-county/,$[0].@graph[0].openingHoursSpecification,"[{""@type"": ""OpeningHoursSpecification"", ""closes"": ""18:00"", ""dayOfWeek"": [""Monday"", ""Tuesday"", ""Wednesday"", ""Thursday"", ""Friday"", ""Saturday""], ""opens"": ""08:00""}]"
https://www.805shutters.com/window-shades-near-me-ventura-county/,$[1].@graph[1].description,"""If you are searching for window shades near you in Ventura County, 805 Shutters is a local, family-owned company that measures and installs custom roller shades, honeycomb shades, Roman shades, woven wood shades, and motorized shades in Moorpark, Thousand Oaks, Camarillo, Simi Valley, Newbury Park, Westlake Village, Oxnard, Ventura, Ojai, and surrounding communities. The free in-home consultation compares fabrics and lift systems at your own windows."""
https://www.805shutters.com/window-shades-near-me-ventura-county/,$[1].@graph[1].offers.price,"""0"""
https://www.805shutters.com/window-treatment-company-near-me-ventura-county/,$[0].@graph[0].sameAs,"""https://www.bbb.org/us/ca/camarillo/profile/window-coverings/805-shutters-shades-blinds-1236-3001378"""
https://www.805shutters.com/window-treatment-company-near-me-ventura-county/,$[0].@graph[0].sameAs,"""https://www.mapquest.com/us/california/805-shutters-shades-blinds-378112738"""
https://www.805shutters.com/window-treatment-company-near-me-ventura-county/,$[0].@graph[0].sameAs,"""https://local.yahoo.com/info-225163327-805-shutters"""
https://www.805shutters.com/window-treatment-company-near-me-ventura-county/,$[0].@graph[0].sameAs,"""https://www.chamberofcommerce.com/business-directory/california/santa-rosa-valley/window-treatment-store/2026058550-805-shutters-shades-blinds"""
https://www.805shutters.com/window-treatment-company-near-me-ventura-county/,$[0].@graph[0].sameAs,"""https://www.2findlocal.com/b/15023840/805-shutters-shades-blinds-santa-rosa-valley-ca"""
https://www.805shutters.com/window-treatment-company-near-me-ventura-county/,$[0].@graph[0].description,"""805 Shutters is a family-owned local window treatment company serving Ventura County and nearby communities with more than 30 years of custom shutters, shades, blinds, commercial roller shades, and window covering experience."""
https://www.805shutters.com/window-treatment-company-near-me-ventura-county/,$[0].@graph[0].founder,"{""@type"": ""Person"", ""name"": ""Ken Hill""}"
https://www.805shutters.com/window-treatment-company-near-me-ventura-county/,$[0].@graph[0].owner,"{""@type"": ""Person"", ""name"": ""Ken Hill""}"
https://www.805shutters.com/window-treatment-company-near-me-ventura-county/,$[0].@graph[0].priceRange,"""$$"""
https://www.805shutters.com/window-treatment-company-near-me-ventura-county/,$[0].@graph[0].openingHoursSpecification,"[{""@type"": ""OpeningHoursSpecification"", ""closes"": ""18:00"", ""dayOfWeek"": [""Monday"", ""Tuesday"", ""Wednesday"", ""Thursday"", ""Friday"", ""Saturday""], ""opens"": ""08:00""}]"
https://www.805shutters.com/window-treatment-company-near-me-ventura-county/,$[1].@graph[0].description,"""Looking for a window treatment company near you? 805 Shutters is a family-owned Ventura County company installing custom shutters, shades, blinds, and drapery in Moorpark, Thousand Oaks, Camarillo, Simi Valley, and nearby cities."""
https://www.805shutters.com/window-treatment-company-near-me-ventura-county/,$[1].@graph[1].description,"""805 Shutters is a local, family-owned window treatment company serving all of Ventura County — Moorpark, Thousand Oaks, Camarillo, Simi Valley, Newbury Park, Westlake Village, Oxnard, Ventura, Ojai, and surrounding communities. One free in-home consultation can compare custom plantation shutters, roller and honeycomb shades, motorized shades, wood and faux wood blinds, and custom drapery and curtains, with measuring and professional installation included."""
https://www.805shutters.com/window-treatment-company-near-me-ventura-county/,$[1].@graph[1].offers.price,"""0"""
https://www.805shutters.com/window-treatment-comparison-guide/,$[0].@graph[0].sameAs,"""https://www.bbb.org/us/ca/camarillo/profile/window-coverings/805-shutters-shades-blinds-1236-3001378"""
https://www.805shutters.com/window-treatment-comparison-guide/,$[0].@graph[0].sameAs,"""https://www.mapquest.com/us/california/805-shutters-shades-blinds-378112738"""
https://www.805shutters.com/window-treatment-comparison-guide/,$[0].@graph[0].sameAs,"""https://local.yahoo.com/info-225163327-805-shutters"""
https://www.805shutters.com/window-treatment-comparison-guide/,$[0].@graph[0].sameAs,"""https://www.chamberofcommerce.com/business-directory/california/santa-rosa-valley/window-treatment-store/2026058550-805-shutters-shades-blinds"""
https://www.805shutters.com/window-treatment-comparison-guide/,$[0].@graph[0].sameAs,"""https://www.2findlocal.com/b/15023840/805-shutters-shades-blinds-santa-rosa-valley-ca"""
https://www.805shutters.com/window-treatment-comparison-guide/,$[0].@graph[0].description,"""805 Shutters is a family-owned local window treatment company serving Ventura County and nearby communities with more than 30 years of custom shutters, shades, blinds, commercial roller shades, and window covering experience."""
https://www.805shutters.com/window-treatment-comparison-guide/,$[0].@graph[0].founder,"{""@type"": ""Person"", ""name"": ""Ken Hill""}"
https://www.805shutters.com/window-treatment-comparison-guide/,$[0].@graph[0].owner,"{""@type"": ""Person"", ""name"": ""Ken Hill""}"
https://www.805shutters.com/window-treatment-comparison-guide/,$[0].@graph[0].priceRange,"""$$"""
https://www.805shutters.com/window-treatment-comparison-guide/,$[0].@graph[0].openingHoursSpecification,"[{""@type"": ""OpeningHoursSpecification"", ""closes"": ""18:00"", ""dayOfWeek"": [""Monday"", ""Tuesday"", ""Wednesday"", ""Thursday"", ""Friday"", ""Saturday""], ""opens"": ""08:00""}]"
https://www.805shutters.com/book-consultation/,$[0].@graph[0].sameAs,"""https://www.bbb.org/us/ca/camarillo/profile/window-coverings/805-shutters-shades-blinds-1236-3001378"""
https://www.805shutters.com/book-consultation/,$[0].@graph[0].sameAs,"""https://www.mapquest.com/us/california/805-shutters-shades-blinds-378112738"""
https://www.805shutters.com/book-consultation/,$[0].@graph[0].sameAs,"""https://local.yahoo.com/info-225163327-805-shutters"""
https://www.805shutters.com/book-consultation/,$[0].@graph[0].sameAs,"""https://www.chamberofcommerce.com/business-directory/california/santa-rosa-valley/window-treatment-store/2026058550-805-shutters-shades-blinds"""
https://www.805shutters.com/book-consultation/,$[0].@graph[0].sameAs,"""https://www.2findlocal.com/b/15023840/805-shutters-shades-blinds-santa-rosa-valley-ca"""
https://www.805shutters.com/book-consultation/,$[0].@graph[0].description,"""805 Shutters is a family-owned local window treatment company serving Ventura County and nearby communities with more than 30 years of custom shutters, shades, blinds, commercial roller shades, and window covering experience."""
https://www.805shutters.com/book-consultation/,$[0].@graph[0].founder,"{""@type"": ""Person"", ""name"": ""Ken Hill""}"
https://www.805shutters.com/book-consultation/,$[0].@graph[0].owner,"{""@type"": ""Person"", ""name"": ""Ken Hill""}"
https://www.805shutters.com/book-consultation/,$[0].@graph[0].priceRange,"""$$"""
https://www.805shutters.com/book-consultation/,$[0].@graph[0].openingHoursSpecification,"[{""@type"": ""OpeningHoursSpecification"", ""closes"": ""18:00"", ""dayOfWeek"": [""Monday"", ""Tuesday"", ""Wednesday"", ""Thursday"", ""Friday"", ""Saturday""], ""opens"": ""08:00""}]"
https://www.805shutters.com/book-consultation/,$[1].@graph[1].offers.price,"""0"""
https://www.805shutters.com/official/,$[0].@graph[0].sameAs,"""https://www.bbb.org/us/ca/camarillo/profile/window-coverings/805-shutters-shades-blinds-1236-3001378"""
https://www.805shutters.com/official/,$[0].@graph[0].sameAs,"""https://www.mapquest.com/us/california/805-shutters-shades-blinds-378112738"""
https://www.805shutters.com/official/,$[0].@graph[0].sameAs,"""https://local.yahoo.com/info-225163327-805-shutters"""
https://www.805shutters.com/official/,$[0].@graph[0].sameAs,"""https://www.chamberofcommerce.com/business-directory/california/santa-rosa-valley/window-treatment-store/2026058550-805-shutters-shades-blinds"""
https://www.805shutters.com/official/,$[0].@graph[0].sameAs,"""https://www.2findlocal.com/b/15023840/805-shutters-shades-blinds-santa-rosa-valley-ca"""
https://www.805shutters.com/official/,$[0].@graph[0].description,"""805 Shutters is a family-owned local window treatment company serving Ventura County and nearby communities with more than 30 years of custom shutters, shades, blinds, commercial roller shades, and window covering experience."""
https://www.805shutters.com/official/,$[0].@graph[0].founder,"{""@type"": ""Person"", ""name"": ""Ken Hill""}"
https://www.805shutters.com/official/,$[0].@graph[0].owner,"{""@type"": ""Person"", ""name"": ""Ken Hill""}"
https://www.805shutters.com/official/,$[0].@graph[0].priceRange,"""$$"""
https://www.805shutters.com/official/,$[0].@graph[0].openingHoursSpecification,"[{""@type"": ""OpeningHoursSpecification"", ""closes"": ""18:00"", ""dayOfWeek"": [""Monday"", ""Tuesday"", ""Wednesday"", ""Thursday"", ""Friday"", ""Saturday""], ""opens"": ""08:00""}]"
