product_id,program_id,color_code,color_name,collection,cloth_code,source_page,source_price_group,ancillary_price_group,unit,status,exception
norman_roman_fabric_by_yard,norman_roman_fabric_by_yard_source,F1085,Dim Ecru,Sheer Elegance,AC0402,25,2,2,yards per cut,documented destination; held,"Current dealer availability, ancillary dealer charges/freight/selling treatment and production save/reopen remain unverified. September PG2 yard rate missing; July $150 not accepted."
norman_roman_pillow_covers,norman_roman_pillow_covers_source,F1085,Dim Ecru,Sheer Elegance,AC0402,25,2,,cover,not offered for this product,Roman Guide p50 excludes this collection/cloth from pillow covers.
norman_roman_fabric_by_yard,norman_roman_fabric_by_yard_source,F1082,Corn White,Sheer Elegance,AC0401,25,2,2,yards per cut,documented destination; held,"Current dealer availability, ancillary dealer charges/freight/selling treatment and production save/reopen remain unverified. September PG2 yard rate missing; July $150 not accepted."
norman_roman_pillow_covers,norman_roman_pillow_covers_source,F1082,Corn White,Sheer Elegance,AC0401,25,2,,cover,not offered for this product,Roman Guide p50 excludes this collection/cloth from pillow covers.
norman_roman_fabric_by_yard,norman_roman_fabric_by_yard_source,F1083,Sea Green,Sheer Elegance,AC0401,25,2,2,yards per cut,documented destination; held,"Current dealer availability, ancillary dealer charges/freight/selling treatment and production save/reopen remain unverified. September PG2 yard rate missing; July $150 not accepted."
norman_roman_pillow_covers,norman_roman_pillow_covers_source,F1083,Sea Green,Sheer Elegance,AC0401,25,2,,cover,not offered for this product,Roman Guide p50 excludes this collection/cloth from pillow covers.
norman_roman_fabric_by_yard,norman_roman_fabric_by_yard_source,F1470,Cloud White,Sheer Elegance,AB0665,25,2,2,yards per cut,documented destination; held,"Current dealer availability, ancillary dealer charges/freight/selling treatment and production save/reopen remain unverified. September PG2 yard rate missing; July $150 not accepted."
norman_roman_pillow_covers,norman_roman_pillow_covers_source,F1470,Cloud White,Sheer Elegance,AB0665,25,2,,cover,not offered for this product,Roman Guide p50 excludes this collection/cloth from pillow covers.
norman_roman_fabric_by_yard,norman_roman_fabric_by_yard_source,F1657,Floral White,Sheer Elegance,AB0665,25,2,2,yards per cut,documented destination; held,"Current dealer availability, ancillary dealer charges/freight/selling treatment and production save/reopen remain unverified. September PG2 yard rate missing; July $150 not accepted."
norman_roman_pillow_covers,norman_roman_pillow_covers_source,F1657,Floral White,Sheer Elegance,AB0665,25,2,,cover,not offered for this product,Roman Guide p50 excludes this collection/cloth from pillow covers.
norman_roman_fabric_by_yard,norman_roman_fabric_by_yard_source,F1599,Cottage Linen,Scarlett,AB0674,25,1,1,yards per cut,documented destination; held,"Current dealer availability, ancillary dealer charges/freight/selling treatment and production save/reopen remain unverified."
norman_roman_pillow_covers,norman_roman_pillow_covers_source,F1599,Cottage Linen,Scarlett,AB0674,25,1,,cover,not offered for this product,Roman Guide p50 excludes this collection/cloth from pillow covers.
norman_roman_fabric_by_yard,norman_roman_fabric_by_yard_source,F1600,Seashell,Scarlett,AB0674,25,1,1,yards per cut,documented destination; held,"Current dealer availability, ancillary dealer charges/freight/selling treatment and production save/reopen remain unverified."
norman_roman_pillow_covers,norman_roman_pillow_covers_source,F1600,Seashell,Scarlett,AB0674,25,1,,cover,not offered for this product,Roman Guide p50 excludes this collection/cloth from pillow covers.
norman_roman_fabric_by_yard,norman_roman_fabric_by_yard_source,F1601,Crema,Scarlett,AB0674,25,1,1,yards per cut,documented destination; held,"Current dealer availability, ancillary dealer charges/freight/selling treatment and production save/reopen remain unverified."
norman_roman_pillow_covers,norman_roman_pillow_covers_source,F1601,Crema,Scarlett,AB0674,25,1,,cover,not offered for this product,Roman Guide p50 excludes this collection/cloth from pillow covers.
norman_roman_fabric_by_yard,norman_roman_fabric_by_yard_source,F1602,Stone,Scarlett,AB0674,25,1,1,yards per cut,documented destination; held,"Current dealer availability, ancillary dealer charges/freight/selling treatment and production save/reopen remain unverified."
norman_roman_pillow_covers,norman_roman_pillow_covers_source,F1602,Stone,Scarlett,AB0674,25,1,,cover,not offered for this product,Roman Guide p50 excludes this collection/cloth from pillow covers.
norman_roman_fabric_by_yard,norman_roman_fabric_by_yard_source,F0255,Greige,Valencia,AA0217,25,2,2,yards per cut,documented destination; held,"Current dealer availability, ancillary dealer charges/freight/selling treatment and production save/reopen remain unverified. September PG2 yard rate missing; July $150 not accepted."
norman_roman_pillow_covers,norman_roman_pillow_covers_source,F0255,Greige,Valencia,AA0217,25,2,A,cover,documented destination; held,"Current dealer availability, ancillary dealer charges/freight/selling treatment and production save/reopen remain unverified."
norman_roman_fabric_by_yard,norman_roman_fabric_by_yard_source,F0145,Rich Wheat,Valencia,AB0202,25,2,2,yards per cut,documented destination; held,"Current dealer availability, ancillary dealer charges/freight/selling treatment and production save/reopen remain unverified. September PG2 yard rate missing; July $150 not accepted."
norman_roman_pillow_covers,norman_roman_pillow_covers_source,F0145,Rich Wheat,Valencia,AB0202,25,2,A,cover,documented destination; held,"Current dealer availability, ancillary dealer charges/freight/selling treatment and production save/reopen remain unverified."
norman_roman_fabric_by_yard,norman_roman_fabric_by_yard_source,F0247,Dark Slate,Blake,AA0215,25,3,3,yards per cut,documented destination; held,"Current dealer availability, ancillary dealer charges/freight/selling treatment and production save/reopen remain unverified."
norman_roman_pillow_covers,norman_roman_pillow_covers_source,F0247,Dark Slate,Blake,AA0215,25,3,,cover,not offered for this product,Roman Guide p50 excludes this collection/cloth from pillow covers.
norman_roman_fabric_by_yard,norman_roman_fabric_by_yard_source,F0228,French Roast,Rochelle,AB0301,25,3,3,yards per cut,documented destination; held,"Current dealer availability, ancillary dealer charges/freight/selling treatment and production save/reopen remain unverified."
norman_roman_pillow_covers,norman_roman_pillow_covers_source,F0228,French Roast,Rochelle,AB0301,25,3,B,cover,documented destination; held,"Current dealer availability, ancillary dealer charges/freight/selling treatment and production save/reopen remain unverified."
norman_roman_fabric_by_yard,norman_roman_fabric_by_yard_source,F0183,Milk,Lakeside,AA0210,25,2,2,yards per cut,documented destination; held,"Current dealer availability, ancillary dealer charges/freight/selling treatment and production save/reopen remain unverified. September PG2 yard rate missing; July $150 not accepted."
norman_roman_pillow_covers,norman_roman_pillow_covers_source,F0183,Milk,Lakeside,AA0210,25,2,A,cover,documented destination; held,"Current dealer availability, ancillary dealer charges/freight/selling treatment and production save/reopen remain unverified."
norman_roman_fabric_by_yard,norman_roman_fabric_by_yard_source,F0184,Warm White,Lakeside,AA0210,25,2,2,yards per cut,documented destination; held,"Current dealer availability, ancillary dealer charges/freight/selling treatment and production save/reopen remain unverified. September PG2 yard rate missing; July $150 not accepted."
norman_roman_pillow_covers,norman_roman_pillow_covers_source,F0184,Warm White,Lakeside,AA0210,25,2,A,cover,documented destination; held,"Current dealer availability, ancillary dealer charges/freight/selling treatment and production save/reopen remain unverified."
norman_roman_fabric_by_yard,norman_roman_fabric_by_yard_source,F0185,Pebble,Lakeside,AA0210,25,2,2,yards per cut,documented destination; held,"Current dealer availability, ancillary dealer charges/freight/selling treatment and production save/reopen remain unverified. September PG2 yard rate missing; July $150 not accepted."
norman_roman_pillow_covers,norman_roman_pillow_covers_source,F0185,Pebble,Lakeside,AA0210,25,2,A,cover,documented destination; held,"Current dealer availability, ancillary dealer charges/freight/selling treatment and production save/reopen remain unverified."
norman_roman_fabric_by_yard,norman_roman_fabric_by_yard_source,F0186,Rich Gold,Lakeside,AA0210,25,2,2,yards per cut,documented destination; held,"Current dealer availability, ancillary dealer charges/freight/selling treatment and production save/reopen remain unverified. September PG2 yard rate missing; July $150 not accepted."
norman_roman_pillow_covers,norman_roman_pillow_covers_source,F0186,Rich Gold,Lakeside,AA0210,25,2,A,cover,documented destination; held,"Current dealer availability, ancillary dealer charges/freight/selling treatment and production save/reopen remain unverified."
norman_roman_fabric_by_yard,norman_roman_fabric_by_yard_source,F0189,Loden Green,Lakeside,AA0210,25,2,2,yards per cut,documented destination; held,"Current dealer availability, ancillary dealer charges/freight/selling treatment and production save/reopen remain unverified. September PG2 yard rate missing; July $150 not accepted."
norman_roman_pillow_covers,norman_roman_pillow_covers_source,F0189,Loden Green,Lakeside,AA0210,25,2,A,cover,documented destination; held,"Current dealer availability, ancillary dealer charges/freight/selling treatment and production save/reopen remain unverified."
norman_roman_fabric_by_yard,norman_roman_fabric_by_yard_source,F0191,Claret,Lakeside,AA0210,25,2,2,yards per cut,documented destination; held,"Current dealer availability, ancillary dealer charges/freight/selling treatment and production save/reopen remain unverified. September PG2 yard rate missing; July $150 not accepted."
norman_roman_pillow_covers,norman_roman_pillow_covers_source,F0191,Claret,Lakeside,AA0210,25,2,A,cover,documented destination; held,"Current dealer availability, ancillary dealer charges/freight/selling treatment and production save/reopen remain unverified."
norman_roman_fabric_by_yard,norman_roman_fabric_by_yard_source,F0190,Deep Ocean,Lakeside,AA0210,25,2,2,yards per cut,documented destination; held,"Current dealer availability, ancillary dealer charges/freight/selling treatment and production save/reopen remain unverified. September PG2 yard rate missing; July $150 not accepted."
norman_roman_pillow_covers,norman_roman_pillow_covers_source,F0190,Deep Ocean,Lakeside,AA0210,25,2,A,cover,documented destination; held,"Current dealer availability, ancillary dealer charges/freight/selling treatment and production save/reopen remain unverified."
norman_roman_fabric_by_yard,norman_roman_fabric_by_yard_source,F0188,Chocolate Brown,Lakeside,AA0210,25,2,2,yards per cut,documented destination; held,"Current dealer availability, ancillary dealer charges/freight/selling treatment and production save/reopen remain unverified. September PG2 yard rate missing; July $150 not accepted."
norman_roman_pillow_covers,norman_roman_pillow_covers_source,F0188,Chocolate Brown,Lakeside,AA0210,25,2,A,cover,documented destination; held,"Current dealer availability, ancillary dealer charges/freight/selling treatment and production save/reopen remain unverified."
norman_roman_fabric_by_yard,norman_roman_fabric_by_yard_source,F0187,Steel Gray,Lakeside,AA0210,25,2,2,yards per cut,documented destination; held,"Current dealer availability, ancillary dealer charges/freight/selling treatment and production save/reopen remain unverified. September PG2 yard rate missing; July $150 not accepted."
norman_roman_pillow_covers,norman_roman_pillow_covers_source,F0187,Steel Gray,Lakeside,AA0210,25,2,A,cover,documented destination; held,"Current dealer availability, ancillary dealer charges/freight/selling treatment and production save/reopen remain unverified."
norman_roman_fabric_by_yard,norman_roman_fabric_by_yard_source,F0192,Jet Black,Lakeside,AA0210,25,2,2,yards per cut,documented destination; held,"Current dealer availability, ancillary dealer charges/freight/selling treatment and production save/reopen remain unverified. September PG2 yard rate missing; July $150 not accepted."
norman_roman_pillow_covers,norman_roman_pillow_covers_source,F0192,Jet Black,Lakeside,AA0210,25,2,A,cover,documented destination; held,"Current dealer availability, ancillary dealer charges/freight/selling treatment and production save/reopen remain unverified."
norman_roman_fabric_by_yard,norman_roman_fabric_by_yard_source,F0668,Black Walnut,Bali,A90105,26,3,3,yards per cut,documented destination; held,"Current dealer availability, ancillary dealer charges/freight/selling treatment and production save/reopen remain unverified."
norman_roman_pillow_covers,norman_roman_pillow_covers_source,F0668,Black Walnut,Bali,A90105,26,3,,cover,not offered for this product,Roman Guide p50 excludes this collection/cloth from pillow covers.
norman_roman_fabric_by_yard,norman_roman_fabric_by_yard_source,F1668,Sand,Bali,A90105,26,3,3,yards per cut,documented destination; held,"Current dealer availability, ancillary dealer charges/freight/selling treatment and production save/reopen remain unverified."
norman_roman_pillow_covers,norman_roman_pillow_covers_source,F1668,Sand,Bali,A90105,26,3,,cover,not offered for this product,Roman Guide p50 excludes this collection/cloth from pillow covers.
norman_roman_fabric_by_yard,norman_roman_fabric_by_yard_source,F1669,Flax,Bali,A90105,26,3,3,yards per cut,documented destination; held,"Current dealer availability, ancillary dealer charges/freight/selling treatment and production save/reopen remain unverified."
norman_roman_pillow_covers,norman_roman_pillow_covers_source,F1669,Flax,Bali,A90105,26,3,,cover,not offered for this product,Roman Guide p50 excludes this collection/cloth from pillow covers.
norman_roman_fabric_by_yard,norman_roman_fabric_by_yard_source,F1926,Latte,Bali,A90105,26,3,3,yards per cut,documented destination; held,"Current dealer availability, ancillary dealer charges/freight/selling treatment and production save/reopen remain unverified."
norman_roman_pillow_covers,norman_roman_pillow_covers_source,F1926,Latte,Bali,A90105,26,3,,cover,not offered for this product,Roman Guide p50 excludes this collection/cloth from pillow covers.
norman_roman_fabric_by_yard,norman_roman_fabric_by_yard_source,F1927,Stone Gray,Bali,A90105,26,3,3,yards per cut,documented destination; held,"Current dealer availability, ancillary dealer charges/freight/selling treatment and production save/reopen remain unverified."
norman_roman_pillow_covers,norman_roman_pillow_covers_source,F1927,Stone Gray,Bali,A90105,26,3,,cover,not offered for this product,Roman Guide p50 excludes this collection/cloth from pillow covers.
norman_roman_fabric_by_yard,norman_roman_fabric_by_yard_source,F2023,Desert Beige,Bali,A90105,26,3,3,yards per cut,documented destination; held,"Current dealer availability, ancillary dealer charges/freight/selling treatment and production save/reopen remain unverified."
norman_roman_pillow_covers,norman_roman_pillow_covers_source,F2023,Desert Beige,Bali,A90105,26,3,,cover,not offered for this product,Roman Guide p50 excludes this collection/cloth from pillow covers.
norman_roman_fabric_by_yard,norman_roman_fabric_by_yard_source,F2024,Warm Mocha,Bali,A90105,26,3,3,yards per cut,documented destination; held,"Current dealer availability, ancillary dealer charges/freight/selling treatment and production save/reopen remain unverified."
norman_roman_pillow_covers,norman_roman_pillow_covers_source,F2024,Warm Mocha,Bali,A90105,26,3,,cover,not offered for this product,Roman Guide p50 excludes this collection/cloth from pillow covers.
norman_roman_fabric_by_yard,norman_roman_fabric_by_yard_source,F2025,Soft Sandstone,Bali,A90105,26,3,3,yards per cut,documented destination; held,"Current dealer availability, ancillary dealer charges/freight/selling treatment and production save/reopen remain unverified."
norman_roman_pillow_covers,norman_roman_pillow_covers_source,F2025,Soft Sandstone,Bali,A90105,26,3,,cover,not offered for this product,Roman Guide p50 excludes this collection/cloth from pillow covers.
norman_roman_fabric_by_yard,norman_roman_fabric_by_yard_source,F2026,Gentle Ash,Bali,A90105,26,3,3,yards per cut,documented destination; held,"Current dealer availability, ancillary dealer charges/freight/selling treatment and production save/reopen remain unverified."
norman_roman_pillow_covers,norman_roman_pillow_covers_source,F2026,Gentle Ash,Bali,A90105,26,3,,cover,not offered for this product,Roman Guide p50 excludes this collection/cloth from pillow covers.
norman_roman_fabric_by_yard,norman_roman_fabric_by_yard_source,F2027,Gray,Bali,A90105,26,3,3,yards per cut,documented destination; held,"Current dealer availability, ancillary dealer charges/freight/selling treatment and production save/reopen remain unverified."
norman_roman_pillow_covers,norman_roman_pillow_covers_source,F2027,Gray,Bali,A90105,26,3,,cover,not offered for this product,Roman Guide p50 excludes this collection/cloth from pillow covers.
norman_roman_fabric_by_yard,norman_roman_fabric_by_yard_source,F1897,Linen Natural,Breeze,AB0699,26,3,3,yards per cut,documented destination; held,"Current dealer availability, ancillary dealer charges/freight/selling treatment and production save/reopen remain unverified."
norman_roman_pillow_covers,norman_roman_pillow_covers_source,F1897,Linen Natural,Breeze,AB0699,26,3,B,cover,documented destination; held,"Current dealer availability, ancillary dealer charges/freight/selling treatment and production save/reopen remain unverified."
norman_roman_fabric_by_yard,norman_roman_fabric_by_yard_source,F1898,Linen Khaki,Breeze,AB0699,26,3,3,yards per cut,documented destination; held,"Current dealer availability, ancillary dealer charges/freight/selling treatment and production save/reopen remain unverified."
norman_roman_pillow_covers,norman_roman_pillow_covers_source,F1898,Linen Khaki,Breeze,AB0699,26,3,B,cover,documented destination; held,"Current dealer availability, ancillary dealer charges/freight/selling treatment and production save/reopen remain unverified."
norman_roman_fabric_by_yard,norman_roman_fabric_by_yard_source,F1899,Linen Graphite,Breeze,AB0699,26,3,3,yards per cut,documented destination; held,"Current dealer availability, ancillary dealer charges/freight/selling treatment and production save/reopen remain unverified."
norman_roman_pillow_covers,norman_roman_pillow_covers_source,F1899,Linen Graphite,Breeze,AB0699,26,3,B,cover,documented destination; held,"Current dealer availability, ancillary dealer charges/freight/selling treatment and production save/reopen remain unverified."
norman_roman_fabric_by_yard,norman_roman_fabric_by_yard_source,F1900,Linen Almond Milk,Breeze,AB0699,26,3,3,yards per cut,documented destination; held,"Current dealer availability, ancillary dealer charges/freight/selling treatment and production save/reopen remain unverified."
norman_roman_pillow_covers,norman_roman_pillow_covers_source,F1900,Linen Almond Milk,Breeze,AB0699,26,3,B,cover,documented destination; held,"Current dealer availability, ancillary dealer charges/freight/selling treatment and production save/reopen remain unverified."
norman_roman_fabric_by_yard,norman_roman_fabric_by_yard_source,F1901,Linen Stone,Breeze,AB0699,26,3,3,yards per cut,documented destination; held,"Current dealer availability, ancillary dealer charges/freight/selling treatment and production save/reopen remain unverified."
norman_roman_pillow_covers,norman_roman_pillow_covers_source,F1901,Linen Stone,Breeze,AB0699,26,3,B,cover,documented destination; held,"Current dealer availability, ancillary dealer charges/freight/selling treatment and production save/reopen remain unverified."
norman_roman_fabric_by_yard,norman_roman_fabric_by_yard_source,F1902,Linen Warm Ivory,Breeze,AB0699,26,3,3,yards per cut,documented destination; held,"Current dealer availability, ancillary dealer charges/freight/selling treatment and production save/reopen remain unverified."
norman_roman_pillow_covers,norman_roman_pillow_covers_source,F1902,Linen Warm Ivory,Breeze,AB0699,26,3,B,cover,documented destination; held,"Current dealer availability, ancillary dealer charges/freight/selling treatment and production save/reopen remain unverified."
norman_roman_fabric_by_yard,norman_roman_fabric_by_yard_source,F1903,Linen Cloud,Breeze,AB0699,26,3,3,yards per cut,documented destination; held,"Current dealer availability, ancillary dealer charges/freight/selling treatment and production save/reopen remain unverified."
norman_roman_pillow_covers,norman_roman_pillow_covers_source,F1903,Linen Cloud,Breeze,AB0699,26,3,B,cover,documented destination; held,"Current dealer availability, ancillary dealer charges/freight/selling treatment and production save/reopen remain unverified."
norman_roman_fabric_by_yard,norman_roman_fabric_by_yard_source,F1932,Oatmeal,Francis,AA0369,26,2,2,yards per cut,documented destination; held,"Current dealer availability, ancillary dealer charges/freight/selling treatment and production save/reopen remain unverified. September PG2 yard rate missing; July $150 not accepted."
norman_roman_pillow_covers,norman_roman_pillow_covers_source,F1932,Oatmeal,Francis,AA0369,26,2,A,cover,documented destination; held,"Current dealer availability, ancillary dealer charges/freight/selling treatment and production save/reopen remain unverified."
norman_roman_fabric_by_yard,norman_roman_fabric_by_yard_source,F1933,Black,Francis,AA0369,26,2,2,yards per cut,documented destination; held,"Current dealer availability, ancillary dealer charges/freight/selling treatment and production save/reopen remain unverified. September PG2 yard rate missing; July $150 not accepted."
norman_roman_pillow_covers,norman_roman_pillow_covers_source,F1933,Black,Francis,AA0369,26,2,A,cover,documented destination; held,"Current dealer availability, ancillary dealer charges/freight/selling treatment and production save/reopen remain unverified."
norman_roman_fabric_by_yard,norman_roman_fabric_by_yard_source,F1904,White,Francis,AA0369,26,2,2,yards per cut,documented destination; held,"Current dealer availability, ancillary dealer charges/freight/selling treatment and production save/reopen remain unverified. September PG2 yard rate missing; July $150 not accepted."
norman_roman_pillow_covers,norman_roman_pillow_covers_source,F1904,White,Francis,AA0369,26,2,A,cover,documented destination; held,"Current dealer availability, ancillary dealer charges/freight/selling treatment and production save/reopen remain unverified."
norman_roman_fabric_by_yard,norman_roman_fabric_by_yard_source,F1905,Weathered White,Francis,AA0369,26,2,2,yards per cut,documented destination; held,"Current dealer availability, ancillary dealer charges/freight/selling treatment and production save/reopen remain unverified. September PG2 yard rate missing; July $150 not accepted."
norman_roman_pillow_covers,norman_roman_pillow_covers_source,F1905,Weathered White,Francis,AA0369,26,2,A,cover,documented destination; held,"Current dealer availability, ancillary dealer charges/freight/selling treatment and production save/reopen remain unverified."
norman_roman_fabric_by_yard,norman_roman_fabric_by_yard_source,F1906,Broken White,Francis,AA0369,26,2,2,yards per cut,documented destination; held,"Current dealer availability, ancillary dealer charges/freight/selling treatment and production save/reopen remain unverified. September PG2 yard rate missing; July $150 not accepted."
norman_roman_pillow_covers,norman_roman_pillow_covers_source,F1906,Broken White,Francis,AA0369,26,2,A,cover,documented destination; held,"Current dealer availability, ancillary dealer charges/freight/selling treatment and production save/reopen remain unverified."
norman_roman_fabric_by_yard,norman_roman_fabric_by_yard_source,F1907,Soft Sandstone,Francis,AA0369,26,2,2,yards per cut,documented destination; held,"Current dealer availability, ancillary dealer charges/freight/selling treatment and production save/reopen remain unverified. September PG2 yard rate missing; July $150 not accepted."
norman_roman_pillow_covers,norman_roman_pillow_covers_source,F1907,Soft Sandstone,Francis,AA0369,26,2,A,cover,documented destination; held,"Current dealer availability, ancillary dealer charges/freight/selling treatment and production save/reopen remain unverified."
norman_roman_fabric_by_yard,norman_roman_fabric_by_yard_source,F1908,Desert Beige,Francis,AA0369,26,2,2,yards per cut,documented destination; held,"Current dealer availability, ancillary dealer charges/freight/selling treatment and production save/reopen remain unverified. September PG2 yard rate missing; July $150 not accepted."
norman_roman_pillow_covers,norman_roman_pillow_covers_source,F1908,Desert Beige,Francis,AA0369,26,2,A,cover,documented destination; held,"Current dealer availability, ancillary dealer charges/freight/selling treatment and production save/reopen remain unverified."
norman_roman_fabric_by_yard,norman_roman_fabric_by_yard_source,F1909,Rich Truffle,Francis,AA0369,26,2,2,yards per cut,documented destination; held,"Current dealer availability, ancillary dealer charges/freight/selling treatment and production save/reopen remain unverified. September PG2 yard rate missing; July $150 not accepted."
norman_roman_pillow_covers,norman_roman_pillow_covers_source,F1909,Rich Truffle,Francis,AA0369,26,2,A,cover,documented destination; held,"Current dealer availability, ancillary dealer charges/freight/selling treatment and production save/reopen remain unverified."
norman_roman_fabric_by_yard,norman_roman_fabric_by_yard_source,F1984,Soft Gray,Francis,AA0369,27,2,2,yards per cut,documented destination; held,"Current dealer availability, ancillary dealer charges/freight/selling treatment and production save/reopen remain unverified. September PG2 yard rate missing; July $150 not accepted."
norman_roman_pillow_covers,norman_roman_pillow_covers_source,F1984,Soft Gray,Francis,AA0369,27,2,A,cover,documented destination; held,"Current dealer availability, ancillary dealer charges/freight/selling treatment and production save/reopen remain unverified."
norman_roman_fabric_by_yard,norman_roman_fabric_by_yard_source,F1985,Cloudy Gray,Francis,AA0369,27,2,2,yards per cut,documented destination; held,"Current dealer availability, ancillary dealer charges/freight/selling treatment and production save/reopen remain unverified. September PG2 yard rate missing; July $150 not accepted."
norman_roman_pillow_covers,norman_roman_pillow_covers_source,F1985,Cloudy Gray,Francis,AA0369,27,2,A,cover,documented destination; held,"Current dealer availability, ancillary dealer charges/freight/selling treatment and production save/reopen remain unverified."
norman_roman_fabric_by_yard,norman_roman_fabric_by_yard_source,F1986,Natural Beige,Francis,AA0369,27,2,2,yards per cut,documented destination; held,"Current dealer availability, ancillary dealer charges/freight/selling treatment and production save/reopen remain unverified. September PG2 yard rate missing; July $150 not accepted."
norman_roman_pillow_covers,norman_roman_pillow_covers_source,F1986,Natural Beige,Francis,AA0369,27,2,A,cover,documented destination; held,"Current dealer availability, ancillary dealer charges/freight/selling treatment and production save/reopen remain unverified."
norman_roman_fabric_by_yard,norman_roman_fabric_by_yard_source,F1987,Warm Mocha,Francis,AA0369,27,2,2,yards per cut,documented destination; held,"Current dealer availability, ancillary dealer charges/freight/selling treatment and production save/reopen remain unverified. September PG2 yard rate missing; July $150 not accepted."
norman_roman_pillow_covers,norman_roman_pillow_covers_source,F1987,Warm Mocha,Francis,AA0369,27,2,A,cover,documented destination; held,"Current dealer availability, ancillary dealer charges/freight/selling treatment and production save/reopen remain unverified."
norman_roman_fabric_by_yard,norman_roman_fabric_by_yard_source,F1988,Graphite,Francis,AA0369,27,2,2,yards per cut,documented destination; held,"Current dealer availability, ancillary dealer charges/freight/selling treatment and production save/reopen remain unverified. September PG2 yard rate missing; July $150 not accepted."
norman_roman_pillow_covers,norman_roman_pillow_covers_source,F1988,Graphite,Francis,AA0369,27,2,A,cover,documented destination; held,"Current dealer availability, ancillary dealer charges/freight/selling treatment and production save/reopen remain unverified."
norman_roman_fabric_by_yard,norman_roman_fabric_by_yard_source,F1989,Stone Gray,Francis,AA0369,27,2,2,yards per cut,documented destination; held,"Current dealer availability, ancillary dealer charges/freight/selling treatment and production save/reopen remain unverified. September PG2 yard rate missing; July $150 not accepted."
norman_roman_pillow_covers,norman_roman_pillow_covers_source,F1989,Stone Gray,Francis,AA0369,27,2,A,cover,documented destination; held,"Current dealer availability, ancillary dealer charges/freight/selling treatment and production save/reopen remain unverified."
norman_roman_fabric_by_yard,norman_roman_fabric_by_yard_source,F1990,Soothing Gray,Francis,AA0369,27,2,2,yards per cut,documented destination; held,"Current dealer availability, ancillary dealer charges/freight/selling treatment and production save/reopen remain unverified. September PG2 yard rate missing; July $150 not accepted."
norman_roman_pillow_covers,norman_roman_pillow_covers_source,F1990,Soothing Gray,Francis,AA0369,27,2,A,cover,documented destination; held,"Current dealer availability, ancillary dealer charges/freight/selling treatment and production save/reopen remain unverified."
norman_roman_fabric_by_yard,norman_roman_fabric_by_yard_source,F1991,Gentle Ash,Francis,AA0369,27,2,2,yards per cut,documented destination; held,"Current dealer availability, ancillary dealer charges/freight/selling treatment and production save/reopen remain unverified. September PG2 yard rate missing; July $150 not accepted."
norman_roman_pillow_covers,norman_roman_pillow_covers_source,F1991,Gentle Ash,Francis,AA0369,27,2,A,cover,documented destination; held,"Current dealer availability, ancillary dealer charges/freight/selling treatment and production save/reopen remain unverified."
norman_roman_fabric_by_yard,norman_roman_fabric_by_yard_source,F2071,Extra White,Ashley,AA0387,27,2,2,yards per cut,documented destination; held,"Current dealer availability, ancillary dealer charges/freight/selling treatment and production save/reopen remain unverified. September PG2 yard rate missing; July $150 not accepted."
norman_roman_pillow_covers,norman_roman_pillow_covers_source,F2071,Extra White,Ashley,AA0387,27,2,A,cover,documented destination; held,"Current dealer availability, ancillary dealer charges/freight/selling treatment and production save/reopen remain unverified."
norman_roman_fabric_by_yard,norman_roman_fabric_by_yard_source,F2072,Warm White,Ashley,AA0387,27,2,2,yards per cut,documented destination; held,"Current dealer availability, ancillary dealer charges/freight/selling treatment and production save/reopen remain unverified. September PG2 yard rate missing; July $150 not accepted."
norman_roman_pillow_covers,norman_roman_pillow_covers_source,F2072,Warm White,Ashley,AA0387,27,2,A,cover,documented destination; held,"Current dealer availability, ancillary dealer charges/freight/selling treatment and production save/reopen remain unverified."
norman_roman_fabric_by_yard,norman_roman_fabric_by_yard_source,F2073,Dovetail,Ashley,AA0387,27,2,2,yards per cut,documented destination; held,"Current dealer availability, ancillary dealer charges/freight/selling treatment and production save/reopen remain unverified. September PG2 yard rate missing; July $150 not accepted."
norman_roman_pillow_covers,norman_roman_pillow_covers_source,F2073,Dovetail,Ashley,AA0387,27,2,A,cover,documented destination; held,"Current dealer availability, ancillary dealer charges/freight/selling treatment and production save/reopen remain unverified."
norman_roman_fabric_by_yard,norman_roman_fabric_by_yard_source,F2074,Sand Canyon,Ashley,AA0387,27,2,2,yards per cut,documented destination; held,"Current dealer availability, ancillary dealer charges/freight/selling treatment and production save/reopen remain unverified. September PG2 yard rate missing; July $150 not accepted."
norman_roman_pillow_covers,norman_roman_pillow_covers_source,F2074,Sand Canyon,Ashley,AA0387,27,2,A,cover,documented destination; held,"Current dealer availability, ancillary dealer charges/freight/selling treatment and production save/reopen remain unverified."
norman_roman_fabric_by_yard,norman_roman_fabric_by_yard_source,F2075,Driftwood,Ashley,AA0387,27,2,2,yards per cut,documented destination; held,"Current dealer availability, ancillary dealer charges/freight/selling treatment and production save/reopen remain unverified. September PG2 yard rate missing; July $150 not accepted."
norman_roman_pillow_covers,norman_roman_pillow_covers_source,F2075,Driftwood,Ashley,AA0387,27,2,A,cover,documented destination; held,"Current dealer availability, ancillary dealer charges/freight/selling treatment and production save/reopen remain unverified."
norman_roman_fabric_by_yard,norman_roman_fabric_by_yard_source,F2076,Light Fawn,Ashley,AA0387,27,2,2,yards per cut,documented destination; held,"Current dealer availability, ancillary dealer charges/freight/selling treatment and production save/reopen remain unverified. September PG2 yard rate missing; July $150 not accepted."
norman_roman_pillow_covers,norman_roman_pillow_covers_source,F2076,Light Fawn,Ashley,AA0387,27,2,A,cover,documented destination; held,"Current dealer availability, ancillary dealer charges/freight/selling treatment and production save/reopen remain unverified."
norman_roman_fabric_by_yard,norman_roman_fabric_by_yard_source,F2081,Diamond,Whispering Willow,AB06103,27,2,2,yards per cut,documented destination; held,"Current dealer availability, ancillary dealer charges/freight/selling treatment and production save/reopen remain unverified. September PG2 yard rate missing; July $150 not accepted."
norman_roman_pillow_covers,norman_roman_pillow_covers_source,F2081,Diamond,Whispering Willow,AB06103,27,2,A,cover,documented destination; held,"Current dealer availability, ancillary dealer charges/freight/selling treatment and production save/reopen remain unverified."
norman_roman_fabric_by_yard,norman_roman_fabric_by_yard_source,F2082,Dove,Whispering Willow,AB06103,27,2,2,yards per cut,documented destination; held,"Current dealer availability, ancillary dealer charges/freight/selling treatment and production save/reopen remain unverified. September PG2 yard rate missing; July $150 not accepted."
norman_roman_pillow_covers,norman_roman_pillow_covers_source,F2082,Dove,Whispering Willow,AB06103,27,2,A,cover,documented destination; held,"Current dealer availability, ancillary dealer charges/freight/selling treatment and production save/reopen remain unverified."
norman_roman_fabric_by_yard,norman_roman_fabric_by_yard_source,F2083,Cottage Straw,Whispering Willow,AB06103,27,2,2,yards per cut,documented destination; held,"Current dealer availability, ancillary dealer charges/freight/selling treatment and production save/reopen remain unverified. September PG2 yard rate missing; July $150 not accepted."
norman_roman_pillow_covers,norman_roman_pillow_covers_source,F2083,Cottage Straw,Whispering Willow,AB06103,27,2,A,cover,documented destination; held,"Current dealer availability, ancillary dealer charges/freight/selling treatment and production save/reopen remain unverified."
norman_roman_fabric_by_yard,norman_roman_fabric_by_yard_source,F1057,Champagne 2598,Libeco Belgian Linen,AA0902,28,3,3,yards per cut,documented destination; held,"Current dealer availability, ancillary dealer charges/freight/selling treatment and production save/reopen remain unverified."
norman_roman_pillow_covers,norman_roman_pillow_covers_source,F1057,Champagne 2598,Libeco Belgian Linen,AA0902,28,3,B,cover,documented destination; held,"Current dealer availability, ancillary dealer charges/freight/selling treatment and production save/reopen remain unverified."
norman_roman_fabric_by_yard,norman_roman_fabric_by_yard_source,F1058,Gray 3232,Libeco Belgian Linen,AA0902,28,3,3,yards per cut,documented destination; held,"Current dealer availability, ancillary dealer charges/freight/selling treatment and production save/reopen remain unverified."
norman_roman_pillow_covers,norman_roman_pillow_covers_source,F1058,Gray 3232,Libeco Belgian Linen,AA0902,28,3,B,cover,documented destination; held,"Current dealer availability, ancillary dealer charges/freight/selling treatment and production save/reopen remain unverified."
norman_roman_fabric_by_yard,norman_roman_fabric_by_yard_source,F1051,Warm Gray 8029,Libeco Belgian Linen,AA0901,28,3,3,yards per cut,documented destination; held,"Current dealer availability, ancillary dealer charges/freight/selling treatment and production save/reopen remain unverified."
norman_roman_pillow_covers,norman_roman_pillow_covers_source,F1051,Warm Gray 8029,Libeco Belgian Linen,AA0901,28,3,C,cover,documented destination; held,"Current dealer availability, ancillary dealer charges/freight/selling treatment and production save/reopen remain unverified."
norman_roman_fabric_by_yard,norman_roman_fabric_by_yard_source,F1061,Sag Harbor 0006,Libeco Belgian Linen,AB0704,28,3,3,yards per cut,documented destination; held,"Current dealer availability, ancillary dealer charges/freight/selling treatment and production save/reopen remain unverified."
norman_roman_pillow_covers,norman_roman_pillow_covers_source,F1061,Sag Harbor 0006,Libeco Belgian Linen,AB0704,28,3,C,cover,documented destination; held,"Current dealer availability, ancillary dealer charges/freight/selling treatment and production save/reopen remain unverified."
norman_roman_fabric_by_yard,norman_roman_fabric_by_yard_source,F0193,Vanilla Ice,Lorraine,AB0204,28,2,2,yards per cut,documented destination; held,"Current dealer availability, ancillary dealer charges/freight/selling treatment and production save/reopen remain unverified. September PG2 yard rate missing; July $150 not accepted."
norman_roman_pillow_covers,norman_roman_pillow_covers_source,F0193,Vanilla Ice,Lorraine,AB0204,28,2,A,cover,documented destination; held,"Current dealer availability, ancillary dealer charges/freight/selling treatment and production save/reopen remain unverified."
norman_roman_fabric_by_yard,norman_roman_fabric_by_yard_source,F0194,Sand,Lorraine,AB0204,28,2,2,yards per cut,documented destination; held,"Current dealer availability, ancillary dealer charges/freight/selling treatment and production save/reopen remain unverified. September PG2 yard rate missing; July $150 not accepted."
norman_roman_pillow_covers,norman_roman_pillow_covers_source,F0194,Sand,Lorraine,AB0204,28,2,A,cover,documented destination; held,"Current dealer availability, ancillary dealer charges/freight/selling treatment and production save/reopen remain unverified."
norman_roman_fabric_by_yard,norman_roman_fabric_by_yard_source,F0195,Espresso,Lorraine,AB0204,28,2,2,yards per cut,documented destination; held,"Current dealer availability, ancillary dealer charges/freight/selling treatment and production save/reopen remain unverified. September PG2 yard rate missing; July $150 not accepted."
norman_roman_pillow_covers,norman_roman_pillow_covers_source,F0195,Espresso,Lorraine,AB0204,28,2,A,cover,documented destination; held,"Current dealer availability, ancillary dealer charges/freight/selling treatment and production save/reopen remain unverified."
norman_roman_fabric_by_yard,norman_roman_fabric_by_yard_source,F0196,Sedona Sage,Lorraine,AB0204,28,2,2,yards per cut,documented destination; held,"Current dealer availability, ancillary dealer charges/freight/selling treatment and production save/reopen remain unverified. September PG2 yard rate missing; July $150 not accepted."
norman_roman_pillow_covers,norman_roman_pillow_covers_source,F0196,Sedona Sage,Lorraine,AB0204,28,2,A,cover,documented destination; held,"Current dealer availability, ancillary dealer charges/freight/selling treatment and production save/reopen remain unverified."
norman_roman_fabric_by_yard,norman_roman_fabric_by_yard_source,F0031,Black Gingham,Lorraine,AB0103,28,2,2,yards per cut,documented destination; held,"Current dealer availability, ancillary dealer charges/freight/selling treatment and production save/reopen remain unverified. September PG2 yard rate missing; July $150 not accepted."
norman_roman_pillow_covers,norman_roman_pillow_covers_source,F0031,Black Gingham,Lorraine,AB0103,28,2,A,cover,documented destination; held,"Current dealer availability, ancillary dealer charges/freight/selling treatment and production save/reopen remain unverified."
norman_roman_fabric_by_yard,norman_roman_fabric_by_yard_source,F0058,Seal Brown,Lorraine,AA0201,28,2,2,yards per cut,documented destination; held,"Current dealer availability, ancillary dealer charges/freight/selling treatment and production save/reopen remain unverified. September PG2 yard rate missing; July $150 not accepted."
norman_roman_pillow_covers,norman_roman_pillow_covers_source,F0058,Seal Brown,Lorraine,AA0201,28,2,A,cover,documented destination; held,"Current dealer availability, ancillary dealer charges/freight/selling treatment and production save/reopen remain unverified."
norman_roman_fabric_by_yard,norman_roman_fabric_by_yard_source,F1916,Snow,Sierra,AB06100,28,2,2,yards per cut,documented destination; held,"Current dealer availability, ancillary dealer charges/freight/selling treatment and production save/reopen remain unverified. September PG2 yard rate missing; July $150 not accepted."
norman_roman_pillow_covers,norman_roman_pillow_covers_source,F1916,Snow,Sierra,AB06100,28,2,A,cover,documented destination; held,"Current dealer availability, ancillary dealer charges/freight/selling treatment and production save/reopen remain unverified."
norman_roman_fabric_by_yard,norman_roman_fabric_by_yard_source,F1917,Cream,Sierra,AB06100,28,2,2,yards per cut,documented destination; held,"Current dealer availability, ancillary dealer charges/freight/selling treatment and production save/reopen remain unverified. September PG2 yard rate missing; July $150 not accepted."
norman_roman_pillow_covers,norman_roman_pillow_covers_source,F1917,Cream,Sierra,AB06100,28,2,A,cover,documented destination; held,"Current dealer availability, ancillary dealer charges/freight/selling treatment and production save/reopen remain unverified."
norman_roman_fabric_by_yard,norman_roman_fabric_by_yard_source,F1918,Natural,Sierra,AB06100,28,2,2,yards per cut,documented destination; held,"Current dealer availability, ancillary dealer charges/freight/selling treatment and production save/reopen remain unverified. September PG2 yard rate missing; July $150 not accepted."
norman_roman_pillow_covers,norman_roman_pillow_covers_source,F1918,Natural,Sierra,AB06100,28,2,A,cover,documented destination; held,"Current dealer availability, ancillary dealer charges/freight/selling treatment and production save/reopen remain unverified."
norman_roman_fabric_by_yard,norman_roman_fabric_by_yard_source,F1919,Silverware,Sierra,AB06100,28,2,2,yards per cut,documented destination; held,"Current dealer availability, ancillary dealer charges/freight/selling treatment and production save/reopen remain unverified. September PG2 yard rate missing; July $150 not accepted."
norman_roman_pillow_covers,norman_roman_pillow_covers_source,F1919,Silverware,Sierra,AB06100,28,2,A,cover,documented destination; held,"Current dealer availability, ancillary dealer charges/freight/selling treatment and production save/reopen remain unverified."
norman_roman_fabric_by_yard,norman_roman_fabric_by_yard_source,F1920,Canvas,Sierra,AB06100,28,2,2,yards per cut,documented destination; held,"Current dealer availability, ancillary dealer charges/freight/selling treatment and production save/reopen remain unverified. September PG2 yard rate missing; July $150 not accepted."
norman_roman_pillow_covers,norman_roman_pillow_covers_source,F1920,Canvas,Sierra,AB06100,28,2,A,cover,documented destination; held,"Current dealer availability, ancillary dealer charges/freight/selling treatment and production save/reopen remain unverified."
norman_roman_fabric_by_yard,norman_roman_fabric_by_yard_source,F1921,Graphite,Sierra,AB06100,28,2,2,yards per cut,documented destination; held,"Current dealer availability, ancillary dealer charges/freight/selling treatment and production save/reopen remain unverified. September PG2 yard rate missing; July $150 not accepted."
norman_roman_pillow_covers,norman_roman_pillow_covers_source,F1921,Graphite,Sierra,AB06100,28,2,A,cover,documented destination; held,"Current dealer availability, ancillary dealer charges/freight/selling treatment and production save/reopen remain unverified."
norman_roman_fabric_by_yard,norman_roman_fabric_by_yard_source,F1922,Stone,Sierra,AB06100,28,2,2,yards per cut,documented destination; held,"Current dealer availability, ancillary dealer charges/freight/selling treatment and production save/reopen remain unverified. September PG2 yard rate missing; July $150 not accepted."
norman_roman_pillow_covers,norman_roman_pillow_covers_source,F1922,Stone,Sierra,AB06100,28,2,A,cover,documented destination; held,"Current dealer availability, ancillary dealer charges/freight/selling treatment and production save/reopen remain unverified."
norman_roman_fabric_by_yard,norman_roman_fabric_by_yard_source,F1923,Caviar,Sierra,AB06100,28,2,2,yards per cut,documented destination; held,"Current dealer availability, ancillary dealer charges/freight/selling treatment and production save/reopen remain unverified. September PG2 yard rate missing; July $150 not accepted."
norman_roman_pillow_covers,norman_roman_pillow_covers_source,F1923,Caviar,Sierra,AB06100,28,2,A,cover,documented destination; held,"Current dealer availability, ancillary dealer charges/freight/selling treatment and production save/reopen remain unverified."
norman_roman_fabric_by_yard,norman_roman_fabric_by_yard_source,F1089,Optic White,Caroline,AA0206,29,2,2,yards per cut,documented destination; held,"Current dealer availability, ancillary dealer charges/freight/selling treatment and production save/reopen remain unverified. September PG2 yard rate missing; July $150 not accepted."
norman_roman_pillow_covers,norman_roman_pillow_covers_source,F1089,Optic White,Caroline,AA0206,29,2,A,cover,documented destination; held,"Current dealer availability, ancillary dealer charges/freight/selling treatment and production save/reopen remain unverified."
norman_roman_fabric_by_yard,norman_roman_fabric_by_yard_source,F1090,Warm White,Caroline,AA0206-A,29,2,2,yards per cut,documented destination; held,"Current dealer availability, ancillary dealer charges/freight/selling treatment and production save/reopen remain unverified. September PG2 yard rate missing; July $150 not accepted."
norman_roman_pillow_covers,norman_roman_pillow_covers_source,F1090,Warm White,Caroline,AA0206-A,29,2,A,cover,documented destination; held,"Current dealer availability, ancillary dealer charges/freight/selling treatment and production save/reopen remain unverified."
norman_roman_fabric_by_yard,norman_roman_fabric_by_yard_source,F1102,Greige,Caroline,AA0206,29,2,2,yards per cut,documented destination; held,"Current dealer availability, ancillary dealer charges/freight/selling treatment and production save/reopen remain unverified. September PG2 yard rate missing; July $150 not accepted."
norman_roman_pillow_covers,norman_roman_pillow_covers_source,F1102,Greige,Caroline,AA0206,29,2,A,cover,documented destination; held,"Current dealer availability, ancillary dealer charges/freight/selling treatment and production save/reopen remain unverified."
norman_roman_fabric_by_yard,norman_roman_fabric_by_yard_source,F1091,Taupe,Caroline,AA0206,29,2,2,yards per cut,documented destination; held,"Current dealer availability, ancillary dealer charges/freight/selling treatment and production save/reopen remain unverified. September PG2 yard rate missing; July $150 not accepted."
norman_roman_pillow_covers,norman_roman_pillow_covers_source,F1091,Taupe,Caroline,AA0206,29,2,A,cover,documented destination; held,"Current dealer availability, ancillary dealer charges/freight/selling treatment and production save/reopen remain unverified."
norman_roman_fabric_by_yard,norman_roman_fabric_by_yard_source,F1092,Sky Gray,Caroline,AA0206,29,2,2,yards per cut,documented destination; held,"Current dealer availability, ancillary dealer charges/freight/selling treatment and production save/reopen remain unverified. September PG2 yard rate missing; July $150 not accepted."
norman_roman_pillow_covers,norman_roman_pillow_covers_source,F1092,Sky Gray,Caroline,AA0206,29,2,A,cover,documented destination; held,"Current dealer availability, ancillary dealer charges/freight/selling treatment and production save/reopen remain unverified."
norman_roman_fabric_by_yard,norman_roman_fabric_by_yard_source,F1093,Dove Gray,Caroline,AA0206,29,2,2,yards per cut,documented destination; held,"Current dealer availability, ancillary dealer charges/freight/selling treatment and production save/reopen remain unverified. September PG2 yard rate missing; July $150 not accepted."
norman_roman_pillow_covers,norman_roman_pillow_covers_source,F1093,Dove Gray,Caroline,AA0206,29,2,A,cover,documented destination; held,"Current dealer availability, ancillary dealer charges/freight/selling treatment and production save/reopen remain unverified."
norman_roman_fabric_by_yard,norman_roman_fabric_by_yard_source,F1094,Pale Green,Caroline,AA0206,29,2,2,yards per cut,documented destination; held,"Current dealer availability, ancillary dealer charges/freight/selling treatment and production save/reopen remain unverified. September PG2 yard rate missing; July $150 not accepted."
norman_roman_pillow_covers,norman_roman_pillow_covers_source,F1094,Pale Green,Caroline,AA0206,29,2,A,cover,documented destination; held,"Current dealer availability, ancillary dealer charges/freight/selling treatment and production save/reopen remain unverified."
norman_roman_fabric_by_yard,norman_roman_fabric_by_yard_source,F1095,Deep Khaki,Caroline,AA0206,29,2,2,yards per cut,documented destination; held,"Current dealer availability, ancillary dealer charges/freight/selling treatment and production save/reopen remain unverified. September PG2 yard rate missing; July $150 not accepted."
norman_roman_pillow_covers,norman_roman_pillow_covers_source,F1095,Deep Khaki,Caroline,AA0206,29,2,A,cover,documented destination; held,"Current dealer availability, ancillary dealer charges/freight/selling treatment and production save/reopen remain unverified."
norman_roman_fabric_by_yard,norman_roman_fabric_by_yard_source,F1096,Light Brown,Caroline,AA0206,29,2,2,yards per cut,documented destination; held,"Current dealer availability, ancillary dealer charges/freight/selling treatment and production save/reopen remain unverified. September PG2 yard rate missing; July $150 not accepted."
norman_roman_pillow_covers,norman_roman_pillow_covers_source,F1096,Light Brown,Caroline,AA0206,29,2,A,cover,documented destination; held,"Current dealer availability, ancillary dealer charges/freight/selling treatment and production save/reopen remain unverified."
norman_roman_fabric_by_yard,norman_roman_fabric_by_yard_source,F1097,Terra Cotta,Caroline,AA0206,29,2,2,yards per cut,documented destination; held,"Current dealer availability, ancillary dealer charges/freight/selling treatment and production save/reopen remain unverified. September PG2 yard rate missing; July $150 not accepted."
norman_roman_pillow_covers,norman_roman_pillow_covers_source,F1097,Terra Cotta,Caroline,AA0206,29,2,A,cover,documented destination; held,"Current dealer availability, ancillary dealer charges/freight/selling treatment and production save/reopen remain unverified."
norman_roman_fabric_by_yard,norman_roman_fabric_by_yard_source,F1098,Dark Brown,Caroline,AA0206,29,2,2,yards per cut,documented destination; held,"Current dealer availability, ancillary dealer charges/freight/selling treatment and production save/reopen remain unverified. September PG2 yard rate missing; July $150 not accepted."
norman_roman_pillow_covers,norman_roman_pillow_covers_source,F1098,Dark Brown,Caroline,AA0206,29,2,A,cover,documented destination; held,"Current dealer availability, ancillary dealer charges/freight/selling treatment and production save/reopen remain unverified."
norman_roman_fabric_by_yard,norman_roman_fabric_by_yard_source,F1099,Navy,Caroline,AA0206,29,2,2,yards per cut,documented destination; held,"Current dealer availability, ancillary dealer charges/freight/selling treatment and production save/reopen remain unverified. September PG2 yard rate missing; July $150 not accepted."
norman_roman_pillow_covers,norman_roman_pillow_covers_source,F1099,Navy,Caroline,AA0206,29,2,A,cover,documented destination; held,"Current dealer availability, ancillary dealer charges/freight/selling treatment and production save/reopen remain unverified."
norman_roman_fabric_by_yard,norman_roman_fabric_by_yard_source,F1100,Medium Blue,Caroline,AA0206,29,2,2,yards per cut,documented destination; held,"Current dealer availability, ancillary dealer charges/freight/selling treatment and production save/reopen remain unverified. September PG2 yard rate missing; July $150 not accepted."
norman_roman_pillow_covers,norman_roman_pillow_covers_source,F1100,Medium Blue,Caroline,AA0206,29,2,A,cover,documented destination; held,"Current dealer availability, ancillary dealer charges/freight/selling treatment and production save/reopen remain unverified."
norman_roman_fabric_by_yard,norman_roman_fabric_by_yard_source,F1621,Dusk Blue,Alma,AA0355,29,2,2,yards per cut,documented destination; held,"Current dealer availability, ancillary dealer charges/freight/selling treatment and production save/reopen remain unverified. September PG2 yard rate missing; July $150 not accepted."
norman_roman_pillow_covers,norman_roman_pillow_covers_source,F1621,Dusk Blue,Alma,AA0355,29,2,A,cover,documented destination; held,"Current dealer availability, ancillary dealer charges/freight/selling treatment and production save/reopen remain unverified."
norman_roman_fabric_by_yard,norman_roman_fabric_by_yard_source,F1622,Coronet Blue,Alma,AA0355,29,2,2,yards per cut,documented destination; held,"Current dealer availability, ancillary dealer charges/freight/selling treatment and production save/reopen remain unverified. September PG2 yard rate missing; July $150 not accepted."
norman_roman_pillow_covers,norman_roman_pillow_covers_source,F1622,Coronet Blue,Alma,AA0355,29,2,A,cover,documented destination; held,"Current dealer availability, ancillary dealer charges/freight/selling treatment and production save/reopen remain unverified."
norman_roman_fabric_by_yard,norman_roman_fabric_by_yard_source,F1623,Dark Shadow,Alma,AA0355,29,2,2,yards per cut,documented destination; held,"Current dealer availability, ancillary dealer charges/freight/selling treatment and production save/reopen remain unverified. September PG2 yard rate missing; July $150 not accepted."
norman_roman_pillow_covers,norman_roman_pillow_covers_source,F1623,Dark Shadow,Alma,AA0355,29,2,A,cover,documented destination; held,"Current dealer availability, ancillary dealer charges/freight/selling treatment and production save/reopen remain unverified."
norman_roman_fabric_by_yard,norman_roman_fabric_by_yard_source,F1624,Paloma,Alma,AA0355,29,2,2,yards per cut,documented destination; held,"Current dealer availability, ancillary dealer charges/freight/selling treatment and production save/reopen remain unverified. September PG2 yard rate missing; July $150 not accepted."
norman_roman_pillow_covers,norman_roman_pillow_covers_source,F1624,Paloma,Alma,AA0355,29,2,A,cover,documented destination; held,"Current dealer availability, ancillary dealer charges/freight/selling treatment and production save/reopen remain unverified."
norman_roman_fabric_by_yard,norman_roman_fabric_by_yard_source,F1625,Cloudburst,Alma,AA0355,29,2,2,yards per cut,documented destination; held,"Current dealer availability, ancillary dealer charges/freight/selling treatment and production save/reopen remain unverified. September PG2 yard rate missing; July $150 not accepted."
norman_roman_pillow_covers,norman_roman_pillow_covers_source,F1625,Cloudburst,Alma,AA0355,29,2,A,cover,documented destination; held,"Current dealer availability, ancillary dealer charges/freight/selling treatment and production save/reopen remain unverified."
norman_roman_fabric_by_yard,norman_roman_fabric_by_yard_source,F1626,Whitecap Gray,Alma,AA0355,29,2,2,yards per cut,documented destination; held,"Current dealer availability, ancillary dealer charges/freight/selling treatment and production save/reopen remain unverified. September PG2 yard rate missing; July $150 not accepted."
norman_roman_pillow_covers,norman_roman_pillow_covers_source,F1626,Whitecap Gray,Alma,AA0355,29,2,A,cover,documented destination; held,"Current dealer availability, ancillary dealer charges/freight/selling treatment and production save/reopen remain unverified."
norman_roman_fabric_by_yard,norman_roman_fabric_by_yard_source,F1627,Doeskin,Alma,AA0355,29,2,2,yards per cut,documented destination; held,"Current dealer availability, ancillary dealer charges/freight/selling treatment and production save/reopen remain unverified. September PG2 yard rate missing; July $150 not accepted."
norman_roman_pillow_covers,norman_roman_pillow_covers_source,F1627,Doeskin,Alma,AA0355,29,2,A,cover,documented destination; held,"Current dealer availability, ancillary dealer charges/freight/selling treatment and production save/reopen remain unverified."
norman_roman_fabric_by_yard,norman_roman_fabric_by_yard_source,F1628,Whisper White,Alma,AA0355,29,2,2,yards per cut,documented destination; held,"Current dealer availability, ancillary dealer charges/freight/selling treatment and production save/reopen remain unverified. September PG2 yard rate missing; July $150 not accepted."
norman_roman_pillow_covers,norman_roman_pillow_covers_source,F1628,Whisper White,Alma,AA0355,29,2,A,cover,documented destination; held,"Current dealer availability, ancillary dealer charges/freight/selling treatment and production save/reopen remain unverified."
norman_roman_fabric_by_yard,norman_roman_fabric_by_yard_source,F1629,Chalk White,Alma,AA0355,29,2,2,yards per cut,documented destination; held,"Current dealer availability, ancillary dealer charges/freight/selling treatment and production save/reopen remain unverified. September PG2 yard rate missing; July $150 not accepted."
norman_roman_pillow_covers,norman_roman_pillow_covers_source,F1629,Chalk White,Alma,AA0355,29,2,A,cover,documented destination; held,"Current dealer availability, ancillary dealer charges/freight/selling treatment and production save/reopen remain unverified."
norman_roman_fabric_by_yard,norman_roman_fabric_by_yard_source,F1631,Plum,Alma,AA0355,29,2,2,yards per cut,documented destination; held,"Current dealer availability, ancillary dealer charges/freight/selling treatment and production save/reopen remain unverified. September PG2 yard rate missing; July $150 not accepted."
norman_roman_pillow_covers,norman_roman_pillow_covers_source,F1631,Plum,Alma,AA0355,29,2,A,cover,documented destination; held,"Current dealer availability, ancillary dealer charges/freight/selling treatment and production save/reopen remain unverified."
norman_roman_fabric_by_yard,norman_roman_fabric_by_yard_source,F0229,Pearl White,Windsor,AA0306-A,30,2,2,yards per cut,documented destination; held,"Current dealer availability, ancillary dealer charges/freight/selling treatment and production save/reopen remain unverified. September PG2 yard rate missing; July $150 not accepted."
norman_roman_pillow_covers,norman_roman_pillow_covers_source,F0229,Pearl White,Windsor,AA0306-A,30,2,A,cover,documented destination; held,"Current dealer availability, ancillary dealer charges/freight/selling treatment and production save/reopen remain unverified."
norman_roman_fabric_by_yard,norman_roman_fabric_by_yard_source,F0232,Earth,Windsor,AA0306-A,30,2,2,yards per cut,documented destination; held,"Current dealer availability, ancillary dealer charges/freight/selling treatment and production save/reopen remain unverified. September PG2 yard rate missing; July $150 not accepted."
norman_roman_pillow_covers,norman_roman_pillow_covers_source,F0232,Earth,Windsor,AA0306-A,30,2,A,cover,documented destination; held,"Current dealer availability, ancillary dealer charges/freight/selling treatment and production save/reopen remain unverified."
norman_roman_fabric_by_yard,norman_roman_fabric_by_yard_source,F0231,Smoke,Windsor,AA0306-A,30,2,2,yards per cut,documented destination; held,"Current dealer availability, ancillary dealer charges/freight/selling treatment and production save/reopen remain unverified. September PG2 yard rate missing; July $150 not accepted."
norman_roman_pillow_covers,norman_roman_pillow_covers_source,F0231,Smoke,Windsor,AA0306-A,30,2,A,cover,documented destination; held,"Current dealer availability, ancillary dealer charges/freight/selling treatment and production save/reopen remain unverified."
norman_roman_fabric_by_yard,norman_roman_fabric_by_yard_source,F0234,Tarmac,Windsor,AA0306-A,30,2,2,yards per cut,documented destination; held,"Current dealer availability, ancillary dealer charges/freight/selling treatment and production save/reopen remain unverified. September PG2 yard rate missing; July $150 not accepted."
norman_roman_pillow_covers,norman_roman_pillow_covers_source,F0234,Tarmac,Windsor,AA0306-A,30,2,A,cover,documented destination; held,"Current dealer availability, ancillary dealer charges/freight/selling treatment and production save/reopen remain unverified."
norman_roman_fabric_by_yard,norman_roman_fabric_by_yard_source,F0230,Neutral Gray,Windsor,AA0306-A,30,2,2,yards per cut,documented destination; held,"Current dealer availability, ancillary dealer charges/freight/selling treatment and production save/reopen remain unverified. September PG2 yard rate missing; July $150 not accepted."
norman_roman_pillow_covers,norman_roman_pillow_covers_source,F0230,Neutral Gray,Windsor,AA0306-A,30,2,A,cover,documented destination; held,"Current dealer availability, ancillary dealer charges/freight/selling treatment and production save/reopen remain unverified."
norman_roman_fabric_by_yard,norman_roman_fabric_by_yard_source,F1957,Lotus White,Windsor,AA0306-A,30,2,2,yards per cut,documented destination; held,"Current dealer availability, ancillary dealer charges/freight/selling treatment and production save/reopen remain unverified. September PG2 yard rate missing; July $150 not accepted."
norman_roman_pillow_covers,norman_roman_pillow_covers_source,F1957,Lotus White,Windsor,AA0306-A,30,2,A,cover,documented destination; held,"Current dealer availability, ancillary dealer charges/freight/selling treatment and production save/reopen remain unverified."
norman_roman_fabric_by_yard,norman_roman_fabric_by_yard_source,F1976,Gentle Ash,Windsor,AA0306-A,30,2,2,yards per cut,documented destination; held,"Current dealer availability, ancillary dealer charges/freight/selling treatment and production save/reopen remain unverified. September PG2 yard rate missing; July $150 not accepted."
norman_roman_pillow_covers,norman_roman_pillow_covers_source,F1976,Gentle Ash,Windsor,AA0306-A,30,2,A,cover,documented destination; held,"Current dealer availability, ancillary dealer charges/freight/selling treatment and production save/reopen remain unverified."
norman_roman_fabric_by_yard,norman_roman_fabric_by_yard_source,F1977,Soft Sandstone,Windsor,AA0306-A,30,2,2,yards per cut,documented destination; held,"Current dealer availability, ancillary dealer charges/freight/selling treatment and production save/reopen remain unverified. September PG2 yard rate missing; July $150 not accepted."
norman_roman_pillow_covers,norman_roman_pillow_covers_source,F1977,Soft Sandstone,Windsor,AA0306-A,30,2,A,cover,documented destination; held,"Current dealer availability, ancillary dealer charges/freight/selling treatment and production save/reopen remain unverified."
norman_roman_fabric_by_yard,norman_roman_fabric_by_yard_source,F1978,Desert Beige,Windsor,AA0306-A,30,2,2,yards per cut,documented destination; held,"Current dealer availability, ancillary dealer charges/freight/selling treatment and production save/reopen remain unverified. September PG2 yard rate missing; July $150 not accepted."
norman_roman_pillow_covers,norman_roman_pillow_covers_source,F1978,Desert Beige,Windsor,AA0306-A,30,2,A,cover,documented destination; held,"Current dealer availability, ancillary dealer charges/freight/selling treatment and production save/reopen remain unverified."
norman_roman_fabric_by_yard,norman_roman_fabric_by_yard_source,F1979,Warm Mocha,Windsor,AA0306-A,30,2,2,yards per cut,documented destination; held,"Current dealer availability, ancillary dealer charges/freight/selling treatment and production save/reopen remain unverified. September PG2 yard rate missing; July $150 not accepted."
norman_roman_pillow_covers,norman_roman_pillow_covers_source,F1979,Warm Mocha,Windsor,AA0306-A,30,2,A,cover,documented destination; held,"Current dealer availability, ancillary dealer charges/freight/selling treatment and production save/reopen remain unverified."
norman_roman_fabric_by_yard,norman_roman_fabric_by_yard_source,F1980,Anthracite Gray,Windsor,AA0306-A,30,2,2,yards per cut,documented destination; held,"Current dealer availability, ancillary dealer charges/freight/selling treatment and production save/reopen remain unverified. September PG2 yard rate missing; July $150 not accepted."
norman_roman_pillow_covers,norman_roman_pillow_covers_source,F1980,Anthracite Gray,Windsor,AA0306-A,30,2,A,cover,documented destination; held,"Current dealer availability, ancillary dealer charges/freight/selling treatment and production save/reopen remain unverified."
norman_roman_fabric_by_yard,norman_roman_fabric_by_yard_source,F1981,Gray,Windsor,AA0306-A,30,2,2,yards per cut,documented destination; held,"Current dealer availability, ancillary dealer charges/freight/selling treatment and production save/reopen remain unverified. September PG2 yard rate missing; July $150 not accepted."
norman_roman_pillow_covers,norman_roman_pillow_covers_source,F1981,Gray,Windsor,AA0306-A,30,2,A,cover,documented destination; held,"Current dealer availability, ancillary dealer charges/freight/selling treatment and production save/reopen remain unverified."
norman_roman_fabric_by_yard,norman_roman_fabric_by_yard_source,F1982,Graphite,Windsor,AA0306-A,30,2,2,yards per cut,documented destination; held,"Current dealer availability, ancillary dealer charges/freight/selling treatment and production save/reopen remain unverified. September PG2 yard rate missing; July $150 not accepted."
norman_roman_pillow_covers,norman_roman_pillow_covers_source,F1982,Graphite,Windsor,AA0306-A,30,2,A,cover,documented destination; held,"Current dealer availability, ancillary dealer charges/freight/selling treatment and production save/reopen remain unverified."
norman_roman_fabric_by_yard,norman_roman_fabric_by_yard_source,F1983,Soothing Gray,Windsor,AA0306-A,30,2,2,yards per cut,documented destination; held,"Current dealer availability, ancillary dealer charges/freight/selling treatment and production save/reopen remain unverified. September PG2 yard rate missing; July $150 not accepted."
norman_roman_pillow_covers,norman_roman_pillow_covers_source,F1983,Soothing Gray,Windsor,AA0306-A,30,2,A,cover,documented destination; held,"Current dealer availability, ancillary dealer charges/freight/selling treatment and production save/reopen remain unverified."
norman_roman_fabric_by_yard,norman_roman_fabric_by_yard_source,F1992,Cloudy Gray,Windsor,AA0306-A,30,2,2,yards per cut,documented destination; held,"Current dealer availability, ancillary dealer charges/freight/selling treatment and production save/reopen remain unverified. September PG2 yard rate missing; July $150 not accepted."
norman_roman_pillow_covers,norman_roman_pillow_covers_source,F1992,Cloudy Gray,Windsor,AA0306-A,30,2,A,cover,documented destination; held,"Current dealer availability, ancillary dealer charges/freight/selling treatment and production save/reopen remain unverified."
norman_roman_fabric_by_yard,norman_roman_fabric_by_yard_source,F1993,Rich Truffle,Windsor,AA0306-A,30,2,2,yards per cut,documented destination; held,"Current dealer availability, ancillary dealer charges/freight/selling treatment and production save/reopen remain unverified. September PG2 yard rate missing; July $150 not accepted."
norman_roman_pillow_covers,norman_roman_pillow_covers_source,F1993,Rich Truffle,Windsor,AA0306-A,30,2,A,cover,documented destination; held,"Current dealer availability, ancillary dealer charges/freight/selling treatment and production save/reopen remain unverified."
norman_roman_fabric_by_yard,norman_roman_fabric_by_yard_source,F0233,Toast,Windsor,AA0306-A,30,2,2,yards per cut,documented destination; held,"Current dealer availability, ancillary dealer charges/freight/selling treatment and production save/reopen remain unverified. September PG2 yard rate missing; July $150 not accepted."
norman_roman_pillow_covers,norman_roman_pillow_covers_source,F0233,Toast,Windsor,AA0306-A,30,2,A,cover,documented destination; held,"Current dealer availability, ancillary dealer charges/freight/selling treatment and production save/reopen remain unverified."
norman_roman_fabric_by_yard,norman_roman_fabric_by_yard_source,F1939,Linen White,Ellie,AA0372,30,3,3,yards per cut,documented destination; held,"Current dealer availability, ancillary dealer charges/freight/selling treatment and production save/reopen remain unverified."
norman_roman_pillow_covers,norman_roman_pillow_covers_source,F1939,Linen White,Ellie,AA0372,30,3,B,cover,documented destination; held,"Current dealer availability, ancillary dealer charges/freight/selling treatment and production save/reopen remain unverified."
norman_roman_fabric_by_yard,norman_roman_fabric_by_yard_source,F1940,Wheat,Ellie,AA0372,30,3,3,yards per cut,documented destination; held,"Current dealer availability, ancillary dealer charges/freight/selling treatment and production save/reopen remain unverified."
norman_roman_pillow_covers,norman_roman_pillow_covers_source,F1940,Wheat,Ellie,AA0372,30,3,B,cover,documented destination; held,"Current dealer availability, ancillary dealer charges/freight/selling treatment and production save/reopen remain unverified."
norman_roman_fabric_by_yard,norman_roman_fabric_by_yard_source,F1941,Mist Gray,Ellie,AA0372,30,3,3,yards per cut,documented destination; held,"Current dealer availability, ancillary dealer charges/freight/selling treatment and production save/reopen remain unverified."
norman_roman_pillow_covers,norman_roman_pillow_covers_source,F1941,Mist Gray,Ellie,AA0372,30,3,B,cover,documented destination; held,"Current dealer availability, ancillary dealer charges/freight/selling treatment and production save/reopen remain unverified."
norman_roman_fabric_by_yard,norman_roman_fabric_by_yard_source,F0662,Seashell White,Bora Bora,A90104,31,2,2,yards per cut,documented destination; held,"Current dealer availability, ancillary dealer charges/freight/selling treatment and production save/reopen remain unverified. September PG2 yard rate missing; July $150 not accepted."
norman_roman_pillow_covers,norman_roman_pillow_covers_source,F0662,Seashell White,Bora Bora,A90104,31,2,,cover,not offered for this product,Roman Guide p50 excludes this collection/cloth from pillow covers.
norman_roman_fabric_by_yard,norman_roman_fabric_by_yard_source,F0663,Straw,Bora Bora,A90104,31,2,2,yards per cut,documented destination; held,"Current dealer availability, ancillary dealer charges/freight/selling treatment and production save/reopen remain unverified. September PG2 yard rate missing; July $150 not accepted."
norman_roman_pillow_covers,norman_roman_pillow_covers_source,F0663,Straw,Bora Bora,A90104,31,2,,cover,not offered for this product,Roman Guide p50 excludes this collection/cloth from pillow covers.
norman_roman_fabric_by_yard,norman_roman_fabric_by_yard_source,F0869,Cinnamon,Bora Bora,A90104,31,2,2,yards per cut,documented destination; held,"Current dealer availability, ancillary dealer charges/freight/selling treatment and production save/reopen remain unverified. September PG2 yard rate missing; July $150 not accepted."
norman_roman_pillow_covers,norman_roman_pillow_covers_source,F0869,Cinnamon,Bora Bora,A90104,31,2,,cover,not offered for this product,Roman Guide p50 excludes this collection/cloth from pillow covers.
norman_roman_fabric_by_yard,norman_roman_fabric_by_yard_source,F0867,White Sand,Caroline,AB0608,31,2,2,yards per cut,documented destination; held,"Current dealer availability, ancillary dealer charges/freight/selling treatment and production save/reopen remain unverified. September PG2 yard rate missing; July $150 not accepted."
norman_roman_pillow_covers,norman_roman_pillow_covers_source,F0867,White Sand,Caroline,AB0608,31,2,,cover,not offered for this product,Roman Guide p50 excludes this collection/cloth from pillow covers.
norman_roman_fabric_by_yard,norman_roman_fabric_by_yard_source,F1605,Sea Salt,Catalina,AB0675,31,2,2,yards per cut,documented destination; held,"Current dealer availability, ancillary dealer charges/freight/selling treatment and production save/reopen remain unverified. September PG2 yard rate missing; July $150 not accepted."
norman_roman_pillow_covers,norman_roman_pillow_covers_source,F1605,Sea Salt,Catalina,AB0675,31,2,,cover,not offered for this product,Roman Guide p50 excludes this collection/cloth from pillow covers.
norman_roman_fabric_by_yard,norman_roman_fabric_by_yard_source,F1712,Oatmeal,Catalina,AB0675,31,2,2,yards per cut,documented destination; held,"Current dealer availability, ancillary dealer charges/freight/selling treatment and production save/reopen remain unverified. September PG2 yard rate missing; July $150 not accepted."
norman_roman_pillow_covers,norman_roman_pillow_covers_source,F1712,Oatmeal,Catalina,AB0675,31,2,,cover,not offered for this product,Roman Guide p50 excludes this collection/cloth from pillow covers.
norman_roman_fabric_by_yard,norman_roman_fabric_by_yard_source,F0856,Raffia,Java,AB0609,31,2,2,yards per cut,documented destination; held,"Current dealer availability, ancillary dealer charges/freight/selling treatment and production save/reopen remain unverified. September PG2 yard rate missing; July $150 not accepted."
norman_roman_pillow_covers,norman_roman_pillow_covers_source,F0856,Raffia,Java,AB0609,31,2,,cover,not offered for this product,Roman Guide p50 excludes this collection/cloth from pillow covers.
norman_roman_fabric_by_yard,norman_roman_fabric_by_yard_source,F0857,Haystack,Java,AB0609,31,2,2,yards per cut,documented destination; held,"Current dealer availability, ancillary dealer charges/freight/selling treatment and production save/reopen remain unverified. September PG2 yard rate missing; July $150 not accepted."
norman_roman_pillow_covers,norman_roman_pillow_covers_source,F0857,Haystack,Java,AB0609,31,2,,cover,not offered for this product,Roman Guide p50 excludes this collection/cloth from pillow covers.
norman_roman_fabric_by_yard,norman_roman_fabric_by_yard_source,F0858,Natural,Java,AB0609,31,2,2,yards per cut,documented destination; held,"Current dealer availability, ancillary dealer charges/freight/selling treatment and production save/reopen remain unverified. September PG2 yard rate missing; July $150 not accepted."
norman_roman_pillow_covers,norman_roman_pillow_covers_source,F0858,Natural,Java,AB0609,31,2,,cover,not offered for this product,Roman Guide p50 excludes this collection/cloth from pillow covers.
norman_roman_fabric_by_yard,norman_roman_fabric_by_yard_source,F0859,Sage,Java,AB0609,31,2,2,yards per cut,documented destination; held,"Current dealer availability, ancillary dealer charges/freight/selling treatment and production save/reopen remain unverified. September PG2 yard rate missing; July $150 not accepted."
norman_roman_pillow_covers,norman_roman_pillow_covers_source,F0859,Sage,Java,AB0609,31,2,,cover,not offered for this product,Roman Guide p50 excludes this collection/cloth from pillow covers.
norman_roman_fabric_by_yard,norman_roman_fabric_by_yard_source,F1562,Toasted Brown,Java,AB0609,31,2,2,yards per cut,documented destination; held,"Current dealer availability, ancillary dealer charges/freight/selling treatment and production save/reopen remain unverified. September PG2 yard rate missing; July $150 not accepted."
norman_roman_pillow_covers,norman_roman_pillow_covers_source,F1562,Toasted Brown,Java,AB0609,31,2,,cover,not offered for this product,Roman Guide p50 excludes this collection/cloth from pillow covers.
norman_roman_fabric_by_yard,norman_roman_fabric_by_yard_source,F0656,Snow White,Phuket,A90103,31,2,2,yards per cut,documented destination; held,"Current dealer availability, ancillary dealer charges/freight/selling treatment and production save/reopen remain unverified. September PG2 yard rate missing; July $150 not accepted."
norman_roman_pillow_covers,norman_roman_pillow_covers_source,F0656,Snow White,Phuket,A90103,31,2,,cover,not offered for this product,Roman Guide p50 excludes this collection/cloth from pillow covers.
norman_roman_fabric_by_yard,norman_roman_fabric_by_yard_source,F0657,Honey,Phuket,A90103,31,2,2,yards per cut,documented destination; held,"Current dealer availability, ancillary dealer charges/freight/selling treatment and production save/reopen remain unverified. September PG2 yard rate missing; July $150 not accepted."
norman_roman_pillow_covers,norman_roman_pillow_covers_source,F0657,Honey,Phuket,A90103,31,2,,cover,not offered for this product,Roman Guide p50 excludes this collection/cloth from pillow covers.
norman_roman_fabric_by_yard,norman_roman_fabric_by_yard_source,F0659,Black Olive,Phuket,A90103,31,2,2,yards per cut,documented destination; held,"Current dealer availability, ancillary dealer charges/freight/selling treatment and production save/reopen remain unverified. September PG2 yard rate missing; July $150 not accepted."
norman_roman_pillow_covers,norman_roman_pillow_covers_source,F0659,Black Olive,Phuket,A90103,31,2,,cover,not offered for this product,Roman Guide p50 excludes this collection/cloth from pillow covers.
norman_roman_fabric_by_yard,norman_roman_fabric_by_yard_source,F0660,Grey Fog,Phuket,A90103,31,2,2,yards per cut,documented destination; held,"Current dealer availability, ancillary dealer charges/freight/selling treatment and production save/reopen remain unverified. September PG2 yard rate missing; July $150 not accepted."
norman_roman_pillow_covers,norman_roman_pillow_covers_source,F0660,Grey Fog,Phuket,A90103,31,2,,cover,not offered for this product,Roman Guide p50 excludes this collection/cloth from pillow covers.
norman_roman_fabric_by_yard,norman_roman_fabric_by_yard_source,F0661,Dust,Phuket,A90103,31,2,2,yards per cut,documented destination; held,"Current dealer availability, ancillary dealer charges/freight/selling treatment and production save/reopen remain unverified. September PG2 yard rate missing; July $150 not accepted."
norman_roman_pillow_covers,norman_roman_pillow_covers_source,F0661,Dust,Phuket,A90103,31,2,,cover,not offered for this product,Roman Guide p50 excludes this collection/cloth from pillow covers.
norman_roman_fabric_by_yard,norman_roman_fabric_by_yard_source,F0868,Dough,Phuket,A90103,31,2,2,yards per cut,documented destination; held,"Current dealer availability, ancillary dealer charges/freight/selling treatment and production save/reopen remain unverified. September PG2 yard rate missing; July $150 not accepted."
norman_roman_pillow_covers,norman_roman_pillow_covers_source,F0868,Dough,Phuket,A90103,31,2,,cover,not offered for this product,Roman Guide p50 excludes this collection/cloth from pillow covers.
norman_roman_fabric_by_yard,norman_roman_fabric_by_yard_source,F1670,Mocha,Phuket,A90103,31,2,2,yards per cut,documented destination; held,"Current dealer availability, ancillary dealer charges/freight/selling treatment and production save/reopen remain unverified. September PG2 yard rate missing; July $150 not accepted."
norman_roman_pillow_covers,norman_roman_pillow_covers_source,F1670,Mocha,Phuket,A90103,31,2,,cover,not offered for this product,Roman Guide p50 excludes this collection/cloth from pillow covers.
norman_roman_fabric_by_yard,norman_roman_fabric_by_yard_source,F1290,Frost,Riviera,AB0651,31,2,2,yards per cut,documented destination; held,"Current dealer availability, ancillary dealer charges/freight/selling treatment and production save/reopen remain unverified. September PG2 yard rate missing; July $150 not accepted."
norman_roman_pillow_covers,norman_roman_pillow_covers_source,F1290,Frost,Riviera,AB0651,31,2,,cover,not offered for this product,Roman Guide p50 excludes this collection/cloth from pillow covers.
norman_roman_fabric_by_yard,norman_roman_fabric_by_yard_source,F1291,Sugar Cane,Riviera,AB0651,31,2,2,yards per cut,documented destination; held,"Current dealer availability, ancillary dealer charges/freight/selling treatment and production save/reopen remain unverified. September PG2 yard rate missing; July $150 not accepted."
norman_roman_pillow_covers,norman_roman_pillow_covers_source,F1291,Sugar Cane,Riviera,AB0651,31,2,,cover,not offered for this product,Roman Guide p50 excludes this collection/cloth from pillow covers.
norman_roman_fabric_by_yard,norman_roman_fabric_by_yard_source,F1292,Honey,Riviera,AB0651,31,2,2,yards per cut,documented destination; held,"Current dealer availability, ancillary dealer charges/freight/selling treatment and production save/reopen remain unverified. September PG2 yard rate missing; July $150 not accepted."
norman_roman_pillow_covers,norman_roman_pillow_covers_source,F1292,Honey,Riviera,AB0651,31,2,,cover,not offered for this product,Roman Guide p50 excludes this collection/cloth from pillow covers.
norman_roman_fabric_by_yard,norman_roman_fabric_by_yard_source,F1293,Metal,Riviera,AB0651,31,2,2,yards per cut,documented destination; held,"Current dealer availability, ancillary dealer charges/freight/selling treatment and production save/reopen remain unverified. September PG2 yard rate missing; July $150 not accepted."
norman_roman_pillow_covers,norman_roman_pillow_covers_source,F1293,Metal,Riviera,AB0651,31,2,,cover,not offered for this product,Roman Guide p50 excludes this collection/cloth from pillow covers.
norman_roman_fabric_by_yard,norman_roman_fabric_by_yard_source,F1713,Silver Fox,Riviera,AB0651,31,2,2,yards per cut,documented destination; held,"Current dealer availability, ancillary dealer charges/freight/selling treatment and production save/reopen remain unverified. September PG2 yard rate missing; July $150 not accepted."
norman_roman_pillow_covers,norman_roman_pillow_covers_source,F1713,Silver Fox,Riviera,AB0651,31,2,,cover,not offered for this product,Roman Guide p50 excludes this collection/cloth from pillow covers.
norman_roman_fabric_by_yard,norman_roman_fabric_by_yard_source,F0854,Fog,Sumatra,AB0605,31,2,2,yards per cut,documented destination; held,"Current dealer availability, ancillary dealer charges/freight/selling treatment and production save/reopen remain unverified. September PG2 yard rate missing; July $150 not accepted."
norman_roman_pillow_covers,norman_roman_pillow_covers_source,F0854,Fog,Sumatra,AB0605,31,2,,cover,not offered for this product,Roman Guide p50 excludes this collection/cloth from pillow covers.
norman_roman_fabric_by_yard,norman_roman_fabric_by_yard_source,F0235,Egret,Seabreeze,AA0307-A,32,2,2,yards per cut,documented destination; held,"Current dealer availability, ancillary dealer charges/freight/selling treatment and production save/reopen remain unverified. September PG2 yard rate missing; July $150 not accepted."
norman_roman_pillow_covers,norman_roman_pillow_covers_source,F0235,Egret,Seabreeze,AA0307-A,32,2,A,cover,documented destination; held,"Current dealer availability, ancillary dealer charges/freight/selling treatment and production save/reopen remain unverified."
norman_roman_fabric_by_yard,norman_roman_fabric_by_yard_source,F0238,Ebony,Seabreeze,AA0307,32,2,2,yards per cut,documented destination; held,"Current dealer availability, ancillary dealer charges/freight/selling treatment and production save/reopen remain unverified. September PG2 yard rate missing; July $150 not accepted."
norman_roman_pillow_covers,norman_roman_pillow_covers_source,F0238,Ebony,Seabreeze,AA0307,32,2,A,cover,documented destination; held,"Current dealer availability, ancillary dealer charges/freight/selling treatment and production save/reopen remain unverified."
norman_roman_fabric_by_yard,norman_roman_fabric_by_yard_source,F1956,Vanilla White,Seabreeze,AA0307-A,32,2,2,yards per cut,documented destination; held,"Current dealer availability, ancillary dealer charges/freight/selling treatment and production save/reopen remain unverified. September PG2 yard rate missing; July $150 not accepted."
norman_roman_pillow_covers,norman_roman_pillow_covers_source,F1956,Vanilla White,Seabreeze,AA0307-A,32,2,A,cover,documented destination; held,"Current dealer availability, ancillary dealer charges/freight/selling treatment and production save/reopen remain unverified."
norman_roman_fabric_by_yard,norman_roman_fabric_by_yard_source,F1968,Gentle Ash,Seabreeze,AA0307-A,32,2,2,yards per cut,documented destination; held,"Current dealer availability, ancillary dealer charges/freight/selling treatment and production save/reopen remain unverified. September PG2 yard rate missing; July $150 not accepted."
norman_roman_pillow_covers,norman_roman_pillow_covers_source,F1968,Gentle Ash,Seabreeze,AA0307-A,32,2,A,cover,documented destination; held,"Current dealer availability, ancillary dealer charges/freight/selling treatment and production save/reopen remain unverified."
norman_roman_fabric_by_yard,norman_roman_fabric_by_yard_source,F1969,Soft Sandstone,Seabreeze,AA0307-A,32,2,2,yards per cut,documented destination; held,"Current dealer availability, ancillary dealer charges/freight/selling treatment and production save/reopen remain unverified. September PG2 yard rate missing; July $150 not accepted."
norman_roman_pillow_covers,norman_roman_pillow_covers_source,F1969,Soft Sandstone,Seabreeze,AA0307-A,32,2,A,cover,documented destination; held,"Current dealer availability, ancillary dealer charges/freight/selling treatment and production save/reopen remain unverified."
norman_roman_fabric_by_yard,norman_roman_fabric_by_yard_source,F1970,Desert Beige,Seabreeze,AA0307-A,32,2,2,yards per cut,documented destination; held,"Current dealer availability, ancillary dealer charges/freight/selling treatment and production save/reopen remain unverified. September PG2 yard rate missing; July $150 not accepted."
norman_roman_pillow_covers,norman_roman_pillow_covers_source,F1970,Desert Beige,Seabreeze,AA0307-A,32,2,A,cover,documented destination; held,"Current dealer availability, ancillary dealer charges/freight/selling treatment and production save/reopen remain unverified."
norman_roman_fabric_by_yard,norman_roman_fabric_by_yard_source,F1971,Warm Mocha,Seabreeze,AA0307-A,32,2,2,yards per cut,documented destination; held,"Current dealer availability, ancillary dealer charges/freight/selling treatment and production save/reopen remain unverified. September PG2 yard rate missing; July $150 not accepted."
norman_roman_pillow_covers,norman_roman_pillow_covers_source,F1971,Warm Mocha,Seabreeze,AA0307-A,32,2,A,cover,documented destination; held,"Current dealer availability, ancillary dealer charges/freight/selling treatment and production save/reopen remain unverified."
norman_roman_fabric_by_yard,norman_roman_fabric_by_yard_source,F1972,Anthracite Gray,Seabreeze,AA0307-A,32,2,2,yards per cut,documented destination; held,"Current dealer availability, ancillary dealer charges/freight/selling treatment and production save/reopen remain unverified. September PG2 yard rate missing; July $150 not accepted."
norman_roman_pillow_covers,norman_roman_pillow_covers_source,F1972,Anthracite Gray,Seabreeze,AA0307-A,32,2,A,cover,documented destination; held,"Current dealer availability, ancillary dealer charges/freight/selling treatment and production save/reopen remain unverified."
norman_roman_fabric_by_yard,norman_roman_fabric_by_yard_source,F1973,Gray,Seabreeze,AA0307-A,32,2,2,yards per cut,documented destination; held,"Current dealer availability, ancillary dealer charges/freight/selling treatment and production save/reopen remain unverified. September PG2 yard rate missing; July $150 not accepted."
norman_roman_pillow_covers,norman_roman_pillow_covers_source,F1973,Gray,Seabreeze,AA0307-A,32,2,A,cover,documented destination; held,"Current dealer availability, ancillary dealer charges/freight/selling treatment and production save/reopen remain unverified."
norman_roman_fabric_by_yard,norman_roman_fabric_by_yard_source,F1974,Graphite,Seabreeze,AA0307-A,32,2,2,yards per cut,documented destination; held,"Current dealer availability, ancillary dealer charges/freight/selling treatment and production save/reopen remain unverified. September PG2 yard rate missing; July $150 not accepted."
norman_roman_pillow_covers,norman_roman_pillow_covers_source,F1974,Graphite,Seabreeze,AA0307-A,32,2,A,cover,documented destination; held,"Current dealer availability, ancillary dealer charges/freight/selling treatment and production save/reopen remain unverified."
norman_roman_fabric_by_yard,norman_roman_fabric_by_yard_source,F1975,Soothing Gray,Seabreeze,AA0307-A,32,2,2,yards per cut,documented destination; held,"Current dealer availability, ancillary dealer charges/freight/selling treatment and production save/reopen remain unverified. September PG2 yard rate missing; July $150 not accepted."
norman_roman_pillow_covers,norman_roman_pillow_covers_source,F1975,Soothing Gray,Seabreeze,AA0307-A,32,2,A,cover,documented destination; held,"Current dealer availability, ancillary dealer charges/freight/selling treatment and production save/reopen remain unverified."
norman_roman_fabric_by_yard,norman_roman_fabric_by_yard_source,F1994,Cloudy Gray,Seabreeze,AA0307-A,32,2,2,yards per cut,documented destination; held,"Current dealer availability, ancillary dealer charges/freight/selling treatment and production save/reopen remain unverified. September PG2 yard rate missing; July $150 not accepted."
norman_roman_pillow_covers,norman_roman_pillow_covers_source,F1994,Cloudy Gray,Seabreeze,AA0307-A,32,2,A,cover,documented destination; held,"Current dealer availability, ancillary dealer charges/freight/selling treatment and production save/reopen remain unverified."
norman_roman_fabric_by_yard,norman_roman_fabric_by_yard_source,F1995,Rich Truffle,Seabreeze,AA0307-A,32,2,2,yards per cut,documented destination; held,"Current dealer availability, ancillary dealer charges/freight/selling treatment and production save/reopen remain unverified. September PG2 yard rate missing; July $150 not accepted."
norman_roman_pillow_covers,norman_roman_pillow_covers_source,F1995,Rich Truffle,Seabreeze,AA0307-A,32,2,A,cover,documented destination; held,"Current dealer availability, ancillary dealer charges/freight/selling treatment and production save/reopen remain unverified."
norman_roman_fabric_by_yard,norman_roman_fabric_by_yard_source,F0236,Rich Cream,Seabreeze,AA0307-A,32,2,2,yards per cut,documented destination; held,"Current dealer availability, ancillary dealer charges/freight/selling treatment and production save/reopen remain unverified. September PG2 yard rate missing; July $150 not accepted."
norman_roman_pillow_covers,norman_roman_pillow_covers_source,F0236,Rich Cream,Seabreeze,AA0307-A,32,2,A,cover,documented destination; held,"Current dealer availability, ancillary dealer charges/freight/selling treatment and production save/reopen remain unverified."
norman_roman_fabric_by_yard,norman_roman_fabric_by_yard_source,F0239,Tapestry Gold,Seabreeze,AA0307-A,32,2,2,yards per cut,documented destination; held,"Current dealer availability, ancillary dealer charges/freight/selling treatment and production save/reopen remain unverified. September PG2 yard rate missing; July $150 not accepted."
norman_roman_pillow_covers,norman_roman_pillow_covers_source,F0239,Tapestry Gold,Seabreeze,AA0307-A,32,2,A,cover,documented destination; held,"Current dealer availability, ancillary dealer charges/freight/selling treatment and production save/reopen remain unverified."
norman_roman_fabric_by_yard,norman_roman_fabric_by_yard_source,F0182,Spice,Ella,AB0203,32,2,2,yards per cut,documented destination; held,"Current dealer availability, ancillary dealer charges/freight/selling treatment and production save/reopen remain unverified. September PG2 yard rate missing; July $150 not accepted."
norman_roman_pillow_covers,norman_roman_pillow_covers_source,F0182,Spice,Ella,AB0203,32,2,A,cover,documented destination; held,"Current dealer availability, ancillary dealer charges/freight/selling treatment and production save/reopen remain unverified."
norman_roman_fabric_by_yard,norman_roman_fabric_by_yard_source,F0178,Java,Ella,AB0203,32,2,2,yards per cut,documented destination; held,"Current dealer availability, ancillary dealer charges/freight/selling treatment and production save/reopen remain unverified. September PG2 yard rate missing; July $150 not accepted."
norman_roman_pillow_covers,norman_roman_pillow_covers_source,F0178,Java,Ella,AB0203,32,2,A,cover,documented destination; held,"Current dealer availability, ancillary dealer charges/freight/selling treatment and production save/reopen remain unverified."
norman_roman_fabric_by_yard,norman_roman_fabric_by_yard_source,F0211,Khaki,Taylor,AA0305,32,2,2,yards per cut,documented destination; held,"Current dealer availability, ancillary dealer charges/freight/selling treatment and production save/reopen remain unverified. September PG2 yard rate missing; July $150 not accepted."
norman_roman_pillow_covers,norman_roman_pillow_covers_source,F0211,Khaki,Taylor,AA0305,32,2,A,cover,documented destination; held,"Current dealer availability, ancillary dealer charges/freight/selling treatment and production save/reopen remain unverified."
norman_roman_fabric_by_yard,norman_roman_fabric_by_yard_source,F0214,Sky Blue,Taylor,AA0305,32,2,2,yards per cut,documented destination; held,"Current dealer availability, ancillary dealer charges/freight/selling treatment and production save/reopen remain unverified. September PG2 yard rate missing; July $150 not accepted."
norman_roman_pillow_covers,norman_roman_pillow_covers_source,F0214,Sky Blue,Taylor,AA0305,32,2,A,cover,documented destination; held,"Current dealer availability, ancillary dealer charges/freight/selling treatment and production save/reopen remain unverified."
norman_roman_fabric_by_yard,norman_roman_fabric_by_yard_source,F0221,Orange Spice,Taylor,AA0305,32,2,2,yards per cut,documented destination; held,"Current dealer availability, ancillary dealer charges/freight/selling treatment and production save/reopen remain unverified. September PG2 yard rate missing; July $150 not accepted."
norman_roman_pillow_covers,norman_roman_pillow_covers_source,F0221,Orange Spice,Taylor,AA0305,32,2,A,cover,documented destination; held,"Current dealer availability, ancillary dealer charges/freight/selling treatment and production save/reopen remain unverified."
norman_roman_fabric_by_yard,norman_roman_fabric_by_yard_source,F0219,Puce,Taylor,AA0305,32,2,2,yards per cut,documented destination; held,"Current dealer availability, ancillary dealer charges/freight/selling treatment and production save/reopen remain unverified. September PG2 yard rate missing; July $150 not accepted."
norman_roman_pillow_covers,norman_roman_pillow_covers_source,F0219,Puce,Taylor,AA0305,32,2,A,cover,documented destination; held,"Current dealer availability, ancillary dealer charges/freight/selling treatment and production save/reopen remain unverified."
norman_roman_fabric_by_yard,norman_roman_fabric_by_yard_source,F0220,Tango Red,Taylor,AA0305,32,2,2,yards per cut,documented destination; held,"Current dealer availability, ancillary dealer charges/freight/selling treatment and production save/reopen remain unverified. September PG2 yard rate missing; July $150 not accepted."
norman_roman_pillow_covers,norman_roman_pillow_covers_source,F0220,Tango Red,Taylor,AA0305,32,2,A,cover,documented destination; held,"Current dealer availability, ancillary dealer charges/freight/selling treatment and production save/reopen remain unverified."
norman_roman_fabric_by_yard,norman_roman_fabric_by_yard_source,F0261,Navy,Taylor,AA0305,32,2,2,yards per cut,documented destination; held,"Current dealer availability, ancillary dealer charges/freight/selling treatment and production save/reopen remain unverified. September PG2 yard rate missing; July $150 not accepted."
norman_roman_pillow_covers,norman_roman_pillow_covers_source,F0261,Navy,Taylor,AA0305,32,2,A,cover,documented destination; held,"Current dealer availability, ancillary dealer charges/freight/selling treatment and production save/reopen remain unverified."
norman_roman_fabric_by_yard,norman_roman_fabric_by_yard_source,F0217,India Ink,Taylor,AA0305,32,2,2,yards per cut,documented destination; held,"Current dealer availability, ancillary dealer charges/freight/selling treatment and production save/reopen remain unverified. September PG2 yard rate missing; July $150 not accepted."
norman_roman_pillow_covers,norman_roman_pillow_covers_source,F0217,India Ink,Taylor,AA0305,32,2,A,cover,documented destination; held,"Current dealer availability, ancillary dealer charges/freight/selling treatment and production save/reopen remain unverified."
norman_roman_fabric_by_yard,norman_roman_fabric_by_yard_source,F1069,Linen White,Solids,AA0802-A,33,2,2,yards per cut,documented destination; held,"Current dealer availability, ancillary dealer charges/freight/selling treatment and production save/reopen remain unverified. September PG2 yard rate missing; July $150 not accepted."
norman_roman_pillow_covers,norman_roman_pillow_covers_source,F1069,Linen White,Solids,AA0802-A,33,2,A,cover,documented destination; held,"Current dealer availability, ancillary dealer charges/freight/selling treatment and production save/reopen remain unverified."
norman_roman_fabric_by_yard,norman_roman_fabric_by_yard_source,F1067,Taupe,Solids,AB0320,33,2,2,yards per cut,documented destination; held,"Current dealer availability, ancillary dealer charges/freight/selling treatment and production save/reopen remain unverified. September PG2 yard rate missing; July $150 not accepted."
norman_roman_pillow_covers,norman_roman_pillow_covers_source,F1067,Taupe,Solids,AB0320,33,2,A,cover,documented destination; held,"Current dealer availability, ancillary dealer charges/freight/selling treatment and production save/reopen remain unverified."
norman_roman_fabric_by_yard,norman_roman_fabric_by_yard_source,F1064,Anti White,Solids,AA0319,33,2,2,yards per cut,documented destination; held,"Current dealer availability, ancillary dealer charges/freight/selling treatment and production save/reopen remain unverified. September PG2 yard rate missing; July $150 not accepted."
norman_roman_pillow_covers,norman_roman_pillow_covers_source,F1064,Anti White,Solids,AA0319,33,2,A,cover,documented destination; held,"Current dealer availability, ancillary dealer charges/freight/selling treatment and production save/reopen remain unverified."
norman_roman_fabric_by_yard,norman_roman_fabric_by_yard_source,F1063,Slate Gray,Solids,AA0319,33,2,2,yards per cut,documented destination; held,"Current dealer availability, ancillary dealer charges/freight/selling treatment and production save/reopen remain unverified. September PG2 yard rate missing; July $150 not accepted."
norman_roman_pillow_covers,norman_roman_pillow_covers_source,F1063,Slate Gray,Solids,AA0319,33,2,A,cover,documented destination; held,"Current dealer availability, ancillary dealer charges/freight/selling treatment and production save/reopen remain unverified."
norman_roman_fabric_by_yard,norman_roman_fabric_by_yard_source,F1073,Sky Blue,Patterns,AB0635,33,2,2,yards per cut,documented destination; held,"Current dealer availability, ancillary dealer charges/freight/selling treatment and production save/reopen remain unverified. September PG2 yard rate missing; July $150 not accepted."
norman_roman_pillow_covers,norman_roman_pillow_covers_source,F1073,Sky Blue,Patterns,AB0635,33,2,A,cover,documented destination; held,"Current dealer availability, ancillary dealer charges/freight/selling treatment and production save/reopen remain unverified."
norman_roman_fabric_by_yard,norman_roman_fabric_by_yard_source,F1075,Cadet Gray,Patterns,AB0635,33,2,2,yards per cut,documented destination; held,"Current dealer availability, ancillary dealer charges/freight/selling treatment and production save/reopen remain unverified. September PG2 yard rate missing; July $150 not accepted."
norman_roman_pillow_covers,norman_roman_pillow_covers_source,F1075,Cadet Gray,Patterns,AB0635,33,2,A,cover,documented destination; held,"Current dealer availability, ancillary dealer charges/freight/selling treatment and production save/reopen remain unverified."
norman_roman_fabric_by_yard,norman_roman_fabric_by_yard_source,F1072,Olive Green,Patterns,AB0635,33,2,2,yards per cut,documented destination; held,"Current dealer availability, ancillary dealer charges/freight/selling treatment and production save/reopen remain unverified. September PG2 yard rate missing; July $150 not accepted."
norman_roman_pillow_covers,norman_roman_pillow_covers_source,F1072,Olive Green,Patterns,AB0635,33,2,A,cover,documented destination; held,"Current dealer availability, ancillary dealer charges/freight/selling treatment and production save/reopen remain unverified."
norman_roman_fabric_by_yard,norman_roman_fabric_by_yard_source,F1074,Camel,Patterns,AB0635,33,2,2,yards per cut,documented destination; held,"Current dealer availability, ancillary dealer charges/freight/selling treatment and production save/reopen remain unverified. September PG2 yard rate missing; July $150 not accepted."
norman_roman_pillow_covers,norman_roman_pillow_covers_source,F1074,Camel,Patterns,AB0635,33,2,A,cover,documented destination; held,"Current dealer availability, ancillary dealer charges/freight/selling treatment and production save/reopen remain unverified."
norman_roman_fabric_by_yard,norman_roman_fabric_by_yard_source,F1076,Cosmic Latte,Patterns,AB0636,33,2,2,yards per cut,documented destination; held,"Current dealer availability, ancillary dealer charges/freight/selling treatment and production save/reopen remain unverified. September PG2 yard rate missing; July $150 not accepted."
norman_roman_pillow_covers,norman_roman_pillow_covers_source,F1076,Cosmic Latte,Patterns,AB0636,33,2,A,cover,documented destination; held,"Current dealer availability, ancillary dealer charges/freight/selling treatment and production save/reopen remain unverified."
norman_roman_fabric_by_yard,norman_roman_fabric_by_yard_source,F1078,Ash Gray,Patterns,AB0636,33,2,2,yards per cut,documented destination; held,"Current dealer availability, ancillary dealer charges/freight/selling treatment and production save/reopen remain unverified. September PG2 yard rate missing; July $150 not accepted."
norman_roman_pillow_covers,norman_roman_pillow_covers_source,F1078,Ash Gray,Patterns,AB0636,33,2,A,cover,documented destination; held,"Current dealer availability, ancillary dealer charges/freight/selling treatment and production save/reopen remain unverified."
norman_roman_fabric_by_yard,norman_roman_fabric_by_yard_source,F1079,Dark Cerulean,Patterns,AB0636,33,2,2,yards per cut,documented destination; held,"Current dealer availability, ancillary dealer charges/freight/selling treatment and production save/reopen remain unverified. September PG2 yard rate missing; July $150 not accepted."
norman_roman_pillow_covers,norman_roman_pillow_covers_source,F1079,Dark Cerulean,Patterns,AB0636,33,2,A,cover,documented destination; held,"Current dealer availability, ancillary dealer charges/freight/selling treatment and production save/reopen remain unverified."
norman_roman_fabric_by_yard,norman_roman_fabric_by_yard_source,F1077,Charcoal,Patterns,AB0636,33,2,2,yards per cut,documented destination; held,"Current dealer availability, ancillary dealer charges/freight/selling treatment and production save/reopen remain unverified. September PG2 yard rate missing; July $150 not accepted."
norman_roman_pillow_covers,norman_roman_pillow_covers_source,F1077,Charcoal,Patterns,AB0636,33,2,A,cover,documented destination; held,"Current dealer availability, ancillary dealer charges/freight/selling treatment and production save/reopen remain unverified."
norman_roman_fabric_by_yard,norman_roman_fabric_by_yard_source,F1080,Snow White,Patterns,AB0637,33,2,2,yards per cut,documented destination; held,"Current dealer availability, ancillary dealer charges/freight/selling treatment and production save/reopen remain unverified. September PG2 yard rate missing; July $150 not accepted."
norman_roman_pillow_covers,norman_roman_pillow_covers_source,F1080,Snow White,Patterns,AB0637,33,2,A,cover,documented destination; held,"Current dealer availability, ancillary dealer charges/freight/selling treatment and production save/reopen remain unverified."
norman_roman_fabric_by_yard,norman_roman_fabric_by_yard_source,F1081,Field Drab,Patterns,AB0637,33,2,2,yards per cut,documented destination; held,"Current dealer availability, ancillary dealer charges/freight/selling treatment and production save/reopen remain unverified. September PG2 yard rate missing; July $150 not accepted."
norman_roman_pillow_covers,norman_roman_pillow_covers_source,F1081,Field Drab,Patterns,AB0637,33,2,A,cover,documented destination; held,"Current dealer availability, ancillary dealer charges/freight/selling treatment and production save/reopen remain unverified."
norman_roman_fabric_by_yard,norman_roman_fabric_by_yard_source,F1101,Moss Green,Patterns,AB0637,33,2,2,yards per cut,documented destination; held,"Current dealer availability, ancillary dealer charges/freight/selling treatment and production save/reopen remain unverified. September PG2 yard rate missing; July $150 not accepted."
norman_roman_pillow_covers,norman_roman_pillow_covers_source,F1101,Moss Green,Patterns,AB0637,33,2,A,cover,documented destination; held,"Current dealer availability, ancillary dealer charges/freight/selling treatment and production save/reopen remain unverified."
norman_roman_fabric_by_yard,norman_roman_fabric_by_yard_source,F1071,Woolen White,Patterns,AB0634,33,2,2,yards per cut,documented destination; held,"Current dealer availability, ancillary dealer charges/freight/selling treatment and production save/reopen remain unverified. September PG2 yard rate missing; July $150 not accepted."
norman_roman_pillow_covers,norman_roman_pillow_covers_source,F1071,Woolen White,Patterns,AB0634,33,2,A,cover,documented destination; held,"Current dealer availability, ancillary dealer charges/freight/selling treatment and production save/reopen remain unverified."
norman_roman_fabric_by_yard,norman_roman_fabric_by_yard_source,F1070,Woolen Gray,Patterns,AB0634,33,2,2,yards per cut,documented destination; held,"Current dealer availability, ancillary dealer charges/freight/selling treatment and production save/reopen remain unverified. September PG2 yard rate missing; July $150 not accepted."
norman_roman_pillow_covers,norman_roman_pillow_covers_source,F1070,Woolen Gray,Patterns,AB0634,33,2,A,cover,documented destination; held,"Current dealer availability, ancillary dealer charges/freight/selling treatment and production save/reopen remain unverified."
norman_roman_fabric_by_yard,norman_roman_fabric_by_yard_source,F1695,Gris Perle,Impressions,AA0361,34,2,2,yards per cut,documented destination; held,"Current dealer availability, ancillary dealer charges/freight/selling treatment and production save/reopen remain unverified. September PG2 yard rate missing; July $150 not accepted."
norman_roman_pillow_covers,norman_roman_pillow_covers_source,F1695,Gris Perle,Impressions,AA0361,34,2,A,cover,documented destination; held,"Current dealer availability, ancillary dealer charges/freight/selling treatment and production save/reopen remain unverified."
norman_roman_fabric_by_yard,norman_roman_fabric_by_yard_source,F1719,Almond Ash,Impressions,AA0361,34,2,2,yards per cut,documented destination; held,"Current dealer availability, ancillary dealer charges/freight/selling treatment and production save/reopen remain unverified. September PG2 yard rate missing; July $150 not accepted."
norman_roman_pillow_covers,norman_roman_pillow_covers_source,F1719,Almond Ash,Impressions,AA0361,34,2,A,cover,documented destination; held,"Current dealer availability, ancillary dealer charges/freight/selling treatment and production save/reopen remain unverified."
norman_roman_fabric_by_yard,norman_roman_fabric_by_yard_source,F1720,Rose Dust,Impressions,AA0361,34,2,2,yards per cut,documented destination; held,"Current dealer availability, ancillary dealer charges/freight/selling treatment and production save/reopen remain unverified. September PG2 yard rate missing; July $150 not accepted."
norman_roman_pillow_covers,norman_roman_pillow_covers_source,F1720,Rose Dust,Impressions,AA0361,34,2,A,cover,documented destination; held,"Current dealer availability, ancillary dealer charges/freight/selling treatment and production save/reopen remain unverified."
norman_roman_fabric_by_yard,norman_roman_fabric_by_yard_source,F1721,Coastal Sandstone,Impressions,AA0361,34,2,2,yards per cut,documented destination; held,"Current dealer availability, ancillary dealer charges/freight/selling treatment and production save/reopen remain unverified. September PG2 yard rate missing; July $150 not accepted."
norman_roman_pillow_covers,norman_roman_pillow_covers_source,F1721,Coastal Sandstone,Impressions,AA0361,34,2,A,cover,documented destination; held,"Current dealer availability, ancillary dealer charges/freight/selling treatment and production save/reopen remain unverified."
norman_roman_fabric_by_yard,norman_roman_fabric_by_yard_source,F1794,Ice White,Impressions,AA0361,34,2,2,yards per cut,documented destination; held,"Current dealer availability, ancillary dealer charges/freight/selling treatment and production save/reopen remain unverified. September PG2 yard rate missing; July $150 not accepted."
norman_roman_pillow_covers,norman_roman_pillow_covers_source,F1794,Ice White,Impressions,AA0361,34,2,A,cover,documented destination; held,"Current dealer availability, ancillary dealer charges/freight/selling treatment and production save/reopen remain unverified."
norman_roman_fabric_by_yard,norman_roman_fabric_by_yard_source,F1795,Warm White,Impressions,AA0361,34,2,2,yards per cut,documented destination; held,"Current dealer availability, ancillary dealer charges/freight/selling treatment and production save/reopen remain unverified. September PG2 yard rate missing; July $150 not accepted."
norman_roman_pillow_covers,norman_roman_pillow_covers_source,F1795,Warm White,Impressions,AA0361,34,2,A,cover,documented destination; held,"Current dealer availability, ancillary dealer charges/freight/selling treatment and production save/reopen remain unverified."
norman_roman_fabric_by_yard,norman_roman_fabric_by_yard_source,F1708,Glacier Blue,Louise,AB0681,34,2,2,yards per cut,documented destination; held,"Current dealer availability, ancillary dealer charges/freight/selling treatment and production save/reopen remain unverified. September PG2 yard rate missing; July $150 not accepted."
norman_roman_pillow_covers,norman_roman_pillow_covers_source,F1708,Glacier Blue,Louise,AB0681,34,2,A,cover,documented destination; held,"Current dealer availability, ancillary dealer charges/freight/selling treatment and production save/reopen remain unverified."
norman_roman_fabric_by_yard,norman_roman_fabric_by_yard_source,F1709,White Jade,Louise,AB0681,34,2,2,yards per cut,documented destination; held,"Current dealer availability, ancillary dealer charges/freight/selling treatment and production save/reopen remain unverified. September PG2 yard rate missing; July $150 not accepted."
norman_roman_pillow_covers,norman_roman_pillow_covers_source,F1709,White Jade,Louise,AB0681,34,2,A,cover,documented destination; held,"Current dealer availability, ancillary dealer charges/freight/selling treatment and production save/reopen remain unverified."
norman_roman_fabric_by_yard,norman_roman_fabric_by_yard_source,F1710,Light Apricot,Louise,AB0681,34,2,2,yards per cut,documented destination; held,"Current dealer availability, ancillary dealer charges/freight/selling treatment and production save/reopen remain unverified. September PG2 yard rate missing; July $150 not accepted."
norman_roman_pillow_covers,norman_roman_pillow_covers_source,F1710,Light Apricot,Louise,AB0681,34,2,A,cover,documented destination; held,"Current dealer availability, ancillary dealer charges/freight/selling treatment and production save/reopen remain unverified."
norman_roman_fabric_by_yard,norman_roman_fabric_by_yard_source,F1711,Sepia,Louise,AB0681,34,2,2,yards per cut,documented destination; held,"Current dealer availability, ancillary dealer charges/freight/selling treatment and production save/reopen remain unverified. September PG2 yard rate missing; July $150 not accepted."
norman_roman_pillow_covers,norman_roman_pillow_covers_source,F1711,Sepia,Louise,AB0681,34,2,A,cover,documented destination; held,"Current dealer availability, ancillary dealer charges/freight/selling treatment and production save/reopen remain unverified."
norman_roman_pillow_covers,norman_roman_pillow_covers_source,F1050,,Libeco,,Retail absolute27/printed26,,C,cover,unresolved assortment exception,Listed in retail table but absent from current Roman fabric guide; no active offering invented.
norman_roman_pillow_covers,norman_roman_pillow_covers_source,F1055,,Libeco,,Retail absolute27/printed26,,B,cover,unresolved assortment exception,Listed in retail table but absent from current Roman fabric guide; no active offering invented.
roman / ancillary,,F0210,,Taylor,,2,,,,discontinued 2026-09-01,Historical identity remains readable; excluded from new ancillary selections.
