manufacturer,portal_program,product,pattern,portal_color_id,portal_color_name,existing_crm_product_id,proposed_destination,price_grid,effective_date,observed_date,availability,exception,source,implementation_status
Onyx,Onyx Signature,Roller,Amelia BO_ZG601,20205BO_01,White,onyx_signature_roller,onyx_signature_roller,UNRESOLVED,UNPUBLISHED,2026-09-20,Visible order menu,"Full grids, limits, compatibility and effective schedule unresolved",https://admin.onyxshutters.com/OrderDetailBlind.aspx,Implemented; awaiting deployment/live proof; pricing held
Onyx,Onyx Signature,Roller,Amelia BO_ZG601,20205BO_02,Ivory,onyx_signature_roller,onyx_signature_roller,UNRESOLVED,UNPUBLISHED,2026-09-20,Visible order menu,"Full grids, limits, compatibility and effective schedule unresolved",https://admin.onyxshutters.com/OrderDetailBlind.aspx,Implemented; awaiting deployment/live proof; pricing held
Onyx,Onyx Signature,Roller,Amelia BO_ZG601,20205BO_03,Cream,onyx_signature_roller,onyx_signature_roller,UNRESOLVED,UNPUBLISHED,2026-09-20,Visible order menu,"Full grids, limits, compatibility and effective schedule unresolved",https://admin.onyxshutters.com/OrderDetailBlind.aspx,Implemented; awaiting deployment/live proof; pricing held
Onyx,Onyx Signature,Roller,Amelia BO_ZG601,20205BO_04,Beige,onyx_signature_roller,onyx_signature_roller,UNRESOLVED,UNPUBLISHED,2026-09-20,Visible order menu,"Full grids, limits, compatibility and effective schedule unresolved",https://admin.onyxshutters.com/OrderDetailBlind.aspx,Implemented; awaiting deployment/live proof; pricing held
Onyx,Onyx Signature,Roller,Amelia BO_ZG601,20205BO_05,Ash,onyx_signature_roller,onyx_signature_roller,UNRESOLVED,UNPUBLISHED,2026-09-20,Visible order menu,"Full grids, limits, compatibility and effective schedule unresolved",https://admin.onyxshutters.com/OrderDetailBlind.aspx,Implemented; awaiting deployment/live proof; pricing held
Onyx,Onyx Signature,Roller,Amelia BO_ZG601,20205BO_06,French Grey,onyx_signature_roller,onyx_signature_roller,UNRESOLVED,UNPUBLISHED,2026-09-20,Visible order menu,"Full grids, limits, compatibility and effective schedule unresolved",https://admin.onyxshutters.com/OrderDetailBlind.aspx,Implemented; awaiting deployment/live proof; pricing held
Onyx,Onyx Signature,Roller,Amelia BO_ZG601,20205BO_07,Grey,onyx_signature_roller,onyx_signature_roller,UNRESOLVED,UNPUBLISHED,2026-09-20,Visible order menu,"Full grids, limits, compatibility and effective schedule unresolved",https://admin.onyxshutters.com/OrderDetailBlind.aspx,Implemented; awaiting deployment/live proof; pricing held
Onyx,Onyx Signature,Roller,Amelia BO_ZG601,20205BO_08,Anthracite,onyx_signature_roller,onyx_signature_roller,UNRESOLVED,UNPUBLISHED,2026-09-20,Visible order menu,"Full grids, limits, compatibility and effective schedule unresolved",https://admin.onyxshutters.com/OrderDetailBlind.aspx,Implemented; awaiting deployment/live proof; pricing held
Onyx,Onyx Signature,Roller,Amelia BO_ZG601,20205BO_09,Coffee,onyx_signature_roller,onyx_signature_roller,UNRESOLVED,UNPUBLISHED,2026-09-20,Visible order menu,"Full grids, limits, compatibility and effective schedule unresolved",https://admin.onyxshutters.com/OrderDetailBlind.aspx,Implemented; awaiting deployment/live proof; pricing held
Onyx,Onyx Signature,Roller,Amelia BO_ZG601,20205BO_10,Black,onyx_signature_roller,onyx_signature_roller,UNRESOLVED,UNPUBLISHED,2026-09-20,Visible order menu,"Full grids, limits, compatibility and effective schedule unresolved",https://admin.onyxshutters.com/OrderDetailBlind.aspx,Implemented; awaiting deployment/live proof; pricing held
Onyx,Onyx Signature,Roller,Amelia BO_ZG601,20205BO_11,Olive,onyx_signature_roller,onyx_signature_roller,UNRESOLVED,UNPUBLISHED,2026-09-20,Visible order menu,"Full grids, limits, compatibility and effective schedule unresolved",https://admin.onyxshutters.com/OrderDetailBlind.aspx,Implemented; awaiting deployment/live proof; pricing held
Onyx,Onyx Signature,Roller,Amelia LF_20205,20205_01,White,onyx_signature_roller,onyx_signature_roller,UNRESOLVED,UNPUBLISHED,2026-09-20,Visible order menu,"Full grids, limits, compatibility and effective schedule unresolved",https://admin.onyxshutters.com/OrderDetailBlind.aspx,Implemented; awaiting deployment/live proof; pricing held
Onyx,Onyx Signature,Roller,Amelia LF_20205,20205_02,Ivory,onyx_signature_roller,onyx_signature_roller,UNRESOLVED,UNPUBLISHED,2026-09-20,Visible order menu,"Full grids, limits, compatibility and effective schedule unresolved",https://admin.onyxshutters.com/OrderDetailBlind.aspx,Implemented; awaiting deployment/live proof; pricing held
Onyx,Onyx Signature,Roller,Amelia LF_20205,20205_03,Cream,onyx_signature_roller,onyx_signature_roller,UNRESOLVED,UNPUBLISHED,2026-09-20,Visible order menu,"Full grids, limits, compatibility and effective schedule unresolved",https://admin.onyxshutters.com/OrderDetailBlind.aspx,Implemented; awaiting deployment/live proof; pricing held
Onyx,Onyx Signature,Roller,Amelia LF_20205,20205_04,Beige,onyx_signature_roller,onyx_signature_roller,UNRESOLVED,UNPUBLISHED,2026-09-20,Visible order menu,"Full grids, limits, compatibility and effective schedule unresolved",https://admin.onyxshutters.com/OrderDetailBlind.aspx,Implemented; awaiting deployment/live proof; pricing held
Onyx,Onyx Signature,Roller,Amelia LF_20205,20205_05,Ash,onyx_signature_roller,onyx_signature_roller,UNRESOLVED,UNPUBLISHED,2026-09-20,Visible order menu,"Full grids, limits, compatibility and effective schedule unresolved",https://admin.onyxshutters.com/OrderDetailBlind.aspx,Implemented; awaiting deployment/live proof; pricing held
Onyx,Onyx Signature,Roller,Amelia LF_20205,20205_06,French Grey,onyx_signature_roller,onyx_signature_roller,UNRESOLVED,UNPUBLISHED,2026-09-20,Visible order menu,"Full grids, limits, compatibility and effective schedule unresolved",https://admin.onyxshutters.com/OrderDetailBlind.aspx,Implemented; awaiting deployment/live proof; pricing held
Onyx,Onyx Signature,Roller,Amelia LF_20205,20205_07,Grey,onyx_signature_roller,onyx_signature_roller,UNRESOLVED,UNPUBLISHED,2026-09-20,Visible order menu,"Full grids, limits, compatibility and effective schedule unresolved",https://admin.onyxshutters.com/OrderDetailBlind.aspx,Implemented; awaiting deployment/live proof; pricing held
Onyx,Onyx Signature,Roller,Amelia LF_20205,20205_08,Anthracite,onyx_signature_roller,onyx_signature_roller,UNRESOLVED,UNPUBLISHED,2026-09-20,Visible order menu,"Full grids, limits, compatibility and effective schedule unresolved",https://admin.onyxshutters.com/OrderDetailBlind.aspx,Implemented; awaiting deployment/live proof; pricing held
Onyx,Onyx Signature,Roller,Amelia LF_20205,20205_09,Coffee,onyx_signature_roller,onyx_signature_roller,UNRESOLVED,UNPUBLISHED,2026-09-20,Visible order menu,"Full grids, limits, compatibility and effective schedule unresolved",https://admin.onyxshutters.com/OrderDetailBlind.aspx,Implemented; awaiting deployment/live proof; pricing held
Onyx,Onyx Signature,Roller,Amelia LF_20205,20205_10,Black,onyx_signature_roller,onyx_signature_roller,UNRESOLVED,UNPUBLISHED,2026-09-20,Visible order menu,"Full grids, limits, compatibility and effective schedule unresolved",https://admin.onyxshutters.com/OrderDetailBlind.aspx,Implemented; awaiting deployment/live proof; pricing held
Onyx,Onyx Signature,Roller,Amelia LF_20205,20205_11,Olive,onyx_signature_roller,onyx_signature_roller,UNRESOLVED,UNPUBLISHED,2026-09-20,Visible order menu,"Full grids, limits, compatibility and effective schedule unresolved",https://admin.onyxshutters.com/OrderDetailBlind.aspx,Implemented; awaiting deployment/live proof; pricing held
Onyx,Onyx Signature,Roller,Baltimore BO_C137BO,C137BO_01,Procelain,onyx_signature_roller,onyx_signature_roller,UNRESOLVED,UNPUBLISHED,2026-09-20,Visible order menu,"Full grids, limits, compatibility and effective schedule unresolved",https://admin.onyxshutters.com/OrderDetailBlind.aspx,Implemented; awaiting deployment/live proof; pricing held
Onyx,Onyx Signature,Roller,Baltimore BO_C137BO,C137BO_02,Cream,onyx_signature_roller,onyx_signature_roller,UNRESOLVED,UNPUBLISHED,2026-09-20,Visible order menu,"Full grids, limits, compatibility and effective schedule unresolved",https://admin.onyxshutters.com/OrderDetailBlind.aspx,Implemented; awaiting deployment/live proof; pricing held
Onyx,Onyx Signature,Roller,Baltimore BO_C137BO,C137BO_03,Putty,onyx_signature_roller,onyx_signature_roller,UNRESOLVED,UNPUBLISHED,2026-09-20,Visible order menu,"Full grids, limits, compatibility and effective schedule unresolved",https://admin.onyxshutters.com/OrderDetailBlind.aspx,Implemented; awaiting deployment/live proof; pricing held
Onyx,Onyx Signature,Roller,Baltimore BO_C137BO,C137BO_04,Birch,onyx_signature_roller,onyx_signature_roller,UNRESOLVED,UNPUBLISHED,2026-09-20,Visible order menu,"Full grids, limits, compatibility and effective schedule unresolved",https://admin.onyxshutters.com/OrderDetailBlind.aspx,Implemented; awaiting deployment/live proof; pricing held
Onyx,Onyx Signature,Roller,Baltimore BO_C137BO,C137BO_05,Platinum,onyx_signature_roller,onyx_signature_roller,UNRESOLVED,UNPUBLISHED,2026-09-20,Visible order menu,"Full grids, limits, compatibility and effective schedule unresolved",https://admin.onyxshutters.com/OrderDetailBlind.aspx,Implemented; awaiting deployment/live proof; pricing held
Onyx,Onyx Signature,Roller,Baltimore BO_C137BO,C137BO_06,Pebble,onyx_signature_roller,onyx_signature_roller,UNRESOLVED,UNPUBLISHED,2026-09-20,Visible order menu,"Full grids, limits, compatibility and effective schedule unresolved",https://admin.onyxshutters.com/OrderDetailBlind.aspx,Implemented; awaiting deployment/live proof; pricing held
Onyx,Onyx Signature,Roller,Baltimore BO_C137BO,C137BO_07,Copper,onyx_signature_roller,onyx_signature_roller,UNRESOLVED,UNPUBLISHED,2026-09-20,Visible order menu,"Full grids, limits, compatibility and effective schedule unresolved",https://admin.onyxshutters.com/OrderDetailBlind.aspx,Implemented; awaiting deployment/live proof; pricing held
Onyx,Onyx Signature,Roller,Baltimore BO_C137BO,C137BO_08,Anthracite,onyx_signature_roller,onyx_signature_roller,UNRESOLVED,UNPUBLISHED,2026-09-20,Visible order menu,"Full grids, limits, compatibility and effective schedule unresolved",https://admin.onyxshutters.com/OrderDetailBlind.aspx,Implemented; awaiting deployment/live proof; pricing held
Onyx,Onyx Signature,Roller,Baltimore BO_C137BO,C137BO_09,Bronce,onyx_signature_roller,onyx_signature_roller,UNRESOLVED,UNPUBLISHED,2026-09-20,Visible order menu,"Full grids, limits, compatibility and effective schedule unresolved",https://admin.onyxshutters.com/OrderDetailBlind.aspx,Implemented; awaiting deployment/live proof; pricing held
Onyx,Onyx Signature,Roller,Baltimore BO_C137BO,C137BO_10,Flint,onyx_signature_roller,onyx_signature_roller,UNRESOLVED,UNPUBLISHED,2026-09-20,Visible order menu,"Full grids, limits, compatibility and effective schedule unresolved",https://admin.onyxshutters.com/OrderDetailBlind.aspx,Implemented; awaiting deployment/live proof; pricing held
Onyx,Onyx Signature,Roller,Baltimore LF_C137,C137_01,Procelain,onyx_signature_roller,onyx_signature_roller,UNRESOLVED,UNPUBLISHED,2026-09-20,Visible order menu,"Full grids, limits, compatibility and effective schedule unresolved",https://admin.onyxshutters.com/OrderDetailBlind.aspx,Implemented; awaiting deployment/live proof; pricing held
Onyx,Onyx Signature,Roller,Baltimore LF_C137,C137_02,Cream,onyx_signature_roller,onyx_signature_roller,UNRESOLVED,UNPUBLISHED,2026-09-20,Visible order menu,"Full grids, limits, compatibility and effective schedule unresolved",https://admin.onyxshutters.com/OrderDetailBlind.aspx,Implemented; awaiting deployment/live proof; pricing held
Onyx,Onyx Signature,Roller,Baltimore LF_C137,C137_03,Putty,onyx_signature_roller,onyx_signature_roller,UNRESOLVED,UNPUBLISHED,2026-09-20,Visible order menu,"Full grids, limits, compatibility and effective schedule unresolved",https://admin.onyxshutters.com/OrderDetailBlind.aspx,Implemented; awaiting deployment/live proof; pricing held
Onyx,Onyx Signature,Roller,Baltimore LF_C137,C137_04,Birch,onyx_signature_roller,onyx_signature_roller,UNRESOLVED,UNPUBLISHED,2026-09-20,Visible order menu,"Full grids, limits, compatibility and effective schedule unresolved",https://admin.onyxshutters.com/OrderDetailBlind.aspx,Implemented; awaiting deployment/live proof; pricing held
Onyx,Onyx Signature,Roller,Baltimore LF_C137,C137_05,Platinum,onyx_signature_roller,onyx_signature_roller,UNRESOLVED,UNPUBLISHED,2026-09-20,Visible order menu,"Full grids, limits, compatibility and effective schedule unresolved",https://admin.onyxshutters.com/OrderDetailBlind.aspx,Implemented; awaiting deployment/live proof; pricing held
Onyx,Onyx Signature,Roller,Baltimore LF_C137,C137_06,Pebble,onyx_signature_roller,onyx_signature_roller,UNRESOLVED,UNPUBLISHED,2026-09-20,Visible order menu,"Full grids, limits, compatibility and effective schedule unresolved",https://admin.onyxshutters.com/OrderDetailBlind.aspx,Implemented; awaiting deployment/live proof; pricing held
Onyx,Onyx Signature,Roller,Baltimore LF_C137,C137_07,Copper,onyx_signature_roller,onyx_signature_roller,UNRESOLVED,UNPUBLISHED,2026-09-20,Visible order menu,"Full grids, limits, compatibility and effective schedule unresolved",https://admin.onyxshutters.com/OrderDetailBlind.aspx,Implemented; awaiting deployment/live proof; pricing held
Onyx,Onyx Signature,Roller,Baltimore LF_C137,C137_08,Anthracite,onyx_signature_roller,onyx_signature_roller,UNRESOLVED,UNPUBLISHED,2026-09-20,Visible order menu,"Full grids, limits, compatibility and effective schedule unresolved",https://admin.onyxshutters.com/OrderDetailBlind.aspx,Implemented; awaiting deployment/live proof; pricing held
Onyx,Onyx Signature,Roller,Baltimore LF_C137,C137_09,Bronce,onyx_signature_roller,onyx_signature_roller,UNRESOLVED,UNPUBLISHED,2026-09-20,Visible order menu,"Full grids, limits, compatibility and effective schedule unresolved",https://admin.onyxshutters.com/OrderDetailBlind.aspx,Implemented; awaiting deployment/live proof; pricing held
Onyx,Onyx Signature,Roller,Baltimore LF_C137,C137_10,Flint,onyx_signature_roller,onyx_signature_roller,UNRESOLVED,UNPUBLISHED,2026-09-20,Visible order menu,"Full grids, limits, compatibility and effective schedule unresolved",https://admin.onyxshutters.com/OrderDetailBlind.aspx,Implemented; awaiting deployment/live proof; pricing held
Onyx,Onyx Signature,Roller,Bermuda BO_C147BO,C147BO_00,Snow,onyx_signature_roller,onyx_signature_roller,UNRESOLVED,UNPUBLISHED,2026-09-20,Visible order menu,"Full grids, limits, compatibility and effective schedule unresolved",https://admin.onyxshutters.com/OrderDetailBlind.aspx,Implemented; awaiting deployment/live proof; pricing held
Onyx,Onyx Signature,Roller,Bermuda BO_C147BO,C147BO_01,Stella,onyx_signature_roller,onyx_signature_roller,UNRESOLVED,UNPUBLISHED,2026-09-20,Visible order menu,"Full grids, limits, compatibility and effective schedule unresolved",https://admin.onyxshutters.com/OrderDetailBlind.aspx,Implemented; awaiting deployment/live proof; pricing held
Onyx,Onyx Signature,Roller,Bermuda BO_C147BO,C147BO_02,Oyster,onyx_signature_roller,onyx_signature_roller,UNRESOLVED,UNPUBLISHED,2026-09-20,Visible order menu,"Full grids, limits, compatibility and effective schedule unresolved",https://admin.onyxshutters.com/OrderDetailBlind.aspx,Implemented; awaiting deployment/live proof; pricing held
Onyx,Onyx Signature,Roller,Bermuda BO_C147BO,C147BO_03,Pearl,onyx_signature_roller,onyx_signature_roller,UNRESOLVED,UNPUBLISHED,2026-09-20,Visible order menu,"Full grids, limits, compatibility and effective schedule unresolved",https://admin.onyxshutters.com/OrderDetailBlind.aspx,Implemented; awaiting deployment/live proof; pricing held
Onyx,Onyx Signature,Roller,Bermuda BO_C147BO,C147BO_04,Silver,onyx_signature_roller,onyx_signature_roller,UNRESOLVED,UNPUBLISHED,2026-09-20,Visible order menu,"Full grids, limits, compatibility and effective schedule unresolved",https://admin.onyxshutters.com/OrderDetailBlind.aspx,Implemented; awaiting deployment/live proof; pricing held
Onyx,Onyx Signature,Roller,Bermuda BO_C147BO,C147BO_05,Terrace,onyx_signature_roller,onyx_signature_roller,UNRESOLVED,UNPUBLISHED,2026-09-20,Visible order menu,"Full grids, limits, compatibility and effective schedule unresolved",https://admin.onyxshutters.com/OrderDetailBlind.aspx,Implemented; awaiting deployment/live proof; pricing held
Onyx,Onyx Signature,Roller,Bermuda BO_C147BO,C147BO_06,Mercury,onyx_signature_roller,onyx_signature_roller,UNRESOLVED,UNPUBLISHED,2026-09-20,Visible order menu,"Full grids, limits, compatibility and effective schedule unresolved",https://admin.onyxshutters.com/OrderDetailBlind.aspx,Implemented; awaiting deployment/live proof; pricing held
Onyx,Onyx Signature,Roller,Bermuda BO_C147BO,C147BO_07,Platinum,onyx_signature_roller,onyx_signature_roller,UNRESOLVED,UNPUBLISHED,2026-09-20,Visible order menu,"Full grids, limits, compatibility and effective schedule unresolved",https://admin.onyxshutters.com/OrderDetailBlind.aspx,Implemented; awaiting deployment/live proof; pricing held
Onyx,Onyx Signature,Roller,Bermuda BO_C147BO,C147BO_08,Chestnut,onyx_signature_roller,onyx_signature_roller,UNRESOLVED,UNPUBLISHED,2026-09-20,Visible order menu,"Full grids, limits, compatibility and effective schedule unresolved",https://admin.onyxshutters.com/OrderDetailBlind.aspx,Implemented; awaiting deployment/live proof; pricing held
Onyx,Onyx Signature,Roller,Bermuda BO_C147BO,C147BO_09,Toffee,onyx_signature_roller,onyx_signature_roller,UNRESOLVED,UNPUBLISHED,2026-09-20,Visible order menu,"Full grids, limits, compatibility and effective schedule unresolved",https://admin.onyxshutters.com/OrderDetailBlind.aspx,Implemented; awaiting deployment/live proof; pricing held
Onyx,Onyx Signature,Roller,Bermuda BO_C147BO,C147BO_10,Grey,onyx_signature_roller,onyx_signature_roller,UNRESOLVED,UNPUBLISHED,2026-09-20,Visible order menu,"Full grids, limits, compatibility and effective schedule unresolved",https://admin.onyxshutters.com/OrderDetailBlind.aspx,Implemented; awaiting deployment/live proof; pricing held
Onyx,Onyx Signature,Roller,Bermuda BO_C147BO,C147BO_11,Basalt,onyx_signature_roller,onyx_signature_roller,UNRESOLVED,UNPUBLISHED,2026-09-20,Visible order menu,"Full grids, limits, compatibility and effective schedule unresolved",https://admin.onyxshutters.com/OrderDetailBlind.aspx,Implemented; awaiting deployment/live proof; pricing held
Onyx,Onyx Signature,Roller,Bermuda LF_C147,C147_00,Snow,onyx_signature_roller,onyx_signature_roller,UNRESOLVED,UNPUBLISHED,2026-09-20,Visible order menu,"Full grids, limits, compatibility and effective schedule unresolved",https://admin.onyxshutters.com/OrderDetailBlind.aspx,Implemented; awaiting deployment/live proof; pricing held
Onyx,Onyx Signature,Roller,Bermuda LF_C147,C147_01,Stella,onyx_signature_roller,onyx_signature_roller,UNRESOLVED,UNPUBLISHED,2026-09-20,Visible order menu,"Full grids, limits, compatibility and effective schedule unresolved",https://admin.onyxshutters.com/OrderDetailBlind.aspx,Implemented; awaiting deployment/live proof; pricing held
Onyx,Onyx Signature,Roller,Bermuda LF_C147,C147_02,Oyster,onyx_signature_roller,onyx_signature_roller,UNRESOLVED,UNPUBLISHED,2026-09-20,Visible order menu,"Full grids, limits, compatibility and effective schedule unresolved",https://admin.onyxshutters.com/OrderDetailBlind.aspx,Implemented; awaiting deployment/live proof; pricing held
Onyx,Onyx Signature,Roller,Bermuda LF_C147,C147_03,Pearl,onyx_signature_roller,onyx_signature_roller,UNRESOLVED,UNPUBLISHED,2026-09-20,Visible order menu,"Full grids, limits, compatibility and effective schedule unresolved",https://admin.onyxshutters.com/OrderDetailBlind.aspx,Implemented; awaiting deployment/live proof; pricing held
Onyx,Onyx Signature,Roller,Bermuda LF_C147,C147_04,Silver,onyx_signature_roller,onyx_signature_roller,UNRESOLVED,UNPUBLISHED,2026-09-20,Visible order menu,"Full grids, limits, compatibility and effective schedule unresolved",https://admin.onyxshutters.com/OrderDetailBlind.aspx,Implemented; awaiting deployment/live proof; pricing held
Onyx,Onyx Signature,Roller,Bermuda LF_C147,C147_05,Terrace,onyx_signature_roller,onyx_signature_roller,UNRESOLVED,UNPUBLISHED,2026-09-20,Visible order menu,"Full grids, limits, compatibility and effective schedule unresolved",https://admin.onyxshutters.com/OrderDetailBlind.aspx,Implemented; awaiting deployment/live proof; pricing held
Onyx,Onyx Signature,Roller,Bermuda LF_C147,C147_06,Mercury,onyx_signature_roller,onyx_signature_roller,UNRESOLVED,UNPUBLISHED,2026-09-20,Visible order menu,"Full grids, limits, compatibility and effective schedule unresolved",https://admin.onyxshutters.com/OrderDetailBlind.aspx,Implemented; awaiting deployment/live proof; pricing held
Onyx,Onyx Signature,Roller,Bermuda LF_C147,C147_07,Platinum,onyx_signature_roller,onyx_signature_roller,UNRESOLVED,UNPUBLISHED,2026-09-20,Visible order menu,"Full grids, limits, compatibility and effective schedule unresolved",https://admin.onyxshutters.com/OrderDetailBlind.aspx,Implemented; awaiting deployment/live proof; pricing held
Onyx,Onyx Signature,Roller,Bermuda LF_C147,C147_08,Chestnut,onyx_signature_roller,onyx_signature_roller,UNRESOLVED,UNPUBLISHED,2026-09-20,Visible order menu,"Full grids, limits, compatibility and effective schedule unresolved",https://admin.onyxshutters.com/OrderDetailBlind.aspx,Implemented; awaiting deployment/live proof; pricing held
Onyx,Onyx Signature,Roller,Bermuda LF_C147,C147_09,Toffee,onyx_signature_roller,onyx_signature_roller,UNRESOLVED,UNPUBLISHED,2026-09-20,Visible order menu,"Full grids, limits, compatibility and effective schedule unresolved",https://admin.onyxshutters.com/OrderDetailBlind.aspx,Implemented; awaiting deployment/live proof; pricing held
Onyx,Onyx Signature,Roller,Bermuda LF_C147,C147_10,Grey,onyx_signature_roller,onyx_signature_roller,UNRESOLVED,UNPUBLISHED,2026-09-20,Visible order menu,"Full grids, limits, compatibility and effective schedule unresolved",https://admin.onyxshutters.com/OrderDetailBlind.aspx,Implemented; awaiting deployment/live proof; pricing held
Onyx,Onyx Signature,Roller,Bermuda LF_C147,C147_11,Basalt,onyx_signature_roller,onyx_signature_roller,UNRESOLVED,UNPUBLISHED,2026-09-20,Visible order menu,"Full grids, limits, compatibility and effective schedule unresolved",https://admin.onyxshutters.com/OrderDetailBlind.aspx,Implemented; awaiting deployment/live proof; pricing held
Onyx,Onyx Signature,Roller,Bistro BO_C150BO,C150BO_01,Ice White,onyx_signature_roller,onyx_signature_roller,UNRESOLVED,UNPUBLISHED,2026-09-20,Visible order menu,"Full grids, limits, compatibility and effective schedule unresolved",https://admin.onyxshutters.com/OrderDetailBlind.aspx,Implemented; awaiting deployment/live proof; pricing held
Onyx,Onyx Signature,Roller,Bistro BO_C150BO,C150BO_02,Cloud,onyx_signature_roller,onyx_signature_roller,UNRESOLVED,UNPUBLISHED,2026-09-20,Visible order menu,"Full grids, limits, compatibility and effective schedule unresolved",https://admin.onyxshutters.com/OrderDetailBlind.aspx,Implemented; awaiting deployment/live proof; pricing held
Onyx,Onyx Signature,Roller,Bistro BO_C150BO,C150BO_03,Whisper,onyx_signature_roller,onyx_signature_roller,UNRESOLVED,UNPUBLISHED,2026-09-20,Visible order menu,"Full grids, limits, compatibility and effective schedule unresolved",https://admin.onyxshutters.com/OrderDetailBlind.aspx,Implemented; awaiting deployment/live proof; pricing held
Onyx,Onyx Signature,Roller,Bistro BO_C150BO,C150BO_04,Mint Grey,onyx_signature_roller,onyx_signature_roller,UNRESOLVED,UNPUBLISHED,2026-09-20,Visible order menu,"Full grids, limits, compatibility and effective schedule unresolved",https://admin.onyxshutters.com/OrderDetailBlind.aspx,Implemented; awaiting deployment/live proof; pricing held
Onyx,Onyx Signature,Roller,Bistro BO_C150BO,C150BO_05,Primrose,onyx_signature_roller,onyx_signature_roller,UNRESOLVED,UNPUBLISHED,2026-09-20,Visible order menu,"Full grids, limits, compatibility and effective schedule unresolved",https://admin.onyxshutters.com/OrderDetailBlind.aspx,Implemented; awaiting deployment/live proof; pricing held
Onyx,Onyx Signature,Roller,Bistro BO_C150BO,C150BO_06,Cadet Grey,onyx_signature_roller,onyx_signature_roller,UNRESOLVED,UNPUBLISHED,2026-09-20,Visible order menu,"Full grids, limits, compatibility and effective schedule unresolved",https://admin.onyxshutters.com/OrderDetailBlind.aspx,Implemented; awaiting deployment/live proof; pricing held
Onyx,Onyx Signature,Roller,Bistro BO_C150BO,C150BO_07,Mica,onyx_signature_roller,onyx_signature_roller,UNRESOLVED,UNPUBLISHED,2026-09-20,Visible order menu,"Full grids, limits, compatibility and effective schedule unresolved",https://admin.onyxshutters.com/OrderDetailBlind.aspx,Implemented; awaiting deployment/live proof; pricing held
Onyx,Onyx Signature,Roller,Bistro BO_C150BO,C150BO_08,Expresso,onyx_signature_roller,onyx_signature_roller,UNRESOLVED,UNPUBLISHED,2026-09-20,Visible order menu,"Full grids, limits, compatibility and effective schedule unresolved",https://admin.onyxshutters.com/OrderDetailBlind.aspx,Implemented; awaiting deployment/live proof; pricing held
Onyx,Onyx Signature,Roller,Bistro BO_C150BO,C150BO_09,Charcoal,onyx_signature_roller,onyx_signature_roller,UNRESOLVED,UNPUBLISHED,2026-09-20,Visible order menu,"Full grids, limits, compatibility and effective schedule unresolved",https://admin.onyxshutters.com/OrderDetailBlind.aspx,Implemented; awaiting deployment/live proof; pricing held
Onyx,Onyx Signature,Roller,Bistro BO_C150BO,C150BO_10,Black,onyx_signature_roller,onyx_signature_roller,UNRESOLVED,UNPUBLISHED,2026-09-20,Visible order menu,"Full grids, limits, compatibility and effective schedule unresolved",https://admin.onyxshutters.com/OrderDetailBlind.aspx,Implemented; awaiting deployment/live proof; pricing held
Onyx,Onyx Signature,Roller,Bistro LF_C150,C150_01,Ice White,onyx_signature_roller,onyx_signature_roller,UNRESOLVED,UNPUBLISHED,2026-09-20,Visible order menu,"Full grids, limits, compatibility and effective schedule unresolved",https://admin.onyxshutters.com/OrderDetailBlind.aspx,Implemented; awaiting deployment/live proof; pricing held
Onyx,Onyx Signature,Roller,Bistro LF_C150,C150_02,Cloud,onyx_signature_roller,onyx_signature_roller,UNRESOLVED,UNPUBLISHED,2026-09-20,Visible order menu,"Full grids, limits, compatibility and effective schedule unresolved",https://admin.onyxshutters.com/OrderDetailBlind.aspx,Implemented; awaiting deployment/live proof; pricing held
Onyx,Onyx Signature,Roller,Bistro LF_C150,C150_03,Whisper,onyx_signature_roller,onyx_signature_roller,UNRESOLVED,UNPUBLISHED,2026-09-20,Visible order menu,"Full grids, limits, compatibility and effective schedule unresolved",https://admin.onyxshutters.com/OrderDetailBlind.aspx,Implemented; awaiting deployment/live proof; pricing held
Onyx,Onyx Signature,Roller,Bistro LF_C150,C150_04,Mint Grey,onyx_signature_roller,onyx_signature_roller,UNRESOLVED,UNPUBLISHED,2026-09-20,Visible order menu,"Full grids, limits, compatibility and effective schedule unresolved",https://admin.onyxshutters.com/OrderDetailBlind.aspx,Implemented; awaiting deployment/live proof; pricing held
Onyx,Onyx Signature,Roller,Bistro LF_C150,C150_05,Primrose,onyx_signature_roller,onyx_signature_roller,UNRESOLVED,UNPUBLISHED,2026-09-20,Visible order menu,"Full grids, limits, compatibility and effective schedule unresolved",https://admin.onyxshutters.com/OrderDetailBlind.aspx,Implemented; awaiting deployment/live proof; pricing held
Onyx,Onyx Signature,Roller,Bistro LF_C150,C150_06,Cadet Grey,onyx_signature_roller,onyx_signature_roller,UNRESOLVED,UNPUBLISHED,2026-09-20,Visible order menu,"Full grids, limits, compatibility and effective schedule unresolved",https://admin.onyxshutters.com/OrderDetailBlind.aspx,Implemented; awaiting deployment/live proof; pricing held
Onyx,Onyx Signature,Roller,Bistro LF_C150,C150_07,Mica,onyx_signature_roller,onyx_signature_roller,UNRESOLVED,UNPUBLISHED,2026-09-20,Visible order menu,"Full grids, limits, compatibility and effective schedule unresolved",https://admin.onyxshutters.com/OrderDetailBlind.aspx,Implemented; awaiting deployment/live proof; pricing held
Onyx,Onyx Signature,Roller,Bistro LF_C150,C150_08,Expresso,onyx_signature_roller,onyx_signature_roller,UNRESOLVED,UNPUBLISHED,2026-09-20,Visible order menu,"Full grids, limits, compatibility and effective schedule unresolved",https://admin.onyxshutters.com/OrderDetailBlind.aspx,Implemented; awaiting deployment/live proof; pricing held
Onyx,Onyx Signature,Roller,Bistro LF_C150,C150_09,Charcoal,onyx_signature_roller,onyx_signature_roller,UNRESOLVED,UNPUBLISHED,2026-09-20,Visible order menu,"Full grids, limits, compatibility and effective schedule unresolved",https://admin.onyxshutters.com/OrderDetailBlind.aspx,Implemented; awaiting deployment/live proof; pricing held
Onyx,Onyx Signature,Roller,Bistro LF_C150,C150_10,Black,onyx_signature_roller,onyx_signature_roller,UNRESOLVED,UNPUBLISHED,2026-09-20,Visible order menu,"Full grids, limits, compatibility and effective schedule unresolved",https://admin.onyxshutters.com/OrderDetailBlind.aspx,Implemented; awaiting deployment/live proof; pricing held
Onyx,Onyx Signature,Roller,Cambria BO_C163BO,20296BO_01,Cotton,onyx_signature_roller,onyx_signature_roller,UNRESOLVED,UNPUBLISHED,2026-09-20,Visible order menu,"Full grids, limits, compatibility and effective schedule unresolved",https://admin.onyxshutters.com/OrderDetailBlind.aspx,Implemented; awaiting deployment/live proof; pricing held
Onyx,Onyx Signature,Roller,Cambria BO_C163BO,20296BO_02,Linen,onyx_signature_roller,onyx_signature_roller,UNRESOLVED,UNPUBLISHED,2026-09-20,Visible order menu,"Full grids, limits, compatibility and effective schedule unresolved",https://admin.onyxshutters.com/OrderDetailBlind.aspx,Implemented; awaiting deployment/live proof; pricing held
Onyx,Onyx Signature,Roller,Cambria BO_C163BO,20296BO_04,Oatmeal,onyx_signature_roller,onyx_signature_roller,UNRESOLVED,UNPUBLISHED,2026-09-20,Visible order menu,"Full grids, limits, compatibility and effective schedule unresolved",https://admin.onyxshutters.com/OrderDetailBlind.aspx,Implemented; awaiting deployment/live proof; pricing held
Onyx,Onyx Signature,Roller,Cambria BO_C163BO,20296BO_13,Khaki,onyx_signature_roller,onyx_signature_roller,UNRESOLVED,UNPUBLISHED,2026-09-20,Visible order menu,"Full grids, limits, compatibility and effective schedule unresolved",https://admin.onyxshutters.com/OrderDetailBlind.aspx,Implemented; awaiting deployment/live proof; pricing held
Onyx,Onyx Signature,Roller,Cambria BO_C163BO,20296BO_15,Steel,onyx_signature_roller,onyx_signature_roller,UNRESOLVED,UNPUBLISHED,2026-09-20,Visible order menu,"Full grids, limits, compatibility and effective schedule unresolved",https://admin.onyxshutters.com/OrderDetailBlind.aspx,Implemented; awaiting deployment/live proof; pricing held
Onyx,Onyx Signature,Roller,Cambria BO_C163BO,20296BO_16,Coal,onyx_signature_roller,onyx_signature_roller,UNRESOLVED,UNPUBLISHED,2026-09-20,Visible order menu,"Full grids, limits, compatibility and effective schedule unresolved",https://admin.onyxshutters.com/OrderDetailBlind.aspx,Implemented; awaiting deployment/live proof; pricing held
Onyx,Onyx Signature,Roller,Cambria BO_C163BO,20296BO_17,Sand,onyx_signature_roller,onyx_signature_roller,UNRESOLVED,UNPUBLISHED,2026-09-20,Visible order menu,"Full grids, limits, compatibility and effective schedule unresolved",https://admin.onyxshutters.com/OrderDetailBlind.aspx,Implemented; awaiting deployment/live proof; pricing held
Onyx,Onyx Signature,Roller,Cambria BO_C163BO,20296BO_18,Dune,onyx_signature_roller,onyx_signature_roller,UNRESOLVED,UNPUBLISHED,2026-09-20,Visible order menu,"Full grids, limits, compatibility and effective schedule unresolved",https://admin.onyxshutters.com/OrderDetailBlind.aspx,Implemented; awaiting deployment/live proof; pricing held
Onyx,Onyx Signature,Roller,Cambria BO_C163BO,20296BO_19,Olive,onyx_signature_roller,onyx_signature_roller,UNRESOLVED,UNPUBLISHED,2026-09-20,Visible order menu,"Full grids, limits, compatibility and effective schedule unresolved",https://admin.onyxshutters.com/OrderDetailBlind.aspx,Implemented; awaiting deployment/live proof; pricing held
Onyx,Onyx Signature,Roller,Cambria BO_C163BO,20296BO_20,Celeste,onyx_signature_roller,onyx_signature_roller,UNRESOLVED,UNPUBLISHED,2026-09-20,Visible order menu,"Full grids, limits, compatibility and effective schedule unresolved",https://admin.onyxshutters.com/OrderDetailBlind.aspx,Implemented; awaiting deployment/live proof; pricing held
Onyx,Onyx Signature,Roller,Cambria BO_C163BO,20296BO_21,Indigo,onyx_signature_roller,onyx_signature_roller,UNRESOLVED,UNPUBLISHED,2026-09-20,Visible order menu,"Full grids, limits, compatibility and effective schedule unresolved",https://admin.onyxshutters.com/OrderDetailBlind.aspx,Implemented; awaiting deployment/live proof; pricing held
Onyx,Onyx Signature,Roller,Cambria LF_20296,20296_01,Cotton,onyx_signature_roller,onyx_signature_roller,UNRESOLVED,UNPUBLISHED,2026-09-20,Visible order menu,"Full grids, limits, compatibility and effective schedule unresolved",https://admin.onyxshutters.com/OrderDetailBlind.aspx,Implemented; awaiting deployment/live proof; pricing held
Onyx,Onyx Signature,Roller,Cambria LF_20296,20296_02,Linen,onyx_signature_roller,onyx_signature_roller,UNRESOLVED,UNPUBLISHED,2026-09-20,Visible order menu,"Full grids, limits, compatibility and effective schedule unresolved",https://admin.onyxshutters.com/OrderDetailBlind.aspx,Implemented; awaiting deployment/live proof; pricing held
Onyx,Onyx Signature,Roller,Cambria LF_20296,20296_04,Oatmeal,onyx_signature_roller,onyx_signature_roller,UNRESOLVED,UNPUBLISHED,2026-09-20,Visible order menu,"Full grids, limits, compatibility and effective schedule unresolved",https://admin.onyxshutters.com/OrderDetailBlind.aspx,Implemented; awaiting deployment/live proof; pricing held
Onyx,Onyx Signature,Roller,Cambria LF_20296,20296_13,Khaki,onyx_signature_roller,onyx_signature_roller,UNRESOLVED,UNPUBLISHED,2026-09-20,Visible order menu,"Full grids, limits, compatibility and effective schedule unresolved",https://admin.onyxshutters.com/OrderDetailBlind.aspx,Implemented; awaiting deployment/live proof; pricing held
Onyx,Onyx Signature,Roller,Cambria LF_20296,20296_15,Steel,onyx_signature_roller,onyx_signature_roller,UNRESOLVED,UNPUBLISHED,2026-09-20,Visible order menu,"Full grids, limits, compatibility and effective schedule unresolved",https://admin.onyxshutters.com/OrderDetailBlind.aspx,Implemented; awaiting deployment/live proof; pricing held
Onyx,Onyx Signature,Roller,Cambria LF_20296,20296_16,Coal,onyx_signature_roller,onyx_signature_roller,UNRESOLVED,UNPUBLISHED,2026-09-20,Visible order menu,"Full grids, limits, compatibility and effective schedule unresolved",https://admin.onyxshutters.com/OrderDetailBlind.aspx,Implemented; awaiting deployment/live proof; pricing held
Onyx,Onyx Signature,Roller,Cambria LF_20296,20296_17,Sand,onyx_signature_roller,onyx_signature_roller,UNRESOLVED,UNPUBLISHED,2026-09-20,Visible order menu,"Full grids, limits, compatibility and effective schedule unresolved",https://admin.onyxshutters.com/OrderDetailBlind.aspx,Implemented; awaiting deployment/live proof; pricing held
Onyx,Onyx Signature,Roller,Cambria LF_20296,20296_18,Dune,onyx_signature_roller,onyx_signature_roller,UNRESOLVED,UNPUBLISHED,2026-09-20,Visible order menu,"Full grids, limits, compatibility and effective schedule unresolved",https://admin.onyxshutters.com/OrderDetailBlind.aspx,Implemented; awaiting deployment/live proof; pricing held
Onyx,Onyx Signature,Roller,Cambria LF_20296,20296_19,Olive,onyx_signature_roller,onyx_signature_roller,UNRESOLVED,UNPUBLISHED,2026-09-20,Visible order menu,"Full grids, limits, compatibility and effective schedule unresolved",https://admin.onyxshutters.com/OrderDetailBlind.aspx,Implemented; awaiting deployment/live proof; pricing held
Onyx,Onyx Signature,Roller,Cambria LF_20296,20296_20,Celeste,onyx_signature_roller,onyx_signature_roller,UNRESOLVED,UNPUBLISHED,2026-09-20,Visible order menu,"Full grids, limits, compatibility and effective schedule unresolved",https://admin.onyxshutters.com/OrderDetailBlind.aspx,Implemented; awaiting deployment/live proof; pricing held
Onyx,Onyx Signature,Roller,Cambria LF_20296,20296_21,Indigo,onyx_signature_roller,onyx_signature_roller,UNRESOLVED,UNPUBLISHED,2026-09-20,Visible order menu,"Full grids, limits, compatibility and effective schedule unresolved",https://admin.onyxshutters.com/OrderDetailBlind.aspx,Implemented; awaiting deployment/live proof; pricing held
Onyx,Onyx Signature,Roller,Francis BO_C151BO,C151BO_01,Swan,onyx_signature_roller,onyx_signature_roller,UNRESOLVED,UNPUBLISHED,2026-09-20,Visible order menu,"Full grids, limits, compatibility and effective schedule unresolved",https://admin.onyxshutters.com/OrderDetailBlind.aspx,Implemented; awaiting deployment/live proof; pricing held
Onyx,Onyx Signature,Roller,Francis BO_C151BO,C151BO_02,Ivory,onyx_signature_roller,onyx_signature_roller,UNRESOLVED,UNPUBLISHED,2026-09-20,Visible order menu,"Full grids, limits, compatibility and effective schedule unresolved",https://admin.onyxshutters.com/OrderDetailBlind.aspx,Implemented; awaiting deployment/live proof; pricing held
Onyx,Onyx Signature,Roller,Francis BO_C151BO,C151BO_03,Stella,onyx_signature_roller,onyx_signature_roller,UNRESOLVED,UNPUBLISHED,2026-09-20,Visible order menu,"Full grids, limits, compatibility and effective schedule unresolved",https://admin.onyxshutters.com/OrderDetailBlind.aspx,Implemented; awaiting deployment/live proof; pricing held
Onyx,Onyx Signature,Roller,Francis BO_C151BO,C151BO_04,Cream,onyx_signature_roller,onyx_signature_roller,UNRESOLVED,UNPUBLISHED,2026-09-20,Visible order menu,"Full grids, limits, compatibility and effective schedule unresolved",https://admin.onyxshutters.com/OrderDetailBlind.aspx,Implemented; awaiting deployment/live proof; pricing held
Onyx,Onyx Signature,Roller,Francis BO_C151BO,C151BO_05,Linen,onyx_signature_roller,onyx_signature_roller,UNRESOLVED,UNPUBLISHED,2026-09-20,Visible order menu,"Full grids, limits, compatibility and effective schedule unresolved",https://admin.onyxshutters.com/OrderDetailBlind.aspx,Implemented; awaiting deployment/live proof; pricing held
Onyx,Onyx Signature,Roller,Francis BO_C151BO,C151BO_06,Beige,onyx_signature_roller,onyx_signature_roller,UNRESOLVED,UNPUBLISHED,2026-09-20,Visible order menu,"Full grids, limits, compatibility and effective schedule unresolved",https://admin.onyxshutters.com/OrderDetailBlind.aspx,Implemented; awaiting deployment/live proof; pricing held
Onyx,Onyx Signature,Roller,Francis BO_C151BO,C151BO_07,Dove,onyx_signature_roller,onyx_signature_roller,UNRESOLVED,UNPUBLISHED,2026-09-20,Visible order menu,"Full grids, limits, compatibility and effective schedule unresolved",https://admin.onyxshutters.com/OrderDetailBlind.aspx,Implemented; awaiting deployment/live proof; pricing held
Onyx,Onyx Signature,Roller,Francis BO_C151BO,C151BO_08,Limestone,onyx_signature_roller,onyx_signature_roller,UNRESOLVED,UNPUBLISHED,2026-09-20,Visible order menu,"Full grids, limits, compatibility and effective schedule unresolved",https://admin.onyxshutters.com/OrderDetailBlind.aspx,Implemented; awaiting deployment/live proof; pricing held
Onyx,Onyx Signature,Roller,Francis BO_C151BO,C151BO_09,Cadet Grey,onyx_signature_roller,onyx_signature_roller,UNRESOLVED,UNPUBLISHED,2026-09-20,Visible order menu,"Full grids, limits, compatibility and effective schedule unresolved",https://admin.onyxshutters.com/OrderDetailBlind.aspx,Implemented; awaiting deployment/live proof; pricing held
Onyx,Onyx Signature,Roller,Francis BO_C151BO,C151BO_10,Earth,onyx_signature_roller,onyx_signature_roller,UNRESOLVED,UNPUBLISHED,2026-09-20,Visible order menu,"Full grids, limits, compatibility and effective schedule unresolved",https://admin.onyxshutters.com/OrderDetailBlind.aspx,Implemented; awaiting deployment/live proof; pricing held
Onyx,Onyx Signature,Roller,Francis BO_C151BO,C151BO_11,Coal,onyx_signature_roller,onyx_signature_roller,UNRESOLVED,UNPUBLISHED,2026-09-20,Visible order menu,"Full grids, limits, compatibility and effective schedule unresolved",https://admin.onyxshutters.com/OrderDetailBlind.aspx,Implemented; awaiting deployment/live proof; pricing held
Onyx,Onyx Signature,Roller,Francis BO_C151BO,C151BO_12,Raven,onyx_signature_roller,onyx_signature_roller,UNRESOLVED,UNPUBLISHED,2026-09-20,Visible order menu,"Full grids, limits, compatibility and effective schedule unresolved",https://admin.onyxshutters.com/OrderDetailBlind.aspx,Implemented; awaiting deployment/live proof; pricing held
Onyx,Onyx Signature,Roller,Francis LF_C151,C151_01,Swan,onyx_signature_roller,onyx_signature_roller,UNRESOLVED,UNPUBLISHED,2026-09-20,Visible order menu,"Full grids, limits, compatibility and effective schedule unresolved",https://admin.onyxshutters.com/OrderDetailBlind.aspx,Implemented; awaiting deployment/live proof; pricing held
Onyx,Onyx Signature,Roller,Francis LF_C151,C151_02,Ivory,onyx_signature_roller,onyx_signature_roller,UNRESOLVED,UNPUBLISHED,2026-09-20,Visible order menu,"Full grids, limits, compatibility and effective schedule unresolved",https://admin.onyxshutters.com/OrderDetailBlind.aspx,Implemented; awaiting deployment/live proof; pricing held
Onyx,Onyx Signature,Roller,Francis LF_C151,C151_03,Stella,onyx_signature_roller,onyx_signature_roller,UNRESOLVED,UNPUBLISHED,2026-09-20,Visible order menu,"Full grids, limits, compatibility and effective schedule unresolved",https://admin.onyxshutters.com/OrderDetailBlind.aspx,Implemented; awaiting deployment/live proof; pricing held
Onyx,Onyx Signature,Roller,Francis LF_C151,C151_04,Cream,onyx_signature_roller,onyx_signature_roller,UNRESOLVED,UNPUBLISHED,2026-09-20,Visible order menu,"Full grids, limits, compatibility and effective schedule unresolved",https://admin.onyxshutters.com/OrderDetailBlind.aspx,Implemented; awaiting deployment/live proof; pricing held
Onyx,Onyx Signature,Roller,Francis LF_C151,C151_05,Linen,onyx_signature_roller,onyx_signature_roller,UNRESOLVED,UNPUBLISHED,2026-09-20,Visible order menu,"Full grids, limits, compatibility and effective schedule unresolved",https://admin.onyxshutters.com/OrderDetailBlind.aspx,Implemented; awaiting deployment/live proof; pricing held
Onyx,Onyx Signature,Roller,Francis LF_C151,C151_06,Beige,onyx_signature_roller,onyx_signature_roller,UNRESOLVED,UNPUBLISHED,2026-09-20,Visible order menu,"Full grids, limits, compatibility and effective schedule unresolved",https://admin.onyxshutters.com/OrderDetailBlind.aspx,Implemented; awaiting deployment/live proof; pricing held
Onyx,Onyx Signature,Roller,Francis LF_C151,C151_07,Dove,onyx_signature_roller,onyx_signature_roller,UNRESOLVED,UNPUBLISHED,2026-09-20,Visible order menu,"Full grids, limits, compatibility and effective schedule unresolved",https://admin.onyxshutters.com/OrderDetailBlind.aspx,Implemented; awaiting deployment/live proof; pricing held
Onyx,Onyx Signature,Roller,Francis LF_C151,C151_08,Limestone,onyx_signature_roller,onyx_signature_roller,UNRESOLVED,UNPUBLISHED,2026-09-20,Visible order menu,"Full grids, limits, compatibility and effective schedule unresolved",https://admin.onyxshutters.com/OrderDetailBlind.aspx,Implemented; awaiting deployment/live proof; pricing held
Onyx,Onyx Signature,Roller,Francis LF_C151,C151_09,Cadet Grey,onyx_signature_roller,onyx_signature_roller,UNRESOLVED,UNPUBLISHED,2026-09-20,Visible order menu,"Full grids, limits, compatibility and effective schedule unresolved",https://admin.onyxshutters.com/OrderDetailBlind.aspx,Implemented; awaiting deployment/live proof; pricing held
Onyx,Onyx Signature,Roller,Francis LF_C151,C151_10,Earth,onyx_signature_roller,onyx_signature_roller,UNRESOLVED,UNPUBLISHED,2026-09-20,Visible order menu,"Full grids, limits, compatibility and effective schedule unresolved",https://admin.onyxshutters.com/OrderDetailBlind.aspx,Implemented; awaiting deployment/live proof; pricing held
Onyx,Onyx Signature,Roller,Francis LF_C151,C151_11,Coal,onyx_signature_roller,onyx_signature_roller,UNRESOLVED,UNPUBLISHED,2026-09-20,Visible order menu,"Full grids, limits, compatibility and effective schedule unresolved",https://admin.onyxshutters.com/OrderDetailBlind.aspx,Implemented; awaiting deployment/live proof; pricing held
Onyx,Onyx Signature,Roller,Francis LF_C151,C151_12,Raven,onyx_signature_roller,onyx_signature_roller,UNRESOLVED,UNPUBLISHED,2026-09-20,Visible order menu,"Full grids, limits, compatibility and effective schedule unresolved",https://admin.onyxshutters.com/OrderDetailBlind.aspx,Implemented; awaiting deployment/live proof; pricing held
Onyx,Onyx Signature,Roller,Madrid BO_C138BO,C138BO_00,Chalk,onyx_signature_roller,onyx_signature_roller,UNRESOLVED,UNPUBLISHED,2026-09-20,Visible order menu,"Full grids, limits, compatibility and effective schedule unresolved",https://admin.onyxshutters.com/OrderDetailBlind.aspx,Implemented; awaiting deployment/live proof; pricing held
Onyx,Onyx Signature,Roller,Madrid BO_C138BO,C138BO_01,Sand,onyx_signature_roller,onyx_signature_roller,UNRESOLVED,UNPUBLISHED,2026-09-20,Visible order menu,"Full grids, limits, compatibility and effective schedule unresolved",https://admin.onyxshutters.com/OrderDetailBlind.aspx,Implemented; awaiting deployment/live proof; pricing held
Onyx,Onyx Signature,Roller,Madrid BO_C138BO,C138BO_02,Mint,onyx_signature_roller,onyx_signature_roller,UNRESOLVED,UNPUBLISHED,2026-09-20,Visible order menu,"Full grids, limits, compatibility and effective schedule unresolved",https://admin.onyxshutters.com/OrderDetailBlind.aspx,Implemented; awaiting deployment/live proof; pricing held
Onyx,Onyx Signature,Roller,Madrid BO_C138BO,C138BO_03,Papyrus,onyx_signature_roller,onyx_signature_roller,UNRESOLVED,UNPUBLISHED,2026-09-20,Visible order menu,"Full grids, limits, compatibility and effective schedule unresolved",https://admin.onyxshutters.com/OrderDetailBlind.aspx,Implemented; awaiting deployment/live proof; pricing held
Onyx,Onyx Signature,Roller,Madrid BO_C138BO,C138BO_04,Slat,onyx_signature_roller,onyx_signature_roller,UNRESOLVED,UNPUBLISHED,2026-09-20,Visible order menu,"Full grids, limits, compatibility and effective schedule unresolved",https://admin.onyxshutters.com/OrderDetailBlind.aspx,Implemented; awaiting deployment/live proof; pricing held
Onyx,Onyx Signature,Roller,Madrid BO_C138BO,C138BO_05,Smoke,onyx_signature_roller,onyx_signature_roller,UNRESOLVED,UNPUBLISHED,2026-09-20,Visible order menu,"Full grids, limits, compatibility and effective schedule unresolved",https://admin.onyxshutters.com/OrderDetailBlind.aspx,Implemented; awaiting deployment/live proof; pricing held
Onyx,Onyx Signature,Roller,Madrid BO_C138BO,C138BO_07,Navy,onyx_signature_roller,onyx_signature_roller,UNRESOLVED,UNPUBLISHED,2026-09-20,Visible order menu,"Full grids, limits, compatibility and effective schedule unresolved",https://admin.onyxshutters.com/OrderDetailBlind.aspx,Implemented; awaiting deployment/live proof; pricing held
Onyx,Onyx Signature,Roller,Madrid BO_C138BO,C138BO_0A,Oyster,onyx_signature_roller,onyx_signature_roller,UNRESOLVED,UNPUBLISHED,2026-09-20,Visible order menu,"Full grids, limits, compatibility and effective schedule unresolved",https://admin.onyxshutters.com/OrderDetailBlind.aspx,Implemented; awaiting deployment/live proof; pricing held
Onyx,Onyx Signature,Roller,Madrid LF_C138,C138_00,Chalk,onyx_signature_roller,onyx_signature_roller,UNRESOLVED,UNPUBLISHED,2026-09-20,Visible order menu,"Full grids, limits, compatibility and effective schedule unresolved",https://admin.onyxshutters.com/OrderDetailBlind.aspx,Implemented; awaiting deployment/live proof; pricing held
Onyx,Onyx Signature,Roller,Madrid LF_C138,C138_01,Sand,onyx_signature_roller,onyx_signature_roller,UNRESOLVED,UNPUBLISHED,2026-09-20,Visible order menu,"Full grids, limits, compatibility and effective schedule unresolved",https://admin.onyxshutters.com/OrderDetailBlind.aspx,Implemented; awaiting deployment/live proof; pricing held
Onyx,Onyx Signature,Roller,Madrid LF_C138,C138_02,Mint,onyx_signature_roller,onyx_signature_roller,UNRESOLVED,UNPUBLISHED,2026-09-20,Visible order menu,"Full grids, limits, compatibility and effective schedule unresolved",https://admin.onyxshutters.com/OrderDetailBlind.aspx,Implemented; awaiting deployment/live proof; pricing held
Onyx,Onyx Signature,Roller,Madrid LF_C138,C138_03,Papyrus,onyx_signature_roller,onyx_signature_roller,UNRESOLVED,UNPUBLISHED,2026-09-20,Visible order menu,"Full grids, limits, compatibility and effective schedule unresolved",https://admin.onyxshutters.com/OrderDetailBlind.aspx,Implemented; awaiting deployment/live proof; pricing held
Onyx,Onyx Signature,Roller,Madrid LF_C138,C138_04,Slat,onyx_signature_roller,onyx_signature_roller,UNRESOLVED,UNPUBLISHED,2026-09-20,Visible order menu,"Full grids, limits, compatibility and effective schedule unresolved",https://admin.onyxshutters.com/OrderDetailBlind.aspx,Implemented; awaiting deployment/live proof; pricing held
Onyx,Onyx Signature,Roller,Madrid LF_C138,C138_05,Smoke,onyx_signature_roller,onyx_signature_roller,UNRESOLVED,UNPUBLISHED,2026-09-20,Visible order menu,"Full grids, limits, compatibility and effective schedule unresolved",https://admin.onyxshutters.com/OrderDetailBlind.aspx,Implemented; awaiting deployment/live proof; pricing held
Onyx,Onyx Signature,Roller,Madrid LF_C138,C138_07,Navy,onyx_signature_roller,onyx_signature_roller,UNRESOLVED,UNPUBLISHED,2026-09-20,Visible order menu,"Full grids, limits, compatibility and effective schedule unresolved",https://admin.onyxshutters.com/OrderDetailBlind.aspx,Implemented; awaiting deployment/live proof; pricing held
Onyx,Onyx Signature,Roller,Madrid LF_C138,C138_0A,Oyster,onyx_signature_roller,onyx_signature_roller,UNRESOLVED,UNPUBLISHED,2026-09-20,Visible order menu,"Full grids, limits, compatibility and effective schedule unresolved",https://admin.onyxshutters.com/OrderDetailBlind.aspx,Implemented; awaiting deployment/live proof; pricing held
Onyx,Onyx Signature,Roller,Prestige BO_C127BO,C127BO_01,Chalk,onyx_signature_roller,onyx_signature_roller,UNRESOLVED,UNPUBLISHED,2026-09-20,Visible order menu,"Full grids, limits, compatibility and effective schedule unresolved",https://admin.onyxshutters.com/OrderDetailBlind.aspx,Implemented; awaiting deployment/live proof; pricing held
Onyx,Onyx Signature,Roller,Prestige BO_C127BO,C127BO_02,Cream,onyx_signature_roller,onyx_signature_roller,UNRESOLVED,UNPUBLISHED,2026-09-20,Visible order menu,"Full grids, limits, compatibility and effective schedule unresolved",https://admin.onyxshutters.com/OrderDetailBlind.aspx,Implemented; awaiting deployment/live proof; pricing held
Onyx,Onyx Signature,Roller,Prestige BO_C127BO,C127BO_03,Birch,onyx_signature_roller,onyx_signature_roller,UNRESOLVED,UNPUBLISHED,2026-09-20,Visible order menu,"Full grids, limits, compatibility and effective schedule unresolved",https://admin.onyxshutters.com/OrderDetailBlind.aspx,Implemented; awaiting deployment/live proof; pricing held
Onyx,Onyx Signature,Roller,Prestige BO_C127BO,C127BO_04,Limestone,onyx_signature_roller,onyx_signature_roller,UNRESOLVED,UNPUBLISHED,2026-09-20,Visible order menu,"Full grids, limits, compatibility and effective schedule unresolved",https://admin.onyxshutters.com/OrderDetailBlind.aspx,Implemented; awaiting deployment/live proof; pricing held
Onyx,Onyx Signature,Roller,Prestige BO_C127BO,C127BO_05,Papyrus,onyx_signature_roller,onyx_signature_roller,UNRESOLVED,UNPUBLISHED,2026-09-20,Visible order menu,"Full grids, limits, compatibility and effective schedule unresolved",https://admin.onyxshutters.com/OrderDetailBlind.aspx,Implemented; awaiting deployment/live proof; pricing held
Onyx,Onyx Signature,Roller,Prestige BO_C127BO,C127BO_06,Stone Grey,onyx_signature_roller,onyx_signature_roller,UNRESOLVED,UNPUBLISHED,2026-09-20,Visible order menu,"Full grids, limits, compatibility and effective schedule unresolved",https://admin.onyxshutters.com/OrderDetailBlind.aspx,Implemented; awaiting deployment/live proof; pricing held
Onyx,Onyx Signature,Roller,Prestige BO_C127BO,C127BO_07,Pebble,onyx_signature_roller,onyx_signature_roller,UNRESOLVED,UNPUBLISHED,2026-09-20,Visible order menu,"Full grids, limits, compatibility and effective schedule unresolved",https://admin.onyxshutters.com/OrderDetailBlind.aspx,Implemented; awaiting deployment/live proof; pricing held
Onyx,Onyx Signature,Roller,Prestige BO_C127BO,C127BO_08,Ash,onyx_signature_roller,onyx_signature_roller,UNRESOLVED,UNPUBLISHED,2026-09-20,Visible order menu,"Full grids, limits, compatibility and effective schedule unresolved",https://admin.onyxshutters.com/OrderDetailBlind.aspx,Implemented; awaiting deployment/live proof; pricing held
Onyx,Onyx Signature,Roller,Prestige BO_C127BO,C127BO_09,Canvas Charcoal,onyx_signature_roller,onyx_signature_roller,UNRESOLVED,UNPUBLISHED,2026-09-20,Visible order menu,"Full grids, limits, compatibility and effective schedule unresolved",https://admin.onyxshutters.com/OrderDetailBlind.aspx,Implemented; awaiting deployment/live proof; pricing held
Onyx,Onyx Signature,Roller,Prestige BO_C127BO,C127BO_10,Bliss Onyx,onyx_signature_roller,onyx_signature_roller,UNRESOLVED,UNPUBLISHED,2026-09-20,Visible order menu,"Full grids, limits, compatibility and effective schedule unresolved",https://admin.onyxshutters.com/OrderDetailBlind.aspx,Implemented; awaiting deployment/live proof; pricing held
Onyx,Onyx Signature,Roller,Prestige LF_C127,C127_01,Chalk,onyx_signature_roller,onyx_signature_roller,UNRESOLVED,UNPUBLISHED,2026-09-20,Visible order menu,"Full grids, limits, compatibility and effective schedule unresolved",https://admin.onyxshutters.com/OrderDetailBlind.aspx,Implemented; awaiting deployment/live proof; pricing held
Onyx,Onyx Signature,Roller,Prestige LF_C127,C127_02,Cream,onyx_signature_roller,onyx_signature_roller,UNRESOLVED,UNPUBLISHED,2026-09-20,Visible order menu,"Full grids, limits, compatibility and effective schedule unresolved",https://admin.onyxshutters.com/OrderDetailBlind.aspx,Implemented; awaiting deployment/live proof; pricing held
Onyx,Onyx Signature,Roller,Prestige LF_C127,C127_03,Birch,onyx_signature_roller,onyx_signature_roller,UNRESOLVED,UNPUBLISHED,2026-09-20,Visible order menu,"Full grids, limits, compatibility and effective schedule unresolved",https://admin.onyxshutters.com/OrderDetailBlind.aspx,Implemented; awaiting deployment/live proof; pricing held
Onyx,Onyx Signature,Roller,Prestige LF_C127,C127_04,Limestone,onyx_signature_roller,onyx_signature_roller,UNRESOLVED,UNPUBLISHED,2026-09-20,Visible order menu,"Full grids, limits, compatibility and effective schedule unresolved",https://admin.onyxshutters.com/OrderDetailBlind.aspx,Implemented; awaiting deployment/live proof; pricing held
Onyx,Onyx Signature,Roller,Prestige LF_C127,C127_05,Papyrus,onyx_signature_roller,onyx_signature_roller,UNRESOLVED,UNPUBLISHED,2026-09-20,Visible order menu,"Full grids, limits, compatibility and effective schedule unresolved",https://admin.onyxshutters.com/OrderDetailBlind.aspx,Implemented; awaiting deployment/live proof; pricing held
Onyx,Onyx Signature,Roller,Prestige LF_C127,C127_06,Stone Grey,onyx_signature_roller,onyx_signature_roller,UNRESOLVED,UNPUBLISHED,2026-09-20,Visible order menu,"Full grids, limits, compatibility and effective schedule unresolved",https://admin.onyxshutters.com/OrderDetailBlind.aspx,Implemented; awaiting deployment/live proof; pricing held
Onyx,Onyx Signature,Roller,Prestige LF_C127,C127_07,Pebble,onyx_signature_roller,onyx_signature_roller,UNRESOLVED,UNPUBLISHED,2026-09-20,Visible order menu,"Full grids, limits, compatibility and effective schedule unresolved",https://admin.onyxshutters.com/OrderDetailBlind.aspx,Implemented; awaiting deployment/live proof; pricing held
Onyx,Onyx Signature,Roller,Prestige LF_C127,C127_08,Ash,onyx_signature_roller,onyx_signature_roller,UNRESOLVED,UNPUBLISHED,2026-09-20,Visible order menu,"Full grids, limits, compatibility and effective schedule unresolved",https://admin.onyxshutters.com/OrderDetailBlind.aspx,Implemented; awaiting deployment/live proof; pricing held
Onyx,Onyx Signature,Roller,Prestige LF_C127,C127_09,Canvas Charcoal,onyx_signature_roller,onyx_signature_roller,UNRESOLVED,UNPUBLISHED,2026-09-20,Visible order menu,"Full grids, limits, compatibility and effective schedule unresolved",https://admin.onyxshutters.com/OrderDetailBlind.aspx,Implemented; awaiting deployment/live proof; pricing held
Onyx,Onyx Signature,Roller,Prestige LF_C127,C127_10,Bliss Onyx,onyx_signature_roller,onyx_signature_roller,UNRESOLVED,UNPUBLISHED,2026-09-20,Visible order menu,"Full grids, limits, compatibility and effective schedule unresolved",https://admin.onyxshutters.com/OrderDetailBlind.aspx,Implemented; awaiting deployment/live proof; pricing held
Onyx,Onyx Signature,Roller,Summerland BO_C156BO,C156BO_01,Flax,onyx_signature_roller,onyx_signature_roller,UNRESOLVED,UNPUBLISHED,2026-09-20,Visible order menu,"Full grids, limits, compatibility and effective schedule unresolved",https://admin.onyxshutters.com/OrderDetailBlind.aspx,Implemented; awaiting deployment/live proof; pricing held
Onyx,Onyx Signature,Roller,Summerland BO_C156BO,C156BO_02,Sand,onyx_signature_roller,onyx_signature_roller,UNRESOLVED,UNPUBLISHED,2026-09-20,Visible order menu,"Full grids, limits, compatibility and effective schedule unresolved",https://admin.onyxshutters.com/OrderDetailBlind.aspx,Implemented; awaiting deployment/live proof; pricing held
Onyx,Onyx Signature,Roller,Summerland BO_C156BO,C156BO_03,Echo Dune,onyx_signature_roller,onyx_signature_roller,UNRESOLVED,UNPUBLISHED,2026-09-20,Visible order menu,"Full grids, limits, compatibility and effective schedule unresolved",https://admin.onyxshutters.com/OrderDetailBlind.aspx,Implemented; awaiting deployment/live proof; pricing held
Onyx,Onyx Signature,Roller,Summerland BO_C156BO,C156BO_04,Blend Nomad,onyx_signature_roller,onyx_signature_roller,UNRESOLVED,UNPUBLISHED,2026-09-20,Visible order menu,"Full grids, limits, compatibility and effective schedule unresolved",https://admin.onyxshutters.com/OrderDetailBlind.aspx,Implemented; awaiting deployment/live proof; pricing held
Onyx,Onyx Signature,Roller,Summerland BO_C156BO,C156BO_05,Stone Grey,onyx_signature_roller,onyx_signature_roller,UNRESOLVED,UNPUBLISHED,2026-09-20,Visible order menu,"Full grids, limits, compatibility and effective schedule unresolved",https://admin.onyxshutters.com/OrderDetailBlind.aspx,Implemented; awaiting deployment/live proof; pricing held
Onyx,Onyx Signature,Roller,Summerland LF_C156,C156_01,Flax,onyx_signature_roller,onyx_signature_roller,UNRESOLVED,UNPUBLISHED,2026-09-20,Visible order menu,"Full grids, limits, compatibility and effective schedule unresolved",https://admin.onyxshutters.com/OrderDetailBlind.aspx,Implemented; awaiting deployment/live proof; pricing held
Onyx,Onyx Signature,Roller,Summerland LF_C156,C156_02,Sand,onyx_signature_roller,onyx_signature_roller,UNRESOLVED,UNPUBLISHED,2026-09-20,Visible order menu,"Full grids, limits, compatibility and effective schedule unresolved",https://admin.onyxshutters.com/OrderDetailBlind.aspx,Implemented; awaiting deployment/live proof; pricing held
Onyx,Onyx Signature,Roller,Summerland LF_C156,C156_03,Echo Dune,onyx_signature_roller,onyx_signature_roller,UNRESOLVED,UNPUBLISHED,2026-09-20,Visible order menu,"Full grids, limits, compatibility and effective schedule unresolved",https://admin.onyxshutters.com/OrderDetailBlind.aspx,Implemented; awaiting deployment/live proof; pricing held
Onyx,Onyx Signature,Roller,Summerland LF_C156,C156_04,Blend Nomad,onyx_signature_roller,onyx_signature_roller,UNRESOLVED,UNPUBLISHED,2026-09-20,Visible order menu,"Full grids, limits, compatibility and effective schedule unresolved",https://admin.onyxshutters.com/OrderDetailBlind.aspx,Implemented; awaiting deployment/live proof; pricing held
Onyx,Onyx Signature,Roller,Summerland LF_C156,C156_05,Stone Grey,onyx_signature_roller,onyx_signature_roller,UNRESOLVED,UNPUBLISHED,2026-09-20,Visible order menu,"Full grids, limits, compatibility and effective schedule unresolved",https://admin.onyxshutters.com/OrderDetailBlind.aspx,Implemented; awaiting deployment/live proof; pricing held
Onyx,Onyx Signature,Roller,Eco Screen LF_135,135_01,Cotton,onyx_signature_roller,onyx_signature_roller,UNRESOLVED,UNPUBLISHED,2026-09-20,Visible order menu,"Full grids, limits, compatibility and effective schedule unresolved",https://admin.onyxshutters.com/OrderDetailBlind.aspx,Implemented; awaiting deployment/live proof; pricing held
Onyx,Onyx Signature,Roller,Eco Screen LF_135,135_02,Oatmeal,onyx_signature_roller,onyx_signature_roller,UNRESOLVED,UNPUBLISHED,2026-09-20,Visible order menu,"Full grids, limits, compatibility and effective schedule unresolved",https://admin.onyxshutters.com/OrderDetailBlind.aspx,Implemented; awaiting deployment/live proof; pricing held
Onyx,Onyx Signature,Roller,Eco Screen LF_135,135_03,Flax,onyx_signature_roller,onyx_signature_roller,UNRESOLVED,UNPUBLISHED,2026-09-20,Visible order menu,"Full grids, limits, compatibility and effective schedule unresolved",https://admin.onyxshutters.com/OrderDetailBlind.aspx,Implemented; awaiting deployment/live proof; pricing held
Onyx,Onyx Signature,Roller,Eco Screen LF_135,135_04,Straw,onyx_signature_roller,onyx_signature_roller,UNRESOLVED,UNPUBLISHED,2026-09-20,Visible order menu,"Full grids, limits, compatibility and effective schedule unresolved",https://admin.onyxshutters.com/OrderDetailBlind.aspx,Implemented; awaiting deployment/live proof; pricing held
Onyx,Onyx Signature,Roller,Eco Screen LF_135,135_07,Platinum,onyx_signature_roller,onyx_signature_roller,UNRESOLVED,UNPUBLISHED,2026-09-20,Visible order menu,"Full grids, limits, compatibility and effective schedule unresolved",https://admin.onyxshutters.com/OrderDetailBlind.aspx,Implemented; awaiting deployment/live proof; pricing held
Onyx,Onyx Signature,Roller,Sheer Vision LF_141,141_01,Cotton,onyx_signature_roller,onyx_signature_roller,UNRESOLVED,UNPUBLISHED,2026-09-20,Visible order menu,"Full grids, limits, compatibility and effective schedule unresolved",https://admin.onyxshutters.com/OrderDetailBlind.aspx,Implemented; awaiting deployment/live proof; pricing held
Onyx,Onyx Signature,Roller,Sheer Vision LF_141,141_02,Mist,onyx_signature_roller,onyx_signature_roller,UNRESOLVED,UNPUBLISHED,2026-09-20,Visible order menu,"Full grids, limits, compatibility and effective schedule unresolved",https://admin.onyxshutters.com/OrderDetailBlind.aspx,Implemented; awaiting deployment/live proof; pricing held
Onyx,Onyx Signature,Sunscreen,1% SC-1_s1001,S1001_01,Ice White,onyx_signature_sunscreen,onyx_signature_sunscreen,UNRESOLVED,UNPUBLISHED,2026-09-20,Visible order menu,"Full grids, limits, compatibility and effective schedule unresolved",https://admin.onyxshutters.com/OrderDetailBlind.aspx,Implemented; awaiting deployment/live proof; pricing held
Onyx,Onyx Signature,Sunscreen,1% SC-1_s1001,S1001_02,White,onyx_signature_sunscreen,onyx_signature_sunscreen,UNRESOLVED,UNPUBLISHED,2026-09-20,Visible order menu,"Full grids, limits, compatibility and effective schedule unresolved",https://admin.onyxshutters.com/OrderDetailBlind.aspx,Implemented; awaiting deployment/live proof; pricing held
Onyx,Onyx Signature,Sunscreen,1% SC-1_s1001,S1001_03,Sandstone,onyx_signature_sunscreen,onyx_signature_sunscreen,UNRESOLVED,UNPUBLISHED,2026-09-20,Visible order menu,"Full grids, limits, compatibility and effective schedule unresolved",https://admin.onyxshutters.com/OrderDetailBlind.aspx,Implemented; awaiting deployment/live proof; pricing held
Onyx,Onyx Signature,Sunscreen,1% SC-1_s1001,S1001_04,Platinum,onyx_signature_sunscreen,onyx_signature_sunscreen,UNRESOLVED,UNPUBLISHED,2026-09-20,Visible order menu,"Full grids, limits, compatibility and effective schedule unresolved",https://admin.onyxshutters.com/OrderDetailBlind.aspx,Implemented; awaiting deployment/live proof; pricing held
Onyx,Onyx Signature,Sunscreen,1% SC-1_s1001,S1001_05,Silver,onyx_signature_sunscreen,onyx_signature_sunscreen,UNRESOLVED,UNPUBLISHED,2026-09-20,Visible order menu,"Full grids, limits, compatibility and effective schedule unresolved",https://admin.onyxshutters.com/OrderDetailBlind.aspx,Implemented; awaiting deployment/live proof; pricing held
Onyx,Onyx Signature,Sunscreen,1% SC-1_s1001,S1001_06,Grey,onyx_signature_sunscreen,onyx_signature_sunscreen,UNRESOLVED,UNPUBLISHED,2026-09-20,Visible order menu,"Full grids, limits, compatibility and effective schedule unresolved",https://admin.onyxshutters.com/OrderDetailBlind.aspx,Implemented; awaiting deployment/live proof; pricing held
Onyx,Onyx Signature,Sunscreen,1% SC-1_s1001,S1001_07,Mocha,onyx_signature_sunscreen,onyx_signature_sunscreen,UNRESOLVED,UNPUBLISHED,2026-09-20,Visible order menu,"Full grids, limits, compatibility and effective schedule unresolved",https://admin.onyxshutters.com/OrderDetailBlind.aspx,Implemented; awaiting deployment/live proof; pricing held
Onyx,Onyx Signature,Sunscreen,1% SC-1_s1001,S1001_08,Linen,onyx_signature_sunscreen,onyx_signature_sunscreen,UNRESOLVED,UNPUBLISHED,2026-09-20,Visible order menu,"Full grids, limits, compatibility and effective schedule unresolved",https://admin.onyxshutters.com/OrderDetailBlind.aspx,Implemented; awaiting deployment/live proof; pricing held
Onyx,Onyx Signature,Sunscreen,1% SC-1_s1001,S1001_09,Toffee,onyx_signature_sunscreen,onyx_signature_sunscreen,UNRESOLVED,UNPUBLISHED,2026-09-20,Visible order menu,"Full grids, limits, compatibility and effective schedule unresolved",https://admin.onyxshutters.com/OrderDetailBlind.aspx,Implemented; awaiting deployment/live proof; pricing held
Onyx,Onyx Signature,Sunscreen,1% SC-1_s1001,S1001_10,Chocolate,onyx_signature_sunscreen,onyx_signature_sunscreen,UNRESOLVED,UNPUBLISHED,2026-09-20,Visible order menu,"Full grids, limits, compatibility and effective schedule unresolved",https://admin.onyxshutters.com/OrderDetailBlind.aspx,Implemented; awaiting deployment/live proof; pricing held
Onyx,Onyx Signature,Sunscreen,1% SC-1_s1001,S1001_11,Onyx,onyx_signature_sunscreen,onyx_signature_sunscreen,UNRESOLVED,UNPUBLISHED,2026-09-20,Visible order menu,"Full grids, limits, compatibility and effective schedule unresolved",https://admin.onyxshutters.com/OrderDetailBlind.aspx,Implemented; awaiting deployment/live proof; pricing held
Onyx,Onyx Signature,Sunscreen,3% SC-3_s1003,S1003_01,Ice White,onyx_signature_sunscreen,onyx_signature_sunscreen,UNRESOLVED,UNPUBLISHED,2026-09-20,Visible order menu,"Full grids, limits, compatibility and effective schedule unresolved",https://admin.onyxshutters.com/OrderDetailBlind.aspx,Implemented; awaiting deployment/live proof; pricing held
Onyx,Onyx Signature,Sunscreen,3% SC-3_s1003,S1003_02,White,onyx_signature_sunscreen,onyx_signature_sunscreen,UNRESOLVED,UNPUBLISHED,2026-09-20,Visible order menu,"Full grids, limits, compatibility and effective schedule unresolved",https://admin.onyxshutters.com/OrderDetailBlind.aspx,Implemented; awaiting deployment/live proof; pricing held
Onyx,Onyx Signature,Sunscreen,3% SC-3_s1003,S1003_03,Sandstone,onyx_signature_sunscreen,onyx_signature_sunscreen,UNRESOLVED,UNPUBLISHED,2026-09-20,Visible order menu,"Full grids, limits, compatibility and effective schedule unresolved",https://admin.onyxshutters.com/OrderDetailBlind.aspx,Implemented; awaiting deployment/live proof; pricing held
Onyx,Onyx Signature,Sunscreen,3% SC-3_s1003,S1003_04,Platinum,onyx_signature_sunscreen,onyx_signature_sunscreen,UNRESOLVED,UNPUBLISHED,2026-09-20,Visible order menu,"Full grids, limits, compatibility and effective schedule unresolved",https://admin.onyxshutters.com/OrderDetailBlind.aspx,Implemented; awaiting deployment/live proof; pricing held
Onyx,Onyx Signature,Sunscreen,3% SC-3_s1003,S1003_05,Silver,onyx_signature_sunscreen,onyx_signature_sunscreen,UNRESOLVED,UNPUBLISHED,2026-09-20,Visible order menu,"Full grids, limits, compatibility and effective schedule unresolved",https://admin.onyxshutters.com/OrderDetailBlind.aspx,Implemented; awaiting deployment/live proof; pricing held
Onyx,Onyx Signature,Sunscreen,3% SC-3_s1003,S1003_06,Grey,onyx_signature_sunscreen,onyx_signature_sunscreen,UNRESOLVED,UNPUBLISHED,2026-09-20,Visible order menu,"Full grids, limits, compatibility and effective schedule unresolved",https://admin.onyxshutters.com/OrderDetailBlind.aspx,Implemented; awaiting deployment/live proof; pricing held
Onyx,Onyx Signature,Sunscreen,3% SC-3_s1003,S1003_07,Mocha,onyx_signature_sunscreen,onyx_signature_sunscreen,UNRESOLVED,UNPUBLISHED,2026-09-20,Visible order menu,"Full grids, limits, compatibility and effective schedule unresolved",https://admin.onyxshutters.com/OrderDetailBlind.aspx,Implemented; awaiting deployment/live proof; pricing held
Onyx,Onyx Signature,Sunscreen,3% SC-3_s1003,S1003_08,Linen,onyx_signature_sunscreen,onyx_signature_sunscreen,UNRESOLVED,UNPUBLISHED,2026-09-20,Visible order menu,"Full grids, limits, compatibility and effective schedule unresolved",https://admin.onyxshutters.com/OrderDetailBlind.aspx,Implemented; awaiting deployment/live proof; pricing held
Onyx,Onyx Signature,Sunscreen,3% SC-3_s1003,S1003_09,Toffee,onyx_signature_sunscreen,onyx_signature_sunscreen,UNRESOLVED,UNPUBLISHED,2026-09-20,Visible order menu,"Full grids, limits, compatibility and effective schedule unresolved",https://admin.onyxshutters.com/OrderDetailBlind.aspx,Implemented; awaiting deployment/live proof; pricing held
Onyx,Onyx Signature,Sunscreen,3% SC-3_s1003,S1003_10,Chocolate,onyx_signature_sunscreen,onyx_signature_sunscreen,UNRESOLVED,UNPUBLISHED,2026-09-20,Visible order menu,"Full grids, limits, compatibility and effective schedule unresolved",https://admin.onyxshutters.com/OrderDetailBlind.aspx,Implemented; awaiting deployment/live proof; pricing held
Onyx,Onyx Signature,Sunscreen,3% SC-3_s1003,S1003_11,Onyx,onyx_signature_sunscreen,onyx_signature_sunscreen,UNRESOLVED,UNPUBLISHED,2026-09-20,Visible order menu,"Full grids, limits, compatibility and effective schedule unresolved",https://admin.onyxshutters.com/OrderDetailBlind.aspx,Implemented; awaiting deployment/live proof; pricing held
Onyx,Onyx Signature,Sunscreen,5% SC-5_s1005,S1005_01,Ice White,onyx_signature_sunscreen,onyx_signature_sunscreen,UNRESOLVED,UNPUBLISHED,2026-09-20,Visible order menu,"Full grids, limits, compatibility and effective schedule unresolved",https://admin.onyxshutters.com/OrderDetailBlind.aspx,Implemented; awaiting deployment/live proof; pricing held
Onyx,Onyx Signature,Sunscreen,5% SC-5_s1005,S1005_02,White,onyx_signature_sunscreen,onyx_signature_sunscreen,UNRESOLVED,UNPUBLISHED,2026-09-20,Visible order menu,"Full grids, limits, compatibility and effective schedule unresolved",https://admin.onyxshutters.com/OrderDetailBlind.aspx,Implemented; awaiting deployment/live proof; pricing held
Onyx,Onyx Signature,Sunscreen,5% SC-5_s1005,S1005_03,Sandstone,onyx_signature_sunscreen,onyx_signature_sunscreen,UNRESOLVED,UNPUBLISHED,2026-09-20,Visible order menu,"Full grids, limits, compatibility and effective schedule unresolved",https://admin.onyxshutters.com/OrderDetailBlind.aspx,Implemented; awaiting deployment/live proof; pricing held
Onyx,Onyx Signature,Sunscreen,5% SC-5_s1005,S1005_04,Platinum,onyx_signature_sunscreen,onyx_signature_sunscreen,UNRESOLVED,UNPUBLISHED,2026-09-20,Visible order menu,"Full grids, limits, compatibility and effective schedule unresolved",https://admin.onyxshutters.com/OrderDetailBlind.aspx,Implemented; awaiting deployment/live proof; pricing held
Onyx,Onyx Signature,Sunscreen,5% SC-5_s1005,S1005_05,Silver,onyx_signature_sunscreen,onyx_signature_sunscreen,UNRESOLVED,UNPUBLISHED,2026-09-20,Visible order menu,"Full grids, limits, compatibility and effective schedule unresolved",https://admin.onyxshutters.com/OrderDetailBlind.aspx,Implemented; awaiting deployment/live proof; pricing held
Onyx,Onyx Signature,Sunscreen,5% SC-5_s1005,S1005_06,Grey,onyx_signature_sunscreen,onyx_signature_sunscreen,UNRESOLVED,UNPUBLISHED,2026-09-20,Visible order menu,"Full grids, limits, compatibility and effective schedule unresolved",https://admin.onyxshutters.com/OrderDetailBlind.aspx,Implemented; awaiting deployment/live proof; pricing held
Onyx,Onyx Signature,Sunscreen,5% SC-5_s1005,S1005_07,Mocha,onyx_signature_sunscreen,onyx_signature_sunscreen,UNRESOLVED,UNPUBLISHED,2026-09-20,Visible order menu,"Full grids, limits, compatibility and effective schedule unresolved",https://admin.onyxshutters.com/OrderDetailBlind.aspx,Implemented; awaiting deployment/live proof; pricing held
Onyx,Onyx Signature,Sunscreen,5% SC-5_s1005,S1005_08,Linen,onyx_signature_sunscreen,onyx_signature_sunscreen,UNRESOLVED,UNPUBLISHED,2026-09-20,Visible order menu,"Full grids, limits, compatibility and effective schedule unresolved",https://admin.onyxshutters.com/OrderDetailBlind.aspx,Implemented; awaiting deployment/live proof; pricing held
Onyx,Onyx Signature,Sunscreen,5% SC-5_s1005,S1005_09,Toffee,onyx_signature_sunscreen,onyx_signature_sunscreen,UNRESOLVED,UNPUBLISHED,2026-09-20,Visible order menu,"Full grids, limits, compatibility and effective schedule unresolved",https://admin.onyxshutters.com/OrderDetailBlind.aspx,Implemented; awaiting deployment/live proof; pricing held
Onyx,Onyx Signature,Sunscreen,5% SC-5_s1005,S1005_10,Chocolate,onyx_signature_sunscreen,onyx_signature_sunscreen,UNRESOLVED,UNPUBLISHED,2026-09-20,Visible order menu,"Full grids, limits, compatibility and effective schedule unresolved",https://admin.onyxshutters.com/OrderDetailBlind.aspx,Implemented; awaiting deployment/live proof; pricing held
Onyx,Onyx Signature,Sunscreen,5% SC-5_s1005,S1005_11,Onyx,onyx_signature_sunscreen,onyx_signature_sunscreen,UNRESOLVED,UNPUBLISHED,2026-09-20,Visible order menu,"Full grids, limits, compatibility and effective schedule unresolved",https://admin.onyxshutters.com/OrderDetailBlind.aspx,Implemented; awaiting deployment/live proof; pricing held
Onyx,Onyx Signature,Zebra,Arcadia BO_A242,A242_1,Cloud Meadow,onyx_signature_zebra,onyx_signature_zebra,UNRESOLVED,UNPUBLISHED,2026-09-20,Visible order menu,"Full grids, limits, compatibility and effective schedule unresolved",https://admin.onyxshutters.com/OrderDetailBlind.aspx,Implemented; awaiting deployment/live proof; pricing held
Onyx,Onyx Signature,Zebra,Arcadia BO_A242,A242_3,Earthen Cream,onyx_signature_zebra,onyx_signature_zebra,UNRESOLVED,UNPUBLISHED,2026-09-20,Visible order menu,"Full grids, limits, compatibility and effective schedule unresolved",https://admin.onyxshutters.com/OrderDetailBlind.aspx,Implemented; awaiting deployment/live proof; pricing held
Onyx,Onyx Signature,Zebra,Arcadia BO_A242,A242_9,Silver Field,onyx_signature_zebra,onyx_signature_zebra,UNRESOLVED,UNPUBLISHED,2026-09-20,Visible order menu,"Full grids, limits, compatibility and effective schedule unresolved",https://admin.onyxshutters.com/OrderDetailBlind.aspx,Implemented; awaiting deployment/live proof; pricing held
Onyx,Onyx Signature,Zebra,Arcadia BO_A242,A242_10,Silver Grove,onyx_signature_zebra,onyx_signature_zebra,UNRESOLVED,UNPUBLISHED,2026-09-20,Visible order menu,"Full grids, limits, compatibility and effective schedule unresolved",https://admin.onyxshutters.com/OrderDetailBlind.aspx,Implemented; awaiting deployment/live proof; pricing held
Onyx,Onyx Signature,Zebra,Arcadia BO_A242,A242_12,Mist Hallow,onyx_signature_zebra,onyx_signature_zebra,UNRESOLVED,UNPUBLISHED,2026-09-20,Visible order menu,"Full grids, limits, compatibility and effective schedule unresolved",https://admin.onyxshutters.com/OrderDetailBlind.aspx,Implemented; awaiting deployment/live proof; pricing held
Onyx,Onyx Signature,Zebra,Arcadia BO_A242,A242_15,Harvest Reed,onyx_signature_zebra,onyx_signature_zebra,UNRESOLVED,UNPUBLISHED,2026-09-20,Visible order menu,"Full grids, limits, compatibility and effective schedule unresolved",https://admin.onyxshutters.com/OrderDetailBlind.aspx,Implemented; awaiting deployment/live proof; pricing held
Onyx,Onyx Signature,Zebra,Arcadia BO_A242,A242_17,Timber Brown,onyx_signature_zebra,onyx_signature_zebra,UNRESOLVED,UNPUBLISHED,2026-09-20,Visible order menu,"Full grids, limits, compatibility and effective schedule unresolved",https://admin.onyxshutters.com/OrderDetailBlind.aspx,Implemented; awaiting deployment/live proof; pricing held
Onyx,Onyx Signature,Zebra,Arcadia BO_A242,A242_19,Blue Preserve,onyx_signature_zebra,onyx_signature_zebra,UNRESOLVED,UNPUBLISHED,2026-09-20,Visible order menu,"Full grids, limits, compatibility and effective schedule unresolved",https://admin.onyxshutters.com/OrderDetailBlind.aspx,Implemented; awaiting deployment/live proof; pricing held
Onyx,Onyx Signature,Zebra,Aurelia BO_A288,A288_5,Artic Veil,onyx_signature_zebra,onyx_signature_zebra,UNRESOLVED,UNPUBLISHED,2026-09-20,Visible order menu,"Full grids, limits, compatibility and effective schedule unresolved",https://admin.onyxshutters.com/OrderDetailBlind.aspx,Implemented; awaiting deployment/live proof; pricing held
Onyx,Onyx Signature,Zebra,Aurelia BO_A288,A288_6,Pale Stone,onyx_signature_zebra,onyx_signature_zebra,UNRESOLVED,UNPUBLISHED,2026-09-20,Visible order menu,"Full grids, limits, compatibility and effective schedule unresolved",https://admin.onyxshutters.com/OrderDetailBlind.aspx,Implemented; awaiting deployment/live proof; pricing held
Onyx,Onyx Signature,Zebra,Aurelia BO_A288,A288_7,Silver Whisper,onyx_signature_zebra,onyx_signature_zebra,UNRESOLVED,UNPUBLISHED,2026-09-20,Visible order menu,"Full grids, limits, compatibility and effective schedule unresolved",https://admin.onyxshutters.com/OrderDetailBlind.aspx,Implemented; awaiting deployment/live proof; pricing held
Onyx,Onyx Signature,Zebra,Aurelia BO_A288,A288_8,Iron Shadow,onyx_signature_zebra,onyx_signature_zebra,UNRESOLVED,UNPUBLISHED,2026-09-20,Visible order menu,"Full grids, limits, compatibility and effective schedule unresolved",https://admin.onyxshutters.com/OrderDetailBlind.aspx,Implemented; awaiting deployment/live proof; pricing held
Onyx,Onyx Signature,Zebra,Aurelia BO_A288,A288_9,Soft Hearth,onyx_signature_zebra,onyx_signature_zebra,UNRESOLVED,UNPUBLISHED,2026-09-20,Visible order menu,"Full grids, limits, compatibility and effective schedule unresolved",https://admin.onyxshutters.com/OrderDetailBlind.aspx,Implemented; awaiting deployment/live proof; pricing held
Onyx,Onyx Signature,Zebra,Aurelia BO_A288,A288_10,Beige Glow,onyx_signature_zebra,onyx_signature_zebra,UNRESOLVED,UNPUBLISHED,2026-09-20,Visible order menu,"Full grids, limits, compatibility and effective schedule unresolved",https://admin.onyxshutters.com/OrderDetailBlind.aspx,Implemented; awaiting deployment/live proof; pricing held
Onyx,Onyx Signature,Zebra,Aurelia BO_A288,A288_11,Taupe Mist,onyx_signature_zebra,onyx_signature_zebra,UNRESOLVED,UNPUBLISHED,2026-09-20,Visible order menu,"Full grids, limits, compatibility and effective schedule unresolved",https://admin.onyxshutters.com/OrderDetailBlind.aspx,Implemented; awaiting deployment/live proof; pricing held
Onyx,Onyx Signature,Zebra,Aurelia BO_A288,A288_12,Wheatwood,onyx_signature_zebra,onyx_signature_zebra,UNRESOLVED,UNPUBLISHED,2026-09-20,Visible order menu,"Full grids, limits, compatibility and effective schedule unresolved",https://admin.onyxshutters.com/OrderDetailBlind.aspx,Implemented; awaiting deployment/live proof; pricing held
Onyx,Onyx Signature,Zebra,Aurelia BO_A288,A288_13,Timbershade,onyx_signature_zebra,onyx_signature_zebra,UNRESOLVED,UNPUBLISHED,2026-09-20,Visible order menu,"Full grids, limits, compatibility and effective schedule unresolved",https://admin.onyxshutters.com/OrderDetailBlind.aspx,Implemented; awaiting deployment/live proof; pricing held
Onyx,Onyx Signature,Zebra,Belmont LF_A247,A247_1,Estate White,onyx_signature_zebra,onyx_signature_zebra,UNRESOLVED,UNPUBLISHED,2026-09-20,Visible order menu,"Full grids, limits, compatibility and effective schedule unresolved",https://admin.onyxshutters.com/OrderDetailBlind.aspx,Implemented; awaiting deployment/live proof; pricing held
Onyx,Onyx Signature,Zebra,Belmont LF_A247,A247_2,Crest Cream,onyx_signature_zebra,onyx_signature_zebra,UNRESOLVED,UNPUBLISHED,2026-09-20,Visible order menu,"Full grids, limits, compatibility and effective schedule unresolved",https://admin.onyxshutters.com/OrderDetailBlind.aspx,Implemented; awaiting deployment/live proof; pricing held
Onyx,Onyx Signature,Zebra,Belmont LF_A247,A247_3,Carriage Biege,onyx_signature_zebra,onyx_signature_zebra,UNRESOLVED,UNPUBLISHED,2026-09-20,Visible order menu,"Full grids, limits, compatibility and effective schedule unresolved",https://admin.onyxshutters.com/OrderDetailBlind.aspx,Implemented; awaiting deployment/live proof; pricing held
Onyx,Onyx Signature,Zebra,Belmont LF_A247,A247_4,Saddle Stone,onyx_signature_zebra,onyx_signature_zebra,UNRESOLVED,UNPUBLISHED,2026-09-20,Visible order menu,"Full grids, limits, compatibility and effective schedule unresolved",https://admin.onyxshutters.com/OrderDetailBlind.aspx,Implemented; awaiting deployment/live proof; pricing held
Onyx,Onyx Signature,Zebra,Belmont LF_A247,A247_5,Stable Grey,onyx_signature_zebra,onyx_signature_zebra,UNRESOLVED,UNPUBLISHED,2026-09-20,Visible order menu,"Full grids, limits, compatibility and effective schedule unresolved",https://admin.onyxshutters.com/OrderDetailBlind.aspx,Implemented; awaiting deployment/live proof; pricing held
Onyx,Onyx Signature,Zebra,Belmont LF_A247,A247_6,Derby Slate,onyx_signature_zebra,onyx_signature_zebra,UNRESOLVED,UNPUBLISHED,2026-09-20,Visible order menu,"Full grids, limits, compatibility and effective schedule unresolved",https://admin.onyxshutters.com/OrderDetailBlind.aspx,Implemented; awaiting deployment/live proof; pricing held
Onyx,Onyx Signature,Zebra,Belmont LF_A247,A247_7,Championship Black,onyx_signature_zebra,onyx_signature_zebra,UNRESOLVED,UNPUBLISHED,2026-09-20,Visible order menu,"Full grids, limits, compatibility and effective schedule unresolved",https://admin.onyxshutters.com/OrderDetailBlind.aspx,Implemented; awaiting deployment/live proof; pricing held
Onyx,Onyx Signature,Zebra,Coastal Loom LF_A243,A243_1,Cream Glaze,onyx_signature_zebra,onyx_signature_zebra,UNRESOLVED,UNPUBLISHED,2026-09-20,Visible order menu,"Full grids, limits, compatibility and effective schedule unresolved",https://admin.onyxshutters.com/OrderDetailBlind.aspx,Implemented; awaiting deployment/live proof; pricing held
Onyx,Onyx Signature,Zebra,Coastal Loom LF_A243,A243_2,Pure White,onyx_signature_zebra,onyx_signature_zebra,UNRESOLVED,UNPUBLISHED,2026-09-20,Visible order menu,"Full grids, limits, compatibility and effective schedule unresolved",https://admin.onyxshutters.com/OrderDetailBlind.aspx,Implemented; awaiting deployment/live proof; pricing held
Onyx,Onyx Signature,Zebra,Coastal Loom LF_A243,A243_3,Mint Whisper,onyx_signature_zebra,onyx_signature_zebra,UNRESOLVED,UNPUBLISHED,2026-09-20,Visible order menu,"Full grids, limits, compatibility and effective schedule unresolved",https://admin.onyxshutters.com/OrderDetailBlind.aspx,Implemented; awaiting deployment/live proof; pricing held
Onyx,Onyx Signature,Zebra,Coastal Loom LF_A243,A243_4,Soft Gray,onyx_signature_zebra,onyx_signature_zebra,UNRESOLVED,UNPUBLISHED,2026-09-20,Visible order menu,"Full grids, limits, compatibility and effective schedule unresolved",https://admin.onyxshutters.com/OrderDetailBlind.aspx,Implemented; awaiting deployment/live proof; pricing held
Onyx,Onyx Signature,Zebra,Coastal Loom LF_A243,A243_5,Warm Stone,onyx_signature_zebra,onyx_signature_zebra,UNRESOLVED,UNPUBLISHED,2026-09-20,Visible order menu,"Full grids, limits, compatibility and effective schedule unresolved",https://admin.onyxshutters.com/OrderDetailBlind.aspx,Implemented; awaiting deployment/live proof; pricing held
Onyx,Onyx Signature,Zebra,Coastal Loom LF_A243,A243_7,Coconut Husk,onyx_signature_zebra,onyx_signature_zebra,UNRESOLVED,UNPUBLISHED,2026-09-20,Visible order menu,"Full grids, limits, compatibility and effective schedule unresolved",https://admin.onyxshutters.com/OrderDetailBlind.aspx,Implemented; awaiting deployment/live proof; pricing held
Onyx,Onyx Signature,Zebra,Coastal Loom LF_A243,A243_9,Iron Gray,onyx_signature_zebra,onyx_signature_zebra,UNRESOLVED,UNPUBLISHED,2026-09-20,Visible order menu,"Full grids, limits, compatibility and effective schedule unresolved",https://admin.onyxshutters.com/OrderDetailBlind.aspx,Implemented; awaiting deployment/live proof; pricing held
Onyx,Onyx Signature,Zebra,Coastal Loom LF_A243,A243_10,Shadow Black,onyx_signature_zebra,onyx_signature_zebra,UNRESOLVED,UNPUBLISHED,2026-09-20,Visible order menu,"Full grids, limits, compatibility and effective schedule unresolved",https://admin.onyxshutters.com/OrderDetailBlind.aspx,Implemented; awaiting deployment/live proof; pricing held
Onyx,Onyx Signature,Zebra,Linen Estate LF_A287.1,A216_10,Vintage Linen,onyx_signature_zebra,onyx_signature_zebra,UNRESOLVED,UNPUBLISHED,2026-09-20,Visible order menu,"Full grids, limits, compatibility and effective schedule unresolved",https://admin.onyxshutters.com/OrderDetailBlind.aspx,Implemented; awaiting deployment/live proof; pricing held
Onyx,Onyx Signature,Zebra,Linen Estate LF_A287.1,A216_11,Stone Loom,onyx_signature_zebra,onyx_signature_zebra,UNRESOLVED,UNPUBLISHED,2026-09-20,Visible order menu,"Full grids, limits, compatibility and effective schedule unresolved",https://admin.onyxshutters.com/OrderDetailBlind.aspx,Implemented; awaiting deployment/live proof; pricing held
Onyx,Onyx Signature,Zebra,Linen Estate LF_A287.1,A216_12,Grey Spindle,onyx_signature_zebra,onyx_signature_zebra,UNRESOLVED,UNPUBLISHED,2026-09-20,Visible order menu,"Full grids, limits, compatibility and effective schedule unresolved",https://admin.onyxshutters.com/OrderDetailBlind.aspx,Implemented; awaiting deployment/live proof; pricing held
Onyx,Onyx Signature,Zebra,Linen Estate LF_A287.1,A216_13,Stoneforge,onyx_signature_zebra,onyx_signature_zebra,UNRESOLVED,UNPUBLISHED,2026-09-20,Visible order menu,"Full grids, limits, compatibility and effective schedule unresolved",https://admin.onyxshutters.com/OrderDetailBlind.aspx,Implemented; awaiting deployment/live proof; pricing held
Onyx,Onyx Signature,Zebra,Linen Estate LF_A287.1,A216_8,Heirloom White,onyx_signature_zebra,onyx_signature_zebra,UNRESOLVED,UNPUBLISHED,2026-09-20,Visible order menu,"Full grids, limits, compatibility and effective schedule unresolved",https://admin.onyxshutters.com/OrderDetailBlind.aspx,Implemented; awaiting deployment/live proof; pricing held
Onyx,Onyx Signature,Zebra,Linen Estate LF_A287.1,A216_9,Flaxen Cream,onyx_signature_zebra,onyx_signature_zebra,UNRESOLVED,UNPUBLISHED,2026-09-20,Visible order menu,"Full grids, limits, compatibility and effective schedule unresolved",https://admin.onyxshutters.com/OrderDetailBlind.aspx,Implemented; awaiting deployment/live proof; pricing held
Onyx,Onyx Signature,Zebra,Millstone BO_A241,A241_01,Soft Limestone,onyx_signature_zebra,onyx_signature_zebra,UNRESOLVED,UNPUBLISHED,2026-09-20,Visible order menu,"Full grids, limits, compatibility and effective schedule unresolved",https://admin.onyxshutters.com/OrderDetailBlind.aspx,Implemented; awaiting deployment/live proof; pricing held
Onyx,Onyx Signature,Zebra,Millstone BO_A241,A241_02,Chalkstone White,onyx_signature_zebra,onyx_signature_zebra,UNRESOLVED,UNPUBLISHED,2026-09-20,Visible order menu,"Full grids, limits, compatibility and effective schedule unresolved",https://admin.onyxshutters.com/OrderDetailBlind.aspx,Implemented; awaiting deployment/live proof; pricing held
Onyx,Onyx Signature,Zebra,Millstone BO_A241,A241_03,Pale Clay,onyx_signature_zebra,onyx_signature_zebra,UNRESOLVED,UNPUBLISHED,2026-09-20,Visible order menu,"Full grids, limits, compatibility and effective schedule unresolved",https://admin.onyxshutters.com/OrderDetailBlind.aspx,Implemented; awaiting deployment/live proof; pricing held
Onyx,Onyx Signature,Zebra,Millstone BO_A241,A241_05,Riverstone Grey,onyx_signature_zebra,onyx_signature_zebra,UNRESOLVED,UNPUBLISHED,2026-09-20,Visible order menu,"Full grids, limits, compatibility and effective schedule unresolved",https://admin.onyxshutters.com/OrderDetailBlind.aspx,Implemented; awaiting deployment/live proof; pricing held
Onyx,Onyx Signature,Zebra,Millstone BO_A241,A241_06,Quarry Taupe,onyx_signature_zebra,onyx_signature_zebra,UNRESOLVED,UNPUBLISHED,2026-09-20,Visible order menu,"Full grids, limits, compatibility and effective schedule unresolved",https://admin.onyxshutters.com/OrderDetailBlind.aspx,Implemented; awaiting deployment/live proof; pricing held
Onyx,Onyx Signature,Zebra,Millstone BO_A241,A241_07,Wheat,onyx_signature_zebra,onyx_signature_zebra,UNRESOLVED,UNPUBLISHED,2026-09-20,Visible order menu,"Full grids, limits, compatibility and effective schedule unresolved",https://admin.onyxshutters.com/OrderDetailBlind.aspx,Implemented; awaiting deployment/live proof; pricing held
Onyx,Onyx Signature,Zebra,Millstone BO_A241,A241_08,Earthshade Brown,onyx_signature_zebra,onyx_signature_zebra,UNRESOLVED,UNPUBLISHED,2026-09-20,Visible order menu,"Full grids, limits, compatibility and effective schedule unresolved",https://admin.onyxshutters.com/OrderDetailBlind.aspx,Implemented; awaiting deployment/live proof; pricing held
Onyx,Onyx Signature,Zebra,Millstone BO_A241,A241_11,Charcoal,onyx_signature_zebra,onyx_signature_zebra,UNRESOLVED,UNPUBLISHED,2026-09-20,Visible order menu,"Full grids, limits, compatibility and effective schedule unresolved",https://admin.onyxshutters.com/OrderDetailBlind.aspx,Implemented; awaiting deployment/live proof; pricing held
Onyx,Onyx Signature,Zebra,Noble Weave LF_A246,A246_1,Regal White,onyx_signature_zebra,onyx_signature_zebra,UNRESOLVED,UNPUBLISHED,2026-09-20,Visible order menu,"Full grids, limits, compatibility and effective schedule unresolved",https://admin.onyxshutters.com/OrderDetailBlind.aspx,Implemented; awaiting deployment/live proof; pricing held
Onyx,Onyx Signature,Zebra,Noble Weave LF_A246,A246_2,Ivory Crest,onyx_signature_zebra,onyx_signature_zebra,UNRESOLVED,UNPUBLISHED,2026-09-20,Visible order menu,"Full grids, limits, compatibility and effective schedule unresolved",https://admin.onyxshutters.com/OrderDetailBlind.aspx,Implemented; awaiting deployment/live proof; pricing held
Onyx,Onyx Signature,Zebra,Noble Weave LF_A246,A246_3,Pale Sandstone,onyx_signature_zebra,onyx_signature_zebra,UNRESOLVED,UNPUBLISHED,2026-09-20,Visible order menu,"Full grids, limits, compatibility and effective schedule unresolved",https://admin.onyxshutters.com/OrderDetailBlind.aspx,Implemented; awaiting deployment/live proof; pricing held
Onyx,Onyx Signature,Zebra,Noble Weave LF_A246,A246_4,Harvest Taupe,onyx_signature_zebra,onyx_signature_zebra,UNRESOLVED,UNPUBLISHED,2026-09-20,Visible order menu,"Full grids, limits, compatibility and effective schedule unresolved",https://admin.onyxshutters.com/OrderDetailBlind.aspx,Implemented; awaiting deployment/live proof; pricing held
Onyx,Onyx Signature,Zebra,Noble Weave LF_A246,A246_5,Silver Strand,onyx_signature_zebra,onyx_signature_zebra,UNRESOLVED,UNPUBLISHED,2026-09-20,Visible order menu,"Full grids, limits, compatibility and effective schedule unresolved",https://admin.onyxshutters.com/OrderDetailBlind.aspx,Implemented; awaiting deployment/live proof; pricing held
Onyx,Onyx Signature,Zebra,Noble Weave LF_A246,A246_6,Granite Mist,onyx_signature_zebra,onyx_signature_zebra,UNRESOLVED,UNPUBLISHED,2026-09-20,Visible order menu,"Full grids, limits, compatibility and effective schedule unresolved",https://admin.onyxshutters.com/OrderDetailBlind.aspx,Implemented; awaiting deployment/live proof; pricing held
Onyx,Onyx Signature,Zebra,Noble Weave LF_A246,A246_7,Shadow Steel,onyx_signature_zebra,onyx_signature_zebra,UNRESOLVED,UNPUBLISHED,2026-09-20,Visible order menu,"Full grids, limits, compatibility and effective schedule unresolved",https://admin.onyxshutters.com/OrderDetailBlind.aspx,Implemented; awaiting deployment/live proof; pricing held
Onyx,Onyx Signature,Zebra,Noble Weave LF_A246,A246_8,Obsidian,onyx_signature_zebra,onyx_signature_zebra,UNRESOLVED,UNPUBLISHED,2026-09-20,Visible order menu,"Full grids, limits, compatibility and effective schedule unresolved",https://admin.onyxshutters.com/OrderDetailBlind.aspx,Implemented; awaiting deployment/live proof; pricing held
Onyx,Onyx Signature,Zebra,Praire LF_A81,A81FS_1,Oatcream,onyx_signature_zebra,onyx_signature_zebra,UNRESOLVED,UNPUBLISHED,2026-09-20,Visible order menu,"Full grids, limits, compatibility and effective schedule unresolved",https://admin.onyxshutters.com/OrderDetailBlind.aspx,Implemented; awaiting deployment/live proof; pricing held
Onyx,Onyx Signature,Zebra,Praire LF_A81,A81FS_2,Sandstone,onyx_signature_zebra,onyx_signature_zebra,UNRESOLVED,UNPUBLISHED,2026-09-20,Visible order menu,"Full grids, limits, compatibility and effective schedule unresolved",https://admin.onyxshutters.com/OrderDetailBlind.aspx,Implemented; awaiting deployment/live proof; pricing held
Onyx,Onyx Signature,Zebra,Praire LF_A81,A81FS_3,Wheatfield,onyx_signature_zebra,onyx_signature_zebra,UNRESOLVED,UNPUBLISHED,2026-09-20,Visible order menu,"Full grids, limits, compatibility and effective schedule unresolved",https://admin.onyxshutters.com/OrderDetailBlind.aspx,Implemented; awaiting deployment/live proof; pricing held
Onyx,Onyx Signature,Zebra,Praire LF_A81,A81FS_8,Wildgrass White,onyx_signature_zebra,onyx_signature_zebra,UNRESOLVED,UNPUBLISHED,2026-09-20,Visible order menu,"Full grids, limits, compatibility and effective schedule unresolved",https://admin.onyxshutters.com/OrderDetailBlind.aspx,Implemented; awaiting deployment/live proof; pricing held
Onyx,Onyx Signature,Zebra,Praire LF_A81,A81FS_9,Soft Barley,onyx_signature_zebra,onyx_signature_zebra,UNRESOLVED,UNPUBLISHED,2026-09-20,Visible order menu,"Full grids, limits, compatibility and effective schedule unresolved",https://admin.onyxshutters.com/OrderDetailBlind.aspx,Implemented; awaiting deployment/live proof; pricing held
Onyx,Onyx Signature,Zebra,Praire LF_A81,A81FS_10,Silver Thatch,onyx_signature_zebra,onyx_signature_zebra,UNRESOLVED,UNPUBLISHED,2026-09-20,Visible order menu,"Full grids, limits, compatibility and effective schedule unresolved",https://admin.onyxshutters.com/OrderDetailBlind.aspx,Implemented; awaiting deployment/live proof; pricing held
Onyx,Onyx Signature,Zebra,Stellar Texture LF_A255,A255_1,Lunar White,onyx_signature_zebra,onyx_signature_zebra,UNRESOLVED,UNPUBLISHED,2026-09-20,Visible order menu,"Full grids, limits, compatibility and effective schedule unresolved",https://admin.onyxshutters.com/OrderDetailBlind.aspx,Implemented; awaiting deployment/live proof; pricing held
Onyx,Onyx Signature,Zebra,Stellar Texture LF_A255,A255_2,Astral Ivory,onyx_signature_zebra,onyx_signature_zebra,UNRESOLVED,UNPUBLISHED,2026-09-20,Visible order menu,"Full grids, limits, compatibility and effective schedule unresolved",https://admin.onyxshutters.com/OrderDetailBlind.aspx,Implemented; awaiting deployment/live proof; pricing held
Onyx,Onyx Signature,Zebra,Stellar Texture LF_A255,A255_3,Moonlit Beige,onyx_signature_zebra,onyx_signature_zebra,UNRESOLVED,UNPUBLISHED,2026-09-20,Visible order menu,"Full grids, limits, compatibility and effective schedule unresolved",https://admin.onyxshutters.com/OrderDetailBlind.aspx,Implemented; awaiting deployment/live proof; pricing held
Onyx,Onyx Signature,Zebra,Stellar Texture LF_A255,A255_4,Nova Beige,onyx_signature_zebra,onyx_signature_zebra,UNRESOLVED,UNPUBLISHED,2026-09-20,Visible order menu,"Full grids, limits, compatibility and effective schedule unresolved",https://admin.onyxshutters.com/OrderDetailBlind.aspx,Implemented; awaiting deployment/live proof; pricing held
Onyx,Onyx Signature,Zebra,Stellar Texture LF_A255,A255_5,Cosmic Umber,onyx_signature_zebra,onyx_signature_zebra,UNRESOLVED,UNPUBLISHED,2026-09-20,Visible order menu,"Full grids, limits, compatibility and effective schedule unresolved",https://admin.onyxshutters.com/OrderDetailBlind.aspx,Implemented; awaiting deployment/live proof; pricing held
Onyx,Onyx Signature,Zebra,Stellar Texture LF_A255,A255_6,Stellar Pearl,onyx_signature_zebra,onyx_signature_zebra,UNRESOLVED,UNPUBLISHED,2026-09-20,Visible order menu,"Full grids, limits, compatibility and effective schedule unresolved",https://admin.onyxshutters.com/OrderDetailBlind.aspx,Implemented; awaiting deployment/live proof; pricing held
Onyx,Onyx Signature,Zebra,Stellar Texture LF_A255,A255_8Starlight,Silver,onyx_signature_zebra,onyx_signature_zebra,UNRESOLVED,UNPUBLISHED,2026-09-20,Visible order menu,"Full grids, limits, compatibility and effective schedule unresolved",https://admin.onyxshutters.com/OrderDetailBlind.aspx,Implemented; awaiting deployment/live proof; pricing held
Onyx,Onyx Signature,Zebra,Stellar Texture LF_A255,A255_10,Eclipse Grey,onyx_signature_zebra,onyx_signature_zebra,UNRESOLVED,UNPUBLISHED,2026-09-20,Visible order menu,"Full grids, limits, compatibility and effective schedule unresolved",https://admin.onyxshutters.com/OrderDetailBlind.aspx,Implemented; awaiting deployment/live proof; pricing held
Onyx,Onyx Signature,Zebra,Terra LF_A287.2,A216_14,Soft Sand,onyx_signature_zebra,onyx_signature_zebra,UNRESOLVED,UNPUBLISHED,2026-09-20,Visible order menu,"Full grids, limits, compatibility and effective schedule unresolved",https://admin.onyxshutters.com/OrderDetailBlind.aspx,Implemented; awaiting deployment/live proof; pricing held
Onyx,Onyx Signature,Zebra,Terra LF_A287.2,A216_15,Golden Dune,onyx_signature_zebra,onyx_signature_zebra,UNRESOLVED,UNPUBLISHED,2026-09-20,Visible order menu,"Full grids, limits, compatibility and effective schedule unresolved",https://admin.onyxshutters.com/OrderDetailBlind.aspx,Implemented; awaiting deployment/live proof; pricing held
Onyx,Onyx Signature,Zebra,Terra LF_A287.2,A216_16,Dessert Gold,onyx_signature_zebra,onyx_signature_zebra,UNRESOLVED,UNPUBLISHED,2026-09-20,Visible order menu,"Full grids, limits, compatibility and effective schedule unresolved",https://admin.onyxshutters.com/OrderDetailBlind.aspx,Implemented; awaiting deployment/live proof; pricing held
Onyx,Onyx Signature,Zebra,Terra LF_A287.2,A216_17,Riverstone,onyx_signature_zebra,onyx_signature_zebra,UNRESOLVED,UNPUBLISHED,2026-09-20,Visible order menu,"Full grids, limits, compatibility and effective schedule unresolved",https://admin.onyxshutters.com/OrderDetailBlind.aspx,Implemented; awaiting deployment/live proof; pricing held
Onyx,Onyx Signature,Zebra,Terra LF_A287.2,A216_18,Shaded Slate,onyx_signature_zebra,onyx_signature_zebra,UNRESOLVED,UNPUBLISHED,2026-09-20,Visible order menu,"Full grids, limits, compatibility and effective schedule unresolved",https://admin.onyxshutters.com/OrderDetailBlind.aspx,Implemented; awaiting deployment/live proof; pricing held
Onyx,Onyx Signature,Zebra,Terra LF_A287.2,A216_19,Mossed Sandstone,onyx_signature_zebra,onyx_signature_zebra,UNRESOLVED,UNPUBLISHED,2026-09-20,Visible order menu,"Full grids, limits, compatibility and effective schedule unresolved",https://admin.onyxshutters.com/OrderDetailBlind.aspx,Implemented; awaiting deployment/live proof; pricing held
Onyx,Onyx Signature,Zebra,Terra LF_A287.2,A216_20,Basalt,onyx_signature_zebra,onyx_signature_zebra,UNRESOLVED,UNPUBLISHED,2026-09-20,Visible order menu,"Full grids, limits, compatibility and effective schedule unresolved",https://admin.onyxshutters.com/OrderDetailBlind.aspx,Implemented; awaiting deployment/live proof; pricing held
Onyx,Onyx Lux,Fabric Blinds,"2"" Light Filtering_FB_PG1",FB_PG1_50016,Slate,onyx_lux_fabric_blinds,onyx_lux_fabric_blinds,UNRESOLVED,UNPUBLISHED,2026-09-20,Visible order menu,"Full grids, limits, compatibility and effective schedule unresolved",https://admin.onyxshutters.com/OrderDetailBlind.aspx,Implemented; awaiting deployment/live proof; pricing held
Onyx,Onyx Lux,Fabric Blinds,"2"" Light Filtering_FB_PG1",FB_PG1_50017,chestnut,onyx_lux_fabric_blinds,onyx_lux_fabric_blinds,UNRESOLVED,UNPUBLISHED,2026-09-20,Visible order menu,"Full grids, limits, compatibility and effective schedule unresolved",https://admin.onyxshutters.com/OrderDetailBlind.aspx,Implemented; awaiting deployment/live proof; pricing held
Onyx,Onyx Lux,Fabric Blinds,"2"" Light Filtering_FB_PG1",FB_PG1_50018,Gray Mood,onyx_lux_fabric_blinds,onyx_lux_fabric_blinds,UNRESOLVED,UNPUBLISHED,2026-09-20,Visible order menu,"Full grids, limits, compatibility and effective schedule unresolved",https://admin.onyxshutters.com/OrderDetailBlind.aspx,Implemented; awaiting deployment/live proof; pricing held
Onyx,Onyx Lux,Fabric Blinds,"2"" Light Filtering_FB_PG1",FB_PG1_50023,Dusk Blue,onyx_lux_fabric_blinds,onyx_lux_fabric_blinds,UNRESOLVED,UNPUBLISHED,2026-09-20,Visible order menu,"Full grids, limits, compatibility and effective schedule unresolved",https://admin.onyxshutters.com/OrderDetailBlind.aspx,Implemented; awaiting deployment/live proof; pricing held
Onyx,Onyx Lux,Fabric Blinds,"2"" Light Filtering_FB_PG1",FB_PG1_50029,Blueberry,onyx_lux_fabric_blinds,onyx_lux_fabric_blinds,UNRESOLVED,UNPUBLISHED,2026-09-20,Visible order menu,"Full grids, limits, compatibility and effective schedule unresolved",https://admin.onyxshutters.com/OrderDetailBlind.aspx,Implemented; awaiting deployment/live proof; pricing held
Onyx,Onyx Lux,Fabric Blinds,"2"" Light Filtering_FB_PG1",FB_PG1_50031,Sand,onyx_lux_fabric_blinds,onyx_lux_fabric_blinds,UNRESOLVED,UNPUBLISHED,2026-09-20,Visible order menu,"Full grids, limits, compatibility and effective schedule unresolved",https://admin.onyxshutters.com/OrderDetailBlind.aspx,Implemented; awaiting deployment/live proof; pricing held
Onyx,Onyx Lux,Fabric Blinds,"2"" Light Filtering_FB_PG1",FB_PG1_50032,chalk beige,onyx_lux_fabric_blinds,onyx_lux_fabric_blinds,UNRESOLVED,UNPUBLISHED,2026-09-20,Visible order menu,"Full grids, limits, compatibility and effective schedule unresolved",https://admin.onyxshutters.com/OrderDetailBlind.aspx,Implemented; awaiting deployment/live proof; pricing held
Onyx,Onyx Lux,Fabric Blinds,"2"" Light Filtering_FB_PG1",FB_PG1_50100,White,onyx_lux_fabric_blinds,onyx_lux_fabric_blinds,UNRESOLVED,UNPUBLISHED,2026-09-20,Visible order menu,"Full grids, limits, compatibility and effective schedule unresolved",https://admin.onyxshutters.com/OrderDetailBlind.aspx,Implemented; awaiting deployment/live proof; pricing held
Onyx,Onyx Lux,Fabric Blinds,"2"" Light Filtering_FB_PG1",FB_PG1_50100J897,Black and White,onyx_lux_fabric_blinds,onyx_lux_fabric_blinds,UNRESOLVED,UNPUBLISHED,2026-09-20,Visible order menu,"Full grids, limits, compatibility and effective schedule unresolved",https://admin.onyxshutters.com/OrderDetailBlind.aspx,Implemented; awaiting deployment/live proof; pricing held
Onyx,Onyx Lux,Fabric Blinds,"2"" Light Filtering_FB_PG1",FB_PG1_50113,Off white,onyx_lux_fabric_blinds,onyx_lux_fabric_blinds,UNRESOLVED,UNPUBLISHED,2026-09-20,Visible order menu,"Full grids, limits, compatibility and effective schedule unresolved",https://admin.onyxshutters.com/OrderDetailBlind.aspx,Implemented; awaiting deployment/live proof; pricing held
Onyx,Onyx Lux,Fabric Blinds,"2"" Light Filtering_FB_PG1",FB_PG1_50125,vanilla,onyx_lux_fabric_blinds,onyx_lux_fabric_blinds,UNRESOLVED,UNPUBLISHED,2026-09-20,Visible order menu,"Full grids, limits, compatibility and effective schedule unresolved",https://admin.onyxshutters.com/OrderDetailBlind.aspx,Implemented; awaiting deployment/live proof; pricing held
Onyx,Onyx Lux,Fabric Blinds,"2"" Light Filtering_FB_PG1",FB_PG1_50206,peach,onyx_lux_fabric_blinds,onyx_lux_fabric_blinds,UNRESOLVED,UNPUBLISHED,2026-09-20,Visible order menu,"Full grids, limits, compatibility and effective schedule unresolved",https://admin.onyxshutters.com/OrderDetailBlind.aspx,Implemented; awaiting deployment/live proof; pricing held
Onyx,Onyx Lux,Fabric Blinds,"2"" Light Filtering_FB_PG1",FB_PG1_50206J897,Peach and Black,onyx_lux_fabric_blinds,onyx_lux_fabric_blinds,UNRESOLVED,UNPUBLISHED,2026-09-20,Visible order menu,"Full grids, limits, compatibility and effective schedule unresolved",https://admin.onyxshutters.com/OrderDetailBlind.aspx,Implemented; awaiting deployment/live proof; pricing held
Onyx,Onyx Lux,Fabric Blinds,"2"" Light Filtering_FB_PG1",FB_PG1_50295,Country Redwood,onyx_lux_fabric_blinds,onyx_lux_fabric_blinds,UNRESOLVED,UNPUBLISHED,2026-09-20,Visible order menu,"Full grids, limits, compatibility and effective schedule unresolved",https://admin.onyxshutters.com/OrderDetailBlind.aspx,Implemented; awaiting deployment/live proof; pricing held
Onyx,Onyx Lux,Fabric Blinds,"2"" Light Filtering_FB_PG1",FB_PG1_50302,Sesame,onyx_lux_fabric_blinds,onyx_lux_fabric_blinds,UNRESOLVED,UNPUBLISHED,2026-09-20,Visible order menu,"Full grids, limits, compatibility and effective schedule unresolved",https://admin.onyxshutters.com/OrderDetailBlind.aspx,Implemented; awaiting deployment/live proof; pricing held
Onyx,Onyx Lux,Fabric Blinds,"2"" Light Filtering_FB_PG1",FB_PG1_50303,Kelp,onyx_lux_fabric_blinds,onyx_lux_fabric_blinds,UNRESOLVED,UNPUBLISHED,2026-09-20,Visible order menu,"Full grids, limits, compatibility and effective schedule unresolved",https://admin.onyxshutters.com/OrderDetailBlind.aspx,Implemented; awaiting deployment/live proof; pricing held
Onyx,Onyx Lux,Fabric Blinds,"2"" Light Filtering_FB_PG1",FB_PG1_50323,Boulder,onyx_lux_fabric_blinds,onyx_lux_fabric_blinds,UNRESOLVED,UNPUBLISHED,2026-09-20,Visible order menu,"Full grids, limits, compatibility and effective schedule unresolved",https://admin.onyxshutters.com/OrderDetailBlind.aspx,Implemented; awaiting deployment/live proof; pricing held
Onyx,Onyx Lux,Fabric Blinds,"2"" Light Filtering_FB_PG1",FB_PG1_50334-1,Pecan,onyx_lux_fabric_blinds,onyx_lux_fabric_blinds,UNRESOLVED,UNPUBLISHED,2026-09-20,Visible order menu,"Full grids, limits, compatibility and effective schedule unresolved",https://admin.onyxshutters.com/OrderDetailBlind.aspx,Implemented; awaiting deployment/live proof; pricing held
Onyx,Onyx Lux,Fabric Blinds,"2"" Light Filtering_FB_PG1",FB_PG1_50336,Agilawood,onyx_lux_fabric_blinds,onyx_lux_fabric_blinds,UNRESOLVED,UNPUBLISHED,2026-09-20,Visible order menu,"Full grids, limits, compatibility and effective schedule unresolved",https://admin.onyxshutters.com/OrderDetailBlind.aspx,Implemented; awaiting deployment/live proof; pricing held
Onyx,Onyx Lux,Fabric Blinds,"2"" Light Filtering_FB_PG1",FB_PG1_50349,Crushed Berry,onyx_lux_fabric_blinds,onyx_lux_fabric_blinds,UNRESOLVED,UNPUBLISHED,2026-09-20,Visible order menu,"Full grids, limits, compatibility and effective schedule unresolved",https://admin.onyxshutters.com/OrderDetailBlind.aspx,Implemented; awaiting deployment/live proof; pricing held
Onyx,Onyx Lux,Fabric Blinds,"2"" Light Filtering_FB_PG1",FB_PG1_50357,Coral,onyx_lux_fabric_blinds,onyx_lux_fabric_blinds,UNRESOLVED,UNPUBLISHED,2026-09-20,Visible order menu,"Full grids, limits, compatibility and effective schedule unresolved",https://admin.onyxshutters.com/OrderDetailBlind.aspx,Implemented; awaiting deployment/live proof; pricing held
Onyx,Onyx Lux,Fabric Blinds,"2"" Light Filtering_FB_PG1",FB_PG1_50357J897,Praline and Black,onyx_lux_fabric_blinds,onyx_lux_fabric_blinds,UNRESOLVED,UNPUBLISHED,2026-09-20,Visible order menu,"Full grids, limits, compatibility and effective schedule unresolved",https://admin.onyxshutters.com/OrderDetailBlind.aspx,Implemented; awaiting deployment/live proof; pricing held
Onyx,Onyx Lux,Fabric Blinds,"2"" Light Filtering_FB_PG1",FB_PG1_50360,Beigegrau,onyx_lux_fabric_blinds,onyx_lux_fabric_blinds,UNRESOLVED,UNPUBLISHED,2026-09-20,Visible order menu,"Full grids, limits, compatibility and effective schedule unresolved",https://admin.onyxshutters.com/OrderDetailBlind.aspx,Implemented; awaiting deployment/live proof; pricing held
Onyx,Onyx Lux,Fabric Blinds,"2"" Light Filtering_FB_PG1",FB_PG1_50370,Teak,onyx_lux_fabric_blinds,onyx_lux_fabric_blinds,UNRESOLVED,UNPUBLISHED,2026-09-20,Visible order menu,"Full grids, limits, compatibility and effective schedule unresolved",https://admin.onyxshutters.com/OrderDetailBlind.aspx,Implemented; awaiting deployment/live proof; pricing held
Onyx,Onyx Lux,Fabric Blinds,"2"" Light Filtering_FB_PG1",FB_PG1_50375,Cub,onyx_lux_fabric_blinds,onyx_lux_fabric_blinds,UNRESOLVED,UNPUBLISHED,2026-09-20,Visible order menu,"Full grids, limits, compatibility and effective schedule unresolved",https://admin.onyxshutters.com/OrderDetailBlind.aspx,Implemented; awaiting deployment/live proof; pricing held
Onyx,Onyx Lux,Fabric Blinds,"2"" Light Filtering_FB_PG1",FB_PG1_50376,Beluga,onyx_lux_fabric_blinds,onyx_lux_fabric_blinds,UNRESOLVED,UNPUBLISHED,2026-09-20,Visible order menu,"Full grids, limits, compatibility and effective schedule unresolved",https://admin.onyxshutters.com/OrderDetailBlind.aspx,Implemented; awaiting deployment/live proof; pricing held
Onyx,Onyx Lux,Fabric Blinds,"2"" Light Filtering_FB_PG1",FB_PG1_50378,Cocoa,onyx_lux_fabric_blinds,onyx_lux_fabric_blinds,UNRESOLVED,UNPUBLISHED,2026-09-20,Visible order menu,"Full grids, limits, compatibility and effective schedule unresolved",https://admin.onyxshutters.com/OrderDetailBlind.aspx,Implemented; awaiting deployment/live proof; pricing held
Onyx,Onyx Lux,Fabric Blinds,"2"" Light Filtering_FB_PG1",FB_PG1_50417J897,Canary and Black,onyx_lux_fabric_blinds,onyx_lux_fabric_blinds,UNRESOLVED,UNPUBLISHED,2026-09-20,Visible order menu,"Full grids, limits, compatibility and effective schedule unresolved",https://admin.onyxshutters.com/OrderDetailBlind.aspx,Implemented; awaiting deployment/live proof; pricing held
Onyx,Onyx Lux,Fabric Blinds,"2"" Light Filtering_FB_PG1",FB_PG1_50430-1,Maple,onyx_lux_fabric_blinds,onyx_lux_fabric_blinds,UNRESOLVED,UNPUBLISHED,2026-09-20,Visible order menu,"Full grids, limits, compatibility and effective schedule unresolved",https://admin.onyxshutters.com/OrderDetailBlind.aspx,Implemented; awaiting deployment/live proof; pricing held
Onyx,Onyx Lux,Fabric Blinds,"2"" Light Filtering_FB_PG1",FB_PG1_50430J897,Wheat and Black,onyx_lux_fabric_blinds,onyx_lux_fabric_blinds,UNRESOLVED,UNPUBLISHED,2026-09-20,Visible order menu,"Full grids, limits, compatibility and effective schedule unresolved",https://admin.onyxshutters.com/OrderDetailBlind.aspx,Implemented; awaiting deployment/live proof; pricing held
Onyx,Onyx Lux,Fabric Blinds,"2"" Light Filtering_FB_PG1",FB_PG1_50433,Olive,onyx_lux_fabric_blinds,onyx_lux_fabric_blinds,UNRESOLVED,UNPUBLISHED,2026-09-20,Visible order menu,"Full grids, limits, compatibility and effective schedule unresolved",https://admin.onyxshutters.com/OrderDetailBlind.aspx,Implemented; awaiting deployment/live proof; pricing held
Onyx,Onyx Lux,Fabric Blinds,"2"" Light Filtering_FB_PG1",FB_PG2_50446,Oak,onyx_lux_fabric_blinds,onyx_lux_fabric_blinds,UNRESOLVED,UNPUBLISHED,2026-09-20,Visible order menu,"Full grids, limits, compatibility and effective schedule unresolved",https://admin.onyxshutters.com/OrderDetailBlind.aspx,Implemented; awaiting deployment/live proof; pricing held
Onyx,Onyx Lux,Fabric Blinds,"2"" Light Filtering_FB_PG1",FB_PG1_50447,Dijon,onyx_lux_fabric_blinds,onyx_lux_fabric_blinds,UNRESOLVED,UNPUBLISHED,2026-09-20,Visible order menu,"Full grids, limits, compatibility and effective schedule unresolved",https://admin.onyxshutters.com/OrderDetailBlind.aspx,Implemented; awaiting deployment/live proof; pricing held
Onyx,Onyx Lux,Fabric Blinds,"2"" Light Filtering_FB_PG1",FB_PG1_50504,Moss,onyx_lux_fabric_blinds,onyx_lux_fabric_blinds,UNRESOLVED,UNPUBLISHED,2026-09-20,Visible order menu,"Full grids, limits, compatibility and effective schedule unresolved",https://admin.onyxshutters.com/OrderDetailBlind.aspx,Implemented; awaiting deployment/live proof; pricing held
Onyx,Onyx Lux,Fabric Blinds,"2"" Light Filtering_FB_PG1",FB_PG1_50515,Aspen Green,onyx_lux_fabric_blinds,onyx_lux_fabric_blinds,UNRESOLVED,UNPUBLISHED,2026-09-20,Visible order menu,"Full grids, limits, compatibility and effective schedule unresolved",https://admin.onyxshutters.com/OrderDetailBlind.aspx,Implemented; awaiting deployment/live proof; pricing held
Onyx,Onyx Lux,Fabric Blinds,"2"" Light Filtering_FB_PG1",FB_PG1_50601J897,Blue Ice and Black,onyx_lux_fabric_blinds,onyx_lux_fabric_blinds,UNRESOLVED,UNPUBLISHED,2026-09-20,Visible order menu,"Full grids, limits, compatibility and effective schedule unresolved",https://admin.onyxshutters.com/OrderDetailBlind.aspx,Implemented; awaiting deployment/live proof; pricing held
Onyx,Onyx Lux,Fabric Blinds,"2"" Light Filtering_FB_PG1",FB_PG1_50627,Providence Blue,onyx_lux_fabric_blinds,onyx_lux_fabric_blinds,UNRESOLVED,UNPUBLISHED,2026-09-20,Visible order menu,"Full grids, limits, compatibility and effective schedule unresolved",https://admin.onyxshutters.com/OrderDetailBlind.aspx,Implemented; awaiting deployment/live proof; pricing held
Onyx,Onyx Lux,Fabric Blinds,"2"" Light Filtering_FB_PG1",FB_PG1_50701,Branch Water,onyx_lux_fabric_blinds,onyx_lux_fabric_blinds,UNRESOLVED,UNPUBLISHED,2026-09-20,Visible order menu,"Full grids, limits, compatibility and effective schedule unresolved",https://admin.onyxshutters.com/OrderDetailBlind.aspx,Implemented; awaiting deployment/live proof; pricing held
Onyx,Onyx Lux,Fabric Blinds,"2"" Light Filtering_FB_PG1",FB_PG1_50711,Maltose,onyx_lux_fabric_blinds,onyx_lux_fabric_blinds,UNRESOLVED,UNPUBLISHED,2026-09-20,Visible order menu,"Full grids, limits, compatibility and effective schedule unresolved",https://admin.onyxshutters.com/OrderDetailBlind.aspx,Implemented; awaiting deployment/live proof; pricing held
Onyx,Onyx Lux,Fabric Blinds,"2"" Light Filtering_FB_PG1",FB_PG1_50712,Almond,onyx_lux_fabric_blinds,onyx_lux_fabric_blinds,UNRESOLVED,UNPUBLISHED,2026-09-20,Visible order menu,"Full grids, limits, compatibility and effective schedule unresolved",https://admin.onyxshutters.com/OrderDetailBlind.aspx,Implemented; awaiting deployment/live proof; pricing held
Onyx,Onyx Lux,Fabric Blinds,"2"" Light Filtering_FB_PG1",FB_PG1_50714,Pamirs,onyx_lux_fabric_blinds,onyx_lux_fabric_blinds,UNRESOLVED,UNPUBLISHED,2026-09-20,Visible order menu,"Full grids, limits, compatibility and effective schedule unresolved",https://admin.onyxshutters.com/OrderDetailBlind.aspx,Implemented; awaiting deployment/live proof; pricing held
Onyx,Onyx Lux,Fabric Blinds,"2"" Light Filtering_FB_PG1",FB_PG1_50722,Plant Soot,onyx_lux_fabric_blinds,onyx_lux_fabric_blinds,UNRESOLVED,UNPUBLISHED,2026-09-20,Visible order menu,"Full grids, limits, compatibility and effective schedule unresolved",https://admin.onyxshutters.com/OrderDetailBlind.aspx,Implemented; awaiting deployment/live proof; pricing held
Onyx,Onyx Lux,Fabric Blinds,"2"" Light Filtering_FB_PG1",FB_PG1_50723,Water Caltrop,onyx_lux_fabric_blinds,onyx_lux_fabric_blinds,UNRESOLVED,UNPUBLISHED,2026-09-20,Visible order menu,"Full grids, limits, compatibility and effective schedule unresolved",https://admin.onyxshutters.com/OrderDetailBlind.aspx,Implemented; awaiting deployment/live proof; pricing held
Onyx,Onyx Lux,Fabric Blinds,"2"" Light Filtering_FB_PG1",FB_PG1_50731,Toffee,onyx_lux_fabric_blinds,onyx_lux_fabric_blinds,UNRESOLVED,UNPUBLISHED,2026-09-20,Visible order menu,"Full grids, limits, compatibility and effective schedule unresolved",https://admin.onyxshutters.com/OrderDetailBlind.aspx,Implemented; awaiting deployment/live proof; pricing held
Onyx,Onyx Lux,Fabric Blinds,"2"" Light Filtering_FB_PG1",FB_PG1_50732,Mugwort,onyx_lux_fabric_blinds,onyx_lux_fabric_blinds,UNRESOLVED,UNPUBLISHED,2026-09-20,Visible order menu,"Full grids, limits, compatibility and effective schedule unresolved",https://admin.onyxshutters.com/OrderDetailBlind.aspx,Implemented; awaiting deployment/live proof; pricing held
Onyx,Onyx Lux,Fabric Blinds,"2"" Light Filtering_FB_PG1",FB_PG1_50733,Chestnut,onyx_lux_fabric_blinds,onyx_lux_fabric_blinds,UNRESOLVED,UNPUBLISHED,2026-09-20,Visible order menu,"Full grids, limits, compatibility and effective schedule unresolved",https://admin.onyxshutters.com/OrderDetailBlind.aspx,Implemented; awaiting deployment/live proof; pricing held
Onyx,Onyx Lux,Fabric Blinds,"2"" Light Filtering_FB_PG1",FB_PG1_50734,Alabaster,onyx_lux_fabric_blinds,onyx_lux_fabric_blinds,UNRESOLVED,UNPUBLISHED,2026-09-20,Visible order menu,"Full grids, limits, compatibility and effective schedule unresolved",https://admin.onyxshutters.com/OrderDetailBlind.aspx,Implemented; awaiting deployment/live proof; pricing held
Onyx,Onyx Lux,Fabric Blinds,"2"" Light Filtering_FB_PG1",FB_PG1_50736,Glacier,onyx_lux_fabric_blinds,onyx_lux_fabric_blinds,UNRESOLVED,UNPUBLISHED,2026-09-20,Visible order menu,"Full grids, limits, compatibility and effective schedule unresolved",https://admin.onyxshutters.com/OrderDetailBlind.aspx,Implemented; awaiting deployment/live proof; pricing held
Onyx,Onyx Lux,Fabric Blinds,"2"" Light Filtering_FB_PG1",FB_PG1_50737,Cyanus,onyx_lux_fabric_blinds,onyx_lux_fabric_blinds,UNRESOLVED,UNPUBLISHED,2026-09-20,Visible order menu,"Full grids, limits, compatibility and effective schedule unresolved",https://admin.onyxshutters.com/OrderDetailBlind.aspx,Implemented; awaiting deployment/live proof; pricing held
Onyx,Onyx Lux,Fabric Blinds,"2"" Light Filtering_FB_PG1",FB_PG1_50751,Toffee,onyx_lux_fabric_blinds,onyx_lux_fabric_blinds,UNRESOLVED,UNPUBLISHED,2026-09-20,Visible order menu,"Full grids, limits, compatibility and effective schedule unresolved",https://admin.onyxshutters.com/OrderDetailBlind.aspx,Implemented; awaiting deployment/live proof; pricing held
Onyx,Onyx Lux,Fabric Blinds,"2"" Light Filtering_FB_PG1",FB_PG1_50752,Mugwort,onyx_lux_fabric_blinds,onyx_lux_fabric_blinds,UNRESOLVED,UNPUBLISHED,2026-09-20,Visible order menu,"Full grids, limits, compatibility and effective schedule unresolved",https://admin.onyxshutters.com/OrderDetailBlind.aspx,Implemented; awaiting deployment/live proof; pricing held
Onyx,Onyx Lux,Fabric Blinds,"2"" Light Filtering_FB_PG1",FB_PG1_50753,Chestnut,onyx_lux_fabric_blinds,onyx_lux_fabric_blinds,UNRESOLVED,UNPUBLISHED,2026-09-20,Visible order menu,"Full grids, limits, compatibility and effective schedule unresolved",https://admin.onyxshutters.com/OrderDetailBlind.aspx,Implemented; awaiting deployment/live proof; pricing held
Onyx,Onyx Lux,Fabric Blinds,"2"" Light Filtering_FB_PG1",FB_PG1_50754,Alabaster,onyx_lux_fabric_blinds,onyx_lux_fabric_blinds,UNRESOLVED,UNPUBLISHED,2026-09-20,Visible order menu,"Full grids, limits, compatibility and effective schedule unresolved",https://admin.onyxshutters.com/OrderDetailBlind.aspx,Implemented; awaiting deployment/live proof; pricing held
Onyx,Onyx Lux,Fabric Blinds,"2"" Light Filtering_FB_PG1",FB_PG1_50756,Glacier,onyx_lux_fabric_blinds,onyx_lux_fabric_blinds,UNRESOLVED,UNPUBLISHED,2026-09-20,Visible order menu,"Full grids, limits, compatibility and effective schedule unresolved",https://admin.onyxshutters.com/OrderDetailBlind.aspx,Implemented; awaiting deployment/live proof; pricing held
Onyx,Onyx Lux,Fabric Blinds,"2"" Light Filtering_FB_PG1",FB_PG1_50757,Cyanus,onyx_lux_fabric_blinds,onyx_lux_fabric_blinds,UNRESOLVED,UNPUBLISHED,2026-09-20,Visible order menu,"Full grids, limits, compatibility and effective schedule unresolved",https://admin.onyxshutters.com/OrderDetailBlind.aspx,Implemented; awaiting deployment/live proof; pricing held
Onyx,Onyx Lux,Fabric Blinds,"2"" Light Filtering_FB_PG1",FB_PG1_50821,Reed Catkins,onyx_lux_fabric_blinds,onyx_lux_fabric_blinds,UNRESOLVED,UNPUBLISHED,2026-09-20,Visible order menu,"Full grids, limits, compatibility and effective schedule unresolved",https://admin.onyxshutters.com/OrderDetailBlind.aspx,Implemented; awaiting deployment/live proof; pricing held
Onyx,Onyx Lux,Fabric Blinds,"2"" Light Filtering_FB_PG1",FB_PG1_50822,Silver,onyx_lux_fabric_blinds,onyx_lux_fabric_blinds,UNRESOLVED,UNPUBLISHED,2026-09-20,Visible order menu,"Full grids, limits, compatibility and effective schedule unresolved",https://admin.onyxshutters.com/OrderDetailBlind.aspx,Implemented; awaiting deployment/live proof; pricing held
Onyx,Onyx Lux,Fabric Blinds,"2"" Light Filtering_FB_PG1",FB_PG1_50823,Grey,onyx_lux_fabric_blinds,onyx_lux_fabric_blinds,UNRESOLVED,UNPUBLISHED,2026-09-20,Visible order menu,"Full grids, limits, compatibility and effective schedule unresolved",https://admin.onyxshutters.com/OrderDetailBlind.aspx,Implemented; awaiting deployment/live proof; pricing held
Onyx,Onyx Lux,Fabric Blinds,"2"" Light Filtering_FB_PG1",FB_PG1_50895,Turbulence,onyx_lux_fabric_blinds,onyx_lux_fabric_blinds,UNRESOLVED,UNPUBLISHED,2026-09-20,Visible order menu,"Full grids, limits, compatibility and effective schedule unresolved",https://admin.onyxshutters.com/OrderDetailBlind.aspx,Implemented; awaiting deployment/live proof; pricing held
Onyx,Onyx Lux,Fabric Blinds,"2"" Light Filtering_FB_PG1",FB_PG1_50897,Black,onyx_lux_fabric_blinds,onyx_lux_fabric_blinds,UNRESOLVED,UNPUBLISHED,2026-09-20,Visible order menu,"Full grids, limits, compatibility and effective schedule unresolved",https://admin.onyxshutters.com/OrderDetailBlind.aspx,Implemented; awaiting deployment/live proof; pricing held
Onyx,Onyx Lux,Fabric Blinds,"2"" Light Filtering_FB_PG1",FB_PG1_50901,Moon Silver,onyx_lux_fabric_blinds,onyx_lux_fabric_blinds,UNRESOLVED,UNPUBLISHED,2026-09-20,Visible order menu,"Full grids, limits, compatibility and effective schedule unresolved",https://admin.onyxshutters.com/OrderDetailBlind.aspx,Implemented; awaiting deployment/live proof; pricing held
Onyx,Onyx Lux,Fabric Blinds,"2"" Light Filtering_FB_PG1",FB_PG1_50902,Luxury Gold,onyx_lux_fabric_blinds,onyx_lux_fabric_blinds,UNRESOLVED,UNPUBLISHED,2026-09-20,Visible order menu,"Full grids, limits, compatibility and effective schedule unresolved",https://admin.onyxshutters.com/OrderDetailBlind.aspx,Implemented; awaiting deployment/live proof; pricing held
Onyx,Onyx Lux,Fabric Blinds,"2"" Light Filtering_FB_PG1",FB_PG1_50903,Rose Gold,onyx_lux_fabric_blinds,onyx_lux_fabric_blinds,UNRESOLVED,UNPUBLISHED,2026-09-20,Visible order menu,"Full grids, limits, compatibility and effective schedule unresolved",https://admin.onyxshutters.com/OrderDetailBlind.aspx,Implemented; awaiting deployment/live proof; pricing held
Onyx,Onyx Lux,Fabric Blinds,"2"" Room Darkening_FB_PG2",FB_PG2_50016D,Slate,onyx_lux_fabric_blinds,onyx_lux_fabric_blinds,UNRESOLVED,UNPUBLISHED,2026-09-20,Visible order menu,"Full grids, limits, compatibility and effective schedule unresolved",https://admin.onyxshutters.com/OrderDetailBlind.aspx,Implemented; awaiting deployment/live proof; pricing held
Onyx,Onyx Lux,Fabric Blinds,"2"" Room Darkening_FB_PG2",FB_PG2_50017D,Chestnut,onyx_lux_fabric_blinds,onyx_lux_fabric_blinds,UNRESOLVED,UNPUBLISHED,2026-09-20,Visible order menu,"Full grids, limits, compatibility and effective schedule unresolved",https://admin.onyxshutters.com/OrderDetailBlind.aspx,Implemented; awaiting deployment/live proof; pricing held
Onyx,Onyx Lux,Fabric Blinds,"2"" Room Darkening_FB_PG2",FB_PG2_50029D,Blueberry,onyx_lux_fabric_blinds,onyx_lux_fabric_blinds,UNRESOLVED,UNPUBLISHED,2026-09-20,Visible order menu,"Full grids, limits, compatibility and effective schedule unresolved",https://admin.onyxshutters.com/OrderDetailBlind.aspx,Implemented; awaiting deployment/live proof; pricing held
Onyx,Onyx Lux,Fabric Blinds,"2"" Room Darkening_FB_PG2",FB_PG2_50031D,Sand,onyx_lux_fabric_blinds,onyx_lux_fabric_blinds,UNRESOLVED,UNPUBLISHED,2026-09-20,Visible order menu,"Full grids, limits, compatibility and effective schedule unresolved",https://admin.onyxshutters.com/OrderDetailBlind.aspx,Implemented; awaiting deployment/live proof; pricing held
Onyx,Onyx Lux,Fabric Blinds,"2"" Room Darkening_FB_PG2",FB_PG2_50100-897,Ash,onyx_lux_fabric_blinds,onyx_lux_fabric_blinds,UNRESOLVED,UNPUBLISHED,2026-09-20,Visible order menu,"Full grids, limits, compatibility and effective schedule unresolved",https://admin.onyxshutters.com/OrderDetailBlind.aspx,Implemented; awaiting deployment/live proof; pricing held
Onyx,Onyx Lux,Fabric Blinds,"2"" Room Darkening_FB_PG2",FB_PG3_50100D,White,onyx_lux_fabric_blinds,onyx_lux_fabric_blinds,UNRESOLVED,UNPUBLISHED,2026-09-20,Visible order menu,"Full grids, limits, compatibility and effective schedule unresolved",https://admin.onyxshutters.com/OrderDetailBlind.aspx,Implemented; awaiting deployment/live proof; pricing held
Onyx,Onyx Lux,Fabric Blinds,"2"" Room Darkening_FB_PG2",FB_PG2_50113D,Off White,onyx_lux_fabric_blinds,onyx_lux_fabric_blinds,UNRESOLVED,UNPUBLISHED,2026-09-20,Visible order menu,"Full grids, limits, compatibility and effective schedule unresolved",https://admin.onyxshutters.com/OrderDetailBlind.aspx,Implemented; awaiting deployment/live proof; pricing held
Onyx,Onyx Lux,Fabric Blinds,"2"" Room Darkening_FB_PG2",FB_PG2_50125D,Vanilla,onyx_lux_fabric_blinds,onyx_lux_fabric_blinds,UNRESOLVED,UNPUBLISHED,2026-09-20,Visible order menu,"Full grids, limits, compatibility and effective schedule unresolved",https://admin.onyxshutters.com/OrderDetailBlind.aspx,Implemented; awaiting deployment/live proof; pricing held
Onyx,Onyx Lux,Fabric Blinds,"2"" Room Darkening_FB_PG2",FB_PG2_50295D,Country Redwood,onyx_lux_fabric_blinds,onyx_lux_fabric_blinds,UNRESOLVED,UNPUBLISHED,2026-09-20,Visible order menu,"Full grids, limits, compatibility and effective schedule unresolved",https://admin.onyxshutters.com/OrderDetailBlind.aspx,Implemented; awaiting deployment/live proof; pricing held
Onyx,Onyx Lux,Fabric Blinds,"2"" Room Darkening_FB_PG2",FB_PG2_50302D,Sesame,onyx_lux_fabric_blinds,onyx_lux_fabric_blinds,UNRESOLVED,UNPUBLISHED,2026-09-20,Visible order menu,"Full grids, limits, compatibility and effective schedule unresolved",https://admin.onyxshutters.com/OrderDetailBlind.aspx,Implemented; awaiting deployment/live proof; pricing held
Onyx,Onyx Lux,Fabric Blinds,"2"" Room Darkening_FB_PG2",FB_PG2_50320D,Gold,onyx_lux_fabric_blinds,onyx_lux_fabric_blinds,UNRESOLVED,UNPUBLISHED,2026-09-20,Visible order menu,"Full grids, limits, compatibility and effective schedule unresolved",https://admin.onyxshutters.com/OrderDetailBlind.aspx,Implemented; awaiting deployment/live proof; pricing held
Onyx,Onyx Lux,Fabric Blinds,"2"" Room Darkening_FB_PG2",FB_PG2_50334D,Pecan,onyx_lux_fabric_blinds,onyx_lux_fabric_blinds,UNRESOLVED,UNPUBLISHED,2026-09-20,Visible order menu,"Full grids, limits, compatibility and effective schedule unresolved",https://admin.onyxshutters.com/OrderDetailBlind.aspx,Implemented; awaiting deployment/live proof; pricing held
Onyx,Onyx Lux,Fabric Blinds,"2"" Room Darkening_FB_PG2",FB_PG2_50357-897,Acorn,onyx_lux_fabric_blinds,onyx_lux_fabric_blinds,UNRESOLVED,UNPUBLISHED,2026-09-20,Visible order menu,"Full grids, limits, compatibility and effective schedule unresolved",https://admin.onyxshutters.com/OrderDetailBlind.aspx,Implemented; awaiting deployment/live proof; pricing held
Onyx,Onyx Lux,Fabric Blinds,"2"" Room Darkening_FB_PG2",FB_PG2_50370D,Teak,onyx_lux_fabric_blinds,onyx_lux_fabric_blinds,UNRESOLVED,UNPUBLISHED,2026-09-20,Visible order menu,"Full grids, limits, compatibility and effective schedule unresolved",https://admin.onyxshutters.com/OrderDetailBlind.aspx,Implemented; awaiting deployment/live proof; pricing held
Onyx,Onyx Lux,Fabric Blinds,"2"" Room Darkening_FB_PG2",FB_PG2_50378D,Cocoa,onyx_lux_fabric_blinds,onyx_lux_fabric_blinds,UNRESOLVED,UNPUBLISHED,2026-09-20,Visible order menu,"Full grids, limits, compatibility and effective schedule unresolved",https://admin.onyxshutters.com/OrderDetailBlind.aspx,Implemented; awaiting deployment/live proof; pricing held
Onyx,Onyx Lux,Fabric Blinds,"2"" Room Darkening_FB_PG2",FB_PG2_50822-897,Pewter,onyx_lux_fabric_blinds,onyx_lux_fabric_blinds,UNRESOLVED,UNPUBLISHED,2026-09-20,Visible order menu,"Full grids, limits, compatibility and effective schedule unresolved",https://admin.onyxshutters.com/OrderDetailBlind.aspx,Implemented; awaiting deployment/live proof; pricing held
Onyx,Onyx Lux,Fabric Blinds,"2"" Room Darkening_FB_PG2",FB_PG2_50822D,Silver,onyx_lux_fabric_blinds,onyx_lux_fabric_blinds,UNRESOLVED,UNPUBLISHED,2026-09-20,Visible order menu,"Full grids, limits, compatibility and effective schedule unresolved",https://admin.onyxshutters.com/OrderDetailBlind.aspx,Implemented; awaiting deployment/live proof; pricing held
Onyx,Onyx Lux,Fabric Blinds,"2.5"" Light Filtering_FB_PG3",FB_PG3_65031,Sand,onyx_lux_fabric_blinds,onyx_lux_fabric_blinds,UNRESOLVED,UNPUBLISHED,2026-09-20,Visible order menu,"Full grids, limits, compatibility and effective schedule unresolved",https://admin.onyxshutters.com/OrderDetailBlind.aspx,Implemented; awaiting deployment/live proof; pricing held
Onyx,Onyx Lux,Fabric Blinds,"2.5"" Light Filtering_FB_PG3",FB_PG3_65100,White,onyx_lux_fabric_blinds,onyx_lux_fabric_blinds,UNRESOLVED,UNPUBLISHED,2026-09-20,Visible order menu,"Full grids, limits, compatibility and effective schedule unresolved",https://admin.onyxshutters.com/OrderDetailBlind.aspx,Implemented; awaiting deployment/live proof; pricing held
Onyx,Onyx Lux,Fabric Blinds,"2.5"" Light Filtering_FB_PG3",FB_PG3_65113,Off White,onyx_lux_fabric_blinds,onyx_lux_fabric_blinds,UNRESOLVED,UNPUBLISHED,2026-09-20,Visible order menu,"Full grids, limits, compatibility and effective schedule unresolved",https://admin.onyxshutters.com/OrderDetailBlind.aspx,Implemented; awaiting deployment/live proof; pricing held
Onyx,Onyx Lux,Fabric Blinds,"2.5"" Light Filtering_FB_PG3",FB_PG3_65125,Vanilla,onyx_lux_fabric_blinds,onyx_lux_fabric_blinds,UNRESOLVED,UNPUBLISHED,2026-09-20,Visible order menu,"Full grids, limits, compatibility and effective schedule unresolved",https://admin.onyxshutters.com/OrderDetailBlind.aspx,Implemented; awaiting deployment/live proof; pricing held
Onyx,Onyx Lux,Fabric Blinds,"2.5"" Light Filtering_FB_PG3",FB_PG3_65206,Peach,onyx_lux_fabric_blinds,onyx_lux_fabric_blinds,UNRESOLVED,UNPUBLISHED,2026-09-20,Visible order menu,"Full grids, limits, compatibility and effective schedule unresolved",https://admin.onyxshutters.com/OrderDetailBlind.aspx,Implemented; awaiting deployment/live proof; pricing held
Onyx,Onyx Lux,Fabric Blinds,"2.5"" Light Filtering_FB_PG3",FB_PG3_65302,Sesame,onyx_lux_fabric_blinds,onyx_lux_fabric_blinds,UNRESOLVED,UNPUBLISHED,2026-09-20,Visible order menu,"Full grids, limits, compatibility and effective schedule unresolved",https://admin.onyxshutters.com/OrderDetailBlind.aspx,Implemented; awaiting deployment/live proof; pricing held
Onyx,Onyx Lux,Fabric Blinds,"2.5"" Light Filtering_FB_PG3",FB_PG3_65334,Pecan,onyx_lux_fabric_blinds,onyx_lux_fabric_blinds,UNRESOLVED,UNPUBLISHED,2026-09-20,Visible order menu,"Full grids, limits, compatibility and effective schedule unresolved",https://admin.onyxshutters.com/OrderDetailBlind.aspx,Implemented; awaiting deployment/live proof; pricing held
Onyx,Onyx Lux,Fabric Blinds,"2.5"" Light Filtering_FB_PG3",FB_PG3_65357,Praline,onyx_lux_fabric_blinds,onyx_lux_fabric_blinds,UNRESOLVED,UNPUBLISHED,2026-09-20,Visible order menu,"Full grids, limits, compatibility and effective schedule unresolved",https://admin.onyxshutters.com/OrderDetailBlind.aspx,Implemented; awaiting deployment/live proof; pricing held
Onyx,Onyx Lux,Fabric Blinds,"2.5"" Light Filtering_FB_PG3",FB_PG3_65370,Teak,onyx_lux_fabric_blinds,onyx_lux_fabric_blinds,UNRESOLVED,UNPUBLISHED,2026-09-20,Visible order menu,"Full grids, limits, compatibility and effective schedule unresolved",https://admin.onyxshutters.com/OrderDetailBlind.aspx,Implemented; awaiting deployment/live proof; pricing held
Onyx,Onyx Lux,Fabric Blinds,"2.5"" Light Filtering_FB_PG3",FB_PG3_65378,Cocoa,onyx_lux_fabric_blinds,onyx_lux_fabric_blinds,UNRESOLVED,UNPUBLISHED,2026-09-20,Visible order menu,"Full grids, limits, compatibility and effective schedule unresolved",https://admin.onyxshutters.com/OrderDetailBlind.aspx,Implemented; awaiting deployment/live proof; pricing held
Onyx,Onyx Lux,Fabric Blinds,"2.5"" Light Filtering_FB_PG3",FB_PG4_65517,Willow,onyx_lux_fabric_blinds,onyx_lux_fabric_blinds,UNRESOLVED,UNPUBLISHED,2026-09-20,Visible order menu,"Full grids, limits, compatibility and effective schedule unresolved",https://admin.onyxshutters.com/OrderDetailBlind.aspx,Implemented; awaiting deployment/live proof; pricing held
Onyx,Onyx Lux,Fabric Blinds,"2.5"" Light Filtering_FB_PG3",FB_PG3_65613,Surf,onyx_lux_fabric_blinds,onyx_lux_fabric_blinds,UNRESOLVED,UNPUBLISHED,2026-09-20,Visible order menu,"Full grids, limits, compatibility and effective schedule unresolved",https://admin.onyxshutters.com/OrderDetailBlind.aspx,Implemented; awaiting deployment/live proof; pricing held
Onyx,Onyx Lux,Fabric Blinds,"2.5"" Light Filtering_FB_PG3",FB_PG3_65823,Grey,onyx_lux_fabric_blinds,onyx_lux_fabric_blinds,UNRESOLVED,UNPUBLISHED,2026-09-20,Visible order menu,"Full grids, limits, compatibility and effective schedule unresolved",https://admin.onyxshutters.com/OrderDetailBlind.aspx,Implemented; awaiting deployment/live proof; pricing held
Onyx,Onyx Lux,Fabric Blinds,"2.5"" Light Filtering_FB_PG3",FB_PG3_65987,Black,onyx_lux_fabric_blinds,onyx_lux_fabric_blinds,UNRESOLVED,UNPUBLISHED,2026-09-20,Visible order menu,"Full grids, limits, compatibility and effective schedule unresolved",https://admin.onyxshutters.com/OrderDetailBlind.aspx,Implemented; awaiting deployment/live proof; pricing held
Onyx,Onyx Lux,Fabric Blinds,"2.5"" Room Darkening_FB_PG4",FB_PG4_65016D,Slate,onyx_lux_fabric_blinds,onyx_lux_fabric_blinds,UNRESOLVED,UNPUBLISHED,2026-09-20,Visible order menu,"Full grids, limits, compatibility and effective schedule unresolved",https://admin.onyxshutters.com/OrderDetailBlind.aspx,Implemented; awaiting deployment/live proof; pricing held
Onyx,Onyx Lux,Fabric Blinds,"2.5"" Room Darkening_FB_PG4",FB_PG4_65017D,Chestnut,onyx_lux_fabric_blinds,onyx_lux_fabric_blinds,UNRESOLVED,UNPUBLISHED,2026-09-20,Visible order menu,"Full grids, limits, compatibility and effective schedule unresolved",https://admin.onyxshutters.com/OrderDetailBlind.aspx,Implemented; awaiting deployment/live proof; pricing held
Onyx,Onyx Lux,Fabric Blinds,"2.5"" Room Darkening_FB_PG4",FB_PG4_65029D,Blueberry,onyx_lux_fabric_blinds,onyx_lux_fabric_blinds,UNRESOLVED,UNPUBLISHED,2026-09-20,Visible order menu,"Full grids, limits, compatibility and effective schedule unresolved",https://admin.onyxshutters.com/OrderDetailBlind.aspx,Implemented; awaiting deployment/live proof; pricing held
Onyx,Onyx Lux,Fabric Blinds,"2.5"" Room Darkening_FB_PG4",FB_PG4_65031D,Sand,onyx_lux_fabric_blinds,onyx_lux_fabric_blinds,UNRESOLVED,UNPUBLISHED,2026-09-20,Visible order menu,"Full grids, limits, compatibility and effective schedule unresolved",https://admin.onyxshutters.com/OrderDetailBlind.aspx,Implemented; awaiting deployment/live proof; pricing held
Onyx,Onyx Lux,Fabric Blinds,"2.5"" Room Darkening_FB_PG4",HC_PG01_65100D,White,onyx_lux_fabric_blinds,onyx_lux_fabric_blinds,UNRESOLVED,UNPUBLISHED,2026-09-20,Visible order menu,"Full grids, limits, compatibility and effective schedule unresolved",https://admin.onyxshutters.com/OrderDetailBlind.aspx,Implemented; awaiting deployment/live proof; pricing held
Onyx,Onyx Lux,Fabric Blinds,"2.5"" Room Darkening_FB_PG4",FB_PG4_65113D,Off White,onyx_lux_fabric_blinds,onyx_lux_fabric_blinds,UNRESOLVED,UNPUBLISHED,2026-09-20,Visible order menu,"Full grids, limits, compatibility and effective schedule unresolved",https://admin.onyxshutters.com/OrderDetailBlind.aspx,Implemented; awaiting deployment/live proof; pricing held
Onyx,Onyx Lux,Fabric Blinds,"2.5"" Room Darkening_FB_PG4",FB_PG4_65125D,Vanilla,onyx_lux_fabric_blinds,onyx_lux_fabric_blinds,UNRESOLVED,UNPUBLISHED,2026-09-20,Visible order menu,"Full grids, limits, compatibility and effective schedule unresolved",https://admin.onyxshutters.com/OrderDetailBlind.aspx,Implemented; awaiting deployment/live proof; pricing held
Onyx,Onyx Lux,Fabric Blinds,"2.5"" Room Darkening_FB_PG4",FB_PG4_65295D,Country Redwood,onyx_lux_fabric_blinds,onyx_lux_fabric_blinds,UNRESOLVED,UNPUBLISHED,2026-09-20,Visible order menu,"Full grids, limits, compatibility and effective schedule unresolved",https://admin.onyxshutters.com/OrderDetailBlind.aspx,Implemented; awaiting deployment/live proof; pricing held
Onyx,Onyx Lux,Fabric Blinds,"2.5"" Room Darkening_FB_PG4",FB_PG4_65302D,Sesame,onyx_lux_fabric_blinds,onyx_lux_fabric_blinds,UNRESOLVED,UNPUBLISHED,2026-09-20,Visible order menu,"Full grids, limits, compatibility and effective schedule unresolved",https://admin.onyxshutters.com/OrderDetailBlind.aspx,Implemented; awaiting deployment/live proof; pricing held
Onyx,Onyx Lux,Fabric Blinds,"2.5"" Room Darkening_FB_PG4",FB_PG4_65320D,Gold,onyx_lux_fabric_blinds,onyx_lux_fabric_blinds,UNRESOLVED,UNPUBLISHED,2026-09-20,Visible order menu,"Full grids, limits, compatibility and effective schedule unresolved",https://admin.onyxshutters.com/OrderDetailBlind.aspx,Implemented; awaiting deployment/live proof; pricing held
Onyx,Onyx Lux,Fabric Blinds,"2.5"" Room Darkening_FB_PG4",FB_PG4_65334D,Pecan,onyx_lux_fabric_blinds,onyx_lux_fabric_blinds,UNRESOLVED,UNPUBLISHED,2026-09-20,Visible order menu,"Full grids, limits, compatibility and effective schedule unresolved",https://admin.onyxshutters.com/OrderDetailBlind.aspx,Implemented; awaiting deployment/live proof; pricing held
Onyx,Onyx Lux,Fabric Blinds,"2.5"" Room Darkening_FB_PG4",FB_PG4_65370D,Teak,onyx_lux_fabric_blinds,onyx_lux_fabric_blinds,UNRESOLVED,UNPUBLISHED,2026-09-20,Visible order menu,"Full grids, limits, compatibility and effective schedule unresolved",https://admin.onyxshutters.com/OrderDetailBlind.aspx,Implemented; awaiting deployment/live proof; pricing held
Onyx,Onyx Lux,Fabric Blinds,"2.5"" Room Darkening_FB_PG4",FB_PG4_65378D,Cocoa,onyx_lux_fabric_blinds,onyx_lux_fabric_blinds,UNRESOLVED,UNPUBLISHED,2026-09-20,Visible order menu,"Full grids, limits, compatibility and effective schedule unresolved",https://admin.onyxshutters.com/OrderDetailBlind.aspx,Implemented; awaiting deployment/live proof; pricing held
Onyx,Onyx Lux,Fabric Blinds,"2.5"" Room Darkening_FB_PG4",FB_PG4_65822D,Silver,onyx_lux_fabric_blinds,onyx_lux_fabric_blinds,UNRESOLVED,UNPUBLISHED,2026-09-20,Visible order menu,"Full grids, limits, compatibility and effective schedule unresolved",https://admin.onyxshutters.com/OrderDetailBlind.aspx,Implemented; awaiting deployment/live proof; pricing held
Onyx,Onyx Lux,Honeycomb,3/4 Single LF_HC_PG05,HC_PG05_H45034M,Roswell,onyx_lux_honeycomb,onyx_lux_honeycomb,UNRESOLVED,UNPUBLISHED,2026-09-20,Visible order menu,"Full grids, limits, compatibility and effective schedule unresolved",https://admin.onyxshutters.com/OrderDetailBlind.aspx,Implemented; awaiting deployment/live proof; pricing held
Onyx,Onyx Lux,Honeycomb,3/4 Single LF_HC_PG05,HC_PG05_H45034S,Quicksilver,onyx_lux_honeycomb,onyx_lux_honeycomb,UNRESOLVED,UNPUBLISHED,2026-09-20,Visible order menu,"Full grids, limits, compatibility and effective schedule unresolved",https://admin.onyxshutters.com/OrderDetailBlind.aspx,Implemented; awaiting deployment/live proof; pricing held
Onyx,Onyx Lux,Honeycomb,3/4 Single LF_HC_PG05,HC_PG05_H45047,Royal Blue,onyx_lux_honeycomb,onyx_lux_honeycomb,UNRESOLVED,UNPUBLISHED,2026-09-20,Visible order menu,"Full grids, limits, compatibility and effective schedule unresolved",https://admin.onyxshutters.com/OrderDetailBlind.aspx,Implemented; awaiting deployment/live proof; pricing held
Onyx,Onyx Lux,Honeycomb,3/4 Single LF_HC_PG05,HC_PG05_H45100,Snow White,onyx_lux_honeycomb,onyx_lux_honeycomb,UNRESOLVED,UNPUBLISHED,2026-09-20,Visible order menu,"Full grids, limits, compatibility and effective schedule unresolved",https://admin.onyxshutters.com/OrderDetailBlind.aspx,Implemented; awaiting deployment/live proof; pricing held
Onyx,Onyx Lux,Honeycomb,3/4 Single LF_HC_PG05,HC_PG05_H45100S,Swan,onyx_lux_honeycomb,onyx_lux_honeycomb,UNRESOLVED,UNPUBLISHED,2026-09-20,Visible order menu,"Full grids, limits, compatibility and effective schedule unresolved",https://admin.onyxshutters.com/OrderDetailBlind.aspx,Implemented; awaiting deployment/live proof; pricing held
Onyx,Onyx Lux,Honeycomb,3/4 Single LF_HC_PG05,HC_PG05_H45125,Linen,onyx_lux_honeycomb,onyx_lux_honeycomb,UNRESOLVED,UNPUBLISHED,2026-09-20,Visible order menu,"Full grids, limits, compatibility and effective schedule unresolved",https://admin.onyxshutters.com/OrderDetailBlind.aspx,Implemented; awaiting deployment/live proof; pricing held
Onyx,Onyx Lux,Honeycomb,3/4 Single LF_HC_PG05,HC_PG05_H45145,Beige,onyx_lux_honeycomb,onyx_lux_honeycomb,UNRESOLVED,UNPUBLISHED,2026-09-20,Visible order menu,"Full grids, limits, compatibility and effective schedule unresolved",https://admin.onyxshutters.com/OrderDetailBlind.aspx,Implemented; awaiting deployment/live proof; pricing held
Onyx,Onyx Lux,Honeycomb,3/4 Single LF_HC_PG05,HC_PG05_H45145P,Camel,onyx_lux_honeycomb,onyx_lux_honeycomb,UNRESOLVED,UNPUBLISHED,2026-09-20,Visible order menu,"Full grids, limits, compatibility and effective schedule unresolved",https://admin.onyxshutters.com/OrderDetailBlind.aspx,Implemented; awaiting deployment/live proof; pricing held
Onyx,Onyx Lux,Honeycomb,3/4 Single LF_HC_PG05,HC_PG05_H45206,Petal,onyx_lux_honeycomb,onyx_lux_honeycomb,UNRESOLVED,UNPUBLISHED,2026-09-20,Visible order menu,"Full grids, limits, compatibility and effective schedule unresolved",https://admin.onyxshutters.com/OrderDetailBlind.aspx,Implemented; awaiting deployment/live proof; pricing held
Onyx,Onyx Lux,Honeycomb,3/4 Single LF_HC_PG05,HC_PG05_H45206P,Seashell,onyx_lux_honeycomb,onyx_lux_honeycomb,UNRESOLVED,UNPUBLISHED,2026-09-20,Visible order menu,"Full grids, limits, compatibility and effective schedule unresolved",https://admin.onyxshutters.com/OrderDetailBlind.aspx,Implemented; awaiting deployment/live proof; pricing held
Onyx,Onyx Lux,Honeycomb,3/4 Single LF_HC_PG05,HC_PG05_H45295,Mahogany,onyx_lux_honeycomb,onyx_lux_honeycomb,UNRESOLVED,UNPUBLISHED,2026-09-20,Visible order menu,"Full grids, limits, compatibility and effective schedule unresolved",https://admin.onyxshutters.com/OrderDetailBlind.aspx,Implemented; awaiting deployment/live proof; pricing held
Onyx,Onyx Lux,Honeycomb,3/4 Single LF_HC_PG05,HC_PG05_H45302,Sesame,onyx_lux_honeycomb,onyx_lux_honeycomb,UNRESOLVED,UNPUBLISHED,2026-09-20,Visible order menu,"Full grids, limits, compatibility and effective schedule unresolved",https://admin.onyxshutters.com/OrderDetailBlind.aspx,Implemented; awaiting deployment/live proof; pricing held
Onyx,Onyx Lux,Honeycomb,3/4 Single LF_HC_PG05,HC_PG05_H45302P,Ecru,onyx_lux_honeycomb,onyx_lux_honeycomb,UNRESOLVED,UNPUBLISHED,2026-09-20,Visible order menu,"Full grids, limits, compatibility and effective schedule unresolved",https://admin.onyxshutters.com/OrderDetailBlind.aspx,Implemented; awaiting deployment/live proof; pricing held
Onyx,Onyx Lux,Honeycomb,3/4 Single LF_HC_PG05,HC_PG05_H45323P,Mushroom,onyx_lux_honeycomb,onyx_lux_honeycomb,UNRESOLVED,UNPUBLISHED,2026-09-20,Visible order menu,"Full grids, limits, compatibility and effective schedule unresolved",https://admin.onyxshutters.com/OrderDetailBlind.aspx,Implemented; awaiting deployment/live proof; pricing held
Onyx,Onyx Lux,Honeycomb,3/4 Single LF_HC_PG05,HC_PG05_H45357,Coral,onyx_lux_honeycomb,onyx_lux_honeycomb,UNRESOLVED,UNPUBLISHED,2026-09-20,Visible order menu,"Full grids, limits, compatibility and effective schedule unresolved",https://admin.onyxshutters.com/OrderDetailBlind.aspx,Implemented; awaiting deployment/live proof; pricing held
Onyx,Onyx Lux,Honeycomb,3/4 Single LF_HC_PG05,HC_PG05_H45378,Java,onyx_lux_honeycomb,onyx_lux_honeycomb,UNRESOLVED,UNPUBLISHED,2026-09-20,Visible order menu,"Full grids, limits, compatibility and effective schedule unresolved",https://admin.onyxshutters.com/OrderDetailBlind.aspx,Implemented; awaiting deployment/live proof; pricing held
Onyx,Onyx Lux,Honeycomb,3/4 Single LF_HC_PG05,HC_PG05_H45414,Straw,onyx_lux_honeycomb,onyx_lux_honeycomb,UNRESOLVED,UNPUBLISHED,2026-09-20,Visible order menu,"Full grids, limits, compatibility and effective schedule unresolved",https://admin.onyxshutters.com/OrderDetailBlind.aspx,Implemented; awaiting deployment/live proof; pricing held
Onyx,Onyx Lux,Honeycomb,3/4 Single LF_HC_PG05,HC_PG05_H45414P,Wheat,onyx_lux_honeycomb,onyx_lux_honeycomb,UNRESOLVED,UNPUBLISHED,2026-09-20,Visible order menu,"Full grids, limits, compatibility and effective schedule unresolved",https://admin.onyxshutters.com/OrderDetailBlind.aspx,Implemented; awaiting deployment/live proof; pricing held
Onyx,Onyx Lux,Honeycomb,3/4 Single LF_HC_PG05,HC_PG05_H45430M,Antique,onyx_lux_honeycomb,onyx_lux_honeycomb,UNRESOLVED,UNPUBLISHED,2026-09-20,Visible order menu,"Full grids, limits, compatibility and effective schedule unresolved",https://admin.onyxshutters.com/OrderDetailBlind.aspx,Implemented; awaiting deployment/live proof; pricing held
Onyx,Onyx Lux,Honeycomb,3/4 Single LF_HC_PG05,HC_PG05_H45430P,Cork,onyx_lux_honeycomb,onyx_lux_honeycomb,UNRESOLVED,UNPUBLISHED,2026-09-20,Visible order menu,"Full grids, limits, compatibility and effective schedule unresolved",https://admin.onyxshutters.com/OrderDetailBlind.aspx,Implemented; awaiting deployment/live proof; pricing held
Onyx,Onyx Lux,Honeycomb,3/4 Single LF_HC_PG05,HC_PG05_H45503K,Jade,onyx_lux_honeycomb,onyx_lux_honeycomb,UNRESOLVED,UNPUBLISHED,2026-09-20,Visible order menu,"Full grids, limits, compatibility and effective schedule unresolved",https://admin.onyxshutters.com/OrderDetailBlind.aspx,Implemented; awaiting deployment/live proof; pricing held
Onyx,Onyx Lux,Honeycomb,3/4 Single LF_HC_PG05,HC_PG05_H45652K,Icicle,onyx_lux_honeycomb,onyx_lux_honeycomb,UNRESOLVED,UNPUBLISHED,2026-09-20,Visible order menu,"Full grids, limits, compatibility and effective schedule unresolved",https://admin.onyxshutters.com/OrderDetailBlind.aspx,Implemented; awaiting deployment/live proof; pricing held
Onyx,Onyx Lux,Honeycomb,3/4 Single LF_HC_PG05,HC_PG05_H45822,Granite,onyx_lux_honeycomb,onyx_lux_honeycomb,UNRESOLVED,UNPUBLISHED,2026-09-20,Visible order menu,"Full grids, limits, compatibility and effective schedule unresolved",https://admin.onyxshutters.com/OrderDetailBlind.aspx,Implemented; awaiting deployment/live proof; pricing held
Onyx,Onyx Lux,Honeycomb,3/4 Single LF_HC_PG05,HC_PG05_H45823,Pebble,onyx_lux_honeycomb,onyx_lux_honeycomb,UNRESOLVED,UNPUBLISHED,2026-09-20,Visible order menu,"Full grids, limits, compatibility and effective schedule unresolved",https://admin.onyxshutters.com/OrderDetailBlind.aspx,Implemented; awaiting deployment/live proof; pricing held
Onyx,Onyx Lux,Honeycomb,3/4 Single LF_HC_PG05,HC_PG05_H45895K,Meteorite,onyx_lux_honeycomb,onyx_lux_honeycomb,UNRESOLVED,UNPUBLISHED,2026-09-20,Visible order menu,"Full grids, limits, compatibility and effective schedule unresolved",https://admin.onyxshutters.com/OrderDetailBlind.aspx,Implemented; awaiting deployment/live proof; pricing held
Onyx,Onyx Lux,Honeycomb,3/4 Single LF_HC_PG05,HC_PG06_H45895M,Flint,onyx_lux_honeycomb,onyx_lux_honeycomb,UNRESOLVED,UNPUBLISHED,2026-09-20,Visible order menu,"Full grids, limits, compatibility and effective schedule unresolved",https://admin.onyxshutters.com/OrderDetailBlind.aspx,Implemented; awaiting deployment/live proof; pricing held
Onyx,Onyx Lux,Honeycomb,3/4 Single RD_HC_PG06,HC_PG06_H45034SD,Quicksilver,onyx_lux_honeycomb,onyx_lux_honeycomb,UNRESOLVED,UNPUBLISHED,2026-09-20,Visible order menu,"Full grids, limits, compatibility and effective schedule unresolved",https://admin.onyxshutters.com/OrderDetailBlind.aspx,Implemented; awaiting deployment/live proof; pricing held
Onyx,Onyx Lux,Honeycomb,3/4 Single RD_HC_PG06,HC_PG06_H45047D,Royal Blue,onyx_lux_honeycomb,onyx_lux_honeycomb,UNRESOLVED,UNPUBLISHED,2026-09-20,Visible order menu,"Full grids, limits, compatibility and effective schedule unresolved",https://admin.onyxshutters.com/OrderDetailBlind.aspx,Implemented; awaiting deployment/live proof; pricing held
Onyx,Onyx Lux,Honeycomb,3/4 Single RD_HC_PG06,HC_PG06_H45047WD,Nebula,onyx_lux_honeycomb,onyx_lux_honeycomb,UNRESOLVED,UNPUBLISHED,2026-09-20,Visible order menu,"Full grids, limits, compatibility and effective schedule unresolved",https://admin.onyxshutters.com/OrderDetailBlind.aspx,Implemented; awaiting deployment/live proof; pricing held
Onyx,Onyx Lux,Honeycomb,3/4 Single RD_HC_PG06,HC_PG06_H45100D,Snow White,onyx_lux_honeycomb,onyx_lux_honeycomb,UNRESOLVED,UNPUBLISHED,2026-09-20,Visible order menu,"Full grids, limits, compatibility and effective schedule unresolved",https://admin.onyxshutters.com/OrderDetailBlind.aspx,Implemented; awaiting deployment/live proof; pricing held
Onyx,Onyx Lux,Honeycomb,3/4 Single RD_HC_PG06,HC_PG06_H45100SD,Swan,onyx_lux_honeycomb,onyx_lux_honeycomb,UNRESOLVED,UNPUBLISHED,2026-09-20,Visible order menu,"Full grids, limits, compatibility and effective schedule unresolved",https://admin.onyxshutters.com/OrderDetailBlind.aspx,Implemented; awaiting deployment/live proof; pricing held
Onyx,Onyx Lux,Honeycomb,3/4 Single RD_HC_PG06,HC_PG06_H45100WD,Cloud,onyx_lux_honeycomb,onyx_lux_honeycomb,UNRESOLVED,UNPUBLISHED,2026-09-20,Visible order menu,"Full grids, limits, compatibility and effective schedule unresolved",https://admin.onyxshutters.com/OrderDetailBlind.aspx,Implemented; awaiting deployment/live proof; pricing held
Onyx,Onyx Lux,Honeycomb,3/4 Single RD_HC_PG06,HC_PG06_H45101WD,Paper,onyx_lux_honeycomb,onyx_lux_honeycomb,UNRESOLVED,UNPUBLISHED,2026-09-20,Visible order menu,"Full grids, limits, compatibility and effective schedule unresolved",https://admin.onyxshutters.com/OrderDetailBlind.aspx,Implemented; awaiting deployment/live proof; pricing held
Onyx,Onyx Lux,Honeycomb,3/4 Single RD_HC_PG06,HC_PG06_H45125D,Linen,onyx_lux_honeycomb,onyx_lux_honeycomb,UNRESOLVED,UNPUBLISHED,2026-09-20,Visible order menu,"Full grids, limits, compatibility and effective schedule unresolved",https://admin.onyxshutters.com/OrderDetailBlind.aspx,Implemented; awaiting deployment/live proof; pricing held
Onyx,Onyx Lux,Honeycomb,3/4 Single RD_HC_PG06,HC_PG06_H45145D,Beige,onyx_lux_honeycomb,onyx_lux_honeycomb,UNRESOLVED,UNPUBLISHED,2026-09-20,Visible order menu,"Full grids, limits, compatibility and effective schedule unresolved",https://admin.onyxshutters.com/OrderDetailBlind.aspx,Implemented; awaiting deployment/live proof; pricing held
Onyx,Onyx Lux,Honeycomb,3/4 Single RD_HC_PG06,HC_PG06_H45145PD,Camel,onyx_lux_honeycomb,onyx_lux_honeycomb,UNRESOLVED,UNPUBLISHED,2026-09-20,Visible order menu,"Full grids, limits, compatibility and effective schedule unresolved",https://admin.onyxshutters.com/OrderDetailBlind.aspx,Implemented; awaiting deployment/live proof; pricing held
Onyx,Onyx Lux,Honeycomb,3/4 Single RD_HC_PG06,HC_PG06_H45206D,Petal,onyx_lux_honeycomb,onyx_lux_honeycomb,UNRESOLVED,UNPUBLISHED,2026-09-20,Visible order menu,"Full grids, limits, compatibility and effective schedule unresolved",https://admin.onyxshutters.com/OrderDetailBlind.aspx,Implemented; awaiting deployment/live proof; pricing held
Onyx,Onyx Lux,Honeycomb,3/4 Single RD_HC_PG06,HC_PG06_H45206PD,Seashell,onyx_lux_honeycomb,onyx_lux_honeycomb,UNRESOLVED,UNPUBLISHED,2026-09-20,Visible order menu,"Full grids, limits, compatibility and effective schedule unresolved",https://admin.onyxshutters.com/OrderDetailBlind.aspx,Implemented; awaiting deployment/live proof; pricing held
Onyx,Onyx Lux,Honeycomb,3/4 Single RD_HC_PG06,HC_PG06_H45206WD,Powder Pink,onyx_lux_honeycomb,onyx_lux_honeycomb,UNRESOLVED,UNPUBLISHED,2026-09-20,Visible order menu,"Full grids, limits, compatibility and effective schedule unresolved",https://admin.onyxshutters.com/OrderDetailBlind.aspx,Implemented; awaiting deployment/live proof; pricing held
Onyx,Onyx Lux,Honeycomb,3/4 Single RD_HC_PG06,HC_PG06_H45295D,Mahogany,onyx_lux_honeycomb,onyx_lux_honeycomb,UNRESOLVED,UNPUBLISHED,2026-09-20,Visible order menu,"Full grids, limits, compatibility and effective schedule unresolved",https://admin.onyxshutters.com/OrderDetailBlind.aspx,Implemented; awaiting deployment/live proof; pricing held
Onyx,Onyx Lux,Honeycomb,3/4 Single RD_HC_PG06,HC_PG06_H45302D,Sesame,onyx_lux_honeycomb,onyx_lux_honeycomb,UNRESOLVED,UNPUBLISHED,2026-09-20,Visible order menu,"Full grids, limits, compatibility and effective schedule unresolved",https://admin.onyxshutters.com/OrderDetailBlind.aspx,Implemented; awaiting deployment/live proof; pricing held
Onyx,Onyx Lux,Honeycomb,3/4 Single RD_HC_PG06,HC_PG06_H45302PD,Ecru,onyx_lux_honeycomb,onyx_lux_honeycomb,UNRESOLVED,UNPUBLISHED,2026-09-20,Visible order menu,"Full grids, limits, compatibility and effective schedule unresolved",https://admin.onyxshutters.com/OrderDetailBlind.aspx,Implemented; awaiting deployment/live proof; pricing held
Onyx,Onyx Lux,Honeycomb,3/4 Single RD_HC_PG06,HC_PG06_H45323PD,Mushroom,onyx_lux_honeycomb,onyx_lux_honeycomb,UNRESOLVED,UNPUBLISHED,2026-09-20,Visible order menu,"Full grids, limits, compatibility and effective schedule unresolved",https://admin.onyxshutters.com/OrderDetailBlind.aspx,Implemented; awaiting deployment/live proof; pricing held
Onyx,Onyx Lux,Honeycomb,3/4 Single RD_HC_PG06,HC_PG06_H45357D,Coral,onyx_lux_honeycomb,onyx_lux_honeycomb,UNRESOLVED,UNPUBLISHED,2026-09-20,Visible order menu,"Full grids, limits, compatibility and effective schedule unresolved",https://admin.onyxshutters.com/OrderDetailBlind.aspx,Implemented; awaiting deployment/live proof; pricing held
Onyx,Onyx Lux,Honeycomb,3/4 Single RD_HC_PG06,HC_PG06_H45378D,Java,onyx_lux_honeycomb,onyx_lux_honeycomb,UNRESOLVED,UNPUBLISHED,2026-09-20,Visible order menu,"Full grids, limits, compatibility and effective schedule unresolved",https://admin.onyxshutters.com/OrderDetailBlind.aspx,Implemented; awaiting deployment/live proof; pricing held
Onyx,Onyx Lux,Honeycomb,3/4 Single RD_HC_PG06,HC_PG06_H45414D,Straw,onyx_lux_honeycomb,onyx_lux_honeycomb,UNRESOLVED,UNPUBLISHED,2026-09-20,Visible order menu,"Full grids, limits, compatibility and effective schedule unresolved",https://admin.onyxshutters.com/OrderDetailBlind.aspx,Implemented; awaiting deployment/live proof; pricing held
Onyx,Onyx Lux,Honeycomb,3/4 Single RD_HC_PG06,HC_PG06_H45414PD,Wheat,onyx_lux_honeycomb,onyx_lux_honeycomb,UNRESOLVED,UNPUBLISHED,2026-09-20,Visible order menu,"Full grids, limits, compatibility and effective schedule unresolved",https://admin.onyxshutters.com/OrderDetailBlind.aspx,Implemented; awaiting deployment/live proof; pricing held
Onyx,Onyx Lux,Honeycomb,3/4 Single RD_HC_PG06,HC_PG06_H45430PD,Cork,onyx_lux_honeycomb,onyx_lux_honeycomb,UNRESOLVED,UNPUBLISHED,2026-09-20,Visible order menu,"Full grids, limits, compatibility and effective schedule unresolved",https://admin.onyxshutters.com/OrderDetailBlind.aspx,Implemented; awaiting deployment/live proof; pricing held
Onyx,Onyx Lux,Honeycomb,3/4 Single RD_HC_PG06,HC_PG06_H45504WD,Meadow,onyx_lux_honeycomb,onyx_lux_honeycomb,UNRESOLVED,UNPUBLISHED,2026-09-20,Visible order menu,"Full grids, limits, compatibility and effective schedule unresolved",https://admin.onyxshutters.com/OrderDetailBlind.aspx,Implemented; awaiting deployment/live proof; pricing held
Onyx,Onyx Lux,Honeycomb,3/4 Single RD_HC_PG06,HC_PG06_H45822D,Granite,onyx_lux_honeycomb,onyx_lux_honeycomb,UNRESOLVED,UNPUBLISHED,2026-09-20,Visible order menu,"Full grids, limits, compatibility and effective schedule unresolved",https://admin.onyxshutters.com/OrderDetailBlind.aspx,Implemented; awaiting deployment/live proof; pricing held
Onyx,Onyx Lux,Honeycomb,3/4 Single RD_HC_PG06,HC_PG06_H45823D,Pebble,onyx_lux_honeycomb,onyx_lux_honeycomb,UNRESOLVED,UNPUBLISHED,2026-09-20,Visible order menu,"Full grids, limits, compatibility and effective schedule unresolved",https://admin.onyxshutters.com/OrderDetailBlind.aspx,Implemented; awaiting deployment/live proof; pricing held
Onyx,Onyx Lux,Honeycomb,3/4 Single RD_HC_PG06,HC_PG06_H45823WD,Pewter,onyx_lux_honeycomb,onyx_lux_honeycomb,UNRESOLVED,UNPUBLISHED,2026-09-20,Visible order menu,"Full grids, limits, compatibility and effective schedule unresolved",https://admin.onyxshutters.com/OrderDetailBlind.aspx,Implemented; awaiting deployment/live proof; pricing held
Onyx,Onyx Lux,Honeycomb,3/8 Double LF_HC_PG03,HC_PG04_H38000,White Sheer,onyx_lux_honeycomb,onyx_lux_honeycomb,UNRESOLVED,UNPUBLISHED,2026-09-20,Visible order menu,"Full grids, limits, compatibility and effective schedule unresolved",https://admin.onyxshutters.com/OrderDetailBlind.aspx,Implemented; awaiting deployment/live proof; pricing held
Onyx,Onyx Lux,Honeycomb,3/8 Double LF_HC_PG03,HC_PG03_H38047T,Royal Blue,onyx_lux_honeycomb,onyx_lux_honeycomb,UNRESOLVED,UNPUBLISHED,2026-09-20,Visible order menu,"Full grids, limits, compatibility and effective schedule unresolved",https://admin.onyxshutters.com/OrderDetailBlind.aspx,Implemented; awaiting deployment/live proof; pricing held
Onyx,Onyx Lux,Honeycomb,3/8 Double LF_HC_PG03,HC_PG03_H38100T,Snow White,onyx_lux_honeycomb,onyx_lux_honeycomb,UNRESOLVED,UNPUBLISHED,2026-09-20,Visible order menu,"Full grids, limits, compatibility and effective schedule unresolved",https://admin.onyxshutters.com/OrderDetailBlind.aspx,Implemented; awaiting deployment/live proof; pricing held
Onyx,Onyx Lux,Honeycomb,3/8 Double LF_HC_PG03,HC_PG03_H38125T,Linen,onyx_lux_honeycomb,onyx_lux_honeycomb,UNRESOLVED,UNPUBLISHED,2026-09-20,Visible order menu,"Full grids, limits, compatibility and effective schedule unresolved",https://admin.onyxshutters.com/OrderDetailBlind.aspx,Implemented; awaiting deployment/live proof; pricing held
Onyx,Onyx Lux,Honeycomb,3/8 Double LF_HC_PG03,HC_PG03_H38145T,Beige,onyx_lux_honeycomb,onyx_lux_honeycomb,UNRESOLVED,UNPUBLISHED,2026-09-20,Visible order menu,"Full grids, limits, compatibility and effective schedule unresolved",https://admin.onyxshutters.com/OrderDetailBlind.aspx,Implemented; awaiting deployment/live proof; pricing held
Onyx,Onyx Lux,Honeycomb,3/8 Double LF_HC_PG03,HC_PG03_H38206T,Petal,onyx_lux_honeycomb,onyx_lux_honeycomb,UNRESOLVED,UNPUBLISHED,2026-09-20,Visible order menu,"Full grids, limits, compatibility and effective schedule unresolved",https://admin.onyxshutters.com/OrderDetailBlind.aspx,Implemented; awaiting deployment/live proof; pricing held
Onyx,Onyx Lux,Honeycomb,3/8 Double LF_HC_PG03,HC_PG03_H38295T,Mahogany,onyx_lux_honeycomb,onyx_lux_honeycomb,UNRESOLVED,UNPUBLISHED,2026-09-20,Visible order menu,"Full grids, limits, compatibility and effective schedule unresolved",https://admin.onyxshutters.com/OrderDetailBlind.aspx,Implemented; awaiting deployment/live proof; pricing held
Onyx,Onyx Lux,Honeycomb,3/8 Double LF_HC_PG03,HC_PG03_H38302T,Sesame,onyx_lux_honeycomb,onyx_lux_honeycomb,UNRESOLVED,UNPUBLISHED,2026-09-20,Visible order menu,"Full grids, limits, compatibility and effective schedule unresolved",https://admin.onyxshutters.com/OrderDetailBlind.aspx,Implemented; awaiting deployment/live proof; pricing held
Onyx,Onyx Lux,Honeycomb,3/8 Double LF_HC_PG03,HC_PG03_H38357T,Coral,onyx_lux_honeycomb,onyx_lux_honeycomb,UNRESOLVED,UNPUBLISHED,2026-09-20,Visible order menu,"Full grids, limits, compatibility and effective schedule unresolved",https://admin.onyxshutters.com/OrderDetailBlind.aspx,Implemented; awaiting deployment/live proof; pricing held
Onyx,Onyx Lux,Honeycomb,3/8 Double LF_HC_PG03,HC_PG03_H38378T,Java,onyx_lux_honeycomb,onyx_lux_honeycomb,UNRESOLVED,UNPUBLISHED,2026-09-20,Visible order menu,"Full grids, limits, compatibility and effective schedule unresolved",https://admin.onyxshutters.com/OrderDetailBlind.aspx,Implemented; awaiting deployment/live proof; pricing held
Onyx,Onyx Lux,Honeycomb,3/8 Double LF_HC_PG03,HC_PG03_H38414T,Straw,onyx_lux_honeycomb,onyx_lux_honeycomb,UNRESOLVED,UNPUBLISHED,2026-09-20,Visible order menu,"Full grids, limits, compatibility and effective schedule unresolved",https://admin.onyxshutters.com/OrderDetailBlind.aspx,Implemented; awaiting deployment/live proof; pricing held
Onyx,Onyx Lux,Honeycomb,3/8 Double LF_HC_PG03,HC_PG03_H38822T,Granite,onyx_lux_honeycomb,onyx_lux_honeycomb,UNRESOLVED,UNPUBLISHED,2026-09-20,Visible order menu,"Full grids, limits, compatibility and effective schedule unresolved",https://admin.onyxshutters.com/OrderDetailBlind.aspx,Implemented; awaiting deployment/live proof; pricing held
Onyx,Onyx Lux,Honeycomb,3/8 Double LF_HC_PG03,HC_PG03_H38823T,Pebble,onyx_lux_honeycomb,onyx_lux_honeycomb,UNRESOLVED,UNPUBLISHED,2026-09-20,Visible order menu,"Full grids, limits, compatibility and effective schedule unresolved",https://admin.onyxshutters.com/OrderDetailBlind.aspx,Implemented; awaiting deployment/live proof; pricing held
Onyx,Onyx Lux,Honeycomb,3/8 Double RD_HC_PG04,HC_PG05_H38047TD,Royal Blue,onyx_lux_honeycomb,onyx_lux_honeycomb,UNRESOLVED,UNPUBLISHED,2026-09-20,Visible order menu,"Full grids, limits, compatibility and effective schedule unresolved",https://admin.onyxshutters.com/OrderDetailBlind.aspx,Implemented; awaiting deployment/live proof; pricing held
Onyx,Onyx Lux,Honeycomb,3/8 Double RD_HC_PG04,HC_PG04_H38100TD,Snow White,onyx_lux_honeycomb,onyx_lux_honeycomb,UNRESOLVED,UNPUBLISHED,2026-09-20,Visible order menu,"Full grids, limits, compatibility and effective schedule unresolved",https://admin.onyxshutters.com/OrderDetailBlind.aspx,Implemented; awaiting deployment/live proof; pricing held
Onyx,Onyx Lux,Honeycomb,3/8 Double RD_HC_PG04,HC_PG04_H38125TD,Linen,onyx_lux_honeycomb,onyx_lux_honeycomb,UNRESOLVED,UNPUBLISHED,2026-09-20,Visible order menu,"Full grids, limits, compatibility and effective schedule unresolved",https://admin.onyxshutters.com/OrderDetailBlind.aspx,Implemented; awaiting deployment/live proof; pricing held
Onyx,Onyx Lux,Honeycomb,3/8 Double RD_HC_PG04,HC_PG04_H38145TD,Beige,onyx_lux_honeycomb,onyx_lux_honeycomb,UNRESOLVED,UNPUBLISHED,2026-09-20,Visible order menu,"Full grids, limits, compatibility and effective schedule unresolved",https://admin.onyxshutters.com/OrderDetailBlind.aspx,Implemented; awaiting deployment/live proof; pricing held
Onyx,Onyx Lux,Honeycomb,3/8 Double RD_HC_PG04,HC_PG04_H38206TD,Petal,onyx_lux_honeycomb,onyx_lux_honeycomb,UNRESOLVED,UNPUBLISHED,2026-09-20,Visible order menu,"Full grids, limits, compatibility and effective schedule unresolved",https://admin.onyxshutters.com/OrderDetailBlind.aspx,Implemented; awaiting deployment/live proof; pricing held
Onyx,Onyx Lux,Honeycomb,3/8 Double RD_HC_PG04,HC_PG04_H38295TD,Mahogany,onyx_lux_honeycomb,onyx_lux_honeycomb,UNRESOLVED,UNPUBLISHED,2026-09-20,Visible order menu,"Full grids, limits, compatibility and effective schedule unresolved",https://admin.onyxshutters.com/OrderDetailBlind.aspx,Implemented; awaiting deployment/live proof; pricing held
Onyx,Onyx Lux,Honeycomb,3/8 Double RD_HC_PG04,HC_PG04_H38302TD,Sesame,onyx_lux_honeycomb,onyx_lux_honeycomb,UNRESOLVED,UNPUBLISHED,2026-09-20,Visible order menu,"Full grids, limits, compatibility and effective schedule unresolved",https://admin.onyxshutters.com/OrderDetailBlind.aspx,Implemented; awaiting deployment/live proof; pricing held
Onyx,Onyx Lux,Honeycomb,3/8 Double RD_HC_PG04,HC_PG04_H38357TD,Coral,onyx_lux_honeycomb,onyx_lux_honeycomb,UNRESOLVED,UNPUBLISHED,2026-09-20,Visible order menu,"Full grids, limits, compatibility and effective schedule unresolved",https://admin.onyxshutters.com/OrderDetailBlind.aspx,Implemented; awaiting deployment/live proof; pricing held
Onyx,Onyx Lux,Honeycomb,3/8 Double RD_HC_PG04,HC_PG04_H38378TD,Java,onyx_lux_honeycomb,onyx_lux_honeycomb,UNRESOLVED,UNPUBLISHED,2026-09-20,Visible order menu,"Full grids, limits, compatibility and effective schedule unresolved",https://admin.onyxshutters.com/OrderDetailBlind.aspx,Implemented; awaiting deployment/live proof; pricing held
Onyx,Onyx Lux,Honeycomb,3/8 Double RD_HC_PG04,HC_PG04_H38414TD,Straw,onyx_lux_honeycomb,onyx_lux_honeycomb,UNRESOLVED,UNPUBLISHED,2026-09-20,Visible order menu,"Full grids, limits, compatibility and effective schedule unresolved",https://admin.onyxshutters.com/OrderDetailBlind.aspx,Implemented; awaiting deployment/live proof; pricing held
Onyx,Onyx Lux,Honeycomb,3/8 Double RD_HC_PG04,HC_PG04_H38822TD,Granite,onyx_lux_honeycomb,onyx_lux_honeycomb,UNRESOLVED,UNPUBLISHED,2026-09-20,Visible order menu,"Full grids, limits, compatibility and effective schedule unresolved",https://admin.onyxshutters.com/OrderDetailBlind.aspx,Implemented; awaiting deployment/live proof; pricing held
Onyx,Onyx Lux,Honeycomb,3/8 Double RD_HC_PG04,HC_PG04_H38823TD,Pebble,onyx_lux_honeycomb,onyx_lux_honeycomb,UNRESOLVED,UNPUBLISHED,2026-09-20,Visible order menu,"Full grids, limits, compatibility and effective schedule unresolved",https://admin.onyxshutters.com/OrderDetailBlind.aspx,Implemented; awaiting deployment/live proof; pricing held
Onyx,Onyx Lux,Honeycomb,3/8 Single LF_HC_PG01,HC_PG01_H25000,White Sheer,onyx_lux_honeycomb,onyx_lux_honeycomb,UNRESOLVED,UNPUBLISHED,2026-09-20,Visible order menu,"Full grids, limits, compatibility and effective schedule unresolved",https://admin.onyxshutters.com/OrderDetailBlind.aspx,Implemented; awaiting deployment/live proof; pricing held
Onyx,Onyx Lux,Honeycomb,3/8 Single LF_HC_PG01,HC_PG01_H25016,Nautical Gray,onyx_lux_honeycomb,onyx_lux_honeycomb,UNRESOLVED,UNPUBLISHED,2026-09-20,Visible order menu,"Full grids, limits, compatibility and effective schedule unresolved",https://admin.onyxshutters.com/OrderDetailBlind.aspx,Implemented; awaiting deployment/live proof; pricing held
Onyx,Onyx Lux,Honeycomb,3/8 Single LF_HC_PG01,HC_PG01_H25034M,Roswell,onyx_lux_honeycomb,onyx_lux_honeycomb,UNRESOLVED,UNPUBLISHED,2026-09-20,Visible order menu,"Full grids, limits, compatibility and effective schedule unresolved",https://admin.onyxshutters.com/OrderDetailBlind.aspx,Implemented; awaiting deployment/live proof; pricing held
Onyx,Onyx Lux,Honeycomb,3/8 Single LF_HC_PG01,HC_PG01_H25034S,Quicksilver,onyx_lux_honeycomb,onyx_lux_honeycomb,UNRESOLVED,UNPUBLISHED,2026-09-20,Visible order menu,"Full grids, limits, compatibility and effective schedule unresolved",https://admin.onyxshutters.com/OrderDetailBlind.aspx,Implemented; awaiting deployment/live proof; pricing held
Onyx,Onyx Lux,Honeycomb,3/8 Single LF_HC_PG01,HC_PG01_H25047,Royal Blue,onyx_lux_honeycomb,onyx_lux_honeycomb,UNRESOLVED,UNPUBLISHED,2026-09-20,Visible order menu,"Full grids, limits, compatibility and effective schedule unresolved",https://admin.onyxshutters.com/OrderDetailBlind.aspx,Implemented; awaiting deployment/live proof; pricing held
Onyx,Onyx Lux,Honeycomb,3/8 Single LF_HC_PG01,HC_PG01_H25100,Snow White,onyx_lux_honeycomb,onyx_lux_honeycomb,UNRESOLVED,UNPUBLISHED,2026-09-20,Visible order menu,"Full grids, limits, compatibility and effective schedule unresolved",https://admin.onyxshutters.com/OrderDetailBlind.aspx,Implemented; awaiting deployment/live proof; pricing held
Onyx,Onyx Lux,Honeycomb,3/8 Single LF_HC_PG01,HC_PG01_H25100S,Swan,onyx_lux_honeycomb,onyx_lux_honeycomb,UNRESOLVED,UNPUBLISHED,2026-09-20,Visible order menu,"Full grids, limits, compatibility and effective schedule unresolved",https://admin.onyxshutters.com/OrderDetailBlind.aspx,Implemented; awaiting deployment/live proof; pricing held
Onyx,Onyx Lux,Honeycomb,3/8 Single LF_HC_PG01,HC_PG01_H25125,Linen,onyx_lux_honeycomb,onyx_lux_honeycomb,UNRESOLVED,UNPUBLISHED,2026-09-20,Visible order menu,"Full grids, limits, compatibility and effective schedule unresolved",https://admin.onyxshutters.com/OrderDetailBlind.aspx,Implemented; awaiting deployment/live proof; pricing held
Onyx,Onyx Lux,Honeycomb,3/8 Single LF_HC_PG01,HC_PG01_H25145,Beige,onyx_lux_honeycomb,onyx_lux_honeycomb,UNRESOLVED,UNPUBLISHED,2026-09-20,Visible order menu,"Full grids, limits, compatibility and effective schedule unresolved",https://admin.onyxshutters.com/OrderDetailBlind.aspx,Implemented; awaiting deployment/live proof; pricing held
Onyx,Onyx Lux,Honeycomb,3/8 Single LF_HC_PG01,HC_PG01_H25145P,Camel,onyx_lux_honeycomb,onyx_lux_honeycomb,UNRESOLVED,UNPUBLISHED,2026-09-20,Visible order menu,"Full grids, limits, compatibility and effective schedule unresolved",https://admin.onyxshutters.com/OrderDetailBlind.aspx,Implemented; awaiting deployment/live proof; pricing held
Onyx,Onyx Lux,Honeycomb,3/8 Single LF_HC_PG01,HC_PG01_H25206,Petal,onyx_lux_honeycomb,onyx_lux_honeycomb,UNRESOLVED,UNPUBLISHED,2026-09-20,Visible order menu,"Full grids, limits, compatibility and effective schedule unresolved",https://admin.onyxshutters.com/OrderDetailBlind.aspx,Implemented; awaiting deployment/live proof; pricing held
Onyx,Onyx Lux,Honeycomb,3/8 Single LF_HC_PG01,HC_PG01_H25206P,Seashell,onyx_lux_honeycomb,onyx_lux_honeycomb,UNRESOLVED,UNPUBLISHED,2026-09-20,Visible order menu,"Full grids, limits, compatibility and effective schedule unresolved",https://admin.onyxshutters.com/OrderDetailBlind.aspx,Implemented; awaiting deployment/live proof; pricing held
Onyx,Onyx Lux,Honeycomb,3/8 Single LF_HC_PG01,HC_PG01_H25295,Mahogany,onyx_lux_honeycomb,onyx_lux_honeycomb,UNRESOLVED,UNPUBLISHED,2026-09-20,Visible order menu,"Full grids, limits, compatibility and effective schedule unresolved",https://admin.onyxshutters.com/OrderDetailBlind.aspx,Implemented; awaiting deployment/live proof; pricing held
Onyx,Onyx Lux,Honeycomb,3/8 Single LF_HC_PG01,HC_PG01_H25302,Sesame,onyx_lux_honeycomb,onyx_lux_honeycomb,UNRESOLVED,UNPUBLISHED,2026-09-20,Visible order menu,"Full grids, limits, compatibility and effective schedule unresolved",https://admin.onyxshutters.com/OrderDetailBlind.aspx,Implemented; awaiting deployment/live proof; pricing held
Onyx,Onyx Lux,Honeycomb,3/8 Single LF_HC_PG01,HC_PG01_H25302P,Ecru,onyx_lux_honeycomb,onyx_lux_honeycomb,UNRESOLVED,UNPUBLISHED,2026-09-20,Visible order menu,"Full grids, limits, compatibility and effective schedule unresolved",https://admin.onyxshutters.com/OrderDetailBlind.aspx,Implemented; awaiting deployment/live proof; pricing held
Onyx,Onyx Lux,Honeycomb,3/8 Single LF_HC_PG01,HC_PG01_H25307,Neutral,onyx_lux_honeycomb,onyx_lux_honeycomb,UNRESOLVED,UNPUBLISHED,2026-09-20,Visible order menu,"Full grids, limits, compatibility and effective schedule unresolved",https://admin.onyxshutters.com/OrderDetailBlind.aspx,Implemented; awaiting deployment/live proof; pricing held
Onyx,Onyx Lux,Honeycomb,3/8 Single LF_HC_PG01,HC_PG01_H25323P,Mushroom,onyx_lux_honeycomb,onyx_lux_honeycomb,UNRESOLVED,UNPUBLISHED,2026-09-20,Visible order menu,"Full grids, limits, compatibility and effective schedule unresolved",https://admin.onyxshutters.com/OrderDetailBlind.aspx,Implemented; awaiting deployment/live proof; pricing held
Onyx,Onyx Lux,Honeycomb,3/8 Single LF_HC_PG01,HC_PG01_H25357,Coral,onyx_lux_honeycomb,onyx_lux_honeycomb,UNRESOLVED,UNPUBLISHED,2026-09-20,Visible order menu,"Full grids, limits, compatibility and effective schedule unresolved",https://admin.onyxshutters.com/OrderDetailBlind.aspx,Implemented; awaiting deployment/live proof; pricing held
Onyx,Onyx Lux,Honeycomb,3/8 Single LF_HC_PG01,HC_PG01_H25378,Java,onyx_lux_honeycomb,onyx_lux_honeycomb,UNRESOLVED,UNPUBLISHED,2026-09-20,Visible order menu,"Full grids, limits, compatibility and effective schedule unresolved",https://admin.onyxshutters.com/OrderDetailBlind.aspx,Implemented; awaiting deployment/live proof; pricing held
Onyx,Onyx Lux,Honeycomb,3/8 Single LF_HC_PG01,HC_PG01_H25414,Straw,onyx_lux_honeycomb,onyx_lux_honeycomb,UNRESOLVED,UNPUBLISHED,2026-09-20,Visible order menu,"Full grids, limits, compatibility and effective schedule unresolved",https://admin.onyxshutters.com/OrderDetailBlind.aspx,Implemented; awaiting deployment/live proof; pricing held
Onyx,Onyx Lux,Honeycomb,3/8 Single LF_HC_PG01,HC_PG01_H25414P,Wheat,onyx_lux_honeycomb,onyx_lux_honeycomb,UNRESOLVED,UNPUBLISHED,2026-09-20,Visible order menu,"Full grids, limits, compatibility and effective schedule unresolved",https://admin.onyxshutters.com/OrderDetailBlind.aspx,Implemented; awaiting deployment/live proof; pricing held
Onyx,Onyx Lux,Honeycomb,3/8 Single LF_HC_PG01,HC_PG01_H25430M,Antique,onyx_lux_honeycomb,onyx_lux_honeycomb,UNRESOLVED,UNPUBLISHED,2026-09-20,Visible order menu,"Full grids, limits, compatibility and effective schedule unresolved",https://admin.onyxshutters.com/OrderDetailBlind.aspx,Implemented; awaiting deployment/live proof; pricing held
Onyx,Onyx Lux,Honeycomb,3/8 Single LF_HC_PG01,HC_PG01_H25430P,Cork,onyx_lux_honeycomb,onyx_lux_honeycomb,UNRESOLVED,UNPUBLISHED,2026-09-20,Visible order menu,"Full grids, limits, compatibility and effective schedule unresolved",https://admin.onyxshutters.com/OrderDetailBlind.aspx,Implemented; awaiting deployment/live proof; pricing held
Onyx,Onyx Lux,Honeycomb,3/8 Single LF_HC_PG01,HC_PG01_H25504,Sage,onyx_lux_honeycomb,onyx_lux_honeycomb,UNRESOLVED,UNPUBLISHED,2026-09-20,Visible order menu,"Full grids, limits, compatibility and effective schedule unresolved",https://admin.onyxshutters.com/OrderDetailBlind.aspx,Implemented; awaiting deployment/live proof; pricing held
Onyx,Onyx Lux,Honeycomb,3/8 Single LF_HC_PG01,HC_PG01_H25820,Light Gray,onyx_lux_honeycomb,onyx_lux_honeycomb,UNRESOLVED,UNPUBLISHED,2026-09-20,Visible order menu,"Full grids, limits, compatibility and effective schedule unresolved",https://admin.onyxshutters.com/OrderDetailBlind.aspx,Implemented; awaiting deployment/live proof; pricing held
Onyx,Onyx Lux,Honeycomb,3/8 Single LF_HC_PG01,HC_PG01_H25822,Granite,onyx_lux_honeycomb,onyx_lux_honeycomb,UNRESOLVED,UNPUBLISHED,2026-09-20,Visible order menu,"Full grids, limits, compatibility and effective schedule unresolved",https://admin.onyxshutters.com/OrderDetailBlind.aspx,Implemented; awaiting deployment/live proof; pricing held
Onyx,Onyx Lux,Honeycomb,3/8 Single LF_HC_PG01,HC_PG01_H25823,Pebble,onyx_lux_honeycomb,onyx_lux_honeycomb,UNRESOLVED,UNPUBLISHED,2026-09-20,Visible order menu,"Full grids, limits, compatibility and effective schedule unresolved",https://admin.onyxshutters.com/OrderDetailBlind.aspx,Implemented; awaiting deployment/live proof; pricing held
Onyx,Onyx Lux,Honeycomb,3/8 Single LF_HC_PG01,HC_PG01_H25895,Dark Brown,onyx_lux_honeycomb,onyx_lux_honeycomb,UNRESOLVED,UNPUBLISHED,2026-09-20,Visible order menu,"Full grids, limits, compatibility and effective schedule unresolved",https://admin.onyxshutters.com/OrderDetailBlind.aspx,Implemented; awaiting deployment/live proof; pricing held
Onyx,Onyx Lux,Honeycomb,3/8 Single LF_HC_PG01,HC_PG02_H25895M,Flint,onyx_lux_honeycomb,onyx_lux_honeycomb,UNRESOLVED,UNPUBLISHED,2026-09-20,Visible order menu,"Full grids, limits, compatibility and effective schedule unresolved",https://admin.onyxshutters.com/OrderDetailBlind.aspx,Implemented; awaiting deployment/live proof; pricing held
Onyx,Onyx Lux,Honeycomb,3/8 Single LF_HC_PG01,HC_PG01_H25897,Almost Black,onyx_lux_honeycomb,onyx_lux_honeycomb,UNRESOLVED,UNPUBLISHED,2026-09-20,Visible order menu,"Full grids, limits, compatibility and effective schedule unresolved",https://admin.onyxshutters.com/OrderDetailBlind.aspx,Implemented; awaiting deployment/live proof; pricing held
Onyx,Onyx Lux,Honeycomb,3/8 Single RD_HC_PG02,HC_PG02_H25016D,Nautical Gray,onyx_lux_honeycomb,onyx_lux_honeycomb,UNRESOLVED,UNPUBLISHED,2026-09-20,Visible order menu,"Full grids, limits, compatibility and effective schedule unresolved",https://admin.onyxshutters.com/OrderDetailBlind.aspx,Implemented; awaiting deployment/live proof; pricing held
Onyx,Onyx Lux,Honeycomb,3/8 Single RD_HC_PG02,HC_PG02_H25034SD,Quicksilver,onyx_lux_honeycomb,onyx_lux_honeycomb,UNRESOLVED,UNPUBLISHED,2026-09-20,Visible order menu,"Full grids, limits, compatibility and effective schedule unresolved",https://admin.onyxshutters.com/OrderDetailBlind.aspx,Implemented; awaiting deployment/live proof; pricing held
Onyx,Onyx Lux,Honeycomb,3/8 Single RD_HC_PG02,HC_PG02_H25047D,Royal Blue,onyx_lux_honeycomb,onyx_lux_honeycomb,UNRESOLVED,UNPUBLISHED,2026-09-20,Visible order menu,"Full grids, limits, compatibility and effective schedule unresolved",https://admin.onyxshutters.com/OrderDetailBlind.aspx,Implemented; awaiting deployment/live proof; pricing held
Onyx,Onyx Lux,Honeycomb,3/8 Single RD_HC_PG02,HC_PG02_H25047WD,Nebula,onyx_lux_honeycomb,onyx_lux_honeycomb,UNRESOLVED,UNPUBLISHED,2026-09-20,Visible order menu,"Full grids, limits, compatibility and effective schedule unresolved",https://admin.onyxshutters.com/OrderDetailBlind.aspx,Implemented; awaiting deployment/live proof; pricing held
Onyx,Onyx Lux,Honeycomb,3/8 Single RD_HC_PG02,HC_PG02_H25100D,Snow White,onyx_lux_honeycomb,onyx_lux_honeycomb,UNRESOLVED,UNPUBLISHED,2026-09-20,Visible order menu,"Full grids, limits, compatibility and effective schedule unresolved",https://admin.onyxshutters.com/OrderDetailBlind.aspx,Implemented; awaiting deployment/live proof; pricing held
Onyx,Onyx Lux,Honeycomb,3/8 Single RD_HC_PG02,HC_PG02_H25100SD,Swan,onyx_lux_honeycomb,onyx_lux_honeycomb,UNRESOLVED,UNPUBLISHED,2026-09-20,Visible order menu,"Full grids, limits, compatibility and effective schedule unresolved",https://admin.onyxshutters.com/OrderDetailBlind.aspx,Implemented; awaiting deployment/live proof; pricing held
Onyx,Onyx Lux,Honeycomb,3/8 Single RD_HC_PG02,HC_PG02_H25100WD,Cloud,onyx_lux_honeycomb,onyx_lux_honeycomb,UNRESOLVED,UNPUBLISHED,2026-09-20,Visible order menu,"Full grids, limits, compatibility and effective schedule unresolved",https://admin.onyxshutters.com/OrderDetailBlind.aspx,Implemented; awaiting deployment/live proof; pricing held
Onyx,Onyx Lux,Honeycomb,3/8 Single RD_HC_PG02,HC_PG02_H25101WD,Paper,onyx_lux_honeycomb,onyx_lux_honeycomb,UNRESOLVED,UNPUBLISHED,2026-09-20,Visible order menu,"Full grids, limits, compatibility and effective schedule unresolved",https://admin.onyxshutters.com/OrderDetailBlind.aspx,Implemented; awaiting deployment/live proof; pricing held
Onyx,Onyx Lux,Honeycomb,3/8 Single RD_HC_PG02,HC_PG02_H25125D,Linen,onyx_lux_honeycomb,onyx_lux_honeycomb,UNRESOLVED,UNPUBLISHED,2026-09-20,Visible order menu,"Full grids, limits, compatibility and effective schedule unresolved",https://admin.onyxshutters.com/OrderDetailBlind.aspx,Implemented; awaiting deployment/live proof; pricing held
Onyx,Onyx Lux,Honeycomb,3/8 Single RD_HC_PG02,HC_PG02_H25145D,Beige,onyx_lux_honeycomb,onyx_lux_honeycomb,UNRESOLVED,UNPUBLISHED,2026-09-20,Visible order menu,"Full grids, limits, compatibility and effective schedule unresolved",https://admin.onyxshutters.com/OrderDetailBlind.aspx,Implemented; awaiting deployment/live proof; pricing held
Onyx,Onyx Lux,Honeycomb,3/8 Single RD_HC_PG02,HC_PG02_H25145PD,Camel,onyx_lux_honeycomb,onyx_lux_honeycomb,UNRESOLVED,UNPUBLISHED,2026-09-20,Visible order menu,"Full grids, limits, compatibility and effective schedule unresolved",https://admin.onyxshutters.com/OrderDetailBlind.aspx,Implemented; awaiting deployment/live proof; pricing held
Onyx,Onyx Lux,Honeycomb,3/8 Single RD_HC_PG02,HC_PG02_H25206D,Petal,onyx_lux_honeycomb,onyx_lux_honeycomb,UNRESOLVED,UNPUBLISHED,2026-09-20,Visible order menu,"Full grids, limits, compatibility and effective schedule unresolved",https://admin.onyxshutters.com/OrderDetailBlind.aspx,Implemented; awaiting deployment/live proof; pricing held
Onyx,Onyx Lux,Honeycomb,3/8 Single RD_HC_PG02,HC_PG02_H25206PD,Seashell,onyx_lux_honeycomb,onyx_lux_honeycomb,UNRESOLVED,UNPUBLISHED,2026-09-20,Visible order menu,"Full grids, limits, compatibility and effective schedule unresolved",https://admin.onyxshutters.com/OrderDetailBlind.aspx,Implemented; awaiting deployment/live proof; pricing held
Onyx,Onyx Lux,Honeycomb,3/8 Single RD_HC_PG02,HC_PG02_H25206WD,Powder Pink,onyx_lux_honeycomb,onyx_lux_honeycomb,UNRESOLVED,UNPUBLISHED,2026-09-20,Visible order menu,"Full grids, limits, compatibility and effective schedule unresolved",https://admin.onyxshutters.com/OrderDetailBlind.aspx,Implemented; awaiting deployment/live proof; pricing held
Onyx,Onyx Lux,Honeycomb,3/8 Single RD_HC_PG02,HC_PG02_H25295D,Mahogany,onyx_lux_honeycomb,onyx_lux_honeycomb,UNRESOLVED,UNPUBLISHED,2026-09-20,Visible order menu,"Full grids, limits, compatibility and effective schedule unresolved",https://admin.onyxshutters.com/OrderDetailBlind.aspx,Implemented; awaiting deployment/live proof; pricing held
Onyx,Onyx Lux,Honeycomb,3/8 Single RD_HC_PG02,HC_PG02_H25302D,Sesame,onyx_lux_honeycomb,onyx_lux_honeycomb,UNRESOLVED,UNPUBLISHED,2026-09-20,Visible order menu,"Full grids, limits, compatibility and effective schedule unresolved",https://admin.onyxshutters.com/OrderDetailBlind.aspx,Implemented; awaiting deployment/live proof; pricing held
Onyx,Onyx Lux,Honeycomb,3/8 Single RD_HC_PG02,HC_PG03_H25302PD,Ecru,onyx_lux_honeycomb,onyx_lux_honeycomb,UNRESOLVED,UNPUBLISHED,2026-09-20,Visible order menu,"Full grids, limits, compatibility and effective schedule unresolved",https://admin.onyxshutters.com/OrderDetailBlind.aspx,Implemented; awaiting deployment/live proof; pricing held
Onyx,Onyx Lux,Honeycomb,3/8 Single RD_HC_PG02,HC_PG02_H25306D,Greige,onyx_lux_honeycomb,onyx_lux_honeycomb,UNRESOLVED,UNPUBLISHED,2026-09-20,Visible order menu,"Full grids, limits, compatibility and effective schedule unresolved",https://admin.onyxshutters.com/OrderDetailBlind.aspx,Implemented; awaiting deployment/live proof; pricing held
Onyx,Onyx Lux,Honeycomb,3/8 Single RD_HC_PG02,HC_PG02_H25307D,Neutral,onyx_lux_honeycomb,onyx_lux_honeycomb,UNRESOLVED,UNPUBLISHED,2026-09-20,Visible order menu,"Full grids, limits, compatibility and effective schedule unresolved",https://admin.onyxshutters.com/OrderDetailBlind.aspx,Implemented; awaiting deployment/live proof; pricing held
Onyx,Onyx Lux,Honeycomb,3/8 Single RD_HC_PG02,HC_PG02_H25323PD,Mushroom,onyx_lux_honeycomb,onyx_lux_honeycomb,UNRESOLVED,UNPUBLISHED,2026-09-20,Visible order menu,"Full grids, limits, compatibility and effective schedule unresolved",https://admin.onyxshutters.com/OrderDetailBlind.aspx,Implemented; awaiting deployment/live proof; pricing held
Onyx,Onyx Lux,Honeycomb,3/8 Single RD_HC_PG02,HC_PG02_H25357D,Coral,onyx_lux_honeycomb,onyx_lux_honeycomb,UNRESOLVED,UNPUBLISHED,2026-09-20,Visible order menu,"Full grids, limits, compatibility and effective schedule unresolved",https://admin.onyxshutters.com/OrderDetailBlind.aspx,Implemented; awaiting deployment/live proof; pricing held
Onyx,Onyx Lux,Honeycomb,3/8 Single RD_HC_PG02,HC_PG02_H25378D,Java,onyx_lux_honeycomb,onyx_lux_honeycomb,UNRESOLVED,UNPUBLISHED,2026-09-20,Visible order menu,"Full grids, limits, compatibility and effective schedule unresolved",https://admin.onyxshutters.com/OrderDetailBlind.aspx,Implemented; awaiting deployment/live proof; pricing held
Onyx,Onyx Lux,Honeycomb,3/8 Single RD_HC_PG02,HC_PG02_H25414D,Straw,onyx_lux_honeycomb,onyx_lux_honeycomb,UNRESOLVED,UNPUBLISHED,2026-09-20,Visible order menu,"Full grids, limits, compatibility and effective schedule unresolved",https://admin.onyxshutters.com/OrderDetailBlind.aspx,Implemented; awaiting deployment/live proof; pricing held
Onyx,Onyx Lux,Honeycomb,3/8 Single RD_HC_PG02,HC_PG02_H25414PD,Wheat,onyx_lux_honeycomb,onyx_lux_honeycomb,UNRESOLVED,UNPUBLISHED,2026-09-20,Visible order menu,"Full grids, limits, compatibility and effective schedule unresolved",https://admin.onyxshutters.com/OrderDetailBlind.aspx,Implemented; awaiting deployment/live proof; pricing held
Onyx,Onyx Lux,Honeycomb,3/8 Single RD_HC_PG02,HC_PG02_H25430PD,Cork,onyx_lux_honeycomb,onyx_lux_honeycomb,UNRESOLVED,UNPUBLISHED,2026-09-20,Visible order menu,"Full grids, limits, compatibility and effective schedule unresolved",https://admin.onyxshutters.com/OrderDetailBlind.aspx,Implemented; awaiting deployment/live proof; pricing held
Onyx,Onyx Lux,Honeycomb,3/8 Single RD_HC_PG02,HC_PG02_H25504D,Sage,onyx_lux_honeycomb,onyx_lux_honeycomb,UNRESOLVED,UNPUBLISHED,2026-09-20,Visible order menu,"Full grids, limits, compatibility and effective schedule unresolved",https://admin.onyxshutters.com/OrderDetailBlind.aspx,Implemented; awaiting deployment/live proof; pricing held
Onyx,Onyx Lux,Honeycomb,3/8 Single RD_HC_PG02,HC_PG02_H25504WD,Meadow,onyx_lux_honeycomb,onyx_lux_honeycomb,UNRESOLVED,UNPUBLISHED,2026-09-20,Visible order menu,"Full grids, limits, compatibility and effective schedule unresolved",https://admin.onyxshutters.com/OrderDetailBlind.aspx,Implemented; awaiting deployment/live proof; pricing held
Onyx,Onyx Lux,Honeycomb,3/8 Single RD_HC_PG02,HC_PG02_H25820D,Light Gray,onyx_lux_honeycomb,onyx_lux_honeycomb,UNRESOLVED,UNPUBLISHED,2026-09-20,Visible order menu,"Full grids, limits, compatibility and effective schedule unresolved",https://admin.onyxshutters.com/OrderDetailBlind.aspx,Implemented; awaiting deployment/live proof; pricing held
Onyx,Onyx Lux,Honeycomb,3/8 Single RD_HC_PG02,HC_PG02_H25821D,Dolphin Gray,onyx_lux_honeycomb,onyx_lux_honeycomb,UNRESOLVED,UNPUBLISHED,2026-09-20,Visible order menu,"Full grids, limits, compatibility and effective schedule unresolved",https://admin.onyxshutters.com/OrderDetailBlind.aspx,Implemented; awaiting deployment/live proof; pricing held
Onyx,Onyx Lux,Honeycomb,3/8 Single RD_HC_PG02,HC_PG02_H25822D,Granite,onyx_lux_honeycomb,onyx_lux_honeycomb,UNRESOLVED,UNPUBLISHED,2026-09-20,Visible order menu,"Full grids, limits, compatibility and effective schedule unresolved",https://admin.onyxshutters.com/OrderDetailBlind.aspx,Implemented; awaiting deployment/live proof; pricing held
Onyx,Onyx Lux,Honeycomb,3/8 Single RD_HC_PG02,HC_PG02_H25823D,Pebble,onyx_lux_honeycomb,onyx_lux_honeycomb,UNRESOLVED,UNPUBLISHED,2026-09-20,Visible order menu,"Full grids, limits, compatibility and effective schedule unresolved",https://admin.onyxshutters.com/OrderDetailBlind.aspx,Implemented; awaiting deployment/live proof; pricing held
Onyx,Onyx Lux,Honeycomb,3/8 Single RD_HC_PG02,HC_PG02_H25823WD,Pewter,onyx_lux_honeycomb,onyx_lux_honeycomb,UNRESOLVED,UNPUBLISHED,2026-09-20,Visible order menu,"Full grids, limits, compatibility and effective schedule unresolved",https://admin.onyxshutters.com/OrderDetailBlind.aspx,Implemented; awaiting deployment/live proof; pricing held
Onyx,Onyx Lux,Honeycomb,3/8 Single RD_HC_PG02,HC_PG02_H25895D,Dark Brown,onyx_lux_honeycomb,onyx_lux_honeycomb,UNRESOLVED,UNPUBLISHED,2026-09-20,Visible order menu,"Full grids, limits, compatibility and effective schedule unresolved",https://admin.onyxshutters.com/OrderDetailBlind.aspx,Implemented; awaiting deployment/live proof; pricing held
Onyx,Onyx Lux,Honeycomb,3/8 Single RD_HC_PG02,HC_PG02_H25897D,Almost Black,onyx_lux_honeycomb,onyx_lux_honeycomb,UNRESOLVED,UNPUBLISHED,2026-09-20,Visible order menu,"Full grids, limits, compatibility and effective schedule unresolved",https://admin.onyxshutters.com/OrderDetailBlind.aspx,Implemented; awaiting deployment/live proof; pricing held
Onyx,Onyx Lux,Honeycomb,3/8 Single RD_HC_PG02,HC_PG02_H25898D,Black,onyx_lux_honeycomb,onyx_lux_honeycomb,UNRESOLVED,UNPUBLISHED,2026-09-20,Visible order menu,"Full grids, limits, compatibility and effective schedule unresolved",https://admin.onyxshutters.com/OrderDetailBlind.aspx,Implemented; awaiting deployment/live proof; pricing held
Onyx,Onyx Lux,Honeycomb,3/8 Single RD_HC_PG02,HC_PG02_H25904D,Silver Lining,onyx_lux_honeycomb,onyx_lux_honeycomb,UNRESOLVED,UNPUBLISHED,2026-09-20,Visible order menu,"Full grids, limits, compatibility and effective schedule unresolved",https://admin.onyxshutters.com/OrderDetailBlind.aspx,Implemented; awaiting deployment/live proof; pricing held
Onyx,Onyx Lux,Honeycomb,3/8 Single RD_HC_PG02,HC_PG02_H25905D,Night Sky,onyx_lux_honeycomb,onyx_lux_honeycomb,UNRESOLVED,UNPUBLISHED,2026-09-20,Visible order menu,"Full grids, limits, compatibility and effective schedule unresolved",https://admin.onyxshutters.com/OrderDetailBlind.aspx,Implemented; awaiting deployment/live proof; pricing held
Onyx,Onyx Lux,Sheerview,"2"" Light Filtering_S50PN",S50PN100,Bright White,onyx_lux_sheerview,onyx_lux_sheerview,UNRESOLVED,UNPUBLISHED,2026-09-20,Visible order menu,"Full grids, limits, compatibility and effective schedule unresolved",https://admin.onyxshutters.com/OrderDetailBlind.aspx,Implemented; awaiting deployment/live proof; pricing held
Onyx,Onyx Lux,Sheerview,"2"" Light Filtering_S50PN",S50PN112,Alabaster,onyx_lux_sheerview,onyx_lux_sheerview,UNRESOLVED,UNPUBLISHED,2026-09-20,Visible order menu,"Full grids, limits, compatibility and effective schedule unresolved",https://admin.onyxshutters.com/OrderDetailBlind.aspx,Implemented; awaiting deployment/live proof; pricing held
Onyx,Onyx Lux,Sheerview,"2"" Light Filtering_S50PN",S50PN113,Winter White,onyx_lux_sheerview,onyx_lux_sheerview,UNRESOLVED,UNPUBLISHED,2026-09-20,Visible order menu,"Full grids, limits, compatibility and effective schedule unresolved",https://admin.onyxshutters.com/OrderDetailBlind.aspx,Implemented; awaiting deployment/live proof; pricing held
Onyx,Onyx Lux,Sheerview,"2"" Light Filtering_S50PN",S50PN206,Blossom,onyx_lux_sheerview,onyx_lux_sheerview,UNRESOLVED,UNPUBLISHED,2026-09-20,Visible order menu,"Full grids, limits, compatibility and effective schedule unresolved",https://admin.onyxshutters.com/OrderDetailBlind.aspx,Implemented; awaiting deployment/live proof; pricing held
Onyx,Onyx Lux,Sheerview,"2"" Light Filtering_S50PN",S50PN302,Sesame,onyx_lux_sheerview,onyx_lux_sheerview,UNRESOLVED,UNPUBLISHED,2026-09-20,Visible order menu,"Full grids, limits, compatibility and effective schedule unresolved",https://admin.onyxshutters.com/OrderDetailBlind.aspx,Implemented; awaiting deployment/live proof; pricing held
Onyx,Onyx Lux,Sheerview,"2"" Light Filtering_S50PN",S50PN322,Beige,onyx_lux_sheerview,onyx_lux_sheerview,UNRESOLVED,UNPUBLISHED,2026-09-20,Visible order menu,"Full grids, limits, compatibility and effective schedule unresolved",https://admin.onyxshutters.com/OrderDetailBlind.aspx,Implemented; awaiting deployment/live proof; pricing held
Onyx,Onyx Lux,Sheerview,"2"" Light Filtering_S50PN",S50PN823,Granite,onyx_lux_sheerview,onyx_lux_sheerview,UNRESOLVED,UNPUBLISHED,2026-09-20,Visible order menu,"Full grids, limits, compatibility and effective schedule unresolved",https://admin.onyxshutters.com/OrderDetailBlind.aspx,Implemented; awaiting deployment/live proof; pricing held
Onyx,Onyx Lux,Sheerview,"2"" Light Filtering_S50PN",S50PNS378,Java,onyx_lux_sheerview,onyx_lux_sheerview,UNRESOLVED,UNPUBLISHED,2026-09-20,Visible order menu,"Full grids, limits, compatibility and effective schedule unresolved",https://admin.onyxshutters.com/OrderDetailBlind.aspx,Implemented; awaiting deployment/live proof; pricing held
Onyx,Onyx Lux,Sheerview,"2"" Room Darkening_S50PNRD",S50PN100D,Bright White,onyx_lux_sheerview,onyx_lux_sheerview,UNRESOLVED,UNPUBLISHED,2026-09-20,Visible order menu,"Full grids, limits, compatibility and effective schedule unresolved",https://admin.onyxshutters.com/OrderDetailBlind.aspx,Implemented; awaiting deployment/live proof; pricing held
Onyx,Onyx Lux,Sheerview,"2"" Room Darkening_S50PNRD",S50PN113D,Winter White,onyx_lux_sheerview,onyx_lux_sheerview,UNRESOLVED,UNPUBLISHED,2026-09-20,Visible order menu,"Full grids, limits, compatibility and effective schedule unresolved",https://admin.onyxshutters.com/OrderDetailBlind.aspx,Implemented; awaiting deployment/live proof; pricing held
Onyx,Onyx Lux,Sheerview,"2"" Room Darkening_S50PNRD",S50PN125D,Linen,onyx_lux_sheerview,onyx_lux_sheerview,UNRESOLVED,UNPUBLISHED,2026-09-20,Visible order menu,"Full grids, limits, compatibility and effective schedule unresolved",https://admin.onyxshutters.com/OrderDetailBlind.aspx,Implemented; awaiting deployment/live proof; pricing held
Onyx,Onyx Lux,Sheerview,"2"" Room Darkening_S50PNRD",S50PN145D,Biscuit,onyx_lux_sheerview,onyx_lux_sheerview,UNRESOLVED,UNPUBLISHED,2026-09-20,Visible order menu,"Full grids, limits, compatibility and effective schedule unresolved",https://admin.onyxshutters.com/OrderDetailBlind.aspx,Implemented; awaiting deployment/live proof; pricing held
Onyx,Onyx Lux,Sheerview,"2"" Room Darkening_S50PNRD",S50PN322D,Beige,onyx_lux_sheerview,onyx_lux_sheerview,UNRESOLVED,UNPUBLISHED,2026-09-20,Visible order menu,"Full grids, limits, compatibility and effective schedule unresolved",https://admin.onyxshutters.com/OrderDetailBlind.aspx,Implemented; awaiting deployment/live proof; pricing held
Onyx,Onyx Lux,Sheerview,"2"" Room Darkening_S50PNRD",S50PN414D,Cornsilk,onyx_lux_sheerview,onyx_lux_sheerview,UNRESOLVED,UNPUBLISHED,2026-09-20,Visible order menu,"Full grids, limits, compatibility and effective schedule unresolved",https://admin.onyxshutters.com/OrderDetailBlind.aspx,Implemented; awaiting deployment/live proof; pricing held
Onyx,Onyx Lux,Sheerview,"2"" Room Darkening_S50PNRD",S50PN823D,Granite,onyx_lux_sheerview,onyx_lux_sheerview,UNRESOLVED,UNPUBLISHED,2026-09-20,Visible order menu,"Full grids, limits, compatibility and effective schedule unresolved",https://admin.onyxshutters.com/OrderDetailBlind.aspx,Implemented; awaiting deployment/live proof; pricing held
Onyx,Onyx Lux,Sheerview,"2.5"" Light Filtering_S65BN",S65BN125,Parmesan 2.5,onyx_lux_sheerview,onyx_lux_sheerview,UNRESOLVED,UNPUBLISHED,2026-09-20,Visible order menu,"Full grids, limits, compatibility and effective schedule unresolved",https://admin.onyxshutters.com/OrderDetailBlind.aspx,Implemented; awaiting deployment/live proof; pricing held
Onyx,Onyx Lux,Sheerview,"2.5"" Light Filtering_S65BN",S65BN206,Blossom 2.5,onyx_lux_sheerview,onyx_lux_sheerview,UNRESOLVED,UNPUBLISHED,2026-09-20,Visible order menu,"Full grids, limits, compatibility and effective schedule unresolved",https://admin.onyxshutters.com/OrderDetailBlind.aspx,Implemented; awaiting deployment/live proof; pricing held
Onyx,Onyx Lux,Sheerview,"2.5"" Light Filtering_S65BN",S65BN207,Ecru 2.5,onyx_lux_sheerview,onyx_lux_sheerview,UNRESOLVED,UNPUBLISHED,2026-09-20,Visible order menu,"Full grids, limits, compatibility and effective schedule unresolved",https://admin.onyxshutters.com/OrderDetailBlind.aspx,Implemented; awaiting deployment/live proof; pricing held
Onyx,Onyx Lux,Sheerview,"2.5"" Light Filtering_S65BN",S65BN311,Heather 2.5,onyx_lux_sheerview,onyx_lux_sheerview,UNRESOLVED,UNPUBLISHED,2026-09-20,Visible order menu,"Full grids, limits, compatibility and effective schedule unresolved",https://admin.onyxshutters.com/OrderDetailBlind.aspx,Implemented; awaiting deployment/live proof; pricing held
Onyx,Onyx Lux,Sheerview,"2.5"" Light Filtering_S65BN",S65BN312,Blush 2.5,onyx_lux_sheerview,onyx_lux_sheerview,UNRESOLVED,UNPUBLISHED,2026-09-20,Visible order menu,"Full grids, limits, compatibility and effective schedule unresolved",https://admin.onyxshutters.com/OrderDetailBlind.aspx,Implemented; awaiting deployment/live proof; pricing held
Onyx,Onyx Lux,Sheerview,"2.5"" Light Filtering_S65BN",S65BN322,Beige 2.5,onyx_lux_sheerview,onyx_lux_sheerview,UNRESOLVED,UNPUBLISHED,2026-09-20,Visible order menu,"Full grids, limits, compatibility and effective schedule unresolved",https://admin.onyxshutters.com/OrderDetailBlind.aspx,Implemented; awaiting deployment/live proof; pricing held
Onyx,Onyx Lux,Sheerview,"2.5"" Light Filtering_S65BN",S65BN414,Oat 2.5,onyx_lux_sheerview,onyx_lux_sheerview,UNRESOLVED,UNPUBLISHED,2026-09-20,Visible order menu,"Full grids, limits, compatibility and effective schedule unresolved",https://admin.onyxshutters.com/OrderDetailBlind.aspx,Implemented; awaiting deployment/live proof; pricing held
Onyx,Onyx Lux,Sheerview,"2.5"" Light Filtering_S65BN",S65BN503,Smoke 2.5,onyx_lux_sheerview,onyx_lux_sheerview,UNRESOLVED,UNPUBLISHED,2026-09-20,Visible order menu,"Full grids, limits, compatibility and effective schedule unresolved",https://admin.onyxshutters.com/OrderDetailBlind.aspx,Implemented; awaiting deployment/live proof; pricing held
Onyx,Onyx Lux,Sheerview,"2.5"" Light Filtering_S65BN",S65BN517,Foggy 2.5,onyx_lux_sheerview,onyx_lux_sheerview,UNRESOLVED,UNPUBLISHED,2026-09-20,Visible order menu,"Full grids, limits, compatibility and effective schedule unresolved",https://admin.onyxshutters.com/OrderDetailBlind.aspx,Implemented; awaiting deployment/live proof; pricing held
Onyx,Onyx Lux,Sheerview,"2.5"" Light Filtering_S65BN",S65BN627,Waterfall,onyx_lux_sheerview,onyx_lux_sheerview,UNRESOLVED,UNPUBLISHED,2026-09-20,Visible order menu,"Full grids, limits, compatibility and effective schedule unresolved",https://admin.onyxshutters.com/OrderDetailBlind.aspx,Implemented; awaiting deployment/live proof; pricing held
Onyx,Onyx Lux,Sheerview,"2.5"" Light Filtering_S65BN",S65BN822,Whale 2.5,onyx_lux_sheerview,onyx_lux_sheerview,UNRESOLVED,UNPUBLISHED,2026-09-20,Visible order menu,"Full grids, limits, compatibility and effective schedule unresolved",https://admin.onyxshutters.com/OrderDetailBlind.aspx,Implemented; awaiting deployment/live proof; pricing held
Onyx,Onyx Lux,Sheerview,"2.5"" Light Filtering_S65BN",S65BN823,Granite 2.5,onyx_lux_sheerview,onyx_lux_sheerview,UNRESOLVED,UNPUBLISHED,2026-09-20,Visible order menu,"Full grids, limits, compatibility and effective schedule unresolved",https://admin.onyxshutters.com/OrderDetailBlind.aspx,Implemented; awaiting deployment/live proof; pricing held
Onyx,Onyx Lux,Sheerview,"2.5"" Room Darkening_S65BNRD",S65BN206D,Blossom 2.5,onyx_lux_sheerview,onyx_lux_sheerview,UNRESOLVED,UNPUBLISHED,2026-09-20,Visible order menu,"Full grids, limits, compatibility and effective schedule unresolved",https://admin.onyxshutters.com/OrderDetailBlind.aspx,Implemented; awaiting deployment/live proof; pricing held
Onyx,Onyx Lux,Sheerview,"2.5"" Room Darkening_S65BNRD",S65BN311D,Heather 2.5,onyx_lux_sheerview,onyx_lux_sheerview,UNRESOLVED,UNPUBLISHED,2026-09-20,Visible order menu,"Full grids, limits, compatibility and effective schedule unresolved",https://admin.onyxshutters.com/OrderDetailBlind.aspx,Implemented; awaiting deployment/live proof; pricing held
Onyx,Onyx Lux,Sheerview,"2.5"" Room Darkening_S65BNRD",S65BN312D,Blush 2.5,onyx_lux_sheerview,onyx_lux_sheerview,UNRESOLVED,UNPUBLISHED,2026-09-20,Visible order menu,"Full grids, limits, compatibility and effective schedule unresolved",https://admin.onyxshutters.com/OrderDetailBlind.aspx,Implemented; awaiting deployment/live proof; pricing held
Onyx,Onyx Lux,Sheerview,"2.5"" Room Darkening_S65BNRD",S65BN322D,Beige 2.5,onyx_lux_sheerview,onyx_lux_sheerview,UNRESOLVED,UNPUBLISHED,2026-09-20,Visible order menu,"Full grids, limits, compatibility and effective schedule unresolved",https://admin.onyxshutters.com/OrderDetailBlind.aspx,Implemented; awaiting deployment/live proof; pricing held
Onyx,Onyx Lux,Sheerview,"2.5"" Room Darkening_S65BNRD",S65BN627D,Waterfall 2.5,onyx_lux_sheerview,onyx_lux_sheerview,UNRESOLVED,UNPUBLISHED,2026-09-20,Visible order menu,"Full grids, limits, compatibility and effective schedule unresolved",https://admin.onyxshutters.com/OrderDetailBlind.aspx,Implemented; awaiting deployment/live proof; pricing held
Onyx,Onyx Lux,Sheerview,"2.5"" Room Darkening_S65BNRD",S65BN823D,Granite 2.5,onyx_lux_sheerview,onyx_lux_sheerview,UNRESOLVED,UNPUBLISHED,2026-09-20,Visible order menu,"Full grids, limits, compatibility and effective schedule unresolved",https://admin.onyxshutters.com/OrderDetailBlind.aspx,Implemented; awaiting deployment/live proof; pricing held
Onyx,Onyx Lux,Sheerview,"3"" Light Filtering_S70PN",S70PN100,Bright White 3,onyx_lux_sheerview,onyx_lux_sheerview,UNRESOLVED,UNPUBLISHED,2026-09-20,Visible order menu,"Full grids, limits, compatibility and effective schedule unresolved",https://admin.onyxshutters.com/OrderDetailBlind.aspx,Implemented; awaiting deployment/live proof; pricing held
Onyx,Onyx Lux,Sheerview,"3"" Light Filtering_S70PN",S70PN112,Alabaster 3,onyx_lux_sheerview,onyx_lux_sheerview,UNRESOLVED,UNPUBLISHED,2026-09-20,Visible order menu,"Full grids, limits, compatibility and effective schedule unresolved",https://admin.onyxshutters.com/OrderDetailBlind.aspx,Implemented; awaiting deployment/live proof; pricing held
Onyx,Onyx Lux,Sheerview,"3"" Light Filtering_S70PN",S70PN113,Winter White 3,onyx_lux_sheerview,onyx_lux_sheerview,UNRESOLVED,UNPUBLISHED,2026-09-20,Visible order menu,"Full grids, limits, compatibility and effective schedule unresolved",https://admin.onyxshutters.com/OrderDetailBlind.aspx,Implemented; awaiting deployment/live proof; pricing held
Onyx,Onyx Lux,Sheerview,"3"" Light Filtering_S70PN",S70PN126,Luna 3,onyx_lux_sheerview,onyx_lux_sheerview,UNRESOLVED,UNPUBLISHED,2026-09-20,Visible order menu,"Full grids, limits, compatibility and effective schedule unresolved",https://admin.onyxshutters.com/OrderDetailBlind.aspx,Implemented; awaiting deployment/live proof; pricing held
Onyx,Onyx Lux,Sheerview,"3"" Light Filtering_S70PN",S70PN206,Blossom 3,onyx_lux_sheerview,onyx_lux_sheerview,UNRESOLVED,UNPUBLISHED,2026-09-20,Visible order menu,"Full grids, limits, compatibility and effective schedule unresolved",https://admin.onyxshutters.com/OrderDetailBlind.aspx,Implemented; awaiting deployment/live proof; pricing held
Onyx,Onyx Lux,Sheerview,"3"" Light Filtering_S70PN",S70PN302,Sesame 3,onyx_lux_sheerview,onyx_lux_sheerview,UNRESOLVED,UNPUBLISHED,2026-09-20,Visible order menu,"Full grids, limits, compatibility and effective schedule unresolved",https://admin.onyxshutters.com/OrderDetailBlind.aspx,Implemented; awaiting deployment/live proof; pricing held
Onyx,Onyx Lux,Sheerview,"3"" Light Filtering_S70PN",S70PN322,Beige 3,onyx_lux_sheerview,onyx_lux_sheerview,UNRESOLVED,UNPUBLISHED,2026-09-20,Visible order menu,"Full grids, limits, compatibility and effective schedule unresolved",https://admin.onyxshutters.com/OrderDetailBlind.aspx,Implemented; awaiting deployment/live proof; pricing held
Onyx,Onyx Lux,Sheerview,"3"" Light Filtering_S70PN",S70PN323,Romance 3,onyx_lux_sheerview,onyx_lux_sheerview,UNRESOLVED,UNPUBLISHED,2026-09-20,Visible order menu,"Full grids, limits, compatibility and effective schedule unresolved",https://admin.onyxshutters.com/OrderDetailBlind.aspx,Implemented; awaiting deployment/live proof; pricing held
Onyx,Onyx Lux,Sheerview,"3"" Light Filtering_S70PN",S70PN371,Plank,onyx_lux_sheerview,onyx_lux_sheerview,UNRESOLVED,UNPUBLISHED,2026-09-20,Visible order menu,"Full grids, limits, compatibility and effective schedule unresolved",https://admin.onyxshutters.com/OrderDetailBlind.aspx,Implemented; awaiting deployment/live proof; pricing held
Onyx,Onyx Lux,Sheerview,"3"" Light Filtering_S70PN",S70PNS378,Java 3,onyx_lux_sheerview,onyx_lux_sheerview,UNRESOLVED,UNPUBLISHED,2026-09-20,Visible order menu,"Full grids, limits, compatibility and effective schedule unresolved",https://admin.onyxshutters.com/OrderDetailBlind.aspx,Implemented; awaiting deployment/live proof; pricing held
Onyx,Onyx Lux,Sheerview,"3"" Light Filtering_S70PN",S70PN503,Coastal Plain,onyx_lux_sheerview,onyx_lux_sheerview,UNRESOLVED,UNPUBLISHED,2026-09-20,Visible order menu,"Full grids, limits, compatibility and effective schedule unresolved",https://admin.onyxshutters.com/OrderDetailBlind.aspx,Implemented; awaiting deployment/live proof; pricing held
Onyx,Onyx Lux,Sheerview,"3"" Light Filtering_S70PN",S70PN517,Celadon 3,onyx_lux_sheerview,onyx_lux_sheerview,UNRESOLVED,UNPUBLISHED,2026-09-20,Visible order menu,"Full grids, limits, compatibility and effective schedule unresolved",https://admin.onyxshutters.com/OrderDetailBlind.aspx,Implemented; awaiting deployment/live proof; pricing held
Onyx,Onyx Lux,Sheerview,"3"" Light Filtering_S70PN",S70PN821,Dusty Blue,onyx_lux_sheerview,onyx_lux_sheerview,UNRESOLVED,UNPUBLISHED,2026-09-20,Visible order menu,"Full grids, limits, compatibility and effective schedule unresolved",https://admin.onyxshutters.com/OrderDetailBlind.aspx,Implemented; awaiting deployment/live proof; pricing held
Onyx,Onyx Lux,Sheerview,"3"" Light Filtering_S70PN",S70PN823,Granite 3,onyx_lux_sheerview,onyx_lux_sheerview,UNRESOLVED,UNPUBLISHED,2026-09-20,Visible order menu,"Full grids, limits, compatibility and effective schedule unresolved",https://admin.onyxshutters.com/OrderDetailBlind.aspx,Implemented; awaiting deployment/live proof; pricing held
Onyx,Onyx Lux,Sheerview,"3"" Light Filtering_S70PN",S70PN824,Rhinestone,onyx_lux_sheerview,onyx_lux_sheerview,UNRESOLVED,UNPUBLISHED,2026-09-20,Visible order menu,"Full grids, limits, compatibility and effective schedule unresolved",https://admin.onyxshutters.com/OrderDetailBlind.aspx,Implemented; awaiting deployment/live proof; pricing held
Onyx,Onyx Lux,Sheerview,"3"" Room Darkening_S70PNRD",S70PN016D,Midnight,onyx_lux_sheerview,onyx_lux_sheerview,UNRESOLVED,UNPUBLISHED,2026-09-20,Visible order menu,"Full grids, limits, compatibility and effective schedule unresolved",https://admin.onyxshutters.com/OrderDetailBlind.aspx,Implemented; awaiting deployment/live proof; pricing held
Onyx,Onyx Lux,Sheerview,"3"" Room Darkening_S70PNRD",S70PN029D,Royal Blue,onyx_lux_sheerview,onyx_lux_sheerview,UNRESOLVED,UNPUBLISHED,2026-09-20,Visible order menu,"Full grids, limits, compatibility and effective schedule unresolved",https://admin.onyxshutters.com/OrderDetailBlind.aspx,Implemented; awaiting deployment/live proof; pricing held
Onyx,Onyx Lux,Sheerview,"3"" Room Darkening_S70PNRD",S70PN100D,Bright White,onyx_lux_sheerview,onyx_lux_sheerview,UNRESOLVED,UNPUBLISHED,2026-09-20,Visible order menu,"Full grids, limits, compatibility and effective schedule unresolved",https://admin.onyxshutters.com/OrderDetailBlind.aspx,Implemented; awaiting deployment/live proof; pricing held
Onyx,Onyx Lux,Sheerview,"3"" Room Darkening_S70PNRD",S70PN111D,Eggshell,onyx_lux_sheerview,onyx_lux_sheerview,UNRESOLVED,UNPUBLISHED,2026-09-20,Visible order menu,"Full grids, limits, compatibility and effective schedule unresolved",https://admin.onyxshutters.com/OrderDetailBlind.aspx,Implemented; awaiting deployment/live proof; pricing held
Onyx,Onyx Lux,Sheerview,"3"" Room Darkening_S70PNRD",S70PN114D,Greek Villa,onyx_lux_sheerview,onyx_lux_sheerview,UNRESOLVED,UNPUBLISHED,2026-09-20,Visible order menu,"Full grids, limits, compatibility and effective schedule unresolved",https://admin.onyxshutters.com/OrderDetailBlind.aspx,Implemented; awaiting deployment/live proof; pricing held
Onyx,Onyx Lux,Sheerview,"3"" Room Darkening_S70PNRD",S70PN125D,Linen,onyx_lux_sheerview,onyx_lux_sheerview,UNRESOLVED,UNPUBLISHED,2026-09-20,Visible order menu,"Full grids, limits, compatibility and effective schedule unresolved",https://admin.onyxshutters.com/OrderDetailBlind.aspx,Implemented; awaiting deployment/live proof; pricing held
Onyx,Onyx Lux,Sheerview,"3"" Room Darkening_S70PNRD",S70PN145D,Biscuit,onyx_lux_sheerview,onyx_lux_sheerview,UNRESOLVED,UNPUBLISHED,2026-09-20,Visible order menu,"Full grids, limits, compatibility and effective schedule unresolved",https://admin.onyxshutters.com/OrderDetailBlind.aspx,Implemented; awaiting deployment/live proof; pricing held
Onyx,Onyx Lux,Sheerview,"3"" Room Darkening_S70PNRD",S70PN303D,Khaki,onyx_lux_sheerview,onyx_lux_sheerview,UNRESOLVED,UNPUBLISHED,2026-09-20,Visible order menu,"Full grids, limits, compatibility and effective schedule unresolved",https://admin.onyxshutters.com/OrderDetailBlind.aspx,Implemented; awaiting deployment/live proof; pricing held
Onyx,Onyx Lux,Sheerview,"3"" Room Darkening_S70PNRD",S70PN312D,Barcelona Beige,onyx_lux_sheerview,onyx_lux_sheerview,UNRESOLVED,UNPUBLISHED,2026-09-20,Visible order menu,"Full grids, limits, compatibility and effective schedule unresolved",https://admin.onyxshutters.com/OrderDetailBlind.aspx,Implemented; awaiting deployment/live proof; pricing held
Onyx,Onyx Lux,Sheerview,"3"" Room Darkening_S70PNRD",S70PN321D,Natural Tan,onyx_lux_sheerview,onyx_lux_sheerview,UNRESOLVED,UNPUBLISHED,2026-09-20,Visible order menu,"Full grids, limits, compatibility and effective schedule unresolved",https://admin.onyxshutters.com/OrderDetailBlind.aspx,Implemented; awaiting deployment/live proof; pricing held
Onyx,Onyx Lux,Sheerview,"3"" Room Darkening_S70PNRD",S70PN322D,Beige,onyx_lux_sheerview,onyx_lux_sheerview,UNRESOLVED,UNPUBLISHED,2026-09-20,Visible order menu,"Full grids, limits, compatibility and effective schedule unresolved",https://admin.onyxshutters.com/OrderDetailBlind.aspx,Implemented; awaiting deployment/live proof; pricing held
Onyx,Onyx Lux,Sheerview,"3"" Room Darkening_S70PNRD",S70PN334D,Brick,onyx_lux_sheerview,onyx_lux_sheerview,UNRESOLVED,UNPUBLISHED,2026-09-20,Visible order menu,"Full grids, limits, compatibility and effective schedule unresolved",https://admin.onyxshutters.com/OrderDetailBlind.aspx,Implemented; awaiting deployment/live proof; pricing held
Onyx,Onyx Lux,Sheerview,"3"" Room Darkening_S70PNRD",S70PN414D,Cornsilk,onyx_lux_sheerview,onyx_lux_sheerview,UNRESOLVED,UNPUBLISHED,2026-09-20,Visible order menu,"Full grids, limits, compatibility and effective schedule unresolved",https://admin.onyxshutters.com/OrderDetailBlind.aspx,Implemented; awaiting deployment/live proof; pricing held
Onyx,Onyx Lux,Sheerview,"3"" Room Darkening_S70PNRD",S70PN503D,Coastal Plain,onyx_lux_sheerview,onyx_lux_sheerview,UNRESOLVED,UNPUBLISHED,2026-09-20,Visible order menu,"Full grids, limits, compatibility and effective schedule unresolved",https://admin.onyxshutters.com/OrderDetailBlind.aspx,Implemented; awaiting deployment/live proof; pricing held
Onyx,Onyx Lux,Sheerview,"3"" Room Darkening_S70PNRD",S70PN822D,Lazy Gray,onyx_lux_sheerview,onyx_lux_sheerview,UNRESOLVED,UNPUBLISHED,2026-09-20,Visible order menu,"Full grids, limits, compatibility and effective schedule unresolved",https://admin.onyxshutters.com/OrderDetailBlind.aspx,Implemented; awaiting deployment/live proof; pricing held
Onyx,Onyx Lux,Sheerview,"3"" Room Darkening_S70PNRD",S70PN823D,Granite,onyx_lux_sheerview,onyx_lux_sheerview,UNRESOLVED,UNPUBLISHED,2026-09-20,Visible order menu,"Full grids, limits, compatibility and effective schedule unresolved",https://admin.onyxshutters.com/OrderDetailBlind.aspx,Implemented; awaiting deployment/live proof; pricing held
Onyx,Onyx Lux,Sheerview,"3"" Room Darkening_S70PNRD",S70PNS378D,Java,onyx_lux_sheerview,onyx_lux_sheerview,UNRESOLVED,UNPUBLISHED,2026-09-20,Visible order menu,"Full grids, limits, compatibility and effective schedule unresolved",https://admin.onyxshutters.com/OrderDetailBlind.aspx,Implemented; awaiting deployment/live proof; pricing held
Onyx,Woven,Woven,WP_Walden Premier_WP_Walden Premier,WP_ArtisanWeave,Artisan Weave,onyx_woven,onyx_woven,UNRESOLVED,UNPUBLISHED,2026-09-20,Visible order menu,"Full grids, limits, compatibility and effective schedule unresolved",https://admin.onyxshutters.com/OrderDetailBlind.aspx,Implemented; awaiting deployment/live proof; pricing held
Onyx,Woven,Woven,WP_Walden Premier_WP_Walden Premier,WP_AspenCedar,Aspen Cedar,onyx_woven,onyx_woven,UNRESOLVED,UNPUBLISHED,2026-09-20,Visible order menu,"Full grids, limits, compatibility and effective schedule unresolved",https://admin.onyxshutters.com/OrderDetailBlind.aspx,Implemented; awaiting deployment/live proof; pricing held
Onyx,Woven,Woven,WP_Walden Premier_WP_Walden Premier,WP_AspenEbony,Aspen Ebony,onyx_woven,onyx_woven,UNRESOLVED,UNPUBLISHED,2026-09-20,Visible order menu,"Full grids, limits, compatibility and effective schedule unresolved",https://admin.onyxshutters.com/OrderDetailBlind.aspx,Implemented; awaiting deployment/live proof; pricing held
Onyx,Woven,Woven,WP_Walden Premier_WP_Walden Premier,WP_AspenWalnut,Aspen Walnut,onyx_woven,onyx_woven,UNRESOLVED,UNPUBLISHED,2026-09-20,Visible order menu,"Full grids, limits, compatibility and effective schedule unresolved",https://admin.onyxshutters.com/OrderDetailBlind.aspx,Implemented; awaiting deployment/live proof; pricing held
Onyx,Woven,Woven,WP_Walden Premier_WP_Walden Premier,WP_AspenWhite,Aspen White,onyx_woven,onyx_woven,UNRESOLVED,UNPUBLISHED,2026-09-20,Visible order menu,"Full grids, limits, compatibility and effective schedule unresolved",https://admin.onyxshutters.com/OrderDetailBlind.aspx,Implemented; awaiting deployment/live proof; pricing held
Onyx,Woven,Woven,WP_Walden Premier_WP_Walden Premier,WP_BambooForest,Bamboo Forest,onyx_woven,onyx_woven,UNRESOLVED,UNPUBLISHED,2026-09-20,Visible order menu,"Full grids, limits, compatibility and effective schedule unresolved",https://admin.onyxshutters.com/OrderDetailBlind.aspx,Implemented; awaiting deployment/live proof; pricing held
Onyx,Woven,Woven,WP_Walden Premier_WP_Walden Premier,WP_BambooLeafBrown,Bamboo Leaf Brown,onyx_woven,onyx_woven,UNRESOLVED,UNPUBLISHED,2026-09-20,Visible order menu,"Full grids, limits, compatibility and effective schedule unresolved",https://admin.onyxshutters.com/OrderDetailBlind.aspx,Implemented; awaiting deployment/live proof; pricing held
Onyx,Woven,Woven,WP_Walden Premier_WP_Walden Premier,WP_BarcelonaCafe,Barcelona Cafe,onyx_woven,onyx_woven,UNRESOLVED,UNPUBLISHED,2026-09-20,Visible order menu,"Full grids, limits, compatibility and effective schedule unresolved",https://admin.onyxshutters.com/OrderDetailBlind.aspx,Implemented; awaiting deployment/live proof; pricing held
Onyx,Woven,Woven,WP_Walden Premier_WP_Walden Premier,WP_BarcelonaDusk,Barcelona Dusk,onyx_woven,onyx_woven,UNRESOLVED,UNPUBLISHED,2026-09-20,Visible order menu,"Full grids, limits, compatibility and effective schedule unresolved",https://admin.onyxshutters.com/OrderDetailBlind.aspx,Implemented; awaiting deployment/live proof; pricing held
Onyx,Woven,Woven,WP_Walden Premier_WP_Walden Premier,WP_BoraBora,Bora Bora,onyx_woven,onyx_woven,UNRESOLVED,UNPUBLISHED,2026-09-20,Visible order menu,"Full grids, limits, compatibility and effective schedule unresolved",https://admin.onyxshutters.com/OrderDetailBlind.aspx,Implemented; awaiting deployment/live proof; pricing held
Onyx,Woven,Woven,WP_Walden Premier_WP_Walden Premier,WP_CapriNatural,Capri Natural,onyx_woven,onyx_woven,UNRESOLVED,UNPUBLISHED,2026-09-20,Visible order menu,"Full grids, limits, compatibility and effective schedule unresolved",https://admin.onyxshutters.com/OrderDetailBlind.aspx,Implemented; awaiting deployment/live proof; pricing held
Onyx,Woven,Woven,WP_Walden Premier_WP_Walden Premier,WP_Catalina,Catalina,onyx_woven,onyx_woven,UNRESOLVED,UNPUBLISHED,2026-09-20,Visible order menu,"Full grids, limits, compatibility and effective schedule unresolved",https://admin.onyxshutters.com/OrderDetailBlind.aspx,Implemented; awaiting deployment/live proof; pricing held
Onyx,Woven,Woven,WP_Walden Premier_WP_Walden Premier,WP_DevonCoffee,Devon Coffee,onyx_woven,onyx_woven,UNRESOLVED,UNPUBLISHED,2026-09-20,Visible order menu,"Full grids, limits, compatibility and effective schedule unresolved",https://admin.onyxshutters.com/OrderDetailBlind.aspx,Implemented; awaiting deployment/live proof; pricing held
Onyx,Woven,Woven,WP_Walden Premier_WP_Walden Premier,WP_DevonIvory,Devon Ivory,onyx_woven,onyx_woven,UNRESOLVED,UNPUBLISHED,2026-09-20,Visible order menu,"Full grids, limits, compatibility and effective schedule unresolved",https://admin.onyxshutters.com/OrderDetailBlind.aspx,Implemented; awaiting deployment/live proof; pricing held
Onyx,Woven,Woven,WP_Walden Premier_WP_Walden Premier,WP_DevonMaple,Devon Maple,onyx_woven,onyx_woven,UNRESOLVED,UNPUBLISHED,2026-09-20,Visible order menu,"Full grids, limits, compatibility and effective schedule unresolved",https://admin.onyxshutters.com/OrderDetailBlind.aspx,Implemented; awaiting deployment/live proof; pricing held
Onyx,Woven,Woven,WP_Walden Premier_WP_Walden Premier,WP_DevonWhite,Devon White,onyx_woven,onyx_woven,UNRESOLVED,UNPUBLISHED,2026-09-20,Visible order menu,"Full grids, limits, compatibility and effective schedule unresolved",https://admin.onyxshutters.com/OrderDetailBlind.aspx,Implemented; awaiting deployment/live proof; pricing held
Onyx,Woven,Woven,WP_Walden Premier_WP_Walden Premier,WP_DriftwoodNatural,Driftwood Natural,onyx_woven,onyx_woven,UNRESOLVED,UNPUBLISHED,2026-09-20,Visible order menu,"Full grids, limits, compatibility and effective schedule unresolved",https://admin.onyxshutters.com/OrderDetailBlind.aspx,Implemented; awaiting deployment/live proof; pricing held
Onyx,Woven,Woven,WP_Walden Premier_WP_Walden Premier,WP_JakartaSpice,Jakarta Spice,onyx_woven,onyx_woven,UNRESOLVED,UNPUBLISHED,2026-09-20,Visible order menu,"Full grids, limits, compatibility and effective schedule unresolved",https://admin.onyxshutters.com/OrderDetailBlind.aspx,Implemented; awaiting deployment/live proof; pricing held
Onyx,Woven,Woven,WP_Walden Premier_WP_Walden Premier,WP_JavaCocoa,Java Cocoa,onyx_woven,onyx_woven,UNRESOLVED,UNPUBLISHED,2026-09-20,Visible order menu,"Full grids, limits, compatibility and effective schedule unresolved",https://admin.onyxshutters.com/OrderDetailBlind.aspx,Implemented; awaiting deployment/live proof; pricing held
Onyx,Woven,Woven,WP_Walden Premier_WP_Walden Premier,WP_KyotoBrown,Kyoto Brown,onyx_woven,onyx_woven,UNRESOLVED,UNPUBLISHED,2026-09-20,Visible order menu,"Full grids, limits, compatibility and effective schedule unresolved",https://admin.onyxshutters.com/OrderDetailBlind.aspx,Implemented; awaiting deployment/live proof; pricing held
Onyx,Woven,Woven,WP_Walden Premier_WP_Walden Premier,WP_LatticeTwilight,Lattice Twilight,onyx_woven,onyx_woven,UNRESOLVED,UNPUBLISHED,2026-09-20,Visible order menu,"Full grids, limits, compatibility and effective schedule unresolved",https://admin.onyxshutters.com/OrderDetailBlind.aspx,Implemented; awaiting deployment/live proof; pricing held
Onyx,Woven,Woven,WP_Walden Premier_WP_Walden Premier,WP_MandalayUmber,Mandalay Umber,onyx_woven,onyx_woven,UNRESOLVED,UNPUBLISHED,2026-09-20,Visible order menu,"Full grids, limits, compatibility and effective schedule unresolved",https://admin.onyxshutters.com/OrderDetailBlind.aspx,Implemented; awaiting deployment/live proof; pricing held
Onyx,Woven,Woven,WP_Walden Premier_WP_Walden Premier,WP_NassauMahogany,Nassau Mahogany,onyx_woven,onyx_woven,UNRESOLVED,UNPUBLISHED,2026-09-20,Visible order menu,"Full grids, limits, compatibility and effective schedule unresolved",https://admin.onyxshutters.com/OrderDetailBlind.aspx,Implemented; awaiting deployment/live proof; pricing held
Onyx,Woven,Woven,WP_Walden Premier_WP_Walden Premier,WP_NaturalJute,Natural Jute,onyx_woven,onyx_woven,UNRESOLVED,UNPUBLISHED,2026-09-20,Visible order menu,"Full grids, limits, compatibility and effective schedule unresolved",https://admin.onyxshutters.com/OrderDetailBlind.aspx,Implemented; awaiting deployment/live proof; pricing held
Onyx,Woven,Woven,WP_Walden Premier_WP_Walden Premier,WP_PenangOak,Penang Oak,onyx_woven,onyx_woven,UNRESOLVED,UNPUBLISHED,2026-09-20,Visible order menu,"Full grids, limits, compatibility and effective schedule unresolved",https://admin.onyxshutters.com/OrderDetailBlind.aspx,Implemented; awaiting deployment/live proof; pricing held
Onyx,Woven,Woven,WP_Walden Premier_WP_Walden Premier,WP_PrairieGolden,Prairie Golden,onyx_woven,onyx_woven,UNRESOLVED,UNPUBLISHED,2026-09-20,Visible order menu,"Full grids, limits, compatibility and effective schedule unresolved",https://admin.onyxshutters.com/OrderDetailBlind.aspx,Implemented; awaiting deployment/live proof; pricing held
Onyx,Woven,Woven,WP_Walden Premier_WP_Walden Premier,WP_PrairieSnow,Prairie Snow,onyx_woven,onyx_woven,UNRESOLVED,UNPUBLISHED,2026-09-20,Visible order menu,"Full grids, limits, compatibility and effective schedule unresolved",https://admin.onyxshutters.com/OrderDetailBlind.aspx,Implemented; awaiting deployment/live proof; pricing held
Onyx,Woven,Woven,WP_Walden Premier_WP_Walden Premier,WP_PrairieWhite,Prairie White,onyx_woven,onyx_woven,UNRESOLVED,UNPUBLISHED,2026-09-20,Visible order menu,"Full grids, limits, compatibility and effective schedule unresolved",https://admin.onyxshutters.com/OrderDetailBlind.aspx,Implemented; awaiting deployment/live proof; pricing held
Onyx,Woven,Woven,WP_Walden Premier_WP_Walden Premier,WP_SakuraOregano,Sakura Oregano,onyx_woven,onyx_woven,UNRESOLVED,UNPUBLISHED,2026-09-20,Visible order menu,"Full grids, limits, compatibility and effective schedule unresolved",https://admin.onyxshutters.com/OrderDetailBlind.aspx,Implemented; awaiting deployment/live proof; pricing held
Onyx,Woven,Woven,WP_Walden Premier_WP_Walden Premier,WP_SavannaHusk,Savanna Husk,onyx_woven,onyx_woven,UNRESOLVED,UNPUBLISHED,2026-09-20,Visible order menu,"Full grids, limits, compatibility and effective schedule unresolved",https://admin.onyxshutters.com/OrderDetailBlind.aspx,Implemented; awaiting deployment/live proof; pricing held
Onyx,Woven,Woven,WP_Walden Premier_WP_Walden Premier,WP_SierraSand,Sierra Sand,onyx_woven,onyx_woven,UNRESOLVED,UNPUBLISHED,2026-09-20,Visible order menu,"Full grids, limits, compatibility and effective schedule unresolved",https://admin.onyxshutters.com/OrderDetailBlind.aspx,Implemented; awaiting deployment/live proof; pricing held
Onyx,Woven,Woven,WP_Walden Premier_WP_Walden Premier,WP_STMartinCappuccino,ST Martin Cappuccino,onyx_woven,onyx_woven,UNRESOLVED,UNPUBLISHED,2026-09-20,Visible order menu,"Full grids, limits, compatibility and effective schedule unresolved",https://admin.onyxshutters.com/OrderDetailBlind.aspx,Implemented; awaiting deployment/live proof; pricing held
Onyx,Woven,Woven,WP_Walden Premier_WP_Walden Premier,WP_SunshadeBrown,Sunshade Brown,onyx_woven,onyx_woven,UNRESOLVED,UNPUBLISHED,2026-09-20,Visible order menu,"Full grids, limits, compatibility and effective schedule unresolved",https://admin.onyxshutters.com/OrderDetailBlind.aspx,Implemented; awaiting deployment/live proof; pricing held
Onyx,Woven,Woven,WP_Walden Premier_WP_Walden Premier,WP_sunshadeWhite,sunshade White,onyx_woven,onyx_woven,UNRESOLVED,UNPUBLISHED,2026-09-20,Visible order menu,"Full grids, limits, compatibility and effective schedule unresolved",https://admin.onyxshutters.com/OrderDetailBlind.aspx,Implemented; awaiting deployment/live proof; pricing held
Onyx,Woven,Woven,WP_Walden Premier_WP_Walden Premier,WP_TamarindSunset,Tamarind Sunset,onyx_woven,onyx_woven,UNRESOLVED,UNPUBLISHED,2026-09-20,Visible order menu,"Full grids, limits, compatibility and effective schedule unresolved",https://admin.onyxshutters.com/OrderDetailBlind.aspx,Implemented; awaiting deployment/live proof; pricing held
Onyx,Woven,Woven,WP_Walden Premier_WP_Walden Premier,WP_TradewindNatural,Tradewind Natural,onyx_woven,onyx_woven,UNRESOLVED,UNPUBLISHED,2026-09-20,Visible order menu,"Full grids, limits, compatibility and effective schedule unresolved",https://admin.onyxshutters.com/OrderDetailBlind.aspx,Implemented; awaiting deployment/live proof; pricing held
Onyx,Woven,Woven,WS_Walden Select_WS_Walden Select,WS_AlisiaAntiqueWhite,Alisia Antique White,onyx_woven,onyx_woven,UNRESOLVED,UNPUBLISHED,2026-09-20,Visible order menu,"Full grids, limits, compatibility and effective schedule unresolved",https://admin.onyxshutters.com/OrderDetailBlind.aspx,Implemented; awaiting deployment/live proof; pricing held
Onyx,Woven,Woven,WS_Walden Select_WS_Walden Select,WS_AlisiaChiffon,Alisia Chiffon,onyx_woven,onyx_woven,UNRESOLVED,UNPUBLISHED,2026-09-20,Visible order menu,"Full grids, limits, compatibility and effective schedule unresolved",https://admin.onyxshutters.com/OrderDetailBlind.aspx,Implemented; awaiting deployment/live proof; pricing held
Onyx,Woven,Woven,WS_Walden Select_WS_Walden Select,WS_AlisiaMorning,Alisia Morning,onyx_woven,onyx_woven,UNRESOLVED,UNPUBLISHED,2026-09-20,Visible order menu,"Full grids, limits, compatibility and effective schedule unresolved",https://admin.onyxshutters.com/OrderDetailBlind.aspx,Implemented; awaiting deployment/live proof; pricing held
Onyx,Woven,Woven,WS_Walden Select_WS_Walden Select,WS_AndrosBirch,Andros Birch,onyx_woven,onyx_woven,UNRESOLVED,UNPUBLISHED,2026-09-20,Visible order menu,"Full grids, limits, compatibility and effective schedule unresolved",https://admin.onyxshutters.com/OrderDetailBlind.aspx,Implemented; awaiting deployment/live proof; pricing held
Onyx,Woven,Woven,WS_Walden Select_WS_Walden Select,WS_AndrosHarbor,Andros Harbor,onyx_woven,onyx_woven,UNRESOLVED,UNPUBLISHED,2026-09-20,Visible order menu,"Full grids, limits, compatibility and effective schedule unresolved",https://admin.onyxshutters.com/OrderDetailBlind.aspx,Implemented; awaiting deployment/live proof; pricing held
Onyx,Woven,Woven,WS_Walden Select_WS_Walden Select,WS_AntillesMist,Antilles Mist,onyx_woven,onyx_woven,UNRESOLVED,UNPUBLISHED,2026-09-20,Visible order menu,"Full grids, limits, compatibility and effective schedule unresolved",https://admin.onyxshutters.com/OrderDetailBlind.aspx,Implemented; awaiting deployment/live proof; pricing held
Onyx,Woven,Woven,WS_Walden Select_WS_Walden Select,WS_AntillesSand,Antilles Sand,onyx_woven,onyx_woven,UNRESOLVED,UNPUBLISHED,2026-09-20,Visible order menu,"Full grids, limits, compatibility and effective schedule unresolved",https://admin.onyxshutters.com/OrderDetailBlind.aspx,Implemented; awaiting deployment/live proof; pricing held
Onyx,Woven,Woven,WS_Walden Select_WS_Walden Select,WS_AntillesSeagrass,Antilles Seagrass,onyx_woven,onyx_woven,UNRESOLVED,UNPUBLISHED,2026-09-20,Visible order menu,"Full grids, limits, compatibility and effective schedule unresolved",https://admin.onyxshutters.com/OrderDetailBlind.aspx,Implemented; awaiting deployment/live proof; pricing held
Onyx,Woven,Woven,WS_Walden Select_WS_Walden Select,WS_CalaPlatinum,Cala Platinum,onyx_woven,onyx_woven,UNRESOLVED,UNPUBLISHED,2026-09-20,Visible order menu,"Full grids, limits, compatibility and effective schedule unresolved",https://admin.onyxshutters.com/OrderDetailBlind.aspx,Implemented; awaiting deployment/live proof; pricing held
Onyx,Woven,Woven,WS_Walden Select_WS_Walden Select,WS_CalaTitanium,Cala Titanium,onyx_woven,onyx_woven,UNRESOLVED,UNPUBLISHED,2026-09-20,Visible order menu,"Full grids, limits, compatibility and effective schedule unresolved",https://admin.onyxshutters.com/OrderDetailBlind.aspx,Implemented; awaiting deployment/live proof; pricing held
Onyx,Woven,Woven,WS_Walden Select_WS_Walden Select,WS_CamdenNatural,Camden Natural,onyx_woven,onyx_woven,UNRESOLVED,UNPUBLISHED,2026-09-20,Visible order menu,"Full grids, limits, compatibility and effective schedule unresolved",https://admin.onyxshutters.com/OrderDetailBlind.aspx,Implemented; awaiting deployment/live proof; pricing held
Onyx,Woven,Woven,WS_Walden Select_WS_Walden Select,WS_CamdenSnow,Camden Snow,onyx_woven,onyx_woven,UNRESOLVED,UNPUBLISHED,2026-09-20,Visible order menu,"Full grids, limits, compatibility and effective schedule unresolved",https://admin.onyxshutters.com/OrderDetailBlind.aspx,Implemented; awaiting deployment/live proof; pricing held
Onyx,Woven,Woven,WS_Walden Select_WS_Walden Select,WS_ChelseaLace,Chelsea Lace,onyx_woven,onyx_woven,UNRESOLVED,UNPUBLISHED,2026-09-20,Visible order menu,"Full grids, limits, compatibility and effective schedule unresolved",https://admin.onyxshutters.com/OrderDetailBlind.aspx,Implemented; awaiting deployment/live proof; pricing held
Onyx,Woven,Woven,WS_Walden Select_WS_Walden Select,WS_ChelseaTaupe,Chelsea Taupe,onyx_woven,onyx_woven,UNRESOLVED,UNPUBLISHED,2026-09-20,Visible order menu,"Full grids, limits, compatibility and effective schedule unresolved",https://admin.onyxshutters.com/OrderDetailBlind.aspx,Implemented; awaiting deployment/live proof; pricing held
Onyx,Woven,Woven,WS_Walden Select_WS_Walden Select,WS_ComoCharcoal,Como Charcoal,onyx_woven,onyx_woven,UNRESOLVED,UNPUBLISHED,2026-09-20,Visible order menu,"Full grids, limits, compatibility and effective schedule unresolved",https://admin.onyxshutters.com/OrderDetailBlind.aspx,Implemented; awaiting deployment/live proof; pricing held
Onyx,Woven,Woven,WS_Walden Select_WS_Walden Select,WS_ComoEcru,Como Ecru,onyx_woven,onyx_woven,UNRESOLVED,UNPUBLISHED,2026-09-20,Visible order menu,"Full grids, limits, compatibility and effective schedule unresolved",https://admin.onyxshutters.com/OrderDetailBlind.aspx,Implemented; awaiting deployment/live proof; pricing held
Onyx,Woven,Woven,WS_Walden Select_WS_Walden Select,WS_ComoGray,Como Gray,onyx_woven,onyx_woven,UNRESOLVED,UNPUBLISHED,2026-09-20,Visible order menu,"Full grids, limits, compatibility and effective schedule unresolved",https://admin.onyxshutters.com/OrderDetailBlind.aspx,Implemented; awaiting deployment/live proof; pricing held
Onyx,Woven,Woven,WS_Walden Select_WS_Walden Select,WS_ComoMidnight,Como Midnight,onyx_woven,onyx_woven,UNRESOLVED,UNPUBLISHED,2026-09-20,Visible order menu,"Full grids, limits, compatibility and effective schedule unresolved",https://admin.onyxshutters.com/OrderDetailBlind.aspx,Implemented; awaiting deployment/live proof; pricing held
Onyx,Woven,Woven,WS_Walden Select_WS_Walden Select,WS_ComoUmber,Como Umber,onyx_woven,onyx_woven,UNRESOLVED,UNPUBLISHED,2026-09-20,Visible order menu,"Full grids, limits, compatibility and effective schedule unresolved",https://admin.onyxshutters.com/OrderDetailBlind.aspx,Implemented; awaiting deployment/live proof; pricing held
Onyx,Woven,Woven,WS_Walden Select_WS_Walden Select,WS_FayBlack,Fay Black,onyx_woven,onyx_woven,UNRESOLVED,UNPUBLISHED,2026-09-20,Visible order menu,"Full grids, limits, compatibility and effective schedule unresolved",https://admin.onyxshutters.com/OrderDetailBlind.aspx,Implemented; awaiting deployment/live proof; pricing held
Onyx,Woven,Woven,WS_Walden Select_WS_Walden Select,WS_FaySnow,Fay Snow,onyx_woven,onyx_woven,UNRESOLVED,UNPUBLISHED,2026-09-20,Visible order menu,"Full grids, limits, compatibility and effective schedule unresolved",https://admin.onyxshutters.com/OrderDetailBlind.aspx,Implemented; awaiting deployment/live proof; pricing held
Onyx,Woven,Woven,WS_Walden Select_WS_Walden Select,WS_FayTan,Fay Tan,onyx_woven,onyx_woven,UNRESOLVED,UNPUBLISHED,2026-09-20,Visible order menu,"Full grids, limits, compatibility and effective schedule unresolved",https://admin.onyxshutters.com/OrderDetailBlind.aspx,Implemented; awaiting deployment/live proof; pricing held
Onyx,Woven,Woven,WS_Walden Select_WS_Walden Select,WS_HalifaxNatural,Halifax Natural,onyx_woven,onyx_woven,UNRESOLVED,UNPUBLISHED,2026-09-20,Visible order menu,"Full grids, limits, compatibility and effective schedule unresolved",https://admin.onyxshutters.com/OrderDetailBlind.aspx,Implemented; awaiting deployment/live proof; pricing held
Onyx,Woven,Woven,WS_Walden Select_WS_Walden Select,WS_HarborGolden,Harbor Golden,onyx_woven,onyx_woven,UNRESOLVED,UNPUBLISHED,2026-09-20,Visible order menu,"Full grids, limits, compatibility and effective schedule unresolved",https://admin.onyxshutters.com/OrderDetailBlind.aspx,Implemented; awaiting deployment/live proof; pricing held
Onyx,Woven,Woven,WS_Walden Select_WS_Walden Select,WS_HarborWhite,Harbor White,onyx_woven,onyx_woven,UNRESOLVED,UNPUBLISHED,2026-09-20,Visible order menu,"Full grids, limits, compatibility and effective schedule unresolved",https://admin.onyxshutters.com/OrderDetailBlind.aspx,Implemented; awaiting deployment/live proof; pricing held
Onyx,Woven,Woven,WS_Walden Select_WS_Walden Select,WS_LouCoconut,Lou Coconut,onyx_woven,onyx_woven,UNRESOLVED,UNPUBLISHED,2026-09-20,Visible order menu,"Full grids, limits, compatibility and effective schedule unresolved",https://admin.onyxshutters.com/OrderDetailBlind.aspx,Implemented; awaiting deployment/live proof; pricing held
Onyx,Woven,Woven,WS_Walden Select_WS_Walden Select,WS_LouContrast,Lou Contrast,onyx_woven,onyx_woven,UNRESOLVED,UNPUBLISHED,2026-09-20,Visible order menu,"Full grids, limits, compatibility and effective schedule unresolved",https://admin.onyxshutters.com/OrderDetailBlind.aspx,Implemented; awaiting deployment/live proof; pricing held
Onyx,Woven,Woven,WS_Walden Select_WS_Walden Select,WS_LouCotton,Lou Cotton,onyx_woven,onyx_woven,UNRESOLVED,UNPUBLISHED,2026-09-20,Visible order menu,"Full grids, limits, compatibility and effective schedule unresolved",https://admin.onyxshutters.com/OrderDetailBlind.aspx,Implemented; awaiting deployment/live proof; pricing held
Onyx,Woven,Woven,WS_Walden Select_WS_Walden Select,WS_LouDriftwood,Lou Driftwood,onyx_woven,onyx_woven,UNRESOLVED,UNPUBLISHED,2026-09-20,Visible order menu,"Full grids, limits, compatibility and effective schedule unresolved",https://admin.onyxshutters.com/OrderDetailBlind.aspx,Implemented; awaiting deployment/live proof; pricing held
Onyx,Woven,Woven,WS_Walden Select_WS_Walden Select,WS_MalvernChalk,Malvern Chalk,onyx_woven,onyx_woven,UNRESOLVED,UNPUBLISHED,2026-09-20,Visible order menu,"Full grids, limits, compatibility and effective schedule unresolved",https://admin.onyxshutters.com/OrderDetailBlind.aspx,Implemented; awaiting deployment/live proof; pricing held
Onyx,Woven,Woven,WS_Walden Select_WS_Walden Select,WS_MalvernGray,Malvern Gray,onyx_woven,onyx_woven,UNRESOLVED,UNPUBLISHED,2026-09-20,Visible order menu,"Full grids, limits, compatibility and effective schedule unresolved",https://admin.onyxshutters.com/OrderDetailBlind.aspx,Implemented; awaiting deployment/live proof; pricing held
Onyx,Woven,Woven,WS_Walden Select_WS_Walden Select,WS_MalvernLightGray,Malvern Light Gray,onyx_woven,onyx_woven,UNRESOLVED,UNPUBLISHED,2026-09-20,Visible order menu,"Full grids, limits, compatibility and effective schedule unresolved",https://admin.onyxshutters.com/OrderDetailBlind.aspx,Implemented; awaiting deployment/live proof; pricing held
Onyx,Woven,Woven,WS_Walden Select_WS_Walden Select,WS_MalvernPlatinum,Malvern Platinum,onyx_woven,onyx_woven,UNRESOLVED,UNPUBLISHED,2026-09-20,Visible order menu,"Full grids, limits, compatibility and effective schedule unresolved",https://admin.onyxshutters.com/OrderDetailBlind.aspx,Implemented; awaiting deployment/live proof; pricing held
Onyx,Woven,Woven,WS_Walden Select_WS_Walden Select,WS_MatroCaramel,Matro Caramel,onyx_woven,onyx_woven,UNRESOLVED,UNPUBLISHED,2026-09-20,Visible order menu,"Full grids, limits, compatibility and effective schedule unresolved",https://admin.onyxshutters.com/OrderDetailBlind.aspx,Implemented; awaiting deployment/live proof; pricing held
Onyx,Woven,Woven,WS_Walden Select_WS_Walden Select,WS_MetroChalk,Metro Chalk,onyx_woven,onyx_woven,UNRESOLVED,UNPUBLISHED,2026-09-20,Visible order menu,"Full grids, limits, compatibility and effective schedule unresolved",https://admin.onyxshutters.com/OrderDetailBlind.aspx,Implemented; awaiting deployment/live proof; pricing held
Onyx,Woven,Woven,WS_Walden Select_WS_Walden Select,WS_MetroSmoke,Metro Smoke,onyx_woven,onyx_woven,UNRESOLVED,UNPUBLISHED,2026-09-20,Visible order menu,"Full grids, limits, compatibility and effective schedule unresolved",https://admin.onyxshutters.com/OrderDetailBlind.aspx,Implemented; awaiting deployment/live proof; pricing held
Onyx,Woven,Woven,WS_Walden Select_WS_Walden Select,WS_MontanaInkwash,Montana Inkwash,onyx_woven,onyx_woven,UNRESOLVED,UNPUBLISHED,2026-09-20,Visible order menu,"Full grids, limits, compatibility and effective schedule unresolved",https://admin.onyxshutters.com/OrderDetailBlind.aspx,Implemented; awaiting deployment/live proof; pricing held
Onyx,Woven,Woven,WS_Walden Select_WS_Walden Select,WS_MontanaMineral,Montana Mineral,onyx_woven,onyx_woven,UNRESOLVED,UNPUBLISHED,2026-09-20,Visible order menu,"Full grids, limits, compatibility and effective schedule unresolved",https://admin.onyxshutters.com/OrderDetailBlind.aspx,Implemented; awaiting deployment/live proof; pricing held
Onyx,Woven,Woven,WS_Walden Select_WS_Walden Select,WS_NantucketSeaMist,Nantucket Sea Mist,onyx_woven,onyx_woven,UNRESOLVED,UNPUBLISHED,2026-09-20,Visible order menu,"Full grids, limits, compatibility and effective schedule unresolved",https://admin.onyxshutters.com/OrderDetailBlind.aspx,Implemented; awaiting deployment/live proof; pricing held
Onyx,Woven,Woven,WS_Walden Select_WS_Walden Select,WS_OsakaGranite,Osaka Granite,onyx_woven,onyx_woven,UNRESOLVED,UNPUBLISHED,2026-09-20,Visible order menu,"Full grids, limits, compatibility and effective schedule unresolved",https://admin.onyxshutters.com/OrderDetailBlind.aspx,Implemented; awaiting deployment/live proof; pricing held
Onyx,Woven,Woven,WS_Walden Select_WS_Walden Select,WS_OsakaSnow,Osaka Snow,onyx_woven,onyx_woven,UNRESOLVED,UNPUBLISHED,2026-09-20,Visible order menu,"Full grids, limits, compatibility and effective schedule unresolved",https://admin.onyxshutters.com/OrderDetailBlind.aspx,Implemented; awaiting deployment/live proof; pricing held
Onyx,Woven,Woven,WS_Walden Select_WS_Walden Select,WS_ParchmentHusk,Parchment Husk,onyx_woven,onyx_woven,UNRESOLVED,UNPUBLISHED,2026-09-20,Visible order menu,"Full grids, limits, compatibility and effective schedule unresolved",https://admin.onyxshutters.com/OrderDetailBlind.aspx,Implemented; awaiting deployment/live proof; pricing held
Onyx,Woven,Woven,WS_Walden Select_WS_Walden Select,WS_PeriMist,Peri Mist,onyx_woven,onyx_woven,UNRESOLVED,UNPUBLISHED,2026-09-20,Visible order menu,"Full grids, limits, compatibility and effective schedule unresolved",https://admin.onyxshutters.com/OrderDetailBlind.aspx,Implemented; awaiting deployment/live proof; pricing held
Onyx,Woven,Woven,WS_Walden Select_WS_Walden Select,WS_PortlandInkwash,Portland Inkwash,onyx_woven,onyx_woven,UNRESOLVED,UNPUBLISHED,2026-09-20,Visible order menu,"Full grids, limits, compatibility and effective schedule unresolved",https://admin.onyxshutters.com/OrderDetailBlind.aspx,Implemented; awaiting deployment/live proof; pricing held
Onyx,Woven,Woven,WS_Walden Select_WS_Walden Select,WS_PortlandSky,Portland Sky,onyx_woven,onyx_woven,UNRESOLVED,UNPUBLISHED,2026-09-20,Visible order menu,"Full grids, limits, compatibility and effective schedule unresolved",https://admin.onyxshutters.com/OrderDetailBlind.aspx,Implemented; awaiting deployment/live proof; pricing held
Onyx,Woven,Woven,WS_Walden Select_WS_Walden Select,WS_PudongWhite,Pudong White,onyx_woven,onyx_woven,UNRESOLVED,UNPUBLISHED,2026-09-20,Visible order menu,"Full grids, limits, compatibility and effective schedule unresolved",https://admin.onyxshutters.com/OrderDetailBlind.aspx,Implemented; awaiting deployment/live proof; pricing held
Onyx,Woven,Woven,WS_Walden Select_WS_Walden Select,WS_SeleneNatural,Selene Natural,onyx_woven,onyx_woven,UNRESOLVED,UNPUBLISHED,2026-09-20,Visible order menu,"Full grids, limits, compatibility and effective schedule unresolved",https://admin.onyxshutters.com/OrderDetailBlind.aspx,Implemented; awaiting deployment/live proof; pricing held
Onyx,Woven,Woven,WS_Walden Select_WS_Walden Select,WS_SeleneWhite,Selene White,onyx_woven,onyx_woven,UNRESOLVED,UNPUBLISHED,2026-09-20,Visible order menu,"Full grids, limits, compatibility and effective schedule unresolved",https://admin.onyxshutters.com/OrderDetailBlind.aspx,Implemented; awaiting deployment/live proof; pricing held
Onyx,Woven,Woven,WS_Walden Select_WS_Walden Select,WS_SoftJuteBeige,Soft Jute Beige,onyx_woven,onyx_woven,UNRESOLVED,UNPUBLISHED,2026-09-20,Visible order menu,"Full grids, limits, compatibility and effective schedule unresolved",https://admin.onyxshutters.com/OrderDetailBlind.aspx,Implemented; awaiting deployment/live proof; pricing held
Onyx,Woven,Woven,WS_Walden Select_WS_Walden Select,WS_SoftJuteGray,Soft Jute Gray,onyx_woven,onyx_woven,UNRESOLVED,UNPUBLISHED,2026-09-20,Visible order menu,"Full grids, limits, compatibility and effective schedule unresolved",https://admin.onyxshutters.com/OrderDetailBlind.aspx,Implemented; awaiting deployment/live proof; pricing held
Onyx,Woven,Woven,WS_Walden Select_WS_Walden Select,WS_SoftJuteWhite,Soft Jute White,onyx_woven,onyx_woven,UNRESOLVED,UNPUBLISHED,2026-09-20,Visible order menu,"Full grids, limits, compatibility and effective schedule unresolved",https://admin.onyxshutters.com/OrderDetailBlind.aspx,Implemented; awaiting deployment/live proof; pricing held
Onyx,Woven,Woven,WS_Walden Select_WS_Walden Select,WS_SonomaDusk,Sonoma Dusk,onyx_woven,onyx_woven,UNRESOLVED,UNPUBLISHED,2026-09-20,Visible order menu,"Full grids, limits, compatibility and effective schedule unresolved",https://admin.onyxshutters.com/OrderDetailBlind.aspx,Implemented; awaiting deployment/live proof; pricing held
Onyx,Woven,Woven,WS_Walden Select_WS_Walden Select,WS_TerraOak,Terra Oak,onyx_woven,onyx_woven,UNRESOLVED,UNPUBLISHED,2026-09-20,Visible order menu,"Full grids, limits, compatibility and effective schedule unresolved",https://admin.onyxshutters.com/OrderDetailBlind.aspx,Implemented; awaiting deployment/live proof; pricing held
Onyx,Woven,Woven,WS_Walden Select_WS_Walden Select,WS_TortolaNatural,Tortola Natural,onyx_woven,onyx_woven,UNRESOLVED,UNPUBLISHED,2026-09-20,Visible order menu,"Full grids, limits, compatibility and effective schedule unresolved",https://admin.onyxshutters.com/OrderDetailBlind.aspx,Implemented; awaiting deployment/live proof; pricing held
Onyx,Woven,Woven,WS_Walden Select_WS_Walden Select,WS_UmbriaInk,Umbria Ink,onyx_woven,onyx_woven,UNRESOLVED,UNPUBLISHED,2026-09-20,Visible order menu,"Full grids, limits, compatibility and effective schedule unresolved",https://admin.onyxshutters.com/OrderDetailBlind.aspx,Implemented; awaiting deployment/live proof; pricing held
Onyx,Woven,Woven,WS_Walden Select_WS_Walden Select,WS_UmbriaMist,Umbria Mist,onyx_woven,onyx_woven,UNRESOLVED,UNPUBLISHED,2026-09-20,Visible order menu,"Full grids, limits, compatibility and effective schedule unresolved",https://admin.onyxshutters.com/OrderDetailBlind.aspx,Implemented; awaiting deployment/live proof; pricing held
Onyx,Woven,Woven,WS_Walden Select_WS_Walden Select,WS_UmbriaSepia,Umbria Sepia,onyx_woven,onyx_woven,UNRESOLVED,UNPUBLISHED,2026-09-20,Visible order menu,"Full grids, limits, compatibility and effective schedule unresolved",https://admin.onyxshutters.com/OrderDetailBlind.aspx,Implemented; awaiting deployment/live proof; pricing held
