sku,collection,url,portalPrice,productIds,programIds,sourceCells,sourcePages,sourceEffectiveDate,observedDate,status,exception
CAMX2772W,/collections/aluminum-blinds,/products/camx2772w-width-range-23-25-27-length-range-62-72,,lotus_mini_blinds,lotus_amx_1in_aluminum_custom,27.0x72=26.3,97,,2026-09-20,unresolved_exception,Price not displayed on collection
CAMX3560W,/collections/aluminum-blinds,/products/camx3560w-width-range-30-25-35-length-range-50-60,,lotus_mini_blinds,lotus_amx_1in_aluminum_custom,35.0x60=27.84,97,,2026-09-20,unresolved_exception,Price not displayed on collection
CAMX48108W,/collections/aluminum-blinds,/products/camx48108w-width-range-43-25-48-length-range-98-108,,lotus_mini_blinds,lotus_amx_1in_aluminum_custom,48.0x108=69.25,97,,2026-09-20,unresolved_exception,Price not displayed on collection
CAMX3536W,/collections/aluminum-blinds,/products/camx3536w-width-range-30-25-35-length-range-26-36,,lotus_mini_blinds,lotus_amx_1in_aluminum_custom,35.0x36=24.89,97,,2026-09-20,unresolved_exception,Price not displayed on collection
CAMX6360W,/collections/aluminum-blinds,/products/camx6360w-width-range-59-25-63-length-range-50-60,,lotus_mini_blinds,lotus_amx_1in_aluminum_custom,63.0x60=44.51,97,,2026-09-20,unresolved_exception,Price not displayed on collection
CAMX3972W,/collections/aluminum-blinds,/products/camx3972w-width-range-35-25-39-length-range-62-72,,lotus_mini_blinds,lotus_amx_1in_aluminum_custom,39.0x72=34.87,97,,2026-09-20,unresolved_exception,Price not displayed on collection
CAMX5960A,/collections/aluminum-blinds,/products/camx5960a-width-range-54-25-59-length-range-50-60,,lotus_mini_blinds,lotus_amx_1in_aluminum_custom,59.0x60=42.13,97,,2026-09-20,unresolved_exception,Price not displayed on collection
CAMX82560W,/collections/aluminum-blinds,/products/camx82560w-width-range-76-75-82-5-length-range-50-60,,lotus_mini_blinds,lotus_amx_1in_aluminum_custom,82.5x60=112.97,97,,2026-09-20,unresolved_exception,Price not displayed on collection
CAMX4896W,/collections/aluminum-blinds,/products/camx4896w-width-range-43-25-48-length-range-86-96,,lotus_mini_blinds,lotus_amx_1in_aluminum_custom,48.0x96=62.33,97,,2026-09-20,unresolved_exception,Price not displayed on collection
CAMX3596W,/collections/aluminum-blinds,/products/camx3596w-width-range-30-25-35-length-range-86-96,,lotus_mini_blinds,lotus_amx_1in_aluminum_custom,35.0x96=40.35,97,,2026-09-20,unresolved_exception,Price not displayed on collection
CAMX3048W,/collections/aluminum-blinds,/products/camx3048w-width-range-27-25-30-length-range-38-48,,lotus_mini_blinds,lotus_amx_1in_aluminum_custom,30.0x48=24.3,97,,2026-09-20,unresolved_exception,Price not displayed on collection
CAMX2336W,/collections/aluminum-blinds,/products/camx2336w-width-range-17-25-23-length-range-26-36,,lotus_mini_blinds,lotus_amx_1in_aluminum_custom,23.0x36=23.8,97,,2026-09-20,unresolved_exception,Price not displayed on collection
CAMX59108W,/collections/aluminum-blinds,/products/camx59108w-width-range-54-25-59-length-range-98-108,,lotus_mini_blinds,lotus_amx_1in_aluminum_custom,59.0x108=83.52,97,,2026-09-20,unresolved_exception,Price not displayed on collection
CAMX4884W,/collections/aluminum-blinds,/products/camx4884w-width-range-43-25-48-length-range-74-84,,lotus_mini_blinds,lotus_amx_1in_aluminum_custom,48.0x84=47.01,97,,2026-09-20,unresolved_exception,Price not displayed on collection
CAMX39108W,/collections/aluminum-blinds,/products/camx39108w-width-range-35-25-39-length-range-98-108,,lotus_mini_blinds,lotus_amx_1in_aluminum_custom,39.0x108=62.77,97,,2026-09-20,unresolved_exception,Price not displayed on collection
CAMX9572W,/collections/aluminum-blinds,/products/camx9572w-width-range-89-25-95-length-range-62-72,,lotus_mini_blinds,lotus_amx_1in_aluminum_custom,95.0x72=153.03,97,,2026-09-20,unresolved_exception,Price not displayed on collection
CAMX3584W,/collections/aluminum-blinds,/products/camx3584w-width-range-30-25-35-length-range-74-84,,lotus_mini_blinds,lotus_amx_1in_aluminum_custom,35.0x84=36.18,97,,2026-09-20,unresolved_exception,Price not displayed on collection
CAMX3572A,/collections/aluminum-blinds,/products/camx3572a-width-range-30-25-35-length-range-62-72,,lotus_mini_blinds,lotus_amx_1in_aluminum_custom,35.0x72=32.01,97,,2026-09-20,unresolved_exception,Price not displayed on collection
CAMX54108W,/collections/aluminum-blinds,/products/camx54108w-width-range-48-25-54-length-range-98-108,,lotus_mini_blinds,lotus_amx_1in_aluminum_custom,54.0x108=77.04,97,,2026-09-20,unresolved_exception,Price not displayed on collection
CAMX4360W,/collections/aluminum-blinds,/products/camx4360w-width-range-39-25-43-length-range-50-60,,lotus_mini_blinds,lotus_amx_1in_aluminum_custom,43.0x60=32.6,97,,2026-09-20,unresolved_exception,Price not displayed on collection
CAMX43108W,/collections/aluminum-blinds,/products/camx43108w-width-range-39-25-43-length-range-98-108,,lotus_mini_blinds,lotus_amx_1in_aluminum_custom,43.0x108=62.77,97,,2026-09-20,unresolved_exception,Price not displayed on collection
CAMX3960W,/collections/aluminum-blinds,/products/camx3960w-width-range-35-25-39-length-range-50-60,,lotus_mini_blinds,lotus_amx_1in_aluminum_custom,39.0x60=30.23,97,,2026-09-20,unresolved_exception,Price not displayed on collection
CAMX3572W,/collections/aluminum-blinds,/products/camx3572w-width-range-30-25-35-length-range-62-72,,lotus_mini_blinds,lotus_amx_1in_aluminum_custom,35.0x72=32.01,97,,2026-09-20,unresolved_exception,Price not displayed on collection
CAMX5996W,/collections/aluminum-blinds,/products/camx5996w-width-range-54-25-59-length-range-86-96,,lotus_mini_blinds,lotus_amx_1in_aluminum_custom,59.0x96=75.02,97,,2026-09-20,unresolved_exception,Price not displayed on collection
CAMX4896A,/collections/aluminum-blinds,/products/camx4896a-width-range-43-25-48-length-range-86-96,,,,,,,2026-09-20,unresolved_exception,No exact source SKU destination
CAMX3096W,/collections/aluminum-blinds,/products/camx3096w-width-range-27-25-30-length-range-86-96,,lotus_mini_blinds,lotus_amx_1in_aluminum_custom,30.0x96=36.54,97,,2026-09-20,unresolved_exception,Price not displayed on collection
CAMX5948W,/collections/aluminum-blinds,/products/camx5948w-width-range-54-25-59-length-range-38-48,,lotus_mini_blinds,lotus_amx_1in_aluminum_custom,59.0x48=41.02,97,,2026-09-20,unresolved_exception,Price not displayed on collection
CAMX5948A,/collections/aluminum-blinds,/products/camx5948a-width-range-54-25-59-length-range-38-48,,lotus_mini_blinds,lotus_amx_1in_aluminum_custom,59.0x48=41.02,97,,2026-09-20,unresolved_exception,Price not displayed on collection
CAMX3564W,/collections/aluminum-blinds,/products/camx3564w-width-range-30-25-35-length-range-54-64,,lotus_mini_blinds,lotus_amx_1in_aluminum_custom,35.0x64=32.01,97,,2026-09-20,unresolved_exception,Price not displayed on collection
CAMX2772A,/collections/aluminum-blinds,/products/camx2772a-width-range-23-25-27-length-range-62-72,,lotus_mini_blinds,lotus_amx_1in_aluminum_custom,27.0x72=26.3,97,,2026-09-20,unresolved_exception,Price not displayed on collection
CAMX2748W,/collections/aluminum-blinds,/products/camx2748w-width-range-23-25-27-length-range-38-48,,lotus_mini_blinds,lotus_amx_1in_aluminum_custom,27.0x48=25.4,97,,2026-09-20,unresolved_exception,Price not displayed on collection
CAMX2372W,/collections/aluminum-blinds,/products/camx2372w-width-range-17-25-23-length-range-62-72,,lotus_mini_blinds,lotus_amx_1in_aluminum_custom,23.0x72=23.44,97,,2026-09-20,unresolved_exception,Price not displayed on collection
CAMX8972W,/collections/aluminum-blinds,/products/camx8972w-width-range-83-25-89-length-range-62-72,,lotus_mini_blinds,lotus_amx_1in_aluminum_custom,89.0x72=143.88,97,,2026-09-20,unresolved_exception,Price not displayed on collection
CAMX82560A,/collections/aluminum-blinds,/products/camx82560a-width-range-76-75-82-5-length-range-50-60,,lotus_mini_blinds,lotus_amx_1in_aluminum_custom,82.5x60=112.97,97,,2026-09-20,unresolved_exception,Price not displayed on collection
CAMX82548W,/collections/aluminum-blinds,/products/camx82548w-width-range-76-75-82-5-length-range-38-48,,lotus_mini_blinds,lotus_amx_1in_aluminum_custom,82.5x48=106.54,97,,2026-09-20,unresolved_exception,Price not displayed on collection
CAMX5984W,/collections/aluminum-blinds,/products/camx5984w-width-range-54-25-59-length-range-74-84,,lotus_mini_blinds,lotus_amx_1in_aluminum_custom,59.0x84=56.19,97,,2026-09-20,unresolved_exception,Price not displayed on collection
CAMX5936A,/collections/aluminum-blinds,/products/camx5936a-width-range-54-25-59-length-range-26-36,,lotus_mini_blinds,lotus_amx_1in_aluminum_custom,59.0x36=37.16,97,,2026-09-20,unresolved_exception,Price not displayed on collection
CAMX35108W,/collections/aluminum-blinds,/products/camx35108w-width-range-30-25-35-length-range-98-108,,lotus_mini_blinds,lotus_amx_1in_aluminum_custom,35.0x108=53.69,97,,2026-09-20,unresolved_exception,Price not displayed on collection
CAMX2784W,/collections/aluminum-blinds,/products/camx2784w-width-range-23-25-27-length-range-74-84,,lotus_mini_blinds,lotus_amx_1in_aluminum_custom,27.0x84=29.51,97,,2026-09-20,unresolved_exception,Price not displayed on collection
CAMX2372A,/collections/aluminum-blinds,/products/camx2372a-width-range-17-25-23-length-range-62-72,,lotus_mini_blinds,lotus_amx_1in_aluminum_custom,23.0x72=23.44,97,,2026-09-20,unresolved_exception,Price not displayed on collection
CAMX9548A,/collections/aluminum-blinds,/products/camx9548a-width-range-89-25-95-length-range-38-48,,lotus_mini_blinds,lotus_amx_1in_aluminum_custom,95.0x48=120.79,97,,2026-09-20,unresolved_exception,Price not displayed on collection
CAMX5448W,/collections/aluminum-blinds,/products/camx5448w-width-range-48-25-54-length-range-38-48,,lotus_mini_blinds,lotus_amx_1in_aluminum_custom,54.0x48=38.13,97,,2026-09-20,unresolved_exception,Price not displayed on collection
CAMX4872A,/collections/aluminum-blinds,/products/camx4872a-width-range-43-25-48-length-range-62-72,,lotus_mini_blinds,lotus_amx_1in_aluminum_custom,48.0x72=41.3,97,,2026-09-20,unresolved_exception,Price not displayed on collection
CAMX4860W,/collections/aluminum-blinds,/products/camx4860w-width-range-43-25-48-length-range-50-60,,lotus_mini_blinds,lotus_amx_1in_aluminum_custom,48.0x60=35.58,97,,2026-09-20,unresolved_exception,Price not displayed on collection
CAMX10772W,/collections/aluminum-blinds,/products/camx10772w-width-range-101-25-107-length-range-62-72,,,,,,,2026-09-20,unresolved_exception,No exact source SKU destination
CAMX9560A,/collections/aluminum-blinds,/products/camx9560a-width-range-89-25-95-length-range-50-60,,lotus_mini_blinds,lotus_amx_1in_aluminum_custom,95.0x60=128.86,97,,2026-09-20,unresolved_exception,Price not displayed on collection
CAMX7272A,/collections/aluminum-blinds,/products/camx7272a-width-range-69-25-72-length-range-62-72,,lotus_mini_blinds,lotus_amx_1in_aluminum_custom,72.0x72=58.44,97,,2026-09-20,unresolved_exception,Price not displayed on collection
CAMX7248A,/collections/aluminum-blinds,/products/camx7248a-width-range-69-25-72-length-range-38-48,,lotus_mini_blinds,lotus_amx_1in_aluminum_custom,72.0x48=48.51,97,,2026-09-20,unresolved_exception,Price not displayed on collection
CAMX7236W,/collections/aluminum-blinds,/products/camx7236w-width-range-69-25-72-length-range-26-36,,lotus_mini_blinds,lotus_amx_1in_aluminum_custom,72.0x36=43.79,97,,2026-09-20,unresolved_exception,Price not displayed on collection
CAMX6984W,/collections/aluminum-blinds,/products/camx6984w-width-range-62-25-69-length-range-74-84,,lotus_mini_blinds,lotus_amx_1in_aluminum_custom,69.0x84=64.51,97,,2026-09-20,unresolved_exception,Price not displayed on collection
CAMX69108W,/collections/aluminum-blinds,/products/camx69108w-width-range-63-25-69-length-range-98-108,,lotus_mini_blinds,lotus_amx_1in_aluminum_custom,69.0x108=96.49,97,,2026-09-20,unresolved_exception,Price not displayed on collection
CAMX6372A,/collections/aluminum-blinds,/products/camx6372a-width-range-59-25-63-length-range-62-72,,lotus_mini_blinds,lotus_amx_1in_aluminum_custom,63.0x72=52.02,97,,2026-09-20,unresolved_exception,Price not displayed on collection
CAMX63108W,/collections/aluminum-blinds,/products/camx63108w-width-range-59-25-63-length-range-98-108,,lotus_mini_blinds,lotus_amx_1in_aluminum_custom,63.0x108=88.71,97,,2026-09-20,unresolved_exception,Price not displayed on collection
CAMX5460W,/collections/aluminum-blinds,/products/camx5460w-width-range-48-25-54-length-range-50-60,,lotus_mini_blinds,lotus_amx_1in_aluminum_custom,54.0x60=39.16,97,,2026-09-20,unresolved_exception,Price not displayed on collection
CAMX4864A,/collections/aluminum-blinds,/products/camx4864a-width-range-43-25-48-length-range-54-64,,,,,,,2026-09-20,unresolved_exception,No exact source SKU destination
CAMX3984W,/collections/aluminum-blinds,/products/camx3984w-width-range-35-25-39-length-range-74-84,,lotus_mini_blinds,lotus_amx_1in_aluminum_custom,39.0x84=39.51,97,,2026-09-20,unresolved_exception,Price not displayed on collection
CAMX3972A,/collections/aluminum-blinds,/products/camx3972a-width-range-35-25-39-length-range-62-72,,lotus_mini_blinds,lotus_amx_1in_aluminum_custom,39.0x72=34.87,97,,2026-09-20,unresolved_exception,Price not displayed on collection
CAMX2396W,/collections/aluminum-blinds,/products/camx2396w-width-range-17-25-23-length-range-86-96,,lotus_mini_blinds,lotus_amx_1in_aluminum_custom,23.0x96=28.92,97,,2026-09-20,unresolved_exception,Price not displayed on collection
CAMX23108A,/collections/aluminum-blinds,/products/camx23108a-width-range-17-25-23-length-range-98-108,,lotus_mini_blinds,lotus_amx_1in_aluminum_custom,23.0x108=36.84,97,,2026-09-20,unresolved_exception,Price not displayed on collection
CAMX7260W,/collections/aluminum-blinds,/products/camx7260w-width-range-69-25-72-length-range-50-60,,lotus_mini_blinds,lotus_amx_1in_aluminum_custom,72.0x60=49.87,97,,2026-09-20,unresolved_exception,Price not displayed on collection
CAMX5972W,/collections/aluminum-blinds,/products/camx5972w-width-range-54-25-59-length-range-62-72,,lotus_mini_blinds,lotus_amx_1in_aluminum_custom,59.0x72=49.16,97,,2026-09-20,unresolved_exception,Price not displayed on collection
CAMX4396W,/collections/aluminum-blinds,/products/camx4396w-width-range-39-25-43-length-range-86-96,,lotus_mini_blinds,lotus_amx_1in_aluminum_custom,43.0x96=56.57,97,,2026-09-20,unresolved_exception,Price not displayed on collection
CAMX3960A,/collections/aluminum-blinds,/products/camx3960a-width-range-35-25-39-length-range-50-60,,lotus_mini_blinds,lotus_amx_1in_aluminum_custom,39.0x60=30.23,97,,2026-09-20,unresolved_exception,Price not displayed on collection
CAMX3084W,/collections/aluminum-blinds,/products/camx3084w-width-range-27-25-30-length-range-74-84,,lotus_mini_blinds,lotus_amx_1in_aluminum_custom,30.0x84=32.84,97,,2026-09-20,unresolved_exception,Price not displayed on collection
CAMX2384W,/collections/aluminum-blinds,/products/camx2384w-width-range-17-25-23-length-range-74-84,,lotus_mini_blinds,lotus_amx_1in_aluminum_custom,23.0x84=26.18,97,,2026-09-20,unresolved_exception,Price not displayed on collection
CAMX9560W,/collections/aluminum-blinds,/products/camx9560w-width-range-89-25-95-length-range-50-60,,lotus_mini_blinds,lotus_amx_1in_aluminum_custom,95.0x60=128.86,97,,2026-09-20,unresolved_exception,Price not displayed on collection
CAMX9548W,/collections/aluminum-blinds,/products/camx9548w-width-range-89-25-95-length-range-38-48,,lotus_mini_blinds,lotus_amx_1in_aluminum_custom,95.0x48=120.79,97,,2026-09-20,unresolved_exception,Price not displayed on collection
CAMX82572A,/collections/aluminum-blinds,/products/camx82572a-width-range-76-75-82-5-length-range-62-72,,lotus_mini_blinds,lotus_amx_1in_aluminum_custom,82.5x72=134.71,97,,2026-09-20,unresolved_exception,Price not displayed on collection
CAMX825108W,/collections/aluminum-blinds,/products/camx825108w-width-range-76-75-82-5-length-range-98-108,,,,,,,2026-09-20,unresolved_exception,No exact source SKU destination
CAMX7284W,/collections/aluminum-blinds,/products/camx7284w-width-range-69-25-72-length-range-74-84,,lotus_mini_blinds,lotus_amx_1in_aluminum_custom,72.0x84=67.02,97,,2026-09-20,unresolved_exception,Price not displayed on collection
CAMX7260A,/collections/aluminum-blinds,/products/camx7260a-width-range-69-25-72-length-range-50-60,,lotus_mini_blinds,lotus_amx_1in_aluminum_custom,72.0x60=49.87,97,,2026-09-20,unresolved_exception,Price not displayed on collection
CAMX72108W,/collections/aluminum-blinds,/products/camx72108w-width-range-69-25-72-length-range-98-108,,lotus_mini_blinds,lotus_amx_1in_aluminum_custom,72.0x108=100.38,97,,2026-09-20,unresolved_exception,Price not displayed on collection
CAMX6372W,/collections/aluminum-blinds,/products/camx6372w-width-range-59-25-63-length-range-62-72,,lotus_mini_blinds,lotus_amx_1in_aluminum_custom,63.0x72=52.02,97,,2026-09-20,unresolved_exception,Price not displayed on collection
CAMX5472W,/collections/aluminum-blinds,/products/camx5472w-width-range-48-25-54-length-range-62-72,,lotus_mini_blinds,lotus_amx_1in_aluminum_custom,54.0x72=45.58,97,,2026-09-20,unresolved_exception,Price not displayed on collection
CAMX4860A,/collections/aluminum-blinds,/products/camx4860a-width-range-43-25-48-length-range-50-60,,lotus_mini_blinds,lotus_amx_1in_aluminum_custom,48.0x60=35.58,97,,2026-09-20,unresolved_exception,Price not displayed on collection
CAMX4848W,/collections/aluminum-blinds,/products/camx4848w-width-range-43-25-48-length-range-38-48,,lotus_mini_blinds,lotus_amx_1in_aluminum_custom,48.0x48=34.67,97,,2026-09-20,unresolved_exception,Price not displayed on collection
CAMX4836W,/collections/aluminum-blinds,/products/camx4836w-width-range-43-25-48-length-range-26-36,,lotus_mini_blinds,lotus_amx_1in_aluminum_custom,48.0x36=31.53,97,,2026-09-20,unresolved_exception,Price not displayed on collection
CAMX48108A,/collections/aluminum-blinds,/products/camx48108a-width-range-43-25-48-length-range-98-108,,lotus_mini_blinds,lotus_amx_1in_aluminum_custom,48.0x108=69.25,97,,2026-09-20,unresolved_exception,Price not displayed on collection
CAMX4372W,/collections/aluminum-blinds,/products/camx4372w-width-range-39-25-43-length-range-62-72,,lotus_mini_blinds,lotus_amx_1in_aluminum_custom,43.0x72=37.73,97,,2026-09-20,unresolved_exception,Price not displayed on collection
CAMX4372A,/collections/aluminum-blinds,/products/camx4372a-width-range-39-25-43-length-range-62-72,,lotus_mini_blinds,lotus_amx_1in_aluminum_custom,43.0x72=37.73,97,,2026-09-20,unresolved_exception,Price not displayed on collection
CAMX3996W,/collections/aluminum-blinds,/products/camx3996w-width-range-35-25-39-length-range-86-96,,lotus_mini_blinds,lotus_amx_1in_aluminum_custom,39.0x96=51.96,97,,2026-09-20,unresolved_exception,Price not displayed on collection
CAMX39108A,/collections/aluminum-blinds,/products/camx39108a-width-range-35-25-39-length-range-98-108,,lotus_mini_blinds,lotus_amx_1in_aluminum_custom,39.0x108=62.77,97,,2026-09-20,unresolved_exception,Price not displayed on collection
CAMX3596A,/collections/aluminum-blinds,/products/camx3596a-width-range-30-25-35-length-range-86-96,,,,,,,2026-09-20,unresolved_exception,No exact source SKU destination
CAMX3064W,/collections/aluminum-blinds,/products/camx3064w-width-range-27-25-30-length-range-54-64,,lotus_mini_blinds,lotus_amx_1in_aluminum_custom,30.0x64=26.06,97,,2026-09-20,unresolved_exception,Price not displayed on collection
CAMX3060W,/collections/aluminum-blinds,/products/camx3060w-width-range-27-25-30-length-range-50-60,,lotus_mini_blinds,lotus_amx_1in_aluminum_custom,30.0x60=24.87,97,,2026-09-20,unresolved_exception,Price not displayed on collection
CAMX2760W,/collections/aluminum-blinds,/products/camx2760w-width-range-23-25-27-length-range-50-60,,lotus_mini_blinds,lotus_amx_1in_aluminum_custom,27.0x60=23.08,97,,2026-09-20,unresolved_exception,Price not displayed on collection
CAMX2360W,/collections/aluminum-blinds,/products/camx2360w-width-range-17-25-23-length-range-50-60,,lotus_mini_blinds,lotus_amx_1in_aluminum_custom,23.0x60=26.6,97,,2026-09-20,unresolved_exception,Price not displayed on collection
CAMX2348A,/collections/aluminum-blinds,/products/camx2348a-width-range-17-25-23-length-range-38-48,,lotus_mini_blinds,lotus_amx_1in_aluminum_custom,23.0x48=22.67,97,,2026-09-20,unresolved_exception,Price not displayed on collection
CAMX23108W,/collections/aluminum-blinds,/products/camx23108w-width-range-17-25-23-length-range-98-108,,lotus_mini_blinds,lotus_amx_1in_aluminum_custom,23.0x108=36.84,97,,2026-09-20,unresolved_exception,Price not displayed on collection
CAMX10760W,/collections/aluminum-blinds,/products/camx10760w-width-range-101-25-107-length-range-50-60,,,,,,,2026-09-20,unresolved_exception,No exact source SKU destination
CAMX7264W,/collections/aluminum-blinds,/products/camx7264w-width-range-68-25-72-length-range-54-64,,lotus_mini_blinds,lotus_amx_1in_aluminum_custom,72.0x64=58.44,97,,2026-09-20,unresolved_exception,Price not displayed on collection
CAMX7248W,/collections/aluminum-blinds,/products/camx7248w-width-range-69-25-72-length-range-38-48,,lotus_mini_blinds,lotus_amx_1in_aluminum_custom,72.0x48=48.51,97,,2026-09-20,unresolved_exception,Price not displayed on collection
CAMX6960W,/collections/aluminum-blinds,/products/camx6960w-width-range-63-25-69-length-range-50-60,,lotus_mini_blinds,lotus_amx_1in_aluminum_custom,69.0x60=48.09,97,,2026-09-20,unresolved_exception,Price not displayed on collection
CAMX6960A,/collections/aluminum-blinds,/products/camx6960a-width-range-63-25-69-length-range-50-60,,lotus_mini_blinds,lotus_amx_1in_aluminum_custom,69.0x60=48.09,97,,2026-09-20,unresolved_exception,Price not displayed on collection
CAMX59108A,/collections/aluminum-blinds,/products/camx59108a-width-range-54-25-59-length-range-98-108,,lotus_mini_blinds,lotus_amx_1in_aluminum_custom,59.0x108=83.52,97,,2026-09-20,unresolved_exception,Price not displayed on collection
CAMX4884A,/collections/aluminum-blinds,/products/camx4884a-width-range-43-25-48-length-range-74-84,,lotus_mini_blinds,lotus_amx_1in_aluminum_custom,48.0x84=47.01,97,,2026-09-20,unresolved_exception,Price not displayed on collection
CAMX3560A,/collections/aluminum-blinds,/products/camx3560a-width-range-30-25-35-length-range-50-60,,lotus_mini_blinds,lotus_amx_1in_aluminum_custom,35.0x60=27.84,97,,2026-09-20,unresolved_exception,Price not displayed on collection
CAMX3036W,/collections/aluminum-blinds,/products/camx3036w-width-range-27-25-30-length-range-26-36,,lotus_mini_blinds,lotus_amx_1in_aluminum_custom,30.0x36=28.91,97,,2026-09-20,unresolved_exception,Price not displayed on collection
CAMX9572A,/collections/aluminum-blinds,/products/camx9572a-width-range-89-25-95-length-range-62-72,,lotus_mini_blinds,lotus_amx_1in_aluminum_custom,95.0x72=153.03,97,,2026-09-20,unresolved_exception,Price not displayed on collection
CAMX8972A,/collections/aluminum-blinds,/products/camx8972a-width-range-83-25-89-length-range-62-72,,lotus_mini_blinds,lotus_amx_1in_aluminum_custom,89.0x72=143.88,97,,2026-09-20,unresolved_exception,Price not displayed on collection
CAMX82572W,/collections/aluminum-blinds,/products/camx82572w-width-range-76-75-82-5-length-range-62-72,,lotus_mini_blinds,lotus_amx_1in_aluminum_custom,82.5x72=134.71,97,,2026-09-20,unresolved_exception,Price not displayed on collection
CAMX7284A,/collections/aluminum-blinds,/products/camx7284a-width-range-69-25-72-length-range-74-84,,lotus_mini_blinds,lotus_amx_1in_aluminum_custom,72.0x84=67.02,97,,2026-09-20,unresolved_exception,Price not displayed on collection
CAMX7272W,/collections/aluminum-blinds,/products/camx7272w-width-range-69-25-72-length-range-62-72,,lotus_mini_blinds,lotus_amx_1in_aluminum_custom,72.0x72=58.44,97,,2026-09-20,unresolved_exception,Price not displayed on collection
CAMX7236A,/collections/aluminum-blinds,/products/camx7236a-width-range-69-25-72-length-range-26-36,,lotus_mini_blinds,lotus_amx_1in_aluminum_custom,72.0x36=43.79,97,,2026-09-20,unresolved_exception,Price not displayed on collection
CAMX72108A,/collections/aluminum-blinds,/products/camx72108a-width-range-69-25-72-length-range-98-108,,lotus_mini_blinds,lotus_amx_1in_aluminum_custom,72.0x108=100.38,97,,2026-09-20,unresolved_exception,Price not displayed on collection
CAMX6972W,/collections/aluminum-blinds,/products/camx6972w-width-range-63-25-69-length-range-62-72,,lotus_mini_blinds,lotus_amx_1in_aluminum_custom,69.0x72=56.31,97,,2026-09-20,unresolved_exception,Price not displayed on collection
CAMX6972A,/collections/aluminum-blinds,/products/camx6972a-width-range-63-25-69-length-range-62-72,,lotus_mini_blinds,lotus_amx_1in_aluminum_custom,69.0x72=56.31,97,,2026-09-20,unresolved_exception,Price not displayed on collection
CAMX6964W,/collections/aluminum-blinds,/products/camx6964w-width-range-63-25-69-length-range-54-64,,lotus_mini_blinds,lotus_amx_1in_aluminum_custom,69.0x64=56.31,97,,2026-09-20,unresolved_exception,Price not displayed on collection
CAMX6948W,/collections/aluminum-blinds,/products/camx6948w-width-range-63-25-69-length-range-38-48,,lotus_mini_blinds,lotus_amx_1in_aluminum_custom,69.0x48=46.78,97,,2026-09-20,unresolved_exception,Price not displayed on collection
CAMX6948A,/collections/aluminum-blinds,/products/camx6948a-width-range-63-25-69-length-range-38-48,,lotus_mini_blinds,lotus_amx_1in_aluminum_custom,69.0x48=46.78,97,,2026-09-20,unresolved_exception,Price not displayed on collection
CAMX6936W,/collections/aluminum-blinds,/products/camx6936w-width-range-63-25-69-length-range-26-36,,lotus_mini_blinds,lotus_amx_1in_aluminum_custom,69.0x36=42.26,97,,2026-09-20,unresolved_exception,Price not displayed on collection
CAMX6936A,/collections/aluminum-blinds,/products/camx6936a-width-range-63-25-69-length-range-26-36,,,,,,,2026-09-20,unresolved_exception,No exact source SKU destination
CAMX69108A,/collections/aluminum-blinds,/products/camx69108a-width-range-63-25-69-length-range-98-108,,lotus_mini_blinds,lotus_amx_1in_aluminum_custom,69.0x108=96.49,97,,2026-09-20,unresolved_exception,Price not displayed on collection
CAMX6360A,/collections/aluminum-blinds,/products/camx6360a-width-range-59-25-63-length-range-50-60,,lotus_mini_blinds,lotus_amx_1in_aluminum_custom,63.0x60=44.51,97,,2026-09-20,unresolved_exception,Price not displayed on collection
CAMX63108A,/collections/aluminum-blinds,/products/camx63108a-width-range-59-25-63-length-range-98-108,,lotus_mini_blinds,lotus_amx_1in_aluminum_custom,63.0x108=88.71,97,,2026-09-20,unresolved_exception,Price not displayed on collection
CAMX5996A,/collections/aluminum-blinds,/products/camx5996a-width-range-54-25-59-length-range-86-96,,,,,,,2026-09-20,unresolved_exception,No exact source SKU destination
CAMX5972A,/collections/aluminum-blinds,/products/camx5972a-width-range-54-25-59-length-range-62-72,,lotus_mini_blinds,lotus_amx_1in_aluminum_custom,59.0x72=49.16,97,,2026-09-20,unresolved_exception,Price not displayed on collection
CAMX5960W,/collections/aluminum-blinds,/products/camx5960w-width-range-54-25-59-length-range-50-60,,lotus_mini_blinds,lotus_amx_1in_aluminum_custom,59.0x60=42.13,97,,2026-09-20,unresolved_exception,Price not displayed on collection
CAMX5936W,/collections/aluminum-blinds,/products/camx5936w-width-range-54-25-59-length-range-26-36,,lotus_mini_blinds,lotus_amx_1in_aluminum_custom,59.0x36=37.16,97,,2026-09-20,unresolved_exception,Price not displayed on collection
CAMX5472A,/collections/aluminum-blinds,/products/camx5472a-width-range-48-25-54-length-range-62-72,,lotus_mini_blinds,lotus_amx_1in_aluminum_custom,54.0x72=45.58,97,,2026-09-20,unresolved_exception,Price not displayed on collection
CAMX5460A,/collections/aluminum-blinds,/products/camx5460a-width-range-48-25-54-length-range-50-60,,lotus_mini_blinds,lotus_amx_1in_aluminum_custom,54.0x60=39.16,97,,2026-09-20,unresolved_exception,Price not displayed on collection
CAMX54108A,/collections/aluminum-blinds,/products/camx54108a-width-range-48-25-54-length-range-98-108,,lotus_mini_blinds,lotus_amx_1in_aluminum_custom,54.0x108=77.04,97,,2026-09-20,unresolved_exception,Price not displayed on collection
CAMX4872W,/collections/aluminum-blinds,/products/camx4872w-width-range-43-25-48-length-range-62-72,,lotus_mini_blinds,lotus_amx_1in_aluminum_custom,48.0x72=41.3,97,,2026-09-20,unresolved_exception,Price not displayed on collection
CAMX4864W,/collections/aluminum-blinds,/products/camx4864w-width-range-43-25-48-length-range-54-64,,lotus_mini_blinds,lotus_amx_1in_aluminum_custom,48.0x64=41.3,97,,2026-09-20,unresolved_exception,Price not displayed on collection
CAMX4848A,/collections/aluminum-blinds,/products/camx4848a-width-range-43-25-48-length-range-38-48,,lotus_mini_blinds,lotus_amx_1in_aluminum_custom,48.0x48=34.67,97,,2026-09-20,unresolved_exception,Price not displayed on collection
CAMX4836A,/collections/aluminum-blinds,/products/camx4836a-width-range-43-25-48-length-range-26-36,,lotus_mini_blinds,lotus_amx_1in_aluminum_custom,48.0x36=31.53,97,,2026-09-20,unresolved_exception,Price not displayed on collection
CAMX4396A,/collections/aluminum-blinds,/products/camx4396a-width-range-39-25-43-length-range-86-96,,,,,,,2026-09-20,unresolved_exception,No exact source SKU destination
CAMX4360A,/collections/aluminum-blinds,/products/camx4360a-width-range-39-25-43-length-range-50-60,,lotus_mini_blinds,lotus_amx_1in_aluminum_custom,43.0x60=32.6,97,,2026-09-20,unresolved_exception,Price not displayed on collection
CAMX4348W,/collections/aluminum-blinds,/products/camx4348w-width-range-39-25-43-length-range-38-48,,lotus_mini_blinds,lotus_amx_1in_aluminum_custom,43.0x48=31.79,97,,2026-09-20,unresolved_exception,Price not displayed on collection
CAMX4348A,/collections/aluminum-blinds,/products/camx4348a-width-range-39-25-43-length-range-38-48,,lotus_mini_blinds,lotus_amx_1in_aluminum_custom,43.0x48=31.79,97,,2026-09-20,unresolved_exception,Price not displayed on collection
CAMX43108A,/collections/aluminum-blinds,/products/camx43108a-width-range-39-25-43-length-range-98-108,,lotus_mini_blinds,lotus_amx_1in_aluminum_custom,43.0x108=62.77,97,,2026-09-20,unresolved_exception,Price not displayed on collection
CAMX3996A,/collections/aluminum-blinds,/products/camx3996a-width-range-35-25-39-length-range-86-96,,,,,,,2026-09-20,unresolved_exception,No exact source SKU destination
CAMX3984A,/collections/aluminum-blinds,/products/camx3984a-width-range-35-25-39-length-range-74-84,,lotus_mini_blinds,lotus_amx_1in_aluminum_custom,39.0x84=39.51,97,,2026-09-20,unresolved_exception,Price not displayed on collection
CAMX3948W,/collections/aluminum-blinds,/products/camx3948w-width-range-35-25-39-length-range-38-48,,lotus_mini_blinds,lotus_amx_1in_aluminum_custom,39.0x48=29.49,97,,2026-09-20,unresolved_exception,Price not displayed on collection
CAMX3948A,/collections/aluminum-blinds,/products/camx3948a-width-range-35-25-39-length-range-38-48,,lotus_mini_blinds,lotus_amx_1in_aluminum_custom,39.0x48=29.49,97,,2026-09-20,unresolved_exception,Price not displayed on collection
CAMX3584A,/collections/aluminum-blinds,/products/camx3584a-width-range-30-25-35-length-range-74-84,,lotus_mini_blinds,lotus_amx_1in_aluminum_custom,35.0x84=36.18,97,,2026-09-20,unresolved_exception,Price not displayed on collection
CAMX3548W,/collections/aluminum-blinds,/products/camx3548w-width-range-30-25-35-length-range-38-48,,lotus_mini_blinds,lotus_amx_1in_aluminum_custom,35.0x48=27.18,97,,2026-09-20,unresolved_exception,Price not displayed on collection
CAMX3548A,/collections/aluminum-blinds,/products/camx3548a-width-range-30-25-35-length-range-38-48,,lotus_mini_blinds,lotus_amx_1in_aluminum_custom,35.0x48=27.18,97,,2026-09-20,unresolved_exception,Price not displayed on collection
CAMX3536A,/collections/aluminum-blinds,/products/camx3536a-width-range-30-25-35-length-range-26-36,,,,,,,2026-09-20,unresolved_exception,No exact source SKU destination
CAMX35108A,/collections/aluminum-blinds,/products/camx35108a-width-range-30-25-35-length-range-98-108,,lotus_mini_blinds,lotus_amx_1in_aluminum_custom,35.0x108=53.69,97,,2026-09-20,unresolved_exception,Price not displayed on collection
CAMX3084A,/collections/aluminum-blinds,/products/camx3084a-width-range-27-25-30-length-range-74-84,,lotus_mini_blinds,lotus_amx_1in_aluminum_custom,30.0x84=32.84,97,,2026-09-20,unresolved_exception,Price not displayed on collection
CAMX3072W,/collections/aluminum-blinds,/products/camx3072w-width-range-27-25-30-length-range-62-72,,lotus_mini_blinds,lotus_amx_1in_aluminum_custom,30.0x72=28.44,97,,2026-09-20,unresolved_exception,Price not displayed on collection
CAMX3072A,/collections/aluminum-blinds,/products/camx3072a-width-range-27-25-30-length-range-62-72,,lotus_mini_blinds,lotus_amx_1in_aluminum_custom,30.0x72=28.44,97,,2026-09-20,unresolved_exception,Price not displayed on collection
CAMX3060A,/collections/aluminum-blinds,/products/camx3060a-width-range-27-25-30-length-range-50-60,,lotus_mini_blinds,lotus_amx_1in_aluminum_custom,30.0x60=24.87,97,,2026-09-20,unresolved_exception,Price not displayed on collection
CAMX3048A,/collections/aluminum-blinds,/products/camx3048a-width-range-27-25-30-length-range-38-48,,lotus_mini_blinds,lotus_amx_1in_aluminum_custom,30.0x48=24.3,97,,2026-09-20,unresolved_exception,Price not displayed on collection
CAMX30108W,/collections/aluminum-blinds,/products/camx30108w-width-range-27-25-30-length-range-98-108,,lotus_mini_blinds,lotus_amx_1in_aluminum_custom,30.0x108=47.21,97,,2026-09-20,unresolved_exception,Price not displayed on collection
CAMX30108A,/collections/aluminum-blinds,/products/camx30108a-width-range-27-25-30-length-range-98-108,,lotus_mini_blinds,lotus_amx_1in_aluminum_custom,30.0x108=47.21,97,,2026-09-20,unresolved_exception,Price not displayed on collection
CAMX2784A,/collections/aluminum-blinds,/products/camx2784a-width-range-23-25-27-length-range-74-84,,lotus_mini_blinds,lotus_amx_1in_aluminum_custom,27.0x84=29.51,97,,2026-09-20,unresolved_exception,Price not displayed on collection
CAMX2764W,/collections/aluminum-blinds,/products/camx2764w-width-range-23-25-27-length-range-54-64,,lotus_mini_blinds,lotus_amx_1in_aluminum_custom,27.0x64=26.3,97,,2026-09-20,unresolved_exception,Price not displayed on collection
CAMX2760A,/collections/aluminum-blinds,/products/camx2760a-width-range-23-25-27-length-range-50-60,,lotus_mini_blinds,lotus_amx_1in_aluminum_custom,27.0x60=23.08,97,,2026-09-20,unresolved_exception,Price not displayed on collection
CAMX2736W,/collections/aluminum-blinds,/products/camx2736w-width-range-23-25-27-length-range-26-36,,lotus_mini_blinds,lotus_amx_1in_aluminum_custom,27.0x36=26.72,97,,2026-09-20,unresolved_exception,Price not displayed on collection
CAMX27108W,/collections/aluminum-blinds,/products/camx27108w-width-range-23-25-27-length-range-98-108,,lotus_mini_blinds,lotus_amx_1in_aluminum_custom,27.0x108=42.02,97,,2026-09-20,unresolved_exception,Price not displayed on collection
CAMX27108A,/collections/aluminum-blinds,/products/camx27108a-width-range-23-25-27-length-range-98-108,,lotus_mini_blinds,lotus_amx_1in_aluminum_custom,27.0x108=42.02,97,,2026-09-20,unresolved_exception,Price not displayed on collection
CAMX2384A,/collections/aluminum-blinds,/products/camx2384a-width-range-17-25-23-length-range-74-84,,lotus_mini_blinds,lotus_amx_1in_aluminum_custom,23.0x84=26.18,97,,2026-09-20,unresolved_exception,Price not displayed on collection
CAMX2360A,/collections/aluminum-blinds,/products/camx2360a-width-range-17-25-23-length-range-50-60,,lotus_mini_blinds,lotus_amx_1in_aluminum_custom,23.0x60=26.6,97,,2026-09-20,unresolved_exception,Price not displayed on collection
CAMX2348W,/collections/aluminum-blinds,/products/camx2348w-width-range-17-25-23-length-range-38-48,,lotus_mini_blinds,lotus_amx_1in_aluminum_custom,23.0x48=22.67,97,,2026-09-20,unresolved_exception,Price not displayed on collection
CAMX2336A,/collections/aluminum-blinds,/products/camx2336a-width-range-17-25-23-length-range-26-36,,lotus_mini_blinds,lotus_amx_1in_aluminum_custom,23.0x36=23.8,97,,2026-09-20,unresolved_exception,Price not displayed on collection
CAMX10772A,/collections/aluminum-blinds,/products/camx10772a-width-range-101-25-107-length-range-62-72,,,,,,,2026-09-20,unresolved_exception,No exact source SKU destination
CAMX10072W,/collections/aluminum-blinds,/products/camx10072w-width-range-94-25-100-length-range-62-72,,,,,,,2026-09-20,unresolved_exception,No exact source SKU destination
CAMX10072A,/collections/aluminum-blinds,/products/camx10072a-width-range-94-25-100-length-range-62-72,,,,,,,2026-09-20,unresolved_exception,No exact source SKU destination
CMLX4860W,/collections/vinyl-blinds,/products/cmlx4860w-width-range-43-25-48-length-range-50-60,,lotus_vinyl_blinds,lotus_mlx_1in_vinyl_custom,48.0x60=21.74,95,,2026-09-20,unresolved_exception,Price not displayed on collection
CMLX4360W,/collections/vinyl-blinds,/products/cmlx4360w-width-range-39-25-43-length-range-50-60,,lotus_vinyl_blinds,lotus_mlx_1in_vinyl_custom,43.0x60=20.2,95,,2026-09-20,unresolved_exception,Price not displayed on collection
CMLX4884W,/collections/vinyl-blinds,/products/cmlx4884w-width-range-43-25-48-length-range-74-84,,lotus_vinyl_blinds,lotus_mlx_1in_vinyl_custom,48.0x84=27.64,95,,2026-09-20,unresolved_exception,Price not displayed on collection
CMLX3560W,/collections/vinyl-blinds,/products/cmlx3560w-width-range-30-25-35-length-range-50-60,,lotus_vinyl_blinds,lotus_mlx_1in_vinyl_custom,35.0x60=17.75,95,,2026-09-20,unresolved_exception,Price not displayed on collection
CMLX6972W,/collections/vinyl-blinds,/products/cmlx6972w-width-range-63-25-69-length-range-62-72,,lotus_vinyl_blinds,lotus_mlx_1in_vinyl_custom,69.0x72=32.44,95,,2026-09-20,unresolved_exception,Price not displayed on collection
CMLX2748W,/collections/vinyl-blinds,/products/cmlx2748w-width-range-23-25-27-length-range-38-48,,lotus_vinyl_blinds,lotus_mlx_1in_vinyl_custom,27.0x48=15.96,95,,2026-09-20,unresolved_exception,Price not displayed on collection
CMLX3948W,/collections/vinyl-blinds,/products/cmlx3948w-width-range-30-25-35-length-range-38-48,,lotus_vinyl_blinds,lotus_mlx_1in_vinyl_custom,39.0x48=18.15,95,,2026-09-20,unresolved_exception,Price not displayed on collection
CMLX2336W,/collections/vinyl-blinds,/products/cmlx2336w-width-range-17-25-23-length-range-26-36,,lotus_vinyl_blinds,lotus_mlx_1in_vinyl_custom,23.0x36=15.66,95,,2026-09-20,unresolved_exception,Price not displayed on collection
CMLX3548W,/collections/vinyl-blinds,/products/cmlx3548w-width-range-27-25-30-length-range-38-48,,lotus_vinyl_blinds,lotus_mlx_1in_vinyl_custom,35.0x48=17.0,95,,2026-09-20,unresolved_exception,Price not displayed on collection
CMLX3960W,/collections/vinyl-blinds,/products/cmlx3960w-width-range-30-25-35-length-range-50-60,,lotus_vinyl_blinds,lotus_mlx_1in_vinyl_custom,39.0x60=18.98,95,,2026-09-20,unresolved_exception,Price not displayed on collection
CMLX3584W,/collections/vinyl-blinds,/products/cmlx3584w-width-range-30-25-35-length-range-74-84,,lotus_vinyl_blinds,lotus_mlx_1in_vinyl_custom,35.0x84=22.05,95,,2026-09-20,unresolved_exception,Price not displayed on collection
CMLX3596W,/collections/vinyl-blinds,/products/cmlx3596w-width-range-30-25-35-length-range-86-96,,lotus_vinyl_blinds,lotus_mlx_1in_vinyl_custom,35.0x96=27.0,95,,2026-09-20,unresolved_exception,Price not displayed on collection
CMLX7872W,/collections/vinyl-blinds,/products/cmlx7872w-width-range-35-25-39-length-range-62-72,,,,,,,2026-09-20,unresolved_exception,No exact source SKU destination
CMLX7860W,/collections/vinyl-blinds,/products/cmlx7860w-width-range-35-25-39-length-range-50-60,,,,,,,2026-09-20,unresolved_exception,No exact source SKU destination
CMLX6372W,/collections/vinyl-blinds,/products/cmlx6372w-width-range-59-25-63-length-range-62-72,,lotus_vinyl_blinds,lotus_mlx_1in_vinyl_custom,63.0x72=30.23,95,,2026-09-20,unresolved_exception,Price not displayed on collection
CMLX3984W,/collections/vinyl-blinds,/products/cmlx3984w-width-range-35-25-39-length-range-74-84,,lotus_vinyl_blinds,lotus_mlx_1in_vinyl_custom,39.0x84=23.77,95,,2026-09-20,unresolved_exception,Price not displayed on collection
CMLX3036W,/collections/vinyl-blinds,/products/cmlx3036w-width-range-23-25-27-length-range-26-36,,lotus_vinyl_blinds,lotus_mlx_1in_vinyl_custom,30.0x36=18.3,95,,2026-09-20,unresolved_exception,Price not displayed on collection
CMLX2772W,/collections/vinyl-blinds,/products/cmlx2772w-width-range-23-25-27-length-range-62-72,,lotus_vinyl_blinds,lotus_mlx_1in_vinyl_custom,27.0x72=16.96,95,,2026-09-20,unresolved_exception,Price not displayed on collection
CMLX6960W,/collections/vinyl-blinds,/products/cmlx6960w-width-range-63-25-69-length-range-50-60,,lotus_vinyl_blinds,lotus_mlx_1in_vinyl_custom,69.0x60=28.19,95,,2026-09-20,unresolved_exception,Price not displayed on collection
CMLX5484W,/collections/vinyl-blinds,/products/cmlx5484w-width-range-48-25-54-length-range-74-84,,lotus_vinyl_blinds,lotus_mlx_1in_vinyl_custom,54.0x84=30.23,95,,2026-09-20,unresolved_exception,Price not displayed on collection
CMLX4348W,/collections/vinyl-blinds,/products/cmlx4348w-width-range-39-25-43-length-range-38-48,,lotus_vinyl_blinds,lotus_mlx_1in_vinyl_custom,43.0x48=19.29,95,,2026-09-20,unresolved_exception,Price not displayed on collection
CMLX5448W,/collections/vinyl-blinds,/products/cmlx5448w-width-range-48-25-54-length-range-38-48,,lotus_vinyl_blinds,lotus_mlx_1in_vinyl_custom,54.0x48=22.43,95,,2026-09-20,unresolved_exception,Price not displayed on collection
CMLX4384W,/collections/vinyl-blinds,/products/cmlx4384w-width-range-39-25-43-length-range-74-84,,lotus_vinyl_blinds,lotus_mlx_1in_vinyl_custom,43.0x84=25.5,95,,2026-09-20,unresolved_exception,Price not displayed on collection
CMLX3572W,/collections/vinyl-blinds,/products/cmlx3572w-width-range-30-25-35-length-range-62-72,,lotus_vinyl_blinds,lotus_mlx_1in_vinyl_custom,35.0x72=19.91,95,,2026-09-20,unresolved_exception,Price not displayed on collection
CMLX3084W,/collections/vinyl-blinds,/products/cmlx3084w-width-range-27-25-30-length-range-74-84,,lotus_vinyl_blinds,lotus_mlx_1in_vinyl_custom,30.0x84=19.91,95,,2026-09-20,unresolved_exception,Price not displayed on collection
CMLX2784W,/collections/vinyl-blinds,/products/cmlx2784w-width-range-23-25-27-length-range-74-84,,lotus_vinyl_blinds,lotus_mlx_1in_vinyl_custom,27.0x84=18.61,95,,2026-09-20,unresolved_exception,Price not displayed on collection
CMLX3972W,/collections/vinyl-blinds,/products/cmlx3972w-width-range-35-25-39-length-range-62-72,,lotus_vinyl_blinds,lotus_mlx_1in_vinyl_custom,39.0x72=21.38,95,,2026-09-20,unresolved_exception,Price not displayed on collection
CMLX3064W,/collections/vinyl-blinds,/products/cmlx3064w-width-range-27-25-30-length-range-54-64,,lotus_vinyl_blinds,lotus_mlx_1in_vinyl_custom,30.0x64=16.83,95,,2026-09-20,unresolved_exception,Price not displayed on collection
CMLX2760W,/collections/vinyl-blinds,/products/cmlx2760w-width-range-23-25-27-length-range-50-60,,lotus_vinyl_blinds,lotus_mlx_1in_vinyl_custom,27.0x60=15.3,95,,2026-09-20,unresolved_exception,Price not displayed on collection
CMLX2736W,/collections/vinyl-blinds,/products/cmlx2736w-width-range-23-25-27-length-range-26-36,,lotus_vinyl_blinds,lotus_mlx_1in_vinyl_custom,27.0x36=17.17,95,,2026-09-20,unresolved_exception,Price not displayed on collection
CMLX7260W,/collections/vinyl-blinds,/products/cmlx7260w-width-range-69-25-72-length-range-50-60,,lotus_vinyl_blinds,lotus_mlx_1in_vinyl_custom,72.0x60=29.11,95,,2026-09-20,unresolved_exception,Price not displayed on collection
CMLX5948W,/collections/vinyl-blinds,/products/cmlx5948w-width-range-54-25-59-length-range-38-48,,lotus_vinyl_blinds,lotus_mlx_1in_vinyl_custom,59.0x48=23.86,95,,2026-09-20,unresolved_exception,Price not displayed on collection
CMLX5472W,/collections/vinyl-blinds,/products/cmlx5472w-width-range-48-25-54-length-range-62-72,,lotus_vinyl_blinds,lotus_mlx_1in_vinyl_custom,54.0x72=26.9,95,,2026-09-20,unresolved_exception,Price not displayed on collection
CMLX4336W,/collections/vinyl-blinds,/products/cmlx4336w-width-range-39-25-43-length-range-26-36,,lotus_vinyl_blinds,lotus_mlx_1in_vinyl_custom,43.0x36=17.7,95,,2026-09-20,unresolved_exception,Price not displayed on collection
CMLX3936W,/collections/vinyl-blinds,/products/cmlx3936w-width-range-30-25-35-length-range-26-36,,lotus_vinyl_blinds,lotus_mlx_1in_vinyl_custom,39.0x36=16.7,95,,2026-09-20,unresolved_exception,Price not displayed on collection
CMLX7284W,/collections/vinyl-blinds,/products/cmlx7284w-width-range-69-25-72-length-range-74-84,,,,,,,2026-09-20,unresolved_exception,No exact source SKU destination
CMLX4396W,/collections/vinyl-blinds,/products/cmlx4396w-width-range-39-25-43-length-range-86-96,,lotus_vinyl_blinds,lotus_mlx_1in_vinyl_custom,43.0x96=31.57,95,,2026-09-20,unresolved_exception,Price not displayed on collection
CMLX3564W,/collections/vinyl-blinds,/products/cmlx3564w-width-range-30-25-35-length-range-54-64,,lotus_vinyl_blinds,lotus_mlx_1in_vinyl_custom,35.0x64=18.47,95,,2026-09-20,unresolved_exception,Price not displayed on collection
CMLX6364A,/collections/vinyl-blinds,/products/cmlx6364a-width-range-59-25-63-length-range-54-64,,lotus_vinyl_blinds,lotus_mlx_1in_vinyl_custom,63.0x64=27.64,95,,2026-09-20,unresolved_exception,Price not displayed on collection
CMLX5984W,/collections/vinyl-blinds,/products/cmlx5984w-width-range-54-25-59-length-range-74-84,,lotus_vinyl_blinds,lotus_mlx_1in_vinyl_custom,59.0x84=32.37,95,,2026-09-20,unresolved_exception,Price not displayed on collection
CMLX2384W,/collections/vinyl-blinds,/products/cmlx2384w-width-range-17-25-23-length-range-74-84,,lotus_vinyl_blinds,lotus_mlx_1in_vinyl_custom,23.0x84=16.89,95,,2026-09-20,unresolved_exception,Price not displayed on collection
CMLX6948W,/collections/vinyl-blinds,/products/cmlx6948w-width-range-63-25-69-length-range-38-48,,lotus_vinyl_blinds,lotus_mlx_1in_vinyl_custom,69.0x48=26.72,95,,2026-09-20,unresolved_exception,Price not displayed on collection
CMLX6364W,/collections/vinyl-blinds,/products/cmlx6364w-width-range-59-25-63-length-range-54-64,,lotus_vinyl_blinds,lotus_mlx_1in_vinyl_custom,63.0x64=27.64,95,,2026-09-20,unresolved_exception,Price not displayed on collection
CMLX5972W,/collections/vinyl-blinds,/products/cmlx5972w-width-range-54-25-59-length-range-62-72,,lotus_vinyl_blinds,lotus_mlx_1in_vinyl_custom,59.0x72=28.75,95,,2026-09-20,unresolved_exception,Price not displayed on collection
CMLX5964W,/collections/vinyl-blinds,/products/cmlx5964w-width-range-54-25-59-length-range-54-64,,lotus_vinyl_blinds,lotus_mlx_1in_vinyl_custom,59.0x64=26.33,95,,2026-09-20,unresolved_exception,Price not displayed on collection
CMLX4364W,/collections/vinyl-blinds,/products/cmlx4364w-width-range-39-25-43-length-range-54-64,,lotus_vinyl_blinds,lotus_mlx_1in_vinyl_custom,43.0x64=21.08,95,,2026-09-20,unresolved_exception,Price not displayed on collection
CMLX1764W,/collections/vinyl-blinds,/products/cmlx1764w-width-range-17-25-17-length-range-54-64,,lotus_vinyl_blinds,lotus_mlx_1in_vinyl_custom,17.0x64=18.38,95,,2026-09-20,unresolved_exception,Price not displayed on collection
CMLX3564A,/collections/vinyl-blinds,/products/cmlx3564a-width-range-30-25-35-length-range-54-64,,lotus_vinyl_blinds,lotus_mlx_1in_vinyl_custom,35.0x64=18.47,95,,2026-09-20,unresolved_exception,Price not displayed on collection
CMLX1736W,/collections/vinyl-blinds,/products/cmlx1736w-width-range-17-25-17-length-range-26-36,,lotus_vinyl_blinds,lotus_mlx_1in_vinyl_custom,17.0x36=14.47,95,,2026-09-20,unresolved_exception,Price not displayed on collection
CMLX5936W,/collections/vinyl-blinds,/products/cmlx5936w-width-range-54-25-59-length-range-26-36,,lotus_vinyl_blinds,lotus_mlx_1in_vinyl_custom,59.0x36=21.67,95,,2026-09-20,unresolved_exception,Price not displayed on collection
CMLX5460W,/collections/vinyl-blinds,/products/cmlx5460w-width-range-48-25-54-length-range-38-48,,lotus_vinyl_blinds,lotus_mlx_1in_vinyl_custom,54.0x60=23.59,95,,2026-09-20,unresolved_exception,Price not displayed on collection
CMLX4872W,/collections/vinyl-blinds,/products/cmlx4872w-width-range-43-25-48-length-range-62-72,,lotus_vinyl_blinds,lotus_mlx_1in_vinyl_custom,48.0x72=24.69,95,,2026-09-20,unresolved_exception,Price not displayed on collection
CMLX4848W,/collections/vinyl-blinds,/products/cmlx4848w-width-range-43-25-48-length-range-38-48,,lotus_vinyl_blinds,lotus_mlx_1in_vinyl_custom,48.0x48=20.71,95,,2026-09-20,unresolved_exception,Price not displayed on collection
CMLX3048W,/collections/vinyl-blinds,/products/cmlx3048w-width-range-27-25-30-length-range-38-48,,lotus_vinyl_blinds,lotus_mlx_1in_vinyl_custom,30.0x48=15.57,95,,2026-09-20,unresolved_exception,Price not displayed on collection
CMLX1772W,/collections/vinyl-blinds,/products/cmlx1772w-width-range-17-25-17-length-range-62-72,,lotus_vinyl_blinds,lotus_mlx_1in_vinyl_custom,17.0x72=15.45,95,,2026-09-20,unresolved_exception,Price not displayed on collection
CMLX6360W,/collections/vinyl-blinds,/products/cmlx6360w-width-range-59-25-63-length-range-50-60,,lotus_vinyl_blinds,lotus_mlx_1in_vinyl_custom,63.0x60=26.35,95,,2026-09-20,unresolved_exception,Price not displayed on collection
CMLX3996W,/collections/vinyl-blinds,/products/cmlx3996w-width-range-35-25-39-length-range-86-96,,lotus_vinyl_blinds,lotus_mlx_1in_vinyl_custom,39.0x96=29.28,95,,2026-09-20,unresolved_exception,Price not displayed on collection
CMLX7272W,/collections/vinyl-blinds,/products/cmlx7272w-width-range-69-25-72-length-range-62-72,,lotus_vinyl_blinds,lotus_mlx_1in_vinyl_custom,72.0x72=33.54,95,,2026-09-20,unresolved_exception,Price not displayed on collection
CMLX7264W,/collections/vinyl-blinds,/products/cmlx7264w-width-range-69-25-72-length-range-54-64,,lotus_vinyl_blinds,lotus_mlx_1in_vinyl_custom,72.0x64=30.59,95,,2026-09-20,unresolved_exception,Price not displayed on collection
CMLX7248W,/collections/vinyl-blinds,/products/cmlx7248w-width-range-69-25-72-length-range-38-48,,lotus_vinyl_blinds,lotus_mlx_1in_vinyl_custom,72.0x48=27.57,95,,2026-09-20,unresolved_exception,Price not displayed on collection
CMLX7236W,/collections/vinyl-blinds,/products/cmlx7236w-width-range-69-25-72-length-range-26-36,,lotus_vinyl_blinds,lotus_mlx_1in_vinyl_custom,72.0x36=24.9,95,,2026-09-20,unresolved_exception,Price not displayed on collection
CMLX6964W,/collections/vinyl-blinds,/products/cmlx6964w-width-range-63-25-69-length-range-54-64,,lotus_vinyl_blinds,lotus_mlx_1in_vinyl_custom,69.0x64=29.61,95,,2026-09-20,unresolved_exception,Price not displayed on collection
CMLX6348W,/collections/vinyl-blinds,/products/cmlx6348w-width-range-59-25-63-length-range-38-48,,lotus_vinyl_blinds,lotus_mlx_1in_vinyl_custom,63.0x48=25.0,95,,2026-09-20,unresolved_exception,Price not displayed on collection
CMLX5464W,/collections/vinyl-blinds,/products/cmlx5464w-width-range-48-25-54-length-range-54-64,,lotus_vinyl_blinds,lotus_mlx_1in_vinyl_custom,54.0x64=24.69,95,,2026-09-20,unresolved_exception,Price not displayed on collection
CMLX4864W,/collections/vinyl-blinds,/products/cmlx4864w-width-range-43-25-48-length-range-54-64,,lotus_vinyl_blinds,lotus_mlx_1in_vinyl_custom,48.0x64=22.72,95,,2026-09-20,unresolved_exception,Price not displayed on collection
CMLX3536W,/collections/vinyl-blinds,/products/cmlx3536w-width-range-27-25-30-length-range-26-36,,lotus_vinyl_blinds,lotus_mlx_1in_vinyl_custom,35.0x36=15.71,95,,2026-09-20,unresolved_exception,Price not displayed on collection
CMLX3072W,/collections/vinyl-blinds,/products/cmlx3072w-width-range-27-25-30-length-range-62-72,,lotus_vinyl_blinds,lotus_mlx_1in_vinyl_custom,30.0x72=18.06,95,,2026-09-20,unresolved_exception,Price not displayed on collection
CMLX2396W,/collections/vinyl-blinds,/products/cmlx2396w-width-range-17-25-23-length-range-86-96,,lotus_vinyl_blinds,lotus_mlx_1in_vinyl_custom,23.0x96=20.14,95,,2026-09-20,unresolved_exception,Price not displayed on collection
CMLX1784W,/collections/vinyl-blinds,/products/cmlx1784w-width-range-17-25-17-length-range-74-84,,lotus_vinyl_blinds,lotus_mlx_1in_vinyl_custom,17.0x84=16.86,95,,2026-09-20,unresolved_exception,Price not displayed on collection
CMLX1760W,/collections/vinyl-blinds,/products/cmlx1760w-width-range-17-25-17-length-range-50-60,,lotus_vinyl_blinds,lotus_mlx_1in_vinyl_custom,17.0x60=17.67,95,,2026-09-20,unresolved_exception,Price not displayed on collection
CMLX4372W,/collections/vinyl-blinds,/products/cmlx4372w-width-range-39-25-43-length-range-62-72,,lotus_vinyl_blinds,lotus_mlx_1in_vinyl_custom,43.0x72=22.86,95,,2026-09-20,unresolved_exception,Price not displayed on collection
CMLX2384A,/collections/vinyl-blinds,/products/cmlx2384a-width-range-17-25-23-length-range-74-84,,lotus_vinyl_blinds,lotus_mlx_1in_vinyl_custom,23.0x84=16.89,95,,2026-09-20,unresolved_exception,Price not displayed on collection
CMLX6936W,/collections/vinyl-blinds,/products/cmlx6936w-width-range-63-25-69-length-range-26-36,,lotus_vinyl_blinds,lotus_mlx_1in_vinyl_custom,69.0x36=24.15,95,,2026-09-20,unresolved_exception,Price not displayed on collection
CMLX6384W,/collections/vinyl-blinds,/products/cmlx6384w-width-range-59-25-63-length-range-74-84,,,,,,,2026-09-20,unresolved_exception,No exact source SKU destination
CMLX6372A,/collections/vinyl-blinds,/products/cmlx6372a-width-range-59-25-63-length-range-62-72,,lotus_vinyl_blinds,lotus_mlx_1in_vinyl_custom,63.0x72=30.23,95,,2026-09-20,unresolved_exception,Price not displayed on collection
CMLX5984A,/collections/vinyl-blinds,/products/cmlx5984a-width-range-54-25-59-length-range-74-84,,lotus_vinyl_blinds,lotus_mlx_1in_vinyl_custom,59.0x84=32.37,95,,2026-09-20,unresolved_exception,Price not displayed on collection
CMLX5972A,/collections/vinyl-blinds,/products/cmlx5972a-width-range-54-25-59-length-range-62-72,,lotus_vinyl_blinds,lotus_mlx_1in_vinyl_custom,59.0x72=28.75,95,,2026-09-20,unresolved_exception,Price not displayed on collection
CMLX5964A,/collections/vinyl-blinds,/products/cmlx5964a-width-range-54-25-59-length-range-54-64,,lotus_vinyl_blinds,lotus_mlx_1in_vinyl_custom,59.0x64=26.33,95,,2026-09-20,unresolved_exception,Price not displayed on collection
CMLX5448A,/collections/vinyl-blinds,/products/cmlx5448a-width-range-48-25-54-length-range-38-48,,lotus_vinyl_blinds,lotus_mlx_1in_vinyl_custom,54.0x48=22.43,95,,2026-09-20,unresolved_exception,Price not displayed on collection
CMLX4364A,/collections/vinyl-blinds,/products/cmlx4364a-width-range-39-25-43-length-range-54-64,,lotus_vinyl_blinds,lotus_mlx_1in_vinyl_custom,43.0x64=21.08,95,,2026-09-20,unresolved_exception,Price not displayed on collection
CMLX4348A,/collections/vinyl-blinds,/products/cmlx4348a-width-range-39-25-43-length-range-38-48,,lotus_vinyl_blinds,lotus_mlx_1in_vinyl_custom,43.0x48=19.29,95,,2026-09-20,unresolved_exception,Price not displayed on collection
CMLX3964W,/collections/vinyl-blinds,/products/cmlx3964w-width-range-35-25-39-length-range-54-64,,lotus_vinyl_blinds,lotus_mlx_1in_vinyl_custom,39.0x64=19.78,95,,2026-09-20,unresolved_exception,Price not displayed on collection
CMLX3596A,/collections/vinyl-blinds,/products/cmlx3596a-width-range-30-25-35-length-range-86-96,,lotus_vinyl_blinds,lotus_mlx_1in_vinyl_custom,35.0x96=27.0,95,,2026-09-20,unresolved_exception,Price not displayed on collection
CMLX3548A,/collections/vinyl-blinds,/products/cmlx3548a-width-range-27-25-30-length-range-74-84,,lotus_vinyl_blinds,lotus_mlx_1in_vinyl_custom,35.0x48=17.0,95,,2026-09-20,unresolved_exception,Price not displayed on collection
CMLX3064A,/collections/vinyl-blinds,/products/cmlx3064a-width-range-27-25-30-length-range-54-64,,lotus_vinyl_blinds,lotus_mlx_1in_vinyl_custom,30.0x64=16.83,95,,2026-09-20,unresolved_exception,Price not displayed on collection
CMLX2372W,/collections/vinyl-blinds,/products/cmlx2372w-width-range-17-25-23-length-range-62-72,,lotus_vinyl_blinds,lotus_mlx_1in_vinyl_custom,23.0x72=15.49,95,,2026-09-20,unresolved_exception,Price not displayed on collection
CMLX2364A,/collections/vinyl-blinds,/products/cmlx2364a-width-range-17-25-23-length-range-54-64,,lotus_vinyl_blinds,lotus_mlx_1in_vinyl_custom,23.0x64=14.54,95,,2026-09-20,unresolved_exception,Price not displayed on collection
CMLX2360W,/collections/vinyl-blinds,/products/cmlx2360w-width-range-17-25-23-length-range-50-60,,lotus_vinyl_blinds,lotus_mlx_1in_vinyl_custom,23.0x60=16.53,95,,2026-09-20,unresolved_exception,Price not displayed on collection
CMLX2348W,/collections/vinyl-blinds,/products/cmlx2348w-width-range-17-25-23-length-range-38-48,,lotus_vinyl_blinds,lotus_mlx_1in_vinyl_custom,23.0x48=14.63,95,,2026-09-20,unresolved_exception,Price not displayed on collection
CMLX1748W,/collections/vinyl-blinds,/products/cmlx1748w-width-range-17-25-17-length-range-38-48,,lotus_vinyl_blinds,lotus_mlx_1in_vinyl_custom,17.0x48=15.54,95,,2026-09-20,unresolved_exception,Price not displayed on collection
CMLX4872A,/collections/vinyl-blinds,/products/cmlx4872a-width-range-43-25-48-length-range-62-72,,lotus_vinyl_blinds,lotus_mlx_1in_vinyl_custom,48.0x72=24.69,95,,2026-09-20,unresolved_exception,Price not displayed on collection
CMLX3560A,/collections/vinyl-blinds,/products/cmlx3560a-width-range-27-25-30-length-range-50-60,,lotus_vinyl_blinds,lotus_mlx_1in_vinyl_custom,35.0x60=17.75,95,,2026-09-20,unresolved_exception,Price not displayed on collection
CMLX2360A,/collections/vinyl-blinds,/products/cmlx2360a-width-range-17-25-23-length-range-50-60,,lotus_vinyl_blinds,lotus_mlx_1in_vinyl_custom,23.0x60=16.53,95,,2026-09-20,unresolved_exception,Price not displayed on collection
CMLX7872A,/collections/vinyl-blinds,/products/cmlx7872a-width-range-35-25-39-length-range-62-72,,,,,,,2026-09-20,unresolved_exception,No exact source SKU destination
CMLX7284A,/collections/vinyl-blinds,/products/cmlx7284a-width-range-69-25-72-length-range-74-84,,,,,,,2026-09-20,unresolved_exception,No exact source SKU destination
CMLX7272A,/collections/vinyl-blinds,/products/cmlx7272a-width-range-69-25-72-length-range-62-72,,lotus_vinyl_blinds,lotus_mlx_1in_vinyl_custom,72.0x72=33.54,95,,2026-09-20,unresolved_exception,Price not displayed on collection
CMLX7264A,/collections/vinyl-blinds,/products/cmlx7264a-width-range-69-25-72-length-range-54-64,,lotus_vinyl_blinds,lotus_mlx_1in_vinyl_custom,72.0x64=30.59,95,,2026-09-20,unresolved_exception,Price not displayed on collection
CMLX7260A,/collections/vinyl-blinds,/products/cmlx7260a-width-range-69-25-72-length-range-54-64,,lotus_vinyl_blinds,lotus_mlx_1in_vinyl_custom,72.0x60=29.11,95,,2026-09-20,unresolved_exception,Price not displayed on collection
CMLX7248A,/collections/vinyl-blinds,/products/cmlx7248a-width-range-69-25-72-length-range-38-48,,lotus_vinyl_blinds,lotus_mlx_1in_vinyl_custom,72.0x48=27.57,95,,2026-09-20,unresolved_exception,Price not displayed on collection
CMLX7236A,/collections/vinyl-blinds,/products/cmlx7236a-width-range-69-25-72-length-range-26-36,,lotus_vinyl_blinds,lotus_mlx_1in_vinyl_custom,72.0x36=24.9,95,,2026-09-20,unresolved_exception,Price not displayed on collection
CMLX6972A,/collections/vinyl-blinds,/products/cmlx6972a-width-range-63-25-69-length-range-62-72,,lotus_vinyl_blinds,lotus_mlx_1in_vinyl_custom,69.0x72=32.44,95,,2026-09-20,unresolved_exception,Price not displayed on collection
CMLX6964A,/collections/vinyl-blinds,/products/cmlx6964a-width-range-63-25-69-length-range-54-64,,lotus_vinyl_blinds,lotus_mlx_1in_vinyl_custom,69.0x64=29.61,95,,2026-09-20,unresolved_exception,Price not displayed on collection
CMLX6960A,/collections/vinyl-blinds,/products/cmlx6960a-width-range-63-25-69-length-range-50-60,,lotus_vinyl_blinds,lotus_mlx_1in_vinyl_custom,69.0x60=28.19,95,,2026-09-20,unresolved_exception,Price not displayed on collection
CMLX6948A,/collections/vinyl-blinds,/products/cmlx6948a-width-range-63-25-69-length-range-38-48,,lotus_vinyl_blinds,lotus_mlx_1in_vinyl_custom,69.0x48=26.72,95,,2026-09-20,unresolved_exception,Price not displayed on collection
CMLX6384A,/collections/vinyl-blinds,/products/cmlx6384a-width-range-59-25-63-length-range-50-60,,,,,,,2026-09-20,unresolved_exception,No exact source SKU destination
CMLX6360A,/collections/vinyl-blinds,/products/cmlx6360a-width-range-59-25-63-length-range-50-60,,lotus_vinyl_blinds,lotus_mlx_1in_vinyl_custom,63.0x60=26.35,95,,2026-09-20,unresolved_exception,Price not displayed on collection
CMLX6348A,/collections/vinyl-blinds,/products/cmlx6348a-width-range-59-25-63-length-range-38-48,,lotus_vinyl_blinds,lotus_mlx_1in_vinyl_custom,63.0x48=25.0,95,,2026-09-20,unresolved_exception,Price not displayed on collection
CMLX5960A,/collections/vinyl-blinds,/products/cmlx5960a-width-range-54-25-59-length-range-50-60,,lotus_vinyl_blinds,lotus_mlx_1in_vinyl_custom,59.0x60=25.12,95,,2026-09-20,unresolved_exception,Price not displayed on collection
CMLX5948A,/collections/vinyl-blinds,/products/cmlx5948a-width-range-54-25-59-length-range-38-48,,lotus_vinyl_blinds,lotus_mlx_1in_vinyl_custom,59.0x48=23.86,95,,2026-09-20,unresolved_exception,Price not displayed on collection
CMLX5936A,/collections/vinyl-blinds,/products/cmlx5936a-width-range-54-25-59-length-range-26-36,,lotus_vinyl_blinds,lotus_mlx_1in_vinyl_custom,59.0x36=21.67,95,,2026-09-20,unresolved_exception,Price not displayed on collection
CMLX5484A,/collections/vinyl-blinds,/products/cmlx5484a-width-range-48-25-54-length-range-74-84,,lotus_vinyl_blinds,lotus_mlx_1in_vinyl_custom,54.0x84=30.23,95,,2026-09-20,unresolved_exception,Price not displayed on collection
CMLX5472A,/collections/vinyl-blinds,/products/cmlx5472a-width-range-48-25-54-length-range-62-72,,lotus_vinyl_blinds,lotus_mlx_1in_vinyl_custom,54.0x72=26.9,95,,2026-09-20,unresolved_exception,Price not displayed on collection
CMLX5464A,/collections/vinyl-blinds,/products/cmlx5464a-width-range-48-25-54-length-range-54-64,,lotus_vinyl_blinds,lotus_mlx_1in_vinyl_custom,54.0x64=24.69,95,,2026-09-20,unresolved_exception,Price not displayed on collection
CMLX5460A,/collections/vinyl-blinds,/products/cmlx5460a-width-range-48-25-54-length-range-50-60,,lotus_vinyl_blinds,lotus_mlx_1in_vinyl_custom,54.0x60=23.59,95,,2026-09-20,unresolved_exception,Price not displayed on collection
CMLX4884A,/collections/vinyl-blinds,/products/cmlx4884a-width-range-43-25-48-length-range-74-84,,lotus_vinyl_blinds,lotus_mlx_1in_vinyl_custom,48.0x84=27.64,95,,2026-09-20,unresolved_exception,Price not displayed on collection
CMLX4864A,/collections/vinyl-blinds,/products/cmlx4864a-width-range-43-25-48-length-range-54-64,,lotus_vinyl_blinds,lotus_mlx_1in_vinyl_custom,48.0x64=22.72,95,,2026-09-20,unresolved_exception,Price not displayed on collection
CMLX4860A,/collections/vinyl-blinds,/products/cmlx4860a-width-range-43-25-48-length-range-50-60,,lotus_vinyl_blinds,lotus_mlx_1in_vinyl_custom,48.0x60=21.74,95,,2026-09-20,unresolved_exception,Price not displayed on collection
CMLX4848A,/collections/vinyl-blinds,/products/cmlx4848a-width-range-43-25-48-length-range-38-48,,lotus_vinyl_blinds,lotus_mlx_1in_vinyl_custom,48.0x48=20.71,95,,2026-09-20,unresolved_exception,Price not displayed on collection
CMLX4836W,/collections/vinyl-blinds,/products/cmlx4836w-width-range-43-25-48-length-range-26-36,,lotus_vinyl_blinds,lotus_mlx_1in_vinyl_custom,48.0x36=18.94,95,,2026-09-20,unresolved_exception,Price not displayed on collection
CMLX4836A,/collections/vinyl-blinds,/products/cmlx4836a-width-range-43-25-48-length-range-26-36,,lotus_vinyl_blinds,lotus_mlx_1in_vinyl_custom,48.0x36=18.94,95,,2026-09-20,unresolved_exception,Price not displayed on collection
CMLX4384A,/collections/vinyl-blinds,/products/cmlx4384a-width-range-39-25-43-length-range-74-84,,lotus_vinyl_blinds,lotus_mlx_1in_vinyl_custom,43.0x84=25.5,95,,2026-09-20,unresolved_exception,Price not displayed on collection
CMLX4372A,/collections/vinyl-blinds,/products/cmlx4372a-width-range-39-25-43-length-range-62-72,,lotus_vinyl_blinds,lotus_mlx_1in_vinyl_custom,43.0x72=22.86,95,,2026-09-20,unresolved_exception,Price not displayed on collection
CMLX4360A,/collections/vinyl-blinds,/products/cmlx4360a-width-range-39-25-43-length-range-50-60,,lotus_vinyl_blinds,lotus_mlx_1in_vinyl_custom,43.0x60=20.2,95,,2026-09-20,unresolved_exception,Price not displayed on collection
CMLX3984A,/collections/vinyl-blinds,/products/cmlx3984a-width-range-35-25-39-length-range-54-64,,lotus_vinyl_blinds,lotus_mlx_1in_vinyl_custom,39.0x84=23.77,95,,2026-09-20,unresolved_exception,Price not displayed on collection
CMLX3972A,/collections/vinyl-blinds,/products/cmlx3972a-width-range-35-25-39-length-range-62-72,,lotus_vinyl_blinds,lotus_mlx_1in_vinyl_custom,39.0x72=21.38,95,,2026-09-20,unresolved_exception,Price not displayed on collection
CMLX3964A,/collections/vinyl-blinds,/products/cmlx3964a-width-range-17-25-23-length-range-54-64,,lotus_vinyl_blinds,lotus_mlx_1in_vinyl_custom,39.0x64=19.78,95,,2026-09-20,unresolved_exception,Price not displayed on collection
CMLX3960A,/collections/vinyl-blinds,/products/cmlx3960a-width-range-30-25-35-length-range-50-60,,lotus_vinyl_blinds,lotus_mlx_1in_vinyl_custom,39.0x60=18.98,95,,2026-09-20,unresolved_exception,Price not displayed on collection
CMLX3948A,/collections/vinyl-blinds,/products/cmlx3948a-width-range-30-25-35-length-range-38-48,,lotus_vinyl_blinds,lotus_mlx_1in_vinyl_custom,39.0x48=18.15,95,,2026-09-20,unresolved_exception,Price not displayed on collection
CMLX3584A,/collections/vinyl-blinds,/products/cmlx3584a-width-range-30-25-35-length-range-74-84,,lotus_vinyl_blinds,lotus_mlx_1in_vinyl_custom,35.0x84=22.05,95,,2026-09-20,unresolved_exception,Price not displayed on collection
CMLX3572A,/collections/vinyl-blinds,/products/cmlx3572a-width-range-30-25-35-length-range-62-72,,lotus_vinyl_blinds,lotus_mlx_1in_vinyl_custom,35.0x72=19.91,95,,2026-09-20,unresolved_exception,Price not displayed on collection
CMLX3536A,/collections/vinyl-blinds,/products/cmlx3536a-width-range-27-25-30-length-range-26-36,,lotus_vinyl_blinds,lotus_mlx_1in_vinyl_custom,35.0x36=15.71,95,,2026-09-20,unresolved_exception,Price not displayed on collection
CMLX3084A,/collections/vinyl-blinds,/products/cmlx3084a-width-range-27-25-30-length-range-74-84,,lotus_vinyl_blinds,lotus_mlx_1in_vinyl_custom,30.0x84=19.91,95,,2026-09-20,unresolved_exception,Price not displayed on collection
CMLX3072A,/collections/vinyl-blinds,/products/cmlx3072a-width-range-27-25-30-length-range-62-72,,lotus_vinyl_blinds,lotus_mlx_1in_vinyl_custom,30.0x72=18.06,95,,2026-09-20,unresolved_exception,Price not displayed on collection
CMLX3060A,/collections/vinyl-blinds,/products/cmlx3060a-width-range-27-25-30-length-range-50-60,,lotus_vinyl_blinds,lotus_mlx_1in_vinyl_custom,30.0x60=16.22,95,,2026-09-20,unresolved_exception,Price not displayed on collection
CMLX3048A,/collections/vinyl-blinds,/products/cmlx3048a-width-range-23-25-27-length-range-38-48,,lotus_vinyl_blinds,lotus_mlx_1in_vinyl_custom,30.0x48=15.57,95,,2026-09-20,unresolved_exception,Price not displayed on collection
CMLX3036A,/collections/vinyl-blinds,/products/cmlx3036a-width-range-23-25-27-length-range-26-36,,lotus_vinyl_blinds,lotus_mlx_1in_vinyl_custom,30.0x36=18.3,95,,2026-09-20,unresolved_exception,Price not displayed on collection
CMLX2772A,/collections/vinyl-blinds,/products/cmlx2772a-width-range-23-25-27-length-range-62-72,,lotus_vinyl_blinds,lotus_mlx_1in_vinyl_custom,27.0x72=16.96,95,,2026-09-20,unresolved_exception,Price not displayed on collection
CMLX2764W,/collections/vinyl-blinds,/products/cmlx2764w-width-range-23-25-27-length-range-54-64,,lotus_vinyl_blinds,lotus_mlx_1in_vinyl_custom,27.0x64=15.85,95,,2026-09-20,unresolved_exception,Price not displayed on collection
CMLX2764A,/collections/vinyl-blinds,/products/cmlx2764a-width-range-23-25-27-length-range-54-64,,lotus_vinyl_blinds,lotus_mlx_1in_vinyl_custom,27.0x64=15.85,95,,2026-09-20,unresolved_exception,Price not displayed on collection
CMLX2760A,/collections/vinyl-blinds,/products/cmlx2760a-width-range-23-25-27-length-range-50-60,,lotus_vinyl_blinds,lotus_mlx_1in_vinyl_custom,27.0x60=15.3,95,,2026-09-20,unresolved_exception,Price not displayed on collection
CMLX2748A,/collections/vinyl-blinds,/products/cmlx2748a-width-range-23-25-27-length-range-38-48,,lotus_vinyl_blinds,lotus_mlx_1in_vinyl_custom,27.0x48=15.96,95,,2026-09-20,unresolved_exception,Price not displayed on collection
CMLX2736A,/collections/vinyl-blinds,/products/cmlx2736a-width-range-17-25-23-length-range-26-36,,lotus_vinyl_blinds,lotus_mlx_1in_vinyl_custom,27.0x36=17.17,95,,2026-09-20,unresolved_exception,Price not displayed on collection
CMLX2372A,/collections/vinyl-blinds,/products/cmlx2372a-width-range-17-25-23-length-range-62-72,,lotus_vinyl_blinds,lotus_mlx_1in_vinyl_custom,23.0x72=15.49,95,,2026-09-20,unresolved_exception,Price not displayed on collection
CMLX2364W,/collections/vinyl-blinds,/products/cmlx2364w-width-range-17-25-23-length-range-54-64,,lotus_vinyl_blinds,lotus_mlx_1in_vinyl_custom,23.0x64=14.54,95,,2026-09-20,unresolved_exception,Price not displayed on collection
CMLX2348A,/collections/vinyl-blinds,/products/cmlx2348a-width-range-17-25-23-length-range-38-48,,lotus_vinyl_blinds,lotus_mlx_1in_vinyl_custom,23.0x48=14.63,95,,2026-09-20,unresolved_exception,Price not displayed on collection
CMLX2336A,/collections/vinyl-blinds,/products/cmlx2336a-width-range-17-25-23-length-range-26-36,,lotus_vinyl_blinds,lotus_mlx_1in_vinyl_custom,23.0x36=15.66,95,,2026-09-20,unresolved_exception,Price not displayed on collection
CMLX1772A,/collections/vinyl-blinds,/products/cmlx1772a-width-range-17-25-17-length-range-62-72,,lotus_vinyl_blinds,lotus_mlx_1in_vinyl_custom,17.0x72=15.45,95,,2026-09-20,unresolved_exception,Price not displayed on collection
CRLX7296W,/collections/custom-vinyl-plus-blinds,/products/crlx7296w-width-range-69-25-72-length-range-86-96,105.0,lotus_vinyl_blinds,lotus_rlx_1in_vinyl_plus_custom,72.0x96=56.26,96,,2026-09-20,unresolved_exception,Price conflict
CRLX2796W,/collections/custom-vinyl-plus-blinds,/products/crlx2796w-width-range-23-25-27-length-range-86-96,105.0,lotus_vinyl_blinds,lotus_rlx_1in_vinyl_plus_custom,27.0x96=25.47,96,,2026-09-20,unresolved_exception,Price conflict
CRLX82548W,/collections/custom-vinyl-plus-blinds,/products/crlx82548w-width-range-76-75-82-5-length-range-38-48,105.0,lotus_vinyl_blinds,lotus_rlx_1in_vinyl_plus_custom,82.5x48=69.58,96,,2026-09-20,unresolved_exception,Price conflict
CRLX3060W,/collections/custom-vinyl-plus-blinds,/products/crlx3060w-width-range-27-25-30-length-range-50-60,105.0,lotus_vinyl_blinds,lotus_rlx_1in_vinyl_plus_custom,30.0x60=18.24,96,,2026-09-20,unresolved_exception,Price conflict
CRLX82572W,/collections/custom-vinyl-plus-blinds,/products/crlx82572w-width-range-76-75-82-5-length-range-62-72,105.0,lotus_vinyl_blinds,lotus_rlx_1in_vinyl_plus_custom,82.5x72=87.18,96,,2026-09-20,unresolved_exception,Price conflict
CRLX9572W,/collections/custom-vinyl-plus-blinds,/products/crlx9572w-width-range-89-25-95-length-range-62-72,105.0,lotus_vinyl_blinds,lotus_rlx_1in_vinyl_plus_custom,95.0x72=99.18,96,,2026-09-20,unresolved_exception,Price conflict
CRLX7272W,/collections/custom-vinyl-plus-blinds,/products/crlx7272w-width-range-69-25-72-length-range-62-72,105.0,lotus_vinyl_blinds,lotus_rlx_1in_vinyl_plus_custom,72.0x72=39.36,96,,2026-09-20,unresolved_exception,Price conflict
CRLX4896W,/collections/custom-vinyl-plus-blinds,/products/crlx4896w-width-range-43-25-48-length-range-86-96,105.0,lotus_vinyl_blinds,lotus_rlx_1in_vinyl_plus_custom,48.0x96=39.85,96,,2026-09-20,unresolved_exception,Price conflict
CRLX3964W,/collections/custom-vinyl-plus-blinds,/products/crlx3964w-width-range-35-25-39-length-range-54-64,105.0,lotus_vinyl_blinds,lotus_rlx_1in_vinyl_plus_custom,39.0x64=22.58,96,,2026-09-20,unresolved_exception,Price conflict
CRLX5960W,/collections/custom-vinyl-plus-blinds,/products/crlx5960w-width-range-54-25-59-length-range-50-60,105.0,lotus_vinyl_blinds,lotus_rlx_1in_vinyl_plus_custom,59.0x60=29.09,96,,2026-09-20,unresolved_exception,Price conflict
CRLX3072W,/collections/custom-vinyl-plus-blinds,/products/crlx3072w-width-range-27-25-30-length-range-62-72,105.0,lotus_vinyl_blinds,lotus_rlx_1in_vinyl_plus_custom,30.0x72=20.49,96,,2026-09-20,unresolved_exception,Price conflict
CRLX9548W,/collections/custom-vinyl-plus-blinds,/products/crlx9548w-width-range-89-25-95-length-range-38-48,105.0,lotus_vinyl_blinds,lotus_rlx_1in_vinyl_plus_custom,95.0x48=78.91,96,,2026-09-20,unresolved_exception,Price conflict
CRLX3064W,/collections/custom-vinyl-plus-blinds,/products/crlx3064w-width-range-27-25-30-length-range-54-64,105.0,lotus_vinyl_blinds,lotus_rlx_1in_vinyl_plus_custom,30.0x64=18.98,96,,2026-09-20,unresolved_exception,Price conflict
CRLX2372W,/collections/custom-vinyl-plus-blinds,/products/crlx2372w-width-range-17-25-23-length-range-62-72,105.0,lotus_vinyl_blinds,lotus_rlx_1in_vinyl_plus_custom,23.0x72=17.34,96,,2026-09-20,unresolved_exception,Price conflict
CRLX6972W,/collections/custom-vinyl-plus-blinds,/products/crlx6972w-width-range-63-25-69-length-range-62-72,105.0,lotus_vinyl_blinds,lotus_rlx_1in_vinyl_plus_custom,69.0x72=38.01,96,,2026-09-20,unresolved_exception,Price conflict
CRLX3560W,/collections/custom-vinyl-plus-blinds,/products/crlx3560w-width-range-30-25-35-length-range-50-60,105.0,lotus_vinyl_blinds,lotus_rlx_1in_vinyl_plus_custom,35.0x60=20.11,96,,2026-09-20,unresolved_exception,Price conflict
CRLX8760W,/collections/custom-vinyl-plus-blinds,/products/crlx8760w-width-range-82-75-87-length-range-50-60,105.0,lotus_vinyl_blinds,lotus_rlx_1in_vinyl_plus_custom,87.0x60=77.58,96,,2026-09-20,unresolved_exception,Price conflict
CRLX6984W,/collections/custom-vinyl-plus-blinds,/products/crlx6984w-width-range-63-25-69-length-range-74-84,105.0,lotus_vinyl_blinds,lotus_rlx_1in_vinyl_plus_custom,69.0x84=43.17,96,,2026-09-20,unresolved_exception,Price conflict
CRLX3960W,/collections/custom-vinyl-plus-blinds,/products/crlx3960w-width-range-35-25-39-length-range-50-60,105.0,lotus_vinyl_blinds,lotus_rlx_1in_vinyl_plus_custom,39.0x60=21.61,96,,2026-09-20,unresolved_exception,Price conflict
CRLX3572W,/collections/custom-vinyl-plus-blinds,/products/crlx3572w-width-range-30-25-35-length-range-62-72,105.0,lotus_vinyl_blinds,lotus_rlx_1in_vinyl_plus_custom,35.0x72=22.73,96,,2026-09-20,unresolved_exception,Price conflict
CRLX9560W,/collections/custom-vinyl-plus-blinds,/products/crlx9560w-width-range-89-25-95-length-range-50-60,105.0,lotus_vinyl_blinds,lotus_rlx_1in_vinyl_plus_custom,95.0x60=83.97,96,,2026-09-20,unresolved_exception,Price conflict
CRLX7264W,/collections/custom-vinyl-plus-blinds,/products/crlx7264w-width-range-69-25-72-length-range-54-64,105.0,lotus_vinyl_blinds,lotus_rlx_1in_vinyl_plus_custom,72.0x64=35.76,96,,2026-09-20,unresolved_exception,Price conflict
CRLX4864W,/collections/custom-vinyl-plus-blinds,/products/crlx4864w-width-range-43-25-48-length-range-54-64,105.0,lotus_vinyl_blinds,lotus_rlx_1in_vinyl_plus_custom,48.0x64=26.18,96,,2026-09-20,unresolved_exception,Price conflict
CRLX6964W,/collections/custom-vinyl-plus-blinds,/products/crlx6964w-width-range-63-25-69-length-range-54-64,105.0,lotus_vinyl_blinds,lotus_rlx_1in_vinyl_plus_custom,69.0x64=34.97,96,,2026-09-20,unresolved_exception,Price conflict
CRLX6960W,/collections/custom-vinyl-plus-blinds,/products/crlx6960w-width-range-63-25-69-length-range-50-60,105.0,lotus_vinyl_blinds,lotus_rlx_1in_vinyl_plus_custom,69.0x60=32.84,96,,2026-09-20,unresolved_exception,Price conflict
CRLX6396W,/collections/custom-vinyl-plus-blinds,/products/crlx6396w-width-range-35-25-39-length-range-54-64,105.0,lotus_vinyl_blinds,lotus_rlx_1in_vinyl_plus_custom,63.0x96=50.11,96,,2026-09-20,unresolved_exception,Price conflict
CRLX5948W,/collections/custom-vinyl-plus-blinds,/products/crlx5948w-width-range-54-25-59-length-range-38-48,105.0,lotus_vinyl_blinds,lotus_rlx_1in_vinyl_plus_custom,59.0x48=27.19,96,,2026-09-20,unresolved_exception,Price conflict
CRLX4848W,/collections/custom-vinyl-plus-blinds,/products/crlx4848w-width-range-43-25-48-length-range-38-48,105.0,lotus_vinyl_blinds,lotus_rlx_1in_vinyl_plus_custom,48.0x48=23.43,96,,2026-09-20,unresolved_exception,Price conflict
CRLX3984W,/collections/custom-vinyl-plus-blinds,/products/crlx3984w-width-range-35-25-39-length-range-74-84,105.0,lotus_vinyl_blinds,lotus_rlx_1in_vinyl_plus_custom,39.0x84=27.45,96,,2026-09-20,unresolved_exception,Price conflict
CRLX3096W,/collections/custom-vinyl-plus-blinds,/products/crlx3096w-width-range-27-25-30-length-range-86-96,105.0,lotus_vinyl_blinds,lotus_rlx_1in_vinyl_plus_custom,30.0x96=28.21,96,,2026-09-20,unresolved_exception,Price conflict
CRLX2772W,/collections/custom-vinyl-plus-blinds,/products/crlx2772w-width-range-23-25-27-length-range-62-72,105.0,lotus_vinyl_blinds,lotus_rlx_1in_vinyl_plus_custom,27.0x72=19.14,96,,2026-09-20,unresolved_exception,Price conflict
CRLX2764W,/collections/custom-vinyl-plus-blinds,/products/crlx2764w-width-range-23-25-27-length-range-54-64,105.0,lotus_vinyl_blinds,lotus_rlx_1in_vinyl_plus_custom,27.0x64=17.78,96,,2026-09-20,unresolved_exception,Price conflict
CRLX2760W,/collections/custom-vinyl-plus-blinds,/products/crlx2760w-width-range-23-25-27-length-range-50-60,105.0,lotus_vinyl_blinds,lotus_rlx_1in_vinyl_plus_custom,27.0x60=17.11,96,,2026-09-20,unresolved_exception,Price conflict
CRLX4872W,/collections/custom-vinyl-plus-blinds,/products/crlx4872w-width-range-43-25-48-length-range-62-72,105.0,lotus_vinyl_blinds,lotus_rlx_1in_vinyl_plus_custom,48.0x72=28.58,96,,2026-09-20,unresolved_exception,Price conflict
CRLX4860W,/collections/custom-vinyl-plus-blinds,/products/crlx4860w-width-range-43-25-48-length-range-50-60,105.0,lotus_vinyl_blinds,lotus_rlx_1in_vinyl_plus_custom,48.0x60=24.98,96,,2026-09-20,unresolved_exception,Price conflict
CRLX6996W,/collections/custom-vinyl-plus-blinds,/products/crlx6996w-width-range-35-25-39-length-range-54-64,105.0,lotus_vinyl_blinds,lotus_rlx_1in_vinyl_plus_custom,69.0x96=54.22,96,,2026-09-20,unresolved_exception,Price conflict
CRLX6372W,/collections/custom-vinyl-plus-blinds,/products/crlx6372w-width-range-59-25-63-length-range-62-72,105.0,lotus_vinyl_blinds,lotus_rlx_1in_vinyl_plus_custom,63.0x72=35.32,96,,2026-09-20,unresolved_exception,Price conflict
CRLX5972W,/collections/custom-vinyl-plus-blinds,/products/crlx5972w-width-range-54-25-59-length-range-62-72,105.0,lotus_vinyl_blinds,lotus_rlx_1in_vinyl_plus_custom,59.0x72=33.51,96,,2026-09-20,unresolved_exception,Price conflict
CRLX5460W,/collections/custom-vinyl-plus-blinds,/products/crlx5460w-width-range-48-25-54-length-range-50-60,105.0,lotus_vinyl_blinds,lotus_rlx_1in_vinyl_plus_custom,54.0x60=27.22,96,,2026-09-20,unresolved_exception,Price conflict
CRLX4360W,/collections/custom-vinyl-plus-blinds,/products/crlx4360w-width-range-39-25-43-length-range-50-60,105.0,lotus_vinyl_blinds,lotus_rlx_1in_vinyl_plus_custom,43.0x60=23.11,96,,2026-09-20,unresolved_exception,Price conflict
CRLX3972W,/collections/custom-vinyl-plus-blinds,/products/crlx3972w-width-range-35-25-39-length-range-62-72,105.0,lotus_vinyl_blinds,lotus_rlx_1in_vinyl_plus_custom,39.0x72=24.53,96,,2026-09-20,unresolved_exception,Price conflict
CRLX2384W,/collections/custom-vinyl-plus-blinds,/products/crlx2384w-width-range-17-25-23-length-range-74-84,105.0,lotus_vinyl_blinds,lotus_rlx_1in_vinyl_plus_custom,23.0x84=19.06,96,,2026-09-20,unresolved_exception,Price conflict
CRLX7260W,/collections/custom-vinyl-plus-blinds,/products/crlx7260w-width-range-69-25-72-length-range-50-60,105.0,lotus_vinyl_blinds,lotus_rlx_1in_vinyl_plus_custom,72.0x60=33.97,96,,2026-09-20,unresolved_exception,Price conflict
CRLX8772W,/collections/custom-vinyl-plus-blinds,/products/crlx8772w-width-range-82-75-87-length-range-62-72,105.0,lotus_vinyl_blinds,lotus_rlx_1in_vinyl_plus_custom,87.0x72=91.49,96,,2026-09-20,unresolved_exception,Price conflict
CRLX7248W,/collections/custom-vinyl-plus-blinds,/products/crlx7248w-width-range-69-25-72-length-range-38-48,105.0,lotus_vinyl_blinds,lotus_rlx_1in_vinyl_plus_custom,72.0x48=31.63,96,,2026-09-20,unresolved_exception,Price conflict
CRLX6948W,/collections/custom-vinyl-plus-blinds,/products/crlx6948w-width-range-63-25-69-length-range-38-48,105.0,lotus_vinyl_blinds,lotus_rlx_1in_vinyl_plus_custom,69.0x48=30.61,96,,2026-09-20,unresolved_exception,Price conflict
CRLX6360W,/collections/custom-vinyl-plus-blinds,/products/crlx6360w-width-range-59-25-63-length-range-50-60,105.0,lotus_vinyl_blinds,lotus_rlx_1in_vinyl_plus_custom,63.0x60=30.6,96,,2026-09-20,unresolved_exception,Price conflict
CRLX5496W,/collections/custom-vinyl-plus-blinds,/products/crlx5496w-width-range-35-25-39-length-range-54-64,105.0,lotus_vinyl_blinds,lotus_rlx_1in_vinyl_plus_custom,54.0x96=43.95,96,,2026-09-20,unresolved_exception,Price conflict
CRLX5448W,/collections/custom-vinyl-plus-blinds,/products/crlx5448w-width-range-48-25-54-length-range-38-48,105.0,lotus_vinyl_blinds,lotus_rlx_1in_vinyl_plus_custom,54.0x48=25.47,96,,2026-09-20,unresolved_exception,Price conflict
CRLX5436W,/collections/custom-vinyl-plus-blinds,/products/crlx5436w-width-range-17-25-23-length-range-38-48,105.0,lotus_vinyl_blinds,lotus_rlx_1in_vinyl_plus_custom,54.0x36=23.37,96,,2026-09-20,unresolved_exception,Price conflict
CRLX4884W,/collections/custom-vinyl-plus-blinds,/products/crlx4884w-width-range-43-25-48-length-range-74-84,105.0,lotus_vinyl_blinds,lotus_rlx_1in_vinyl_plus_custom,48.0x84=32.17,96,,2026-09-20,unresolved_exception,Price conflict
CRLX4364W,/collections/custom-vinyl-plus-blinds,/products/crlx4364w-width-range-39-25-43-length-range-54-64,105.0,lotus_vinyl_blinds,lotus_rlx_1in_vinyl_plus_custom,43.0x64=24.18,96,,2026-09-20,unresolved_exception,Price conflict
CRLX4348W,/collections/custom-vinyl-plus-blinds,/products/crlx4348w-width-range-39-25-43-length-range-38-48,105.0,lotus_vinyl_blinds,lotus_rlx_1in_vinyl_plus_custom,43.0x48=21.71,96,,2026-09-20,unresolved_exception,Price conflict
CRLX3996W,/collections/custom-vinyl-plus-blinds,/products/crlx3996w-width-range-35-25-39-length-range-86-96,105.0,lotus_vinyl_blinds,lotus_rlx_1in_vinyl_plus_custom,39.0x96=33.69,96,,2026-09-20,unresolved_exception,Price conflict
CRLX3948W,/collections/custom-vinyl-plus-blinds,/products/crlx3948w-width-range-35-25-39-length-range-38-48,105.0,lotus_vinyl_blinds,lotus_rlx_1in_vinyl_plus_custom,39.0x48=20.35,96,,2026-09-20,unresolved_exception,Price conflict
CRLX3936W,/collections/custom-vinyl-plus-blinds,/products/crlx3936w-width-range-17-25-23-length-range-38-48,105.0,lotus_vinyl_blinds,lotus_rlx_1in_vinyl_plus_custom,39.0x36=18.82,96,,2026-09-20,unresolved_exception,Price conflict
CRLX3584W,/collections/custom-vinyl-plus-blinds,/products/crlx3584w-width-range-30-25-35-length-range-74-84,105.0,lotus_vinyl_blinds,lotus_rlx_1in_vinyl_plus_custom,35.0x84=25.35,96,,2026-09-20,unresolved_exception,Price conflict
CRLX3084W,/collections/custom-vinyl-plus-blinds,/products/crlx3084w-width-range-27-25-30-length-range-74-84,105.0,lotus_vinyl_blinds,lotus_rlx_1in_vinyl_plus_custom,30.0x84=23.25,96,,2026-09-20,unresolved_exception,Price conflict
CRLX2784W,/collections/custom-vinyl-plus-blinds,/products/crlx2784w-width-range-23-25-27-length-range-74-84,105.0,lotus_vinyl_blinds,lotus_rlx_1in_vinyl_plus_custom,27.0x84=21.16,96,,2026-09-20,unresolved_exception,Price conflict
CRLX2736W,/collections/custom-vinyl-plus-blinds,/products/crlx2736w-width-range-23-25-27-length-range-26-36,105.0,lotus_vinyl_blinds,lotus_rlx_1in_vinyl_plus_custom,27.0x36=19.4,96,,2026-09-20,unresolved_exception,Price conflict
CRLX2364W,/collections/custom-vinyl-plus-blinds,/products/crlx2364w-width-range-17-25-23-length-range-54-64,105.0,lotus_vinyl_blinds,lotus_rlx_1in_vinyl_plus_custom,23.0x64=16.19,96,,2026-09-20,unresolved_exception,Price conflict
CRLX2360W,/collections/custom-vinyl-plus-blinds,/products/crlx2360w-width-range-17-25-23-length-range-50-60,105.0,lotus_vinyl_blinds,lotus_rlx_1in_vinyl_plus_custom,23.0x60=18.62,96,,2026-09-20,unresolved_exception,Price conflict
CRLX5972A,/collections/custom-vinyl-plus-blinds,/products/crlx5972a-width-range-54-25-59-length-range-62-72,105.0,,,,,,2026-09-20,unresolved_exception,No exact source SKU destination
CRLX3048W,/collections/custom-vinyl-plus-blinds,/products/crlx3048w-width-range-27-25-30-length-range-38-48,105.0,lotus_vinyl_blinds,lotus_rlx_1in_vinyl_plus_custom,30.0x48=17.27,96,,2026-09-20,unresolved_exception,Price conflict
CRLX9572A,/collections/custom-vinyl-plus-blinds,/products/crlx9572a-width-range-89-25-95-length-range-62-72,105.0,,,,,,2026-09-20,unresolved_exception,No exact source SKU destination
CRLX9560A,/collections/custom-vinyl-plus-blinds,/products/crlx9560a-width-range-89-25-95-length-range-50-60,105.0,,,,,,2026-09-20,unresolved_exception,No exact source SKU destination
CRLX9548A,/collections/custom-vinyl-plus-blinds,/products/crlx9548a-width-range-89-25-95-length-range-38-48,105.0,,,,,,2026-09-20,unresolved_exception,No exact source SKU destination
CRLX8772A,/collections/custom-vinyl-plus-blinds,/products/crlx8772a-width-range-82-75-87-length-range-62-72,105.0,,,,,,2026-09-20,unresolved_exception,No exact source SKU destination
CRLX8760A,/collections/custom-vinyl-plus-blinds,/products/crlx8760a-width-range-82-75-87-length-range-50-60,105.0,,,,,,2026-09-20,unresolved_exception,No exact source SKU destination
CRLX8748W,/collections/custom-vinyl-plus-blinds,/products/crlx8748w-width-range-35-25-39-length-range-54-64,105.0,lotus_vinyl_blinds,lotus_rlx_1in_vinyl_plus_custom,87.0x48=72.93,96,,2026-09-20,unresolved_exception,Price conflict
CRLX8448W,/collections/custom-vinyl-plus-blinds,/products/crlx8448w-width-range-82-75-87-length-range-38-48,105.0,,,,,,2026-09-20,unresolved_exception,No exact source SKU destination
CRLX82572A,/collections/custom-vinyl-plus-blinds,/products/crlx82572a-width-range-76-75-82-5-length-range-62-72,105.0,,,,,,2026-09-20,unresolved_exception,No exact source SKU destination
CRLX82560W,/collections/custom-vinyl-plus-blinds,/products/crlx82560w-width-range-76-75-82-5-length-range-50-60,105.0,lotus_vinyl_blinds,lotus_rlx_1in_vinyl_plus_custom,82.5x60=73.98,96,,2026-09-20,unresolved_exception,Price conflict
CRLX82560A,/collections/custom-vinyl-plus-blinds,/products/crlx82560a-width-range-76-75-82-5-length-range-50-60,105.0,,,,,,2026-09-20,unresolved_exception,No exact source SKU destination
CRLX82548A,/collections/custom-vinyl-plus-blinds,/products/crlx82548a-width-range-76-75-82-5-length-range-38-48,105.0,,,,,,2026-09-20,unresolved_exception,No exact source SKU destination
CRLX7872W,/collections/custom-vinyl-plus-blinds,/products/crlx7872w-width-range-35-25-39-length-range-54-64,105.0,lotus_vinyl_blinds,lotus_rlx_1in_vinyl_plus_custom,78.0x72=82.86,96,,2026-09-20,unresolved_exception,Price conflict
CRLX7860W,/collections/custom-vinyl-plus-blinds,/products/crlx7860w-width-range-35-25-39-length-range-54-64,105.0,lotus_vinyl_blinds,lotus_rlx_1in_vinyl_plus_custom,78.0x60=70.38,96,,2026-09-20,unresolved_exception,Price conflict
CRLX7848W,/collections/custom-vinyl-plus-blinds,/products/crlx7848w-width-range-17-25-23-length-range-38-48,105.0,lotus_vinyl_blinds,lotus_rlx_1in_vinyl_plus_custom,78.0x48=66.22,96,,2026-09-20,unresolved_exception,Price conflict
CRLX7272A,/collections/custom-vinyl-plus-blinds,/products/crlx7272a-width-range-69-25-72-length-range-62-72,105.0,,,,,,2026-09-20,unresolved_exception,No exact source SKU destination
CRLX7260A,/collections/custom-vinyl-plus-blinds,/products/crlx7260a-width-range-69-25-72-length-range-50-60,105.0,,,,,,2026-09-20,unresolved_exception,No exact source SKU destination
CRLX7248A,/collections/custom-vinyl-plus-blinds,/products/crlx7248a-width-range-69-25-72-length-range-38-48,105.0,,,,,,2026-09-20,unresolved_exception,No exact source SKU destination
CRLX7236W,/collections/custom-vinyl-plus-blinds,/products/crlx7236w-width-range-69-25-72-length-range-26-36,105.0,lotus_vinyl_blinds,lotus_rlx_1in_vinyl_plus_custom,72.0x36=28.83,96,,2026-09-20,unresolved_exception,Price conflict
CRLX7236A,/collections/custom-vinyl-plus-blinds,/products/crlx7236a-width-range-69-25-72-length-range-26-36,105.0,,,,,,2026-09-20,unresolved_exception,No exact source SKU destination
CRLX6972A,/collections/custom-vinyl-plus-blinds,/products/crlx6972a-width-range-63-25-69-length-range-62-72,105.0,,,,,,2026-09-20,unresolved_exception,No exact source SKU destination
CRLX6960A,/collections/custom-vinyl-plus-blinds,/products/crlx6960a-width-range-63-25-69-length-range-50-60,105.0,,,,,,2026-09-20,unresolved_exception,No exact source SKU destination
CRLX6948A,/collections/custom-vinyl-plus-blinds,/products/crlx6948a-width-range-63-25-69-length-range-38-48,105.0,,,,,,2026-09-20,unresolved_exception,No exact source SKU destination
CRLX6936W,/collections/custom-vinyl-plus-blinds,/products/crlx6936w-width-range-63-25-69-length-range-26-36,105.0,lotus_vinyl_blinds,lotus_rlx_1in_vinyl_plus_custom,69.0x36=27.92,96,,2026-09-20,unresolved_exception,Price conflict
CRLX6936A,/collections/custom-vinyl-plus-blinds,/products/crlx6936a-width-range-63-25-69-length-range-26-36,105.0,,,,,,2026-09-20,unresolved_exception,No exact source SKU destination
CRLX6372A,/collections/custom-vinyl-plus-blinds,/products/crlx6372a-width-range-59-25-63-length-range-62-72,105.0,,,,,,2026-09-20,unresolved_exception,No exact source SKU destination
CRLX6364W,/collections/custom-vinyl-plus-blinds,/products/crlx6364w-width-range-35-25-39-length-range-54-64,105.0,lotus_vinyl_blinds,lotus_rlx_1in_vinyl_plus_custom,63.0x64=32.17,96,,2026-09-20,unresolved_exception,Price conflict
CRLX6360A,/collections/custom-vinyl-plus-blinds,/products/crlx6360a-width-range-59-25-63-length-range-50-60,105.0,,,,,,2026-09-20,unresolved_exception,No exact source SKU destination
CRLX6348W,/collections/custom-vinyl-plus-blinds,/products/crlx6348w-width-range-35-25-39-length-range-54-64,105.0,lotus_vinyl_blinds,lotus_rlx_1in_vinyl_plus_custom,63.0x48=28.55,96,,2026-09-20,unresolved_exception,Price conflict
CRLX6336W,/collections/custom-vinyl-plus-blinds,/products/crlx6336w-width-range-17-25-23-length-range-38-48,105.0,lotus_vinyl_blinds,lotus_rlx_1in_vinyl_plus_custom,63.0x36=26.1,96,,2026-09-20,unresolved_exception,Price conflict
CRLX5996W,/collections/custom-vinyl-plus-blinds,/products/crlx5996w-width-range-35-25-39-length-range-54-64,105.0,lotus_vinyl_blinds,lotus_rlx_1in_vinyl_plus_custom,59.0x96=47.37,96,,2026-09-20,unresolved_exception,Price conflict
CRLX5984W,/collections/custom-vinyl-plus-blinds,/products/crlx5984w-width-range-54-25-59-length-range-74-84,105.0,lotus_vinyl_blinds,lotus_rlx_1in_vinyl_plus_custom,59.0x84=37.94,96,,2026-09-20,unresolved_exception,Price conflict
CRLX5964W,/collections/custom-vinyl-plus-blinds,/products/crlx5964w-width-range-54-25-59-length-range-54-64,105.0,lotus_vinyl_blinds,lotus_rlx_1in_vinyl_plus_custom,59.0x64=30.57,96,,2026-09-20,unresolved_exception,Price conflict
CRLX5964A,/collections/custom-vinyl-plus-blinds,/products/crlx5964a-width-range-54-25-59-length-range-54-64,105.0,,,,,,2026-09-20,unresolved_exception,No exact source SKU destination
CRLX5960A,/collections/custom-vinyl-plus-blinds,/products/crlx5960a-width-range-54-25-59-length-range-50-60,105.0,,,,,,2026-09-20,unresolved_exception,No exact source SKU destination
CRLX5948A,/collections/custom-vinyl-plus-blinds,/products/crlx5948a-width-range-54-25-59-length-range-38-48,105.0,,,,,,2026-09-20,unresolved_exception,No exact source SKU destination
CRLX5936W,/collections/custom-vinyl-plus-blinds,/products/crlx5936w-width-range-54-25-59-length-range-26-36,105.0,lotus_vinyl_blinds,lotus_rlx_1in_vinyl_plus_custom,59.0x36=24.88,96,,2026-09-20,unresolved_exception,Price conflict
CRLX5936A,/collections/custom-vinyl-plus-blinds,/products/crlx5936a-width-range-54-25-59-length-range-26-36,105.0,,,,,,2026-09-20,unresolved_exception,No exact source SKU destination
CRLX5484W,/collections/custom-vinyl-plus-blinds,/products/crlx5484w-width-range-48-25-54-length-range-74-84,105.0,lotus_vinyl_blinds,lotus_rlx_1in_vinyl_plus_custom,54.0x84=35.32,96,,2026-09-20,unresolved_exception,Price conflict
CRLX5484A,/collections/custom-vinyl-plus-blinds,/products/crlx5484a-width-range-48-25-54-length-range-74-84,105.0,,,,,,2026-09-20,unresolved_exception,No exact source SKU destination
CRLX5464W,/collections/custom-vinyl-plus-blinds,/products/crlx5464w-width-range-17-25-23-length-range-38-48,105.0,lotus_vinyl_blinds,lotus_rlx_1in_vinyl_plus_custom,54.0x64=31.27,96,,2026-09-20,unresolved_exception,Price conflict
CRLX5460A,/collections/custom-vinyl-plus-blinds,/products/crlx5460a-width-range-48-25-54-length-range-50-60,105.0,,,,,,2026-09-20,unresolved_exception,No exact source SKU destination
CRLX5448A,/collections/custom-vinyl-plus-blinds,/products/crlx5448a-width-range-48-25-54-length-range-38-48,105.0,,,,,,2026-09-20,unresolved_exception,No exact source SKU destination
CRLX4896A,/collections/custom-vinyl-plus-blinds,/products/crlx4896a-width-range-43-25-48-length-range-86-96,105.0,,,,,,2026-09-20,unresolved_exception,No exact source SKU destination
CRLX4884A,/collections/custom-vinyl-plus-blinds,/products/crlx4884a-width-range-43-25-48-length-range-74-84,105.0,,,,,,2026-09-20,unresolved_exception,No exact source SKU destination
CRLX4872A,/collections/custom-vinyl-plus-blinds,/products/crlx4872a-width-range-43-25-48-length-range-62-72,105.0,,,,,,2026-09-20,unresolved_exception,No exact source SKU destination
CRLX4864A,/collections/custom-vinyl-plus-blinds,/products/crlx4864a-width-range-43-25-48-length-range-54-64,105.0,,,,,,2026-09-20,unresolved_exception,No exact source SKU destination
CRLX4860A,/collections/custom-vinyl-plus-blinds,/products/crlx4860a-width-range-43-25-48-length-range-50-60,105.0,,,,,,2026-09-20,unresolved_exception,No exact source SKU destination
CRLX4848A,/collections/custom-vinyl-plus-blinds,/products/crlx4848a-width-range-43-25-48-length-range-38-48,105.0,,,,,,2026-09-20,unresolved_exception,No exact source SKU destination
CRLX4836W,/collections/custom-vinyl-plus-blinds,/products/crlx4836w-width-range-43-25-48-length-range-26-36,105.0,lotus_vinyl_blinds,lotus_rlx_1in_vinyl_plus_custom,48.0x36=21.55,96,,2026-09-20,unresolved_exception,Price conflict
CRLX4396W,/collections/custom-vinyl-plus-blinds,/products/crlx4396w-width-range-39-25-43-length-range-86-96,105.0,lotus_vinyl_blinds,lotus_rlx_1in_vinyl_plus_custom,43.0x96=36.43,96,,2026-09-20,unresolved_exception,Price conflict
CRLX4396A,/collections/custom-vinyl-plus-blinds,/products/crlx4396a-width-range-39-25-43-length-range-86-96,105.0,,,,,,2026-09-20,unresolved_exception,No exact source SKU destination
CRLX4384W,/collections/custom-vinyl-plus-blinds,/products/crlx4384w-width-range-39-25-43-length-range-74-84,105.0,lotus_vinyl_blinds,lotus_rlx_1in_vinyl_plus_custom,43.0x84=29.54,96,,2026-09-20,unresolved_exception,Price conflict
CRLX4384A,/collections/custom-vinyl-plus-blinds,/products/crlx4384a-width-range-39-25-43-length-range-74-84,105.0,,,,,,2026-09-20,unresolved_exception,No exact source SKU destination
CRLX4372W,/collections/custom-vinyl-plus-blinds,/products/crlx4372w-width-range-39-25-43-length-range-62-72,105.0,lotus_vinyl_blinds,lotus_rlx_1in_vinyl_plus_custom,43.0x72=26.33,96,,2026-09-20,unresolved_exception,Price conflict
CRLX4372A,/collections/custom-vinyl-plus-blinds,/products/crlx4372a-width-range-39-25-43-length-range-62-72,105.0,,,,,,2026-09-20,unresolved_exception,No exact source SKU destination
CRLX4360A,/collections/custom-vinyl-plus-blinds,/products/crlx4360a-width-range-39-25-43-length-range-50-60,105.0,,,,,,2026-09-20,unresolved_exception,No exact source SKU destination
CRLX4348A,/collections/custom-vinyl-plus-blinds,/products/crlx4348a-width-range-39-25-43-length-range-38-48,105.0,,,,,,2026-09-20,unresolved_exception,No exact source SKU destination
CRLX4336W,/collections/custom-vinyl-plus-blinds,/products/crlx4336w-width-range-35-25-39-length-range-54-64,105.0,lotus_vinyl_blinds,lotus_rlx_1in_vinyl_plus_custom,43.0x36=20.04,96,,2026-09-20,unresolved_exception,Price conflict
CRLX3996A,/collections/custom-vinyl-plus-blinds,/products/crlx3996a-width-range-35-25-39-length-range-86-96,105.0,,,,,,2026-09-20,unresolved_exception,No exact source SKU destination
CRLX3984A,/collections/custom-vinyl-plus-blinds,/products/crlx3984a-width-range-35-25-39-length-range-74-84,105.0,,,,,,2026-09-20,unresolved_exception,No exact source SKU destination
CRLX3972A,/collections/custom-vinyl-plus-blinds,/products/crlx3972a-width-range-35-25-39-length-range-62-72,105.0,,,,,,2026-09-20,unresolved_exception,No exact source SKU destination
CRLX3960A,/collections/custom-vinyl-plus-blinds,/products/crlx3960a-width-range-35-25-39-length-range-50-60,105.0,,,,,,2026-09-20,unresolved_exception,No exact source SKU destination
CRLX3596W,/collections/custom-vinyl-plus-blinds,/products/crlx3596w-width-range-30-25-35-length-range-86-96,105.0,lotus_vinyl_blinds,lotus_rlx_1in_vinyl_plus_custom,35.0x96=30.95,96,,2026-09-20,unresolved_exception,Price conflict
CRLX3596A,/collections/custom-vinyl-plus-blinds,/products/crlx3596a-width-range-30-25-35-length-range-86-96,105.0,,,,,,2026-09-20,unresolved_exception,No exact source SKU destination
CRLX3584A,/collections/custom-vinyl-plus-blinds,/products/crlx3584a-width-range-30-25-35-length-range-74-84,105.0,,,,,,2026-09-20,unresolved_exception,No exact source SKU destination
CRLX3572A,/collections/custom-vinyl-plus-blinds,/products/crlx3572a-width-range-30-25-35-length-range-62-72,105.0,,,,,,2026-09-20,unresolved_exception,No exact source SKU destination
CRLX3564W,/collections/custom-vinyl-plus-blinds,/products/crlx3564w-width-range-30-25-35-length-range-54-64,105.0,lotus_vinyl_blinds,lotus_rlx_1in_vinyl_plus_custom,35.0x64=20.99,96,,2026-09-20,unresolved_exception,Price conflict
CRLX3564A,/collections/custom-vinyl-plus-blinds,/products/crlx3564a-width-range-30-25-35-length-range-54-64,105.0,,,,,,2026-09-20,unresolved_exception,No exact source SKU destination
CRLX3560A,/collections/custom-vinyl-plus-blinds,/products/crlx3560a-width-range-30-25-35-length-range-50-60,105.0,,,,,,2026-09-20,unresolved_exception,No exact source SKU destination
CRLX3548W,/collections/custom-vinyl-plus-blinds,/products/crlx3548w-width-range-30-25-35-length-range-38-48,105.0,lotus_vinyl_blinds,lotus_rlx_1in_vinyl_plus_custom,35.0x48=18.98,96,,2026-09-20,unresolved_exception,Price conflict
CRLX3548A,/collections/custom-vinyl-plus-blinds,/products/crlx3548a-width-range-30-25-35-length-range-38-48,105.0,,,,,,2026-09-20,unresolved_exception,No exact source SKU destination
CRLX3536W,/collections/custom-vinyl-plus-blinds,/products/crlx3536w-width-range-30-25-35-length-range-26-36,105.0,lotus_vinyl_blinds,lotus_rlx_1in_vinyl_plus_custom,35.0x36=17.61,96,,2026-09-20,unresolved_exception,Price conflict
CRLX3536A,/collections/custom-vinyl-plus-blinds,/products/crlx3536a-width-range-30-25-35-length-range-26-36,105.0,,,,,,2026-09-20,unresolved_exception,No exact source SKU destination
CRLX3096A,/collections/custom-vinyl-plus-blinds,/products/crlx3096a-width-range-27-25-30-length-range-86-96,105.0,,,,,,2026-09-20,unresolved_exception,No exact source SKU destination
CRLX3084A,/collections/custom-vinyl-plus-blinds,/products/crlx3084a-width-range-27-25-30-length-range-74-84,105.0,,,,,,2026-09-20,unresolved_exception,No exact source SKU destination
CRLX3072A,/collections/custom-vinyl-plus-blinds,/products/crlx3072a-width-range-27-25-30-length-range-62-72,105.0,,,,,,2026-09-20,unresolved_exception,No exact source SKU destination
CRLX3064A,/collections/custom-vinyl-plus-blinds,/products/crlx3064a-width-range-27-25-30-length-range-54-64,105.0,,,,,,2026-09-20,unresolved_exception,No exact source SKU destination
CRLX3060A,/collections/custom-vinyl-plus-blinds,/products/crlx3060a-width-range-27-25-30-length-range-50-60,105.0,,,,,,2026-09-20,unresolved_exception,No exact source SKU destination
CRLX3048A,/collections/custom-vinyl-plus-blinds,/products/crlx3048a-width-range-27-25-30-length-range-38-48,105.0,,,,,,2026-09-20,unresolved_exception,No exact source SKU destination
CRLX3036W,/collections/custom-vinyl-plus-blinds,/products/crlx3036w-width-range-27-25-30-length-range-26-36,105.0,lotus_vinyl_blinds,lotus_rlx_1in_vinyl_plus_custom,30.0x36=20.78,96,,2026-09-20,unresolved_exception,Price conflict
CRLX2796A,/collections/custom-vinyl-plus-blinds,/products/crlx2796a-width-range-23-25-27-length-range-86-96,105.0,,,,,,2026-09-20,unresolved_exception,No exact source SKU destination
CRLX2784A,/collections/custom-vinyl-plus-blinds,/products/crlx2784a-width-range-23-25-27-length-range-74-84,105.0,,,,,,2026-09-20,unresolved_exception,No exact source SKU destination
CRLX2772A,/collections/custom-vinyl-plus-blinds,/products/crlx2772a-width-range-23-25-27-length-range-62-72,105.0,,,,,,2026-09-20,unresolved_exception,No exact source SKU destination
CRLX2764A,/collections/custom-vinyl-plus-blinds,/products/crlx2764a-width-range-23-25-27-length-range-54-64,105.0,,,,,,2026-09-20,unresolved_exception,No exact source SKU destination
CRLX2760A,/collections/custom-vinyl-plus-blinds,/products/crlx2760a-width-range-23-25-27-length-range-50-60,105.0,,,,,,2026-09-20,unresolved_exception,No exact source SKU destination
CRLX2748W,/collections/custom-vinyl-plus-blinds,/products/crlx2748w-width-range-23-25-27-length-range-38-48,105.0,lotus_vinyl_blinds,lotus_rlx_1in_vinyl_plus_custom,27.0x48=17.92,96,,2026-09-20,unresolved_exception,Price conflict
CRLX2748A,/collections/custom-vinyl-plus-blinds,/products/crlx2748a-width-range-23-25-27-length-range-38-48,105.0,,,,,,2026-09-20,unresolved_exception,No exact source SKU destination
CRLX2396W,/collections/custom-vinyl-plus-blinds,/products/crlx2396w-width-range-17-25-23-length-range-86-96,105.0,lotus_vinyl_blinds,lotus_rlx_1in_vinyl_plus_custom,23.0x96=22.75,96,,2026-09-20,unresolved_exception,Price conflict
CRLX2396A,/collections/custom-vinyl-plus-blinds,/products/crlx2396a-width-range-17-25-23-length-range-86-96,105.0,,,,,,2026-09-20,unresolved_exception,No exact source SKU destination
CRLX2384A,/collections/custom-vinyl-plus-blinds,/products/crlx2384a-width-range-17-25-23-length-range-74-84,105.0,,,,,,2026-09-20,unresolved_exception,No exact source SKU destination
CRLX2372A,/collections/custom-vinyl-plus-blinds,/products/crlx2372a-width-range-17-25-23-length-range-62-72,105.0,,,,,,2026-09-20,unresolved_exception,No exact source SKU destination
CRLX2364A,/collections/custom-vinyl-plus-blinds,/products/crlx2364a-width-range-17-25-23-length-range-54-64,105.0,,,,,,2026-09-20,unresolved_exception,No exact source SKU destination
CRLX2360A,/collections/custom-vinyl-plus-blinds,/products/crlx2360a-width-range-17-25-23-length-range-50-60,105.0,,,,,,2026-09-20,unresolved_exception,No exact source SKU destination
CRLX2348W,/collections/custom-vinyl-plus-blinds,/products/crlx2348w-width-range-17-25-23-length-range-38-48,105.0,lotus_vinyl_blinds,lotus_rlx_1in_vinyl_plus_custom,23.0x48=21.08,96,,2026-09-20,unresolved_exception,Price conflict
CRLX2348A,/collections/custom-vinyl-plus-blinds,/products/crlx2348a-width-range-17-25-23-length-range-38-48,105.0,,,,,,2026-09-20,unresolved_exception,No exact source SKU destination
CRLX2336W,/collections/custom-vinyl-plus-blinds,/products/crlx2336w-width-range-17-25-23-length-range-26-36,105.0,lotus_vinyl_blinds,lotus_rlx_1in_vinyl_plus_custom,23.0x36=17.56,96,,2026-09-20,unresolved_exception,Price conflict
CRLX2336A,/collections/custom-vinyl-plus-blinds,/products/crlx2336a-width-range-17-25-23-length-range-26-36,105.0,,,,,,2026-09-20,unresolved_exception,No exact source SKU destination
CRTX3596W,/collections/custom-2-inch-vinyl-plus-blinds,/products/crtx3596w-width-range-30-25-35-length-range-86-96,105.0,lotus_vinyl_blinds,lotus_rtx_2in_vinyl_plus_custom,35.0x96=41.71,98,,2026-09-20,unresolved_exception,Price conflict
CRTX4872W,/collections/custom-2-inch-vinyl-plus-blinds,/products/crtx4872w-width-range-43-25-48-length-range-62-72,105.0,lotus_vinyl_blinds,lotus_rtx_2in_vinyl_plus_custom,48.0x72=38.34,98,,2026-09-20,unresolved_exception,Price conflict
CRTX4372W,/collections/custom-2-inch-vinyl-plus-blinds,/products/crtx4372w-width-range-39-25-43-length-range-62-72,105.0,lotus_vinyl_blinds,lotus_rtx_2in_vinyl_plus_custom,43.0x72=35.08,98,,2026-09-20,unresolved_exception,Price conflict
CRTX3572W,/collections/custom-2-inch-vinyl-plus-blinds,/products/crtx3572w-width-range-30-25-35-length-range-62-72,105.0,lotus_vinyl_blinds,lotus_rtx_2in_vinyl_plus_custom,35.0x72=29.85,98,,2026-09-20,unresolved_exception,Price conflict
CRTX3584W,/collections/custom-2-inch-vinyl-plus-blinds,/products/crtx3584w-width-range-30-25-35-length-range-74-84,105.0,lotus_vinyl_blinds,lotus_rtx_2in_vinyl_plus_custom,35.0x84=33.66,98,,2026-09-20,unresolved_exception,Price conflict
CRTX3096W,/collections/custom-2-inch-vinyl-plus-blinds,/products/crtx3096w-width-range-27-25-30-length-range-86-96,105.0,lotus_vinyl_blinds,lotus_rtx_2in_vinyl_plus_custom,30.0x96=37.74,98,,2026-09-20,unresolved_exception,Price conflict
CRTX3560W,/collections/custom-2-inch-vinyl-plus-blinds,/products/crtx3560w-width-range-30-25-35-length-range-50-60,105.0,lotus_vinyl_blinds,lotus_rtx_2in_vinyl_plus_custom,35.0x60=26.05,98,,2026-09-20,unresolved_exception,Price conflict
CRTX7284W,/collections/custom-2-inch-vinyl-plus-blinds,/products/crtx7284w-width-range-69-25-72-length-range-74-84,105.0,lotus_vinyl_blinds,lotus_rtx_2in_vinyl_plus_custom,72.0x84=61.84,98,,2026-09-20,unresolved_exception,Price conflict
CRTX7272W,/collections/custom-2-inch-vinyl-plus-blinds,/products/crtx7272w-width-range-69-25-72-length-range-62-72,105.0,lotus_vinyl_blinds,lotus_rtx_2in_vinyl_plus_custom,72.0x72=54.01,98,,2026-09-20,unresolved_exception,Price conflict
CRTX5472W,/collections/custom-2-inch-vinyl-plus-blinds,/products/crtx5472w-width-range-48-25-54-length-range-62-72,105.0,lotus_vinyl_blinds,lotus_rtx_2in_vinyl_plus_custom,54.0x72=42.26,98,,2026-09-20,unresolved_exception,Price conflict
CRTX4896W,/collections/custom-2-inch-vinyl-plus-blinds,/products/crtx4896w-width-range-43-25-48-length-range-86-96,105.0,lotus_vinyl_blinds,lotus_rtx_2in_vinyl_plus_custom,48.0x96=54.59,98,,2026-09-20,unresolved_exception,Price conflict
CRTX3984W,/collections/custom-2-inch-vinyl-plus-blinds,/products/crtx3984w-width-range-35-25-39-length-range-74-84,105.0,lotus_vinyl_blinds,lotus_rtx_2in_vinyl_plus_custom,39.0x84=36.7,98,,2026-09-20,unresolved_exception,Price conflict
CRTX3972W,/collections/custom-2-inch-vinyl-plus-blinds,/products/crtx3972w-width-range-35-25-39-length-range-62-72,105.0,lotus_vinyl_blinds,lotus_rtx_2in_vinyl_plus_custom,39.0x72=32.47,98,,2026-09-20,unresolved_exception,Price conflict
CRTX3960W,/collections/custom-2-inch-vinyl-plus-blinds,/products/crtx3960w-width-range-35-25-39-length-range-50-60,105.0,lotus_vinyl_blinds,lotus_rtx_2in_vinyl_plus_custom,39.0x60=28.22,98,,2026-09-20,unresolved_exception,Price conflict
CRTX3072W,/collections/custom-2-inch-vinyl-plus-blinds,/products/crtx3072w-width-range-27-25-30-length-range-62-72,105.0,lotus_vinyl_blinds,lotus_rtx_2in_vinyl_plus_custom,30.0x72=26.6,98,,2026-09-20,unresolved_exception,Price conflict
CRTX6372W,/collections/custom-2-inch-vinyl-plus-blinds,/products/crtx6372w-width-range-59-25-63-length-range-62-72,105.0,lotus_vinyl_blinds,lotus_rtx_2in_vinyl_plus_custom,63.0x72=48.13,98,,2026-09-20,unresolved_exception,Price conflict
CRTX3996W,/collections/custom-2-inch-vinyl-plus-blinds,/products/crtx3996w-width-range-35-25-39-length-range-86-96,105.0,lotus_vinyl_blinds,lotus_rtx_2in_vinyl_plus_custom,39.0x96=45.67,98,,2026-09-20,unresolved_exception,Price conflict
CRTX2760W,/collections/custom-2-inch-vinyl-plus-blinds,/products/crtx2760w-width-range-23-25-27-length-range-50-60,105.0,lotus_vinyl_blinds,lotus_rtx_2in_vinyl_plus_custom,27.0x60=21.69,98,,2026-09-20,unresolved_exception,Price conflict
CRTX2336W,/collections/custom-2-inch-vinyl-plus-blinds,/products/crtx2336w-width-range-17-25-23-length-range-26-36,105.0,lotus_vinyl_blinds,lotus_rtx_2in_vinyl_plus_custom,23.0x36=21.65,98,,2026-09-20,unresolved_exception,Price conflict
CRTX3548W,/collections/custom-2-inch-vinyl-plus-blinds,/products/crtx3548w-width-range-30-25-35-length-range-38-48,105.0,lotus_vinyl_blinds,lotus_rtx_2in_vinyl_plus_custom,35.0x48=24.35,98,,2026-09-20,unresolved_exception,Price conflict
CRTX2772W,/collections/custom-2-inch-vinyl-plus-blinds,/products/crtx2772w-width-range-23-25-27-length-range-62-72,105.0,lotus_vinyl_blinds,lotus_rtx_2in_vinyl_plus_custom,27.0x72=24.63,98,,2026-09-20,unresolved_exception,Price conflict
CRTX7260W,/collections/custom-2-inch-vinyl-plus-blinds,/products/crtx7260w-width-range-69-25-72-length-range-50-60,105.0,lotus_vinyl_blinds,lotus_rtx_2in_vinyl_plus_custom,72.0x60=46.18,98,,2026-09-20,unresolved_exception,Price conflict
CRTX6960W,/collections/custom-2-inch-vinyl-plus-blinds,/products/crtx6960w-width-range-63-25-69-length-range-50-60,105.0,lotus_vinyl_blinds,lotus_rtx_2in_vinyl_plus_custom,69.0x60=44.55,98,,2026-09-20,unresolved_exception,Price conflict
CRTX6948W,/collections/custom-2-inch-vinyl-plus-blinds,/products/crtx6948w-width-range-63-25-69-length-range-38-48,105.0,lotus_vinyl_blinds,lotus_rtx_2in_vinyl_plus_custom,69.0x48=41.21,98,,2026-09-20,unresolved_exception,Price conflict
CRTX5972W,/collections/custom-2-inch-vinyl-plus-blinds,/products/crtx5972w-width-range-54-25-59-length-range-62-72,105.0,lotus_vinyl_blinds,lotus_rtx_2in_vinyl_plus_custom,59.0x72=45.53,98,,2026-09-20,unresolved_exception,Price conflict
CRTX5484W,/collections/custom-2-inch-vinyl-plus-blinds,/products/crtx5484w-width-range-48-25-54-length-range-74-84,105.0,lotus_vinyl_blinds,lotus_rtx_2in_vinyl_plus_custom,54.0x84=48.13,98,,2026-09-20,unresolved_exception,Price conflict
CRTX5448W,/collections/custom-2-inch-vinyl-plus-blinds,/products/crtx5448w-width-range-48-25-54-length-range-38-48,105.0,lotus_vinyl_blinds,lotus_rtx_2in_vinyl_plus_custom,54.0x48=33.78,98,,2026-09-20,unresolved_exception,Price conflict
CRTX4860W,/collections/custom-2-inch-vinyl-plus-blinds,/products/crtx4860w-width-range-43-25-48-length-range-50-60,105.0,lotus_vinyl_blinds,lotus_rtx_2in_vinyl_plus_custom,48.0x60=33.12,98,,2026-09-20,unresolved_exception,Price conflict
CRTX4848W,/collections/custom-2-inch-vinyl-plus-blinds,/products/crtx4848w-width-range-43-25-48-length-range-38-48,105.0,lotus_vinyl_blinds,lotus_rtx_2in_vinyl_plus_custom,48.0x48=30.8,98,,2026-09-20,unresolved_exception,Price conflict
CRTX4396W,/collections/custom-2-inch-vinyl-plus-blinds,/products/crtx4396w-width-range-39-25-43-length-range-86-96,105.0,lotus_vinyl_blinds,lotus_rtx_2in_vinyl_plus_custom,43.0x96=49.64,98,,2026-09-20,unresolved_exception,Price conflict
CRTX4384W,/collections/custom-2-inch-vinyl-plus-blinds,/products/crtx4384w-width-range-39-25-43-length-range-74-84,105.0,lotus_vinyl_blinds,lotus_rtx_2in_vinyl_plus_custom,43.0x84=39.75,98,,2026-09-20,unresolved_exception,Price conflict
CRTX4360W,/collections/custom-2-inch-vinyl-plus-blinds,/products/crtx4360w-width-range-39-25-43-length-range-50-60,105.0,lotus_vinyl_blinds,lotus_rtx_2in_vinyl_plus_custom,43.0x60=30.4,98,,2026-09-20,unresolved_exception,Price conflict
CRTX2796W,/collections/custom-2-inch-vinyl-plus-blinds,/products/crtx2796w-width-range-23-25-27-length-range-86-96,105.0,lotus_vinyl_blinds,lotus_rtx_2in_vinyl_plus_custom,27.0x96=33.78,98,,2026-09-20,unresolved_exception,Price conflict
CRTX2784W,/collections/custom-2-inch-vinyl-plus-blinds,/products/crtx2784w-width-range-23-25-27-length-range-74-84,105.0,lotus_vinyl_blinds,lotus_rtx_2in_vinyl_plus_custom,27.0x84=27.57,98,,2026-09-20,unresolved_exception,Price conflict
CRTX2384W,/collections/custom-2-inch-vinyl-plus-blinds,/products/crtx2384w-width-range-17-25-23-length-range-74-84,105.0,lotus_vinyl_blinds,lotus_rtx_2in_vinyl_plus_custom,23.0x84=24.53,98,,2026-09-20,unresolved_exception,Price conflict
CRTX2348W,/collections/custom-2-inch-vinyl-plus-blinds,/products/crtx2348w-width-range-17-25-23-length-range-38-48,105.0,lotus_vinyl_blinds,lotus_rtx_2in_vinyl_plus_custom,23.0x48=26.53,98,,2026-09-20,unresolved_exception,Price conflict
CRTX3048W,/collections/custom-2-inch-vinyl-plus-blinds,/products/crtx3048w-width-range-27-25-30-length-range-38-48,105.0,lotus_vinyl_blinds,lotus_rtx_2in_vinyl_plus_custom,30.0x48=22.37,98,,2026-09-20,unresolved_exception,Price conflict
CRTX82560W,/collections/custom-2-inch-vinyl-plus-blinds,/products/crtx82560w-width-range-76-75-82-5-length-range-50-60,105.0,,,,,,2026-09-20,unresolved_exception,No exact source SKU destination
CRTX7248W,/collections/custom-2-inch-vinyl-plus-blinds,/products/crtx7248w-width-range-69-25-72-length-range-38-48,105.0,lotus_vinyl_blinds,lotus_rtx_2in_vinyl_plus_custom,72.0x48=42.7,98,,2026-09-20,unresolved_exception,Price conflict
CRTX6972W,/collections/custom-2-inch-vinyl-plus-blinds,/products/crtx6972w-width-range-63-25-69-length-range-62-72,105.0,lotus_vinyl_blinds,lotus_rtx_2in_vinyl_plus_custom,69.0x72=52.05,98,,2026-09-20,unresolved_exception,Price conflict
CRTX6348W,/collections/custom-2-inch-vinyl-plus-blinds,/products/crtx6348w-width-range-59-25-63-length-range-38-48,105.0,lotus_vinyl_blinds,lotus_rtx_2in_vinyl_plus_custom,63.0x48=38.23,98,,2026-09-20,unresolved_exception,Price conflict
CRTX5984W,/collections/custom-2-inch-vinyl-plus-blinds,/products/crtx5984w-width-range-54-25-59-length-range-74-84,105.0,lotus_vinyl_blinds,lotus_rtx_2in_vinyl_plus_custom,59.0x84=51.95,98,,2026-09-20,unresolved_exception,Price conflict
CRTX5960W,/collections/custom-2-inch-vinyl-plus-blinds,/products/crtx5960w-width-range-54-25-59-length-range-50-60,105.0,lotus_vinyl_blinds,lotus_rtx_2in_vinyl_plus_custom,59.0x60=39.1,98,,2026-09-20,unresolved_exception,Price conflict
CRTX5948W,/collections/custom-2-inch-vinyl-plus-blinds,/products/crtx5948w-width-range-54-25-59-length-range-38-48,105.0,lotus_vinyl_blinds,lotus_rtx_2in_vinyl_plus_custom,59.0x48=36.25,98,,2026-09-20,unresolved_exception,Price conflict
CRTX4884W,/collections/custom-2-inch-vinyl-plus-blinds,/products/crtx4884w-width-range-43-25-48-length-range-74-84,105.0,lotus_vinyl_blinds,lotus_rtx_2in_vinyl_plus_custom,48.0x84=43.57,98,,2026-09-20,unresolved_exception,Price conflict
CRTX4348W,/collections/custom-2-inch-vinyl-plus-blinds,/products/crtx4348w-width-range-39-25-43-length-range-38-48,105.0,lotus_vinyl_blinds,lotus_rtx_2in_vinyl_plus_custom,43.0x48=28.32,98,,2026-09-20,unresolved_exception,Price conflict
CRTX3948W,/collections/custom-2-inch-vinyl-plus-blinds,/products/crtx3948w-width-range-35-25-39-length-range-38-48,105.0,lotus_vinyl_blinds,lotus_rtx_2in_vinyl_plus_custom,39.0x48=26.34,98,,2026-09-20,unresolved_exception,Price conflict
CRTX3564W,/collections/custom-2-inch-vinyl-plus-blinds,/products/crtx3564w-width-range-30-25-35-length-range-54-64,105.0,,,,,,2026-09-20,unresolved_exception,No exact source SKU destination
CRTX3536W,/collections/custom-2-inch-vinyl-plus-blinds,/products/crtx3536w-width-range-30-25-35-length-range-26-36,105.0,lotus_vinyl_blinds,lotus_rtx_2in_vinyl_plus_custom,35.0x36=22.37,98,,2026-09-20,unresolved_exception,Price conflict
CRTX3084W,/collections/custom-2-inch-vinyl-plus-blinds,/products/crtx3084w-width-range-27-25-30-length-range-74-84,105.0,lotus_vinyl_blinds,lotus_rtx_2in_vinyl_plus_custom,30.0x84=29.85,98,,2026-09-20,unresolved_exception,Price conflict
CRTX3060W,/collections/custom-2-inch-vinyl-plus-blinds,/products/crtx3060w-width-range-27-25-30-length-range-50-60,105.0,lotus_vinyl_blinds,lotus_rtx_2in_vinyl_plus_custom,30.0x60=23.33,98,,2026-09-20,unresolved_exception,Price conflict
CRTX2748W,/collections/custom-2-inch-vinyl-plus-blinds,/products/crtx2748w-width-range-23-25-27-length-range-38-48,105.0,lotus_vinyl_blinds,lotus_rtx_2in_vinyl_plus_custom,27.0x48=22.81,98,,2026-09-20,unresolved_exception,Price conflict
CRTX2396W,/collections/custom-2-inch-vinyl-plus-blinds,/products/crtx2396w-width-range-17-25-23-length-range-86-96,105.0,lotus_vinyl_blinds,lotus_rtx_2in_vinyl_plus_custom,23.0x96=29.81,98,,2026-09-20,unresolved_exception,Price conflict
CRTX2372W,/collections/custom-2-inch-vinyl-plus-blinds,/products/crtx2372w-width-range-17-25-23-length-range-62-72,105.0,lotus_vinyl_blinds,lotus_rtx_2in_vinyl_plus_custom,23.0x72=22.02,98,,2026-09-20,unresolved_exception,Price conflict
CRTX2360W,/collections/custom-2-inch-vinyl-plus-blinds,/products/crtx2360w-width-range-17-25-23-length-range-50-60,105.0,lotus_vinyl_blinds,lotus_rtx_2in_vinyl_plus_custom,23.0x60=23.83,98,,2026-09-20,unresolved_exception,Price conflict
CFCX3584W,/collections/faux-wood-blinds,/products/cfcx3584w-width-range-30-25-35-length-range-74-84,105.0,lotus_faux_wood_blinds,lotus_fcx_2in_soft_white_custom,35.0x84=46.96,102,,2026-09-20,unresolved_exception,Price conflict
CFCX2796W,/collections/faux-wood-blinds,/products/cfcx2796w-width-range-23-25-27-length-range-86-96,105.0,lotus_faux_wood_blinds,lotus_fcx_2in_soft_white_custom,27.0x96=42.23,102,,2026-09-20,unresolved_exception,Price conflict
CFLX5972BW,/collections/faux-wood-blinds,/products/cflx5972bw-width-range-54-25-59-length-range-62-72,105.0,lotus_faux_wood_blinds,lotus_flx_2in_bright_white_custom,59.0x72=63.17,99,,2026-09-20,unresolved_exception,Price conflict
CFLX6360BW,/collections/faux-wood-blinds,/products/cflx6360bw-width-range-59-25-63-length-range-50-60,105.0,lotus_faux_wood_blinds,lotus_flx_2in_bright_white_custom,63.0x60=56.99,99,,2026-09-20,unresolved_exception,Price conflict
CFCX3596W,/collections/faux-wood-blinds,/products/cfcx3596w-width-range-30-25-35-length-range-86-96,105.0,lotus_faux_wood_blinds,lotus_fcx_2in_soft_white_custom,35.0x96=52.67,102,,2026-09-20,unresolved_exception,Price conflict
CFCX1772W,/collections/faux-wood-blinds,/products/cfcx1772w-width-range-13-17-length-range-62-72,105.0,lotus_faux_wood_blinds,lotus_fcx_2in_soft_white_custom,17.0x72=29.37,102,,2026-09-20,unresolved_exception,Price conflict
CFCX8972W,/collections/faux-wood-blinds,/products/cfcx8972w-width-range-83-89-length-range-62-72,168.49,lotus_faux_wood_blinds,lotus_fcx_2in_soft_white_custom,89.0x72=168.49,102,,2026-09-20,unresolved_exception,Source price agrees; production configuration not verified
CFCX7284W,/collections/faux-wood-blinds,/products/cfcx7284w-width-range-65-72-length-range-74-84,89.2,lotus_faux_wood_blinds,lotus_fcx_2in_soft_white_custom,72.0x84=89.2,102,,2026-09-20,unresolved_exception,Source price agrees; production configuration not verified
CFCX3572W,/collections/faux-wood-blinds,/products/cfcx3572w-width-range-30-25-35-length-range-62-72,105.0,lotus_faux_wood_blinds,lotus_fcx_2in_soft_white_custom,35.0x72=41.25,102,,2026-09-20,unresolved_exception,Price conflict
CFCX6972W,/collections/faux-wood-blinds,/products/cfcx6972w-width-range-63-25-69-length-range-62-72,74.52,lotus_faux_wood_blinds,lotus_fcx_2in_soft_white_custom,69.0x72=74.52,102,,2026-09-20,unresolved_exception,Source price agrees; production configuration not verified
CFCX3984W,/collections/faux-wood-blinds,/products/cfcx3984w-width-range-35-25-39-length-range-74-84,105.0,lotus_faux_wood_blinds,lotus_fcx_2in_soft_white_custom,39.0x84=51.52,102,,2026-09-20,unresolved_exception,Price conflict
CFCX82572W,/collections/faux-wood-blinds,/products/cfcx82572w-width-range-77-82-5-length-range-62-72,157.67,lotus_faux_wood_blinds,lotus_fcx_2in_soft_white_custom,82.5x72=157.67,102,,2026-09-20,unresolved_exception,Source price agrees; production configuration not verified
CFLX7272BW,/collections/faux-wood-blinds,/products/cflx7272bw-width-range-69-25-72-length-range-62-72,105.0,lotus_faux_wood_blinds,lotus_flx_2in_bright_white_custom,72.0x72=75.56,99,,2026-09-20,unresolved_exception,Price conflict
CFCX9572W,/collections/faux-wood-blinds,/products/cfcx9572w-width-range-89-95-length-range-62-72,179.31,lotus_faux_wood_blinds,lotus_fcx_2in_soft_white_custom,95.0x72=179.31,102,,2026-09-20,unresolved_exception,Source price agrees; production configuration not verified
CFCX7296W,/collections/faux-wood-blinds,/products/cfcx7296w-width-range-65-72-length-range-86-96,100.93,lotus_faux_wood_blinds,lotus_fcx_2in_soft_white_custom,72.0x96=100.93,102,,2026-09-20,unresolved_exception,Source price agrees; production configuration not verified
CFCX2336W,/collections/faux-wood-blinds,/products/cfcx2336w-width-range-17-25-23-length-range-26-36,105.0,lotus_faux_wood_blinds,lotus_fcx_2in_soft_white_custom,23.0x36=26.84,102,,2026-09-20,unresolved_exception,Price conflict
CFCX3536W,/collections/faux-wood-blinds,/products/cfcx3536w-width-range-30-25-35-length-range-26-36,105.0,lotus_faux_wood_blinds,lotus_fcx_2in_soft_white_custom,35.0x36=30.03,102,,2026-09-20,unresolved_exception,Price conflict
CFCX5960W,/collections/faux-wood-blinds,/products/cfcx5960w-width-range-54-25-59-length-range-50-60,55.11,lotus_faux_wood_blinds,lotus_fcx_2in_soft_white_custom,59.0x60=55.11,102,,2026-09-20,unresolved_exception,Source price agrees; production configuration not verified
CFCX5460W,/collections/faux-wood-blinds,/products/cfcx5460w-width-range-48-25-54-length-range-50-60,51.04,lotus_faux_wood_blinds,lotus_fcx_2in_soft_white_custom,54.0x60=51.04,102,,2026-09-20,unresolved_exception,Source price agrees; production configuration not verified
CFLX3564BW,/collections/faux-wood-blinds,/products/cflx3564bw-width-range-30-25-35-length-range-54-64,105.0,lotus_faux_wood_blinds,lotus_flx_2in_bright_white_custom,35.0x64=36.63,99,,2026-09-20,unresolved_exception,Price conflict
CFCX3996W,/collections/faux-wood-blinds,/products/cfcx3996w-width-range-35-25-39-length-range-86-96,105.0,lotus_faux_wood_blinds,lotus_fcx_2in_soft_white_custom,39.0x96=57.88,102,,2026-09-20,unresolved_exception,Price conflict
CFCX7272W,/collections/faux-wood-blinds,/products/cfcx7272w-width-range-70-25-72-length-range-62-72,77.45,lotus_faux_wood_blinds,lotus_fcx_2in_soft_white_custom,72.0x72=77.45,102,,2026-09-20,unresolved_exception,Source price agrees; production configuration not verified
CFCX4884W,/collections/faux-wood-blinds,/products/cfcx4884w-width-range-43-25-48-length-range-74-84,105.0,lotus_faux_wood_blinds,lotus_fcx_2in_soft_white_custom,48.0x84=61.8,102,,2026-09-20,unresolved_exception,Price conflict
CFCX4872W,/collections/faux-wood-blinds,/products/cfcx4872w-width-range-43-25-48-length-range-62-72,105.0,lotus_faux_wood_blinds,lotus_fcx_2in_soft_white_custom,48.0x72=53.97,102,,2026-09-20,unresolved_exception,Price conflict
CFCX3936W,/collections/faux-wood-blinds,/products/cfcx3936w-width-range-35-25-39-length-range-26-36,105.0,lotus_faux_wood_blinds,lotus_fcx_2in_soft_white_custom,39.0x36=32.66,102,,2026-09-20,unresolved_exception,Price conflict
CFLX4848BW,/collections/faux-wood-blinds,/products/cflx4848bw-width-range-43-25-48-length-range-54-64,105.0,lotus_faux_wood_blinds,lotus_flx_2in_bright_white_custom,48.0x48=41.61,99,,2026-09-20,unresolved_exception,Price conflict
CFLX3560BW,/collections/faux-wood-blinds,/products/cflx3560bw-width-range-30-25-35-length-range-50-60,105.0,lotus_faux_wood_blinds,lotus_flx_2in_bright_white_custom,35.0x60=34.77,99,,2026-09-20,unresolved_exception,Price conflict
CFCX3096W,/collections/faux-wood-blinds,/products/cfcx3096w-width-range-27-25-30-length-range-86-96,105.0,lotus_faux_wood_blinds,lotus_fcx_2in_soft_white_custom,30.0x96=51.53,102,,2026-09-20,unresolved_exception,Price conflict
CFLX3596BW,/collections/faux-wood-blinds,/products/cflx3596bw-width-range-30-25-35-length-range-86-96,105.0,lotus_faux_wood_blinds,lotus_flx_2in_bright_white_custom,35.0x96=51.43,99,,2026-09-20,unresolved_exception,Price conflict
CFCX7264W,/collections/faux-wood-blinds,/products/cfcx7264w-width-range-65-72-length-range-54-64,69.63,lotus_faux_wood_blinds,lotus_fcx_2in_soft_white_custom,72.0x64=69.63,102,,2026-09-20,unresolved_exception,Source price agrees; production configuration not verified
CFCX4860W,/collections/faux-wood-blinds,/products/cfcx4860w-width-range-43-25-48-length-range-50-60,105.0,lotus_faux_wood_blinds,lotus_fcx_2in_soft_white_custom,48.0x60=46.14,102,,2026-09-20,unresolved_exception,Price conflict
CFLX3072BW,/collections/faux-wood-blinds,/products/cflx3072bw-width-range-27-25-30-length-range-62-72,105.0,lotus_faux_wood_blinds,lotus_flx_2in_bright_white_custom,30.0x72=35.57,99,,2026-09-20,unresolved_exception,Price conflict
CFCX6372W,/collections/faux-wood-blinds,/products/cfcx6372w-width-range-59-25-63-length-range-62-72,68.65,lotus_faux_wood_blinds,lotus_fcx_2in_soft_white_custom,63.0x72=68.65,102,,2026-09-20,unresolved_exception,Source price agrees; production configuration not verified
CFCX3084W,/collections/faux-wood-blinds,/products/cfcx3084w-width-range-27-25-30-length-range-74-84,105.0,lotus_faux_wood_blinds,lotus_fcx_2in_soft_white_custom,30.0x84=41.25,102,,2026-09-20,unresolved_exception,Price conflict
CFCX3036W,/collections/faux-wood-blinds,/products/cfcx3036w-width-range-27-25-30-length-range-26-36,105.0,lotus_faux_wood_blinds,lotus_fcx_2in_soft_white_custom,30.0x36=26.74,102,,2026-09-20,unresolved_exception,Price conflict
CFLX5960BW,/collections/faux-wood-blinds,/products/cflx5960bw-width-range-54-25-59-length-range-50-60,105.0,lotus_faux_wood_blinds,lotus_flx_2in_bright_white_custom,59.0x60=53.81,99,,2026-09-20,unresolved_exception,Price conflict
CFLX3572BW,/collections/faux-wood-blinds,/products/cflx3572bw-width-range-30-25-35-length-range-62-72,105.0,lotus_faux_wood_blinds,lotus_flx_2in_bright_white_custom,35.0x72=40.32,99,,2026-09-20,unresolved_exception,Price conflict
CFCX6948W,/collections/faux-wood-blinds,/products/cfcx6948w-width-range-63-25-69-length-range-38-48,58.21,lotus_faux_wood_blinds,lotus_fcx_2in_soft_white_custom,69.0x48=58.21,102,,2026-09-20,unresolved_exception,Source price agrees; production configuration not verified
CFCX5964W,/collections/faux-wood-blinds,/products/cfcx5964w-width-range-54-25-59-length-range-54-64,58.32,lotus_faux_wood_blinds,lotus_fcx_2in_soft_white_custom,59.0x64=58.32,102,,2026-09-20,unresolved_exception,Source price agrees; production configuration not verified
CFCX2748W,/collections/faux-wood-blinds,/products/cfcx2748w-width-range-23-25-27-length-range-38-48,105.0,lotus_faux_wood_blinds,lotus_fcx_2in_soft_white_custom,27.0x48=30.69,102,,2026-09-20,unresolved_exception,Price conflict
CFCX2736W,/collections/faux-wood-blinds,/products/cfcx2736w-width-range-23-25-27-length-range-26-36,105.0,lotus_faux_wood_blinds,lotus_fcx_2in_soft_white_custom,27.0x36=30.29,102,,2026-09-20,unresolved_exception,Price conflict
CFLX8972BW,/collections/faux-wood-blinds,/products/cflx8972bw-width-range-83-89-length-range-62-72,105.0,lotus_faux_wood_blinds,lotus_flx_2in_bright_white_custom,89.0x72=169.15,99,,2026-09-20,unresolved_exception,Price conflict
CFLX7248BW,/collections/faux-wood-blinds,/products/cflx7248bw-width-range-69-25-72-length-range-38-48,105.0,lotus_faux_wood_blinds,lotus_flx_2in_bright_white_custom,72.0x48=58.9,99,,2026-09-20,unresolved_exception,Price conflict
CFLX5948BW,/collections/faux-wood-blinds,/products/cflx5948bw-width-range-54-25-59-length-range-38-48,105.0,lotus_faux_wood_blinds,lotus_flx_2in_bright_white_custom,59.0x48=49.53,99,,2026-09-20,unresolved_exception,Price conflict
CFLX2364BW,/collections/faux-wood-blinds,/products/cflx2364bw-width-range-17-25-23-length-range-54-64,105.0,lotus_faux_wood_blinds,lotus_flx_2in_bright_white_custom,23.0x64=26.46,99,,2026-09-20,unresolved_exception,Price conflict
CFCX9560W,/collections/faux-wood-blinds,/products/cfcx9560w-width-range-89-95-length-range-50-60,150.75,lotus_faux_wood_blinds,lotus_fcx_2in_soft_white_custom,95.0x60=150.75,102,,2026-09-20,unresolved_exception,Source price agrees; production configuration not verified
CFCX7260W,/collections/faux-wood-blinds,/products/cfcx7260w-width-range-69-25-72-length-range-50-60,65.71,lotus_faux_wood_blinds,lotus_fcx_2in_soft_white_custom,72.0x60=65.71,102,,2026-09-20,unresolved_exception,Source price agrees; production configuration not verified
CFCX3972W,/collections/faux-wood-blinds,/products/cfcx3972w-width-range-35-25-39-length-range-62-72,105.0,lotus_faux_wood_blinds,lotus_fcx_2in_soft_white_custom,39.0x72=45.16,102,,2026-09-20,unresolved_exception,Price conflict
CFCX3960W,/collections/faux-wood-blinds,/products/cfcx3960w-width-range-35-25-39-length-range-50-60,105.0,lotus_faux_wood_blinds,lotus_fcx_2in_soft_white_custom,39.0x60=38.81,102,,2026-09-20,unresolved_exception,Price conflict
CFLX2796BW,/collections/faux-wood-blinds,/products/cflx2796bw-width-range-23-25-27-length-range-86-96,105.0,lotus_faux_wood_blinds,lotus_flx_2in_bright_white_custom,27.0x96=41.28,99,,2026-09-20,unresolved_exception,Price conflict
CFCX2784W,/collections/faux-wood-blinds,/products/cfcx2784w-width-range-23-25-27-length-range-74-84,105.0,lotus_faux_wood_blinds,lotus_fcx_2in_soft_white_custom,27.0x84=37.83,102,,2026-09-20,unresolved_exception,Price conflict
CFCX4364W,/collections/faux-wood-blinds,/products/cfcx4364w-width-range-39-25-43-length-range-54-64,105.0,lotus_faux_wood_blinds,lotus_fcx_2in_soft_white_custom,43.0x64=44.4,102,,2026-09-20,unresolved_exception,Price conflict
CFCX9548W,/collections/faux-wood-blinds,/products/cfcx9548w-width-range-89-95-length-range-38-48,136.48,lotus_faux_wood_blinds,lotus_fcx_2in_soft_white_custom,95.0x48=136.48,102,,2026-09-20,unresolved_exception,Source price agrees; production configuration not verified
CFCX5984W,/collections/faux-wood-blinds,/products/cfcx5984w-width-range-54-25-59-length-range-74-84,74.36,lotus_faux_wood_blinds,lotus_fcx_2in_soft_white_custom,59.0x84=74.36,102,,2026-09-20,unresolved_exception,Source price agrees; production configuration not verified
CFCX5972W,/collections/faux-wood-blinds,/products/cfcx5972w-width-range-54-25-59-length-range-62-72,64.73,lotus_faux_wood_blinds,lotus_fcx_2in_soft_white_custom,59.0x72=64.73,102,,2026-09-20,unresolved_exception,Source price agrees; production configuration not verified
CFCX4384W,/collections/faux-wood-blinds,/products/cfcx4384w-width-range-39-25-43-length-range-74-84,105.0,lotus_faux_wood_blinds,lotus_fcx_2in_soft_white_custom,43.0x84=56.09,102,,2026-09-20,unresolved_exception,Price conflict
CFCX3964W,/collections/faux-wood-blinds,/products/cfcx3964w-width-range-35-25-39-length-range-54-64,105.0,lotus_faux_wood_blinds,lotus_fcx_2in_soft_white_custom,39.0x64=40.93,102,,2026-09-20,unresolved_exception,Price conflict
CFCX2364W,/collections/faux-wood-blinds,/products/cfcx2364w-width-range-17-25-23-length-range-54-64,105.0,lotus_faux_wood_blinds,lotus_fcx_2in_soft_white_custom,23.0x64=27.01,102,,2026-09-20,unresolved_exception,Price conflict
CFCX82560W,/collections/faux-wood-blinds,/products/cfcx82560w-width-range-77-75-82-5-length-range-50-60,131.97,lotus_faux_wood_blinds,lotus_fcx_2in_soft_white_custom,82.5x60=131.97,102,,2026-09-20,unresolved_exception,Source price agrees; production configuration not verified
CFCX5484W,/collections/faux-wood-blinds,/products/cfcx5484w-width-range-48-25-54-length-range-74-84,68.65,lotus_faux_wood_blinds,lotus_fcx_2in_soft_white_custom,54.0x84=68.65,102,,2026-09-20,unresolved_exception,Source price agrees; production configuration not verified
CFCX4848W,/collections/faux-wood-blinds,/products/cfcx4848w-width-range-43-25-48-length-range-38-48,105.0,lotus_faux_wood_blinds,lotus_fcx_2in_soft_white_custom,48.0x48=42.62,102,,2026-09-20,unresolved_exception,Price conflict
CFCX2360W,/collections/faux-wood-blinds,/products/cfcx2360w-width-range-17-25-23-length-range-50-60,105.0,lotus_faux_wood_blinds,lotus_fcx_2in_soft_white_custom,23.0x60=32.22,102,,2026-09-20,unresolved_exception,Price conflict
CFLX6384BW,/collections/faux-wood-blinds,/products/cflx6384bw-width-range-59-25-63-length-range-74-84,105.0,lotus_faux_wood_blinds,lotus_flx_2in_bright_white_custom,63.0x84=76.98,99,,2026-09-20,unresolved_exception,Price conflict
CFLX4896BW,/collections/faux-wood-blinds,/products/cflx4896bw-width-range-43-25-48-length-range-38-48,105.0,lotus_faux_wood_blinds,lotus_flx_2in_bright_white_custom,48.0x96=67.93,99,,2026-09-20,unresolved_exception,Price conflict
CFLX3060BW,/collections/faux-wood-blinds,/products/cflx3060bw-width-range-27-25-30-length-range-50-60,105.0,lotus_faux_wood_blinds,lotus_flx_2in_bright_white_custom,30.0x60=30.81,99,,2026-09-20,unresolved_exception,Price conflict
CFCX4864W,/collections/faux-wood-blinds,/products/cfcx4864w-width-range-43-25-48-length-range-54-64,105.0,lotus_faux_wood_blinds,lotus_fcx_2in_soft_white_custom,48.0x64=48.75,102,,2026-09-20,unresolved_exception,Price conflict
CFCX3072W,/collections/faux-wood-blinds,/products/cfcx3072w-width-range-27-25-30-length-range-62-72,105.0,lotus_faux_wood_blinds,lotus_fcx_2in_soft_white_custom,30.0x72=36.36,102,,2026-09-20,unresolved_exception,Price conflict
CFCX2772W,/collections/faux-wood-blinds,/products/cfcx2772w-width-range-23-25-27-length-range-62-72,105.0,lotus_faux_wood_blinds,lotus_fcx_2in_soft_white_custom,27.0x72=33.43,102,,2026-09-20,unresolved_exception,Price conflict
CFCX2760W,/collections/faux-wood-blinds,/products/cfcx2760w-width-range-23-25-27-length-range-50-60,105.0,lotus_faux_wood_blinds,lotus_fcx_2in_soft_white_custom,27.0x60=29.02,102,,2026-09-20,unresolved_exception,Price conflict
CFCX2384W,/collections/faux-wood-blinds,/products/cfcx2384w-width-range-17-25-23-length-range-74-84,105.0,lotus_faux_wood_blinds,lotus_fcx_2in_soft_white_custom,23.0x84=33.26,102,,2026-09-20,unresolved_exception,Price conflict
CFLX7260BW,/collections/faux-wood-blinds,/products/cflx7260bw-width-range-69-25-72-length-range-50-60,105.0,lotus_faux_wood_blinds,lotus_flx_2in_bright_white_custom,72.0x60=64.13,99,,2026-09-20,unresolved_exception,Price conflict
CFLX6960BW,/collections/faux-wood-blinds,/products/cflx6960bw-width-range-63-25-69-length-range-50-60,105.0,lotus_faux_wood_blinds,lotus_flx_2in_bright_white_custom,69.0x60=61.75,99,,2026-09-20,unresolved_exception,Price conflict
CFCX5936W,/collections/faux-wood-blinds,/products/cfcx5936w-width-range-54-25-59-length-range-26-36,45.81,lotus_faux_wood_blinds,lotus_fcx_2in_soft_white_custom,59.0x36=45.81,102,,2026-09-20,unresolved_exception,Source price agrees; production configuration not verified
CFCX3048W,/collections/faux-wood-blinds,/products/cfcx3048w-width-range-27-25-30-length-range-38-48,105.0,lotus_faux_wood_blinds,lotus_fcx_2in_soft_white_custom,30.0x48=26.57,102,,2026-09-20,unresolved_exception,Price conflict
CFLX3972BW,/collections/faux-wood-blinds,/products/cflx3972bw-width-range-35-25-39-length-range-62-72,105.0,lotus_faux_wood_blinds,lotus_flx_2in_bright_white_custom,39.0x72=44.13,99,,2026-09-20,unresolved_exception,Price conflict
CFLX3096BW,/collections/faux-wood-blinds,/products/cflx3096bw-width-range-27-25-30-length-range-74-84,105.0,lotus_faux_wood_blinds,lotus_flx_2in_bright_white_custom,30.0x96=50.26,99,,2026-09-20,unresolved_exception,Price conflict
CFCX6348W,/collections/faux-wood-blinds,/products/cfcx6348w-width-range-59-25-63-length-range-38-48,53.75,lotus_faux_wood_blinds,lotus_fcx_2in_soft_white_custom,63.0x48=53.75,102,,2026-09-20,unresolved_exception,Source price agrees; production configuration not verified
CFCX3948W,/collections/faux-wood-blinds,/products/cfcx3948w-width-range-35-25-39-length-range-38-48,105.0,lotus_faux_wood_blinds,lotus_fcx_2in_soft_white_custom,39.0x48=35.95,102,,2026-09-20,unresolved_exception,Price conflict
CFLX4360BW,/collections/faux-wood-blinds,/products/cflx4360bw-width-range-39-25-43-length-range-38-48,105.0,lotus_faux_wood_blinds,lotus_flx_2in_bright_white_custom,43.0x60=41.12,99,,2026-09-20,unresolved_exception,Price conflict
CFLX3584BW,/collections/faux-wood-blinds,/products/cflx3584bw-width-range-30-25-35-length-range-74-84,105.0,lotus_faux_wood_blinds,lotus_flx_2in_bright_white_custom,35.0x84=45.88,99,,2026-09-20,unresolved_exception,Price conflict
CFLX3536BW,/collections/faux-wood-blinds,/products/cflx3536bw-width-range-30-25-35-length-range-26-36,105.0,lotus_faux_wood_blinds,lotus_flx_2in_bright_white_custom,35.0x36=29.37,99,,2026-09-20,unresolved_exception,Price conflict
CFCX5448W,/collections/faux-wood-blinds,/products/cfcx5448w-width-range-48-25-54-length-range-38-48,47.08,lotus_faux_wood_blinds,lotus_fcx_2in_soft_white_custom,54.0x48=47.08,102,,2026-09-20,unresolved_exception,Source price agrees; production configuration not verified
CFLX7296BW,/collections/faux-wood-blinds,/products/cflx7296bw-width-range-69-25-72-length-range-86-96,105.0,lotus_faux_wood_blinds,lotus_flx_2in_bright_white_custom,72.0x96=98.4,99,,2026-09-20,unresolved_exception,Price conflict
CFLX4860BW,/collections/faux-wood-blinds,/products/cflx4860bw-width-range-43-25-48-length-range-74-84,105.0,lotus_faux_wood_blinds,lotus_flx_2in_bright_white_custom,48.0x60=45.09,99,,2026-09-20,unresolved_exception,Price conflict
CFLX3036BW,/collections/faux-wood-blinds,/products/cflx3036bw-width-range-27-25-30-length-range-26-36,105.0,lotus_faux_wood_blinds,lotus_flx_2in_bright_white_custom,30.0x36=32.99,99,,2026-09-20,unresolved_exception,Price conflict
CFLX2736EBW,/collections/faux-wood-blinds,/products/cflx2736ebw-width-range-23-25-27-length-range-26-36,105.0,lotus_faux_wood_blinds,lotus_flxe_2in_embossed_bright_white_custom,27.0x36=30.39,100,,2026-09-20,unresolved_exception,Price conflict
CFLX2384BW,/collections/faux-wood-blinds,/products/cflx2384bw-width-range-17-25-23-length-range-74-84,105.0,lotus_faux_wood_blinds,lotus_flx_2in_bright_white_custom,23.0x84=32.55,99,,2026-09-20,unresolved_exception,Price conflict
CFCX4896W,/collections/faux-wood-blinds,/products/cfcx4896w-width-range-43-25-48-length-range-86-96,69.63,lotus_faux_wood_blinds,lotus_fcx_2in_soft_white_custom,48.0x96=69.63,102,,2026-09-20,unresolved_exception,Source price agrees; production configuration not verified
CFCX4396W,/collections/faux-wood-blinds,/products/cfcx4396w-width-range-39-25-43-length-range-86-96,105.0,lotus_faux_wood_blinds,lotus_fcx_2in_soft_white_custom,43.0x96=63.1,102,,2026-09-20,unresolved_exception,Price conflict
CFLX6972BW,/collections/faux-wood-blinds,/products/cflx6972bw-width-range-63-25-69-length-range-62-72,105.0,lotus_faux_wood_blinds,lotus_flx_2in_bright_white_custom,69.0x72=72.7,99,,2026-09-20,unresolved_exception,Price conflict
CFCX7248W,/collections/faux-wood-blinds,/products/cfcx7248w-width-range-69-25-72-length-range-38-48,60.44,lotus_faux_wood_blinds,lotus_fcx_2in_soft_white_custom,72.0x48=60.44,102,,2026-09-20,unresolved_exception,Source price agrees; production configuration not verified
CFCX1796W,/collections/faux-wood-blinds,/products/cfcx1796w-width-range-13-17-length-range-86-96,105.0,lotus_faux_wood_blinds,lotus_fcx_2in_soft_white_custom,17.0x96=32.24,102,,2026-09-20,unresolved_exception,Price conflict
CFLX3948BW,/collections/faux-wood-blinds,/products/cflx3948bw-width-range-35-25-39-length-range-38-48,105.0,lotus_faux_wood_blinds,lotus_flx_2in_bright_white_custom,39.0x48=35.12,99,,2026-09-20,unresolved_exception,Price conflict
CFCX6984W,/collections/faux-wood-blinds,/products/cfcx6984w-width-range-63-25-69-length-range-74-84,85.76,lotus_faux_wood_blinds,lotus_fcx_2in_soft_white_custom,69.0x84=85.76,102,,2026-09-20,unresolved_exception,Source price agrees; production configuration not verified
CFCX6384W,/collections/faux-wood-blinds,/products/cfcx6384w-width-range-59-25-63-length-range-74-84,78.92,lotus_faux_wood_blinds,lotus_fcx_2in_soft_white_custom,63.0x84=78.92,102,,2026-09-20,unresolved_exception,Source price agrees; production configuration not verified
CFCX6364W,/collections/faux-wood-blinds,/products/cfcx6364w-width-range-59-25-63-length-range-54-64,61.8,lotus_faux_wood_blinds,lotus_fcx_2in_soft_white_custom,63.0x64=61.8,102,,2026-09-20,unresolved_exception,Source price agrees; production configuration not verified
CFLX5460BW,/collections/faux-wood-blinds,/products/cflx5460bw-width-range-48-25-54-length-range-50-60,105.0,lotus_faux_wood_blinds,lotus_flx_2in_bright_white_custom,54.0x60=49.85,99,,2026-09-20,unresolved_exception,Price conflict
CFLX4836BW,/collections/faux-wood-blinds,/products/cflx4836bw-width-range-43-25-48-length-range-38-48,105.0,lotus_faux_wood_blinds,lotus_flx_2in_bright_white_custom,48.0x36=37.67,99,,2026-09-20,unresolved_exception,Price conflict
CFLX3984BW,/collections/faux-wood-blinds,/products/cflx3984bw-width-range-35-25-39-length-range-74-84,105.0,lotus_faux_wood_blinds,lotus_flx_2in_bright_white_custom,39.0x84=50.32,99,,2026-09-20,unresolved_exception,Price conflict
CFLX3964BW,/collections/faux-wood-blinds,/products/cflx3964bw-width-range-35-25-39-length-range-62-72,105.0,lotus_faux_wood_blinds,lotus_flx_2in_bright_white_custom,39.0x64=40.0,99,,2026-09-20,unresolved_exception,Price conflict
CFCX3564W,/collections/faux-wood-blinds,/products/cfcx3564w-width-range-30-25-35-length-range-54-64,105.0,lotus_faux_wood_blinds,lotus_fcx_2in_soft_white_custom,35.0x64=37.44,102,,2026-09-20,unresolved_exception,Price conflict
CFCX3548W,/collections/faux-wood-blinds,/products/cfcx3548w-width-range-30-25-35-length-range-38-48,105.0,lotus_faux_wood_blinds,lotus_fcx_2in_soft_white_custom,35.0x48=32.98,102,,2026-09-20,unresolved_exception,Price conflict
CFLX3048BW,/collections/faux-wood-blinds,/products/cflx3048bw-width-range-27-25-30-length-range-38-48,105.0,lotus_faux_wood_blinds,lotus_flx_2in_bright_white_custom,30.0x48=28.63,99,,2026-09-20,unresolved_exception,Price conflict
CFLX2784BW,/collections/faux-wood-blinds,/products/cflx2784bw-width-range-23-25-27-length-range-74-84,105.0,lotus_faux_wood_blinds,lotus_flx_2in_bright_white_custom,27.0x84=36.99,99,,2026-09-20,unresolved_exception,Price conflict
CFLX2336BW,/collections/faux-wood-blinds,/products/cflx2336bw-width-range-17-25-23-length-range-26-36,105.0,lotus_faux_wood_blinds,lotus_flx_2in_bright_white_custom,23.0x36=26.93,99,,2026-09-20,unresolved_exception,Price conflict
CFLX1772BW,/collections/faux-wood-blinds,/products/cflx1772bw-width-range-13-17-length-range-62-72,105.0,lotus_faux_wood_blinds,lotus_flx_2in_bright_white_custom,17.0x72=28.73,99,,2026-09-20,unresolved_exception,Price conflict
CFCX6936W,/collections/faux-wood-blinds,/products/cfcx6936w-width-range-63-25-69-length-range-26-36,52.39,lotus_faux_wood_blinds,lotus_fcx_2in_soft_white_custom,69.0x36=52.39,102,,2026-09-20,unresolved_exception,Source price agrees; production configuration not verified
CFCX6360W,/collections/faux-wood-blinds,/products/cfcx6360w-width-range-59-25-63-length-range-50-60,58.37,lotus_faux_wood_blinds,lotus_fcx_2in_soft_white_custom,63.0x60=58.37,102,,2026-09-20,unresolved_exception,Source price agrees; production configuration not verified
CFCX5948W,/collections/faux-wood-blinds,/products/cfcx5948w-width-range-54-25-59-length-range-38-48,50.8,lotus_faux_wood_blinds,lotus_fcx_2in_soft_white_custom,59.0x48=50.8,102,,2026-09-20,unresolved_exception,Source price agrees; production configuration not verified
CFCX2372W,/collections/faux-wood-blinds,/products/cfcx2372w-width-range-17-25-23-length-range-62-72,105.0,lotus_faux_wood_blinds,lotus_fcx_2in_soft_white_custom,23.0x72=29.51,102,,2026-09-20,unresolved_exception,Price conflict
CFCX1760W,/collections/faux-wood-blinds,/products/cfcx1760w-width-range-13-17-length-range-50-60,105.0,lotus_faux_wood_blinds,lotus_fcx_2in_soft_white_custom,17.0x60=31.44,102,,2026-09-20,unresolved_exception,Price conflict
CFLX9572BW,/collections/faux-wood-blinds,/products/cflx9572bw-width-range-89-95-length-range-62-72,105.0,lotus_faux_wood_blinds,lotus_flx_2in_bright_white_custom,95.0x72=180.02,99,,2026-09-20,unresolved_exception,Price conflict
CFLX4872BW,/collections/faux-wood-blinds,/products/cflx4872bw-width-range-43-25-48-length-range-50-60,105.0,lotus_faux_wood_blinds,lotus_flx_2in_bright_white_custom,48.0x72=52.7,99,,2026-09-20,unresolved_exception,Price conflict
CFLX3960BW,/collections/faux-wood-blinds,/products/cflx3960bw-width-range-35-25-39-length-range-50-60,105.0,lotus_faux_wood_blinds,lotus_flx_2in_bright_white_custom,39.0x60=37.95,99,,2026-09-20,unresolved_exception,Price conflict
CFLX6372BW,/collections/faux-wood-blinds,/products/cflx6372bw-width-range-59-25-63-length-range-62-72,105.0,lotus_faux_wood_blinds,lotus_flx_2in_bright_white_custom,63.0x72=66.99,99,,2026-09-20,unresolved_exception,Price conflict
CFLX6348EBW,/collections/faux-wood-blinds,/products/cflx6348ebw-width-range-59-25-63-length-range-38-48,105.0,lotus_faux_wood_blinds,lotus_flxe_2in_embossed_bright_white_custom,63.0x48=52.42,100,,2026-09-20,unresolved_exception,Price conflict
CFLX5484BW,/collections/faux-wood-blinds,/products/cflx5484bw-width-range-48-25-54-length-range-74-84,105.0,lotus_faux_wood_blinds,lotus_flx_2in_bright_white_custom,54.0x84=66.99,99,,2026-09-20,unresolved_exception,Price conflict
CFLX3084BW,/collections/faux-wood-blinds,/products/cflx3084bw-width-range-27-25-30-length-range-74-84,105.0,lotus_faux_wood_blinds,lotus_flx_2in_bright_white_custom,30.0x84=40.32,99,,2026-09-20,unresolved_exception,Price conflict
CFLX2772BW,/collections/faux-wood-blinds,/products/cflx2772bw-width-range-23-25-27-length-range-62-72,105.0,lotus_faux_wood_blinds,lotus_flx_2in_bright_white_custom,27.0x72=32.71,99,,2026-09-20,unresolved_exception,Price conflict
CFLX2748BW,/collections/faux-wood-blinds,/products/cflx2748bw-width-range-23-25-27-length-range-38-48,105.0,lotus_faux_wood_blinds,lotus_flx_2in_bright_white_custom,27.0x48=30.01,99,,2026-09-20,unresolved_exception,Price conflict
CFLX2736BW,/collections/faux-wood-blinds,/products/cflx2736bw-width-range-23-25-27-length-range-26-36,105.0,lotus_faux_wood_blinds,lotus_flx_2in_bright_white_custom,27.0x36=30.39,99,,2026-09-20,unresolved_exception,Price conflict
CFLX2396BW,/collections/faux-wood-blinds,/products/cflx2396bw-width-range-17-25-23-length-range-74-84,105.0,lotus_faux_wood_blinds,lotus_flx_2in_bright_white_custom,23.0x96=36.2,99,,2026-09-20,unresolved_exception,Price conflict
CFCX7236W,/collections/faux-wood-blinds,/products/cfcx7236w-width-range-69-25-72-length-range-26-36,54.37,lotus_faux_wood_blinds,lotus_fcx_2in_soft_white_custom,72.0x36=54.37,102,,2026-09-20,unresolved_exception,Source price agrees; production configuration not verified
CFCX5996W,/collections/faux-wood-blinds,/products/cfcx5996w-width-range-54-25-59-length-range-86-96,83.97,lotus_faux_wood_blinds,lotus_fcx_2in_soft_white_custom,59.0x96=83.97,102,,2026-09-20,unresolved_exception,Source price agrees; production configuration not verified
CFCX4360W,/collections/faux-wood-blinds,/products/cfcx4360w-width-range-39-25-43-length-range-50-60,105.0,lotus_faux_wood_blinds,lotus_fcx_2in_soft_white_custom,43.0x60=42.06,102,,2026-09-20,unresolved_exception,Price conflict
CFCX3060W,/collections/faux-wood-blinds,/products/cfcx3060w-width-range-27-25-30-length-range-50-60,105.0,lotus_faux_wood_blinds,lotus_fcx_2in_soft_white_custom,30.0x60=31.47,102,,2026-09-20,unresolved_exception,Price conflict
CFCX1784W,/collections/faux-wood-blinds,/products/cfcx1784w-width-range-13-17-length-range-74-84,105.0,lotus_faux_wood_blinds,lotus_fcx_2in_soft_white_custom,17.0x84=33.1,102,,2026-09-20,unresolved_exception,Price conflict
CFLX9560BW,/collections/faux-wood-blinds,/products/cflx9560bw-width-range-89-95-length-range-50-60,105.0,lotus_faux_wood_blinds,lotus_flx_2in_bright_white_custom,95.0x60=151.35,99,,2026-09-20,unresolved_exception,Price conflict
CFCX5472W,/collections/faux-wood-blinds,/products/cfcx5472w-width-range-48-25-54-length-range-62-72,59.84,lotus_faux_wood_blinds,lotus_fcx_2in_soft_white_custom,54.0x72=59.84,102,,2026-09-20,unresolved_exception,Source price agrees; production configuration not verified
CFCX5436W,/collections/faux-wood-blinds,/products/cfcx5436w-width-range-48-25-54-length-range-26-36,42.52,lotus_faux_wood_blinds,lotus_fcx_2in_soft_white_custom,54.0x36=42.52,102,,2026-09-20,unresolved_exception,Source price agrees; production configuration not verified
CFCX4836W,/collections/faux-wood-blinds,/products/cfcx4836w-width-range-43-25-48-length-range-26-36,105.0,lotus_faux_wood_blinds,lotus_fcx_2in_soft_white_custom,48.0x36=38.57,102,,2026-09-20,unresolved_exception,Price conflict
CFCX1736W,/collections/faux-wood-blinds,/products/cfcx1736w-width-range-12-25-17-length-range-26-36,105.0,lotus_faux_wood_blinds,lotus_fcx_2in_soft_white_custom,17.0x36=23.49,102,,2026-09-20,unresolved_exception,Price conflict
CFLX82560BW,/collections/faux-wood-blinds,/products/cflx82560bw-width-range-77-75-82-5-length-range-50-60,105.0,lotus_faux_wood_blinds,lotus_flx_2in_bright_white_custom,82.5x60=132.49,99,,2026-09-20,unresolved_exception,Price conflict
CFLX7184BW,/collections/faux-wood-blinds,/products/cflx7184bw-width-range-68-25-71-length-range-74-84,105.0,,,,,,2026-09-20,unresolved_exception,No exact source SKU destination
CFLX5472BW,/collections/faux-wood-blinds,/products/cflx5472bw-width-range-48-25-54-length-range-62-72,105.0,lotus_faux_wood_blinds,lotus_flx_2in_bright_white_custom,54.0x72=58.42,99,,2026-09-20,unresolved_exception,Price conflict
CFLX4348BW,/collections/faux-wood-blinds,/products/cflx4348bw-width-range-39-25-43-length-range-86-96,105.0,lotus_faux_wood_blinds,lotus_flx_2in_bright_white_custom,43.0x48=38.0,99,,2026-09-20,unresolved_exception,Price conflict
CFLX3548BW,/collections/faux-wood-blinds,/products/cflx3548bw-width-range-30-25-35-length-range-38-48,105.0,lotus_faux_wood_blinds,lotus_flx_2in_bright_white_custom,35.0x48=32.24,99,,2026-09-20,unresolved_exception,Price conflict
CFLX3048EBW,/collections/faux-wood-blinds,/products/cflx3048ebw-width-range-27-25-30-length-range-38-48,105.0,lotus_faux_wood_blinds,lotus_flxe_2in_embossed_bright_white_custom,30.0x48=28.63,100,,2026-09-20,unresolved_exception,Price conflict
CFLX2348BW,/collections/faux-wood-blinds,/products/cflx2348bw-width-range-17-25-23-length-range-38-48,105.0,lotus_faux_wood_blinds,lotus_flx_2in_bright_white_custom,23.0x48=26.6,99,,2026-09-20,unresolved_exception,Price conflict
CFCX6960W,/collections/faux-wood-blinds,/products/cfcx6960w-width-range-63-25-69-length-range-50-60,63.27,lotus_faux_wood_blinds,lotus_fcx_2in_soft_white_custom,69.0x60=63.27,102,,2026-09-20,unresolved_exception,Source price agrees; production configuration not verified
CFCX6396W,/collections/faux-wood-blinds,/products/cfcx6396w-width-range-59-25-63-length-range-86-96,89.2,lotus_faux_wood_blinds,lotus_fcx_2in_soft_white_custom,63.0x96=89.2,102,,2026-09-20,unresolved_exception,Source price agrees; production configuration not verified
CFCX4348W,/collections/faux-wood-blinds,/products/cfcx4348w-width-range-39-25-43-length-range-38-48,105.0,lotus_faux_wood_blinds,lotus_fcx_2in_soft_white_custom,43.0x48=38.92,102,,2026-09-20,unresolved_exception,Price conflict
CFCX2764W,/collections/faux-wood-blinds,/products/cfcx2764w-width-range-23-25-27-length-range-54-64,105.0,lotus_faux_wood_blinds,lotus_fcx_2in_soft_white_custom,27.0x64=30.49,102,,2026-09-20,unresolved_exception,Price conflict
CFCX2396W,/collections/faux-wood-blinds,/products/cfcx2396w-width-range-17-25-23-length-range-86-96,105.0,lotus_faux_wood_blinds,lotus_fcx_2in_soft_white_custom,23.0x96=37.01,102,,2026-09-20,unresolved_exception,Price conflict
CFLX7236BW,/collections/faux-wood-blinds,/products/cflx7236bw-width-range-69-25-72-length-range-26-36,105.0,lotus_faux_wood_blinds,lotus_flx_2in_bright_white_custom,72.0x36=53.0,99,,2026-09-20,unresolved_exception,Price conflict
CFLX82572BW,/collections/faux-wood-blinds,/products/cflx82572bw-width-range-77-75-82-5-length-range-62-72,105.0,lotus_faux_wood_blinds,lotus_flx_2in_bright_white_custom,82.5x72=158.29,99,,2026-09-20,unresolved_exception,Price conflict
CFLX7272EBW,/collections/faux-wood-blinds,/products/cflx7272ebw-width-range-69-25-72-length-range-62-72,105.0,lotus_faux_wood_blinds,lotus_flxe_2in_embossed_bright_white_custom,72.0x72=75.56,100,,2026-09-20,unresolved_exception,Price conflict
CFLX5948EBW,/collections/faux-wood-blinds,/products/cflx5948ebw-width-range-54-25-59-length-range-38-48,105.0,lotus_faux_wood_blinds,lotus_flxe_2in_embossed_bright_white_custom,59.0x48=49.53,100,,2026-09-20,unresolved_exception,Price conflict
CFLX5936EBW,/collections/faux-wood-blinds,/products/cflx5936ebw-width-range-54-25-59-length-range-26-36,105.0,lotus_faux_wood_blinds,lotus_flxe_2in_embossed_bright_white_custom,59.0x36=44.69,100,,2026-09-20,unresolved_exception,Price conflict
CFLX5472EBW,/collections/faux-wood-blinds,/products/cflx5472ebw-width-range-48-25-54-length-range-62-72,105.0,lotus_faux_wood_blinds,lotus_flxe_2in_embossed_bright_white_custom,54.0x72=58.42,100,,2026-09-20,unresolved_exception,Price conflict
CFLX5448BW,/collections/faux-wood-blinds,/products/cflx5448bw-width-range-48-25-54-length-range-38-48,105.0,lotus_faux_wood_blinds,lotus_flx_2in_bright_white_custom,54.0x48=45.93,99,,2026-09-20,unresolved_exception,Price conflict
CFLX4884EBW,/collections/faux-wood-blinds,/products/cflx4884ebw-width-range-43-25-48-length-range-62-72,105.0,lotus_faux_wood_blinds,lotus_flxe_2in_embossed_bright_white_custom,48.0x84=60.32,100,,2026-09-20,unresolved_exception,Price conflict
CFLX3996EBW,/collections/faux-wood-blinds,/products/cflx3996ebw-width-range-35-25-39-length-range-86-96,105.0,,,,,,2026-09-20,unresolved_exception,No exact source SKU destination
CFLX3996BW,/collections/faux-wood-blinds,/products/cflx3996bw-width-range-35-25-39-length-range-54-64,105.0,lotus_faux_wood_blinds,lotus_flx_2in_bright_white_custom,39.0x96=56.52,99,,2026-09-20,unresolved_exception,Price conflict
CFLX3064BW,/collections/faux-wood-blinds,/products/cflx3064bw-width-range-27-25-30-length-range-54-64,105.0,lotus_faux_wood_blinds,lotus_flx_2in_bright_white_custom,30.0x64=32.39,99,,2026-09-20,unresolved_exception,Price conflict
CFLX1760BW,/collections/faux-wood-blinds,/products/cflx1760bw-width-range-13-17-length-range-50-60,105.0,lotus_faux_wood_blinds,lotus_flx_2in_bright_white_custom,17.0x60=31.55,99,,2026-09-20,unresolved_exception,Price conflict
CFLX1748EBW,/collections/faux-wood-blinds,/products/cflx1748ebw-width-range-13-17-length-range-38-48,105.0,lotus_faux_wood_blinds,lotus_flxe_2in_embossed_bright_white_custom,17.0x48=26.64,100,,2026-09-20,unresolved_exception,Price conflict
CFLX1748BW,/collections/faux-wood-blinds,/products/cflx1748bw-width-range-13-17-length-range-38-48,105.0,lotus_faux_wood_blinds,lotus_flx_2in_bright_white_custom,17.0x48=26.64,99,,2026-09-20,unresolved_exception,Price conflict
CFGX5960BW,/collections/faux-wood-blinds,/products/cfgx5960bw-width-range-54-25-59-length-range-50-60,105.0,lotus_faux_wood_blinds,lotus_fgx_2_5in_bright_white_custom,59.0x60=62.63,104,,2026-09-20,unresolved_exception,Price conflict
CFCX6336W,/collections/faux-wood-blinds,/products/cfcx6336w-width-range-59-25-63-length-range-26-36,48.44,lotus_faux_wood_blinds,lotus_fcx_2in_soft_white_custom,63.0x36=48.44,102,,2026-09-20,unresolved_exception,Source price agrees; production configuration not verified
CFCX5496W,/collections/faux-wood-blinds,/products/cfcx5496w-width-range-48-25-54-length-range-86-96,77.45,lotus_faux_wood_blinds,lotus_fcx_2in_soft_white_custom,54.0x96=77.45,102,,2026-09-20,unresolved_exception,Source price agrees; production configuration not verified
CFCX4372W,/collections/faux-wood-blinds,/products/cfcx4372w-width-range-39-25-43-length-range-62-72,105.0,lotus_faux_wood_blinds,lotus_fcx_2in_soft_white_custom,43.0x72=49.08,102,,2026-09-20,unresolved_exception,Price conflict
CFCX2348W,/collections/faux-wood-blinds,/products/cfcx2348w-width-range-17-25-23-length-range-38-48,105.0,lotus_faux_wood_blinds,lotus_fcx_2in_soft_white_custom,23.0x48=27.18,102,,2026-09-20,unresolved_exception,Price conflict
CFLX7248EBW,/collections/faux-wood-blinds,/products/cflx7248ebw-width-range-69-25-72-length-range-38-48,105.0,lotus_faux_wood_blinds,lotus_flxe_2in_embossed_bright_white_custom,72.0x48=58.9,100,,2026-09-20,unresolved_exception,Price conflict
CFLX5972EBW,/collections/faux-wood-blinds,/products/cflx5972ebw-width-range-54-25-59-length-range-62-72,105.0,lotus_faux_wood_blinds,lotus_flxe_2in_embossed_bright_white_custom,59.0x72=63.17,100,,2026-09-20,unresolved_exception,Price conflict
CFLX5936BW,/collections/faux-wood-blinds,/products/cflx5936bw-width-range-54-25-59-length-range-86-96,105.0,lotus_faux_wood_blinds,lotus_flx_2in_bright_white_custom,59.0x36=44.69,99,,2026-09-20,unresolved_exception,Price conflict
CFLX5460EBW,/collections/faux-wood-blinds,/products/cflx5460ebw-width-range-48-25-54-length-range-50-60,105.0,lotus_faux_wood_blinds,lotus_flxe_2in_embossed_bright_white_custom,54.0x60=49.85,100,,2026-09-20,unresolved_exception,Price conflict
CFLX4896EBW,/collections/faux-wood-blinds,/products/cflx4896ebw-width-range-43-25-48-length-range-50-60,105.0,,,,,,2026-09-20,unresolved_exception,No exact source SKU destination
CFLX4384BW,/collections/faux-wood-blinds,/products/cflx4384bw-width-range-39-25-43-length-range-86-96,105.0,lotus_faux_wood_blinds,lotus_flx_2in_bright_white_custom,43.0x84=54.77,99,,2026-09-20,unresolved_exception,Price conflict
CFLX4372BW,/collections/faux-wood-blinds,/products/cflx4372bw-width-range-39-25-43-length-range-62-72,105.0,lotus_faux_wood_blinds,lotus_flx_2in_bright_white_custom,43.0x72=47.95,99,,2026-09-20,unresolved_exception,Price conflict
CFLX4364BW,/collections/faux-wood-blinds,/products/cflx4364bw-width-range-39-25-43-length-range-54-64,105.0,lotus_faux_wood_blinds,lotus_flx_2in_bright_white_custom,43.0x64=43.39,99,,2026-09-20,unresolved_exception,Price conflict
CFLX3984EBW,/collections/faux-wood-blinds,/products/cflx3984ebw-width-range-35-25-39-length-range-74-84,105.0,lotus_faux_wood_blinds,lotus_flxe_2in_embossed_bright_white_custom,39.0x84=50.32,100,,2026-09-20,unresolved_exception,Price conflict
CFLX3948EBW,/collections/faux-wood-blinds,/products/cflx3948ebw-width-range-35-25-39-length-range-38-48,105.0,lotus_faux_wood_blinds,lotus_flxe_2in_embossed_bright_white_custom,39.0x48=35.12,100,,2026-09-20,unresolved_exception,Price conflict
CFLX3596EBW,/collections/faux-wood-blinds,/products/cflx3596ebw-width-range-30-25-35-length-range-86-96,105.0,,,,,,2026-09-20,unresolved_exception,No exact source SKU destination
CFLX3036EBW,/collections/faux-wood-blinds,/products/cflx3036ebw-width-range-27-25-30-length-range-26-36,105.0,lotus_faux_wood_blinds,lotus_flxe_2in_embossed_bright_white_custom,30.0x36=32.99,100,,2026-09-20,unresolved_exception,Price conflict
CFLX2784EBW,/collections/faux-wood-blinds,/products/cflx2784ebw-width-range-23-25-27-length-range-74-84,105.0,lotus_faux_wood_blinds,lotus_flxe_2in_embossed_bright_white_custom,27.0x84=36.99,100,,2026-09-20,unresolved_exception,Price conflict
CFLX2760BW,/collections/faux-wood-blinds,/products/cflx2760bw-width-range-23-25-27-length-range-50-60,105.0,lotus_faux_wood_blinds,lotus_flx_2in_bright_white_custom,27.0x60=28.42,99,,2026-09-20,unresolved_exception,Price conflict
CFLX2372EBW,/collections/faux-wood-blinds,/products/cflx2372ebw-width-range-17-25-23-length-range-62-72,105.0,lotus_faux_wood_blinds,lotus_flxe_2in_embossed_bright_white_custom,23.0x72=28.91,100,,2026-09-20,unresolved_exception,Price conflict
CFLX2372BW,/collections/faux-wood-blinds,/products/cflx2372bw-width-range-17-25-23-length-range-62-72,105.0,lotus_faux_wood_blinds,lotus_flx_2in_bright_white_custom,23.0x72=28.91,99,,2026-09-20,unresolved_exception,Price conflict
CFLX2360BW,/collections/faux-wood-blinds,/products/cflx2360bw-width-range-17-25-23-length-range-50-60,105.0,lotus_faux_wood_blinds,lotus_flx_2in_bright_white_custom,23.0x60=31.49,99,,2026-09-20,unresolved_exception,Price conflict
CFLX1760EBW,/collections/faux-wood-blinds,/products/cflx1760ebw-width-range-13-17-length-range-50-60,105.0,lotus_faux_wood_blinds,lotus_flxe_2in_embossed_bright_white_custom,17.0x60=31.55,100,,2026-09-20,unresolved_exception,Price conflict
CFGX7148BW,/collections/faux-wood-blinds,/products/cfgx7148bw-width-range-68-25-71-length-range-38-48,105.0,,,,,,2026-09-20,unresolved_exception,No exact source SKU destination
CFGX6360BW,/collections/faux-wood-blinds,/products/cfgx6360bw-width-range-59-25-63-length-range-50-60,105.0,lotus_faux_wood_blinds,lotus_fgx_2_5in_bright_white_custom,63.0x60=66.4,104,,2026-09-20,unresolved_exception,Price conflict
CFGX5948BW,/collections/faux-wood-blinds,/products/cfgx5948bw-width-range-54-25-59-length-range-38-48,105.0,lotus_faux_wood_blinds,lotus_fgx_2_5in_bright_white_custom,59.0x48=57.6,104,,2026-09-20,unresolved_exception,Price conflict
CFGX3548BW,/collections/faux-wood-blinds,/products/cfgx3548bw-width-range-23-25-27-length-range-38-48,105.0,lotus_faux_wood_blinds,lotus_fgx_2_5in_bright_white_custom,35.0x48=37.02,104,,2026-09-20,unresolved_exception,Price conflict
CFCX6996W,/collections/faux-wood-blinds,/products/cfcx6996w-width-range-63-25-69-length-range-86-96,97.02,lotus_faux_wood_blinds,lotus_fcx_2in_soft_white_custom,69.0x96=97.02,102,,2026-09-20,unresolved_exception,Source price agrees; production configuration not verified
CFCX6964W,/collections/faux-wood-blinds,/products/cfcx6964w-width-range-59-25-63-length-range-54-64,67.02,lotus_faux_wood_blinds,lotus_fcx_2in_soft_white_custom,69.0x64=67.02,102,,2026-09-20,unresolved_exception,Source price agrees; production configuration not verified
CFCX3064W,/collections/faux-wood-blinds,/products/cfcx3064w-width-range-27-25-30-length-range-54-64,105.0,lotus_faux_wood_blinds,lotus_fcx_2in_soft_white_custom,30.0x64=33.1,102,,2026-09-20,unresolved_exception,Price conflict
CFCX1748W,/collections/faux-wood-blinds,/products/cfcx1748w-width-range-12-25-17-length-range-38-48,105.0,lotus_faux_wood_blinds,lotus_fcx_2in_soft_white_custom,17.0x48=26.55,102,,2026-09-20,unresolved_exception,Price conflict
CFGX2336BW,/collections/faux-wood-blinds,/products/cfgx2336bw-width-range-17-25-23-length-range-26-36,105.0,lotus_faux_wood_blinds,lotus_fgx_2_5in_bright_white_custom,23.0x36=30.31,104,,2026-09-20,unresolved_exception,Price conflict
CFLX5996EBW,/collections/faux-wood-blinds,/products/cflx5996ebw-width-range-54-25-59-length-range-86-96,105.0,,,,,,2026-09-20,unresolved_exception,No exact source SKU destination
CFLX5960EBW,/collections/faux-wood-blinds,/products/cflx5960ebw-width-range-54-25-59-length-range-50-60,105.0,lotus_faux_wood_blinds,lotus_flxe_2in_embossed_bright_white_custom,59.0x60=53.81,100,,2026-09-20,unresolved_exception,Price conflict
CFCX5464W,/collections/faux-wood-blinds,/products/cfcx5464w-width-range-48-25-54-length-range-54-64,59.84,lotus_faux_wood_blinds,lotus_fcx_2in_soft_white_custom,54.0x64=59.84,102,,2026-09-20,unresolved_exception,Source price agrees; production configuration not verified
CFLX7260EBW,/collections/faux-wood-blinds,/products/cflx7260ebw-width-range-69-25-72-length-range-50-60,105.0,lotus_faux_wood_blinds,lotus_flxe_2in_embossed_bright_white_custom,72.0x60=64.13,100,,2026-09-20,unresolved_exception,Price conflict
CFLX6984BW,/collections/faux-wood-blinds,/products/cflx6984bw-width-range-63-25-69-length-range-74-84,105.0,lotus_faux_wood_blinds,lotus_flx_2in_bright_white_custom,69.0x84=83.64,99,,2026-09-20,unresolved_exception,Price conflict
CFLX6972EBW,/collections/faux-wood-blinds,/products/cflx6972ebw-width-range-63-25-69-length-range-62-72,105.0,lotus_faux_wood_blinds,lotus_flxe_2in_embossed_bright_white_custom,69.0x72=72.7,100,,2026-09-20,unresolved_exception,Price conflict
CFLX6960EBW,/collections/faux-wood-blinds,/products/cflx6960ebw-width-range-63-25-69-length-range-50-60,105.0,lotus_faux_wood_blinds,lotus_flxe_2in_embossed_bright_white_custom,69.0x60=61.75,100,,2026-09-20,unresolved_exception,Price conflict
CFLX6948EBW,/collections/faux-wood-blinds,/products/cflx6948ebw-width-range-63-25-69-length-range-38-48,105.0,lotus_faux_wood_blinds,lotus_flxe_2in_embossed_bright_white_custom,69.0x48=56.75,100,,2026-09-20,unresolved_exception,Price conflict
CFLX6948BW,/collections/faux-wood-blinds,/products/cflx6948bw-width-range-63-25-69-length-range-38-48,105.0,lotus_faux_wood_blinds,lotus_flx_2in_bright_white_custom,69.0x48=56.75,99,,2026-09-20,unresolved_exception,Price conflict
CFLX6936EBW,/collections/faux-wood-blinds,/products/cflx6936ebw-width-range-63-25-69-length-range-26-36,105.0,lotus_faux_wood_blinds,lotus_flxe_2in_embossed_bright_white_custom,69.0x36=51.08,100,,2026-09-20,unresolved_exception,Price conflict
CFLX6936BW,/collections/faux-wood-blinds,/products/cflx6936bw-width-range-63-25-69-length-range-26-36,105.0,lotus_faux_wood_blinds,lotus_flx_2in_bright_white_custom,69.0x36=51.08,99,,2026-09-20,unresolved_exception,Price conflict
CFLX6396EBW,/collections/faux-wood-blinds,/products/cflx6396ebw-width-range-59-25-63-length-range-86-96,105.0,,,,,,2026-09-20,unresolved_exception,No exact source SKU destination
CFLX6384EBW,/collections/faux-wood-blinds,/products/cflx6384ebw-width-range-59-25-63-length-range-74-84,105.0,lotus_faux_wood_blinds,lotus_flxe_2in_embossed_bright_white_custom,63.0x84=76.98,100,,2026-09-20,unresolved_exception,Price conflict
CFLX6372EBW,/collections/faux-wood-blinds,/products/cflx6372ebw-width-range-59-25-63-length-range-62-72,105.0,lotus_faux_wood_blinds,lotus_flxe_2in_embossed_bright_white_custom,63.0x72=66.99,100,,2026-09-20,unresolved_exception,Price conflict
CFLX6364EBW,/collections/faux-wood-blinds,/products/cflx6364ebw-width-range-59-25-63-length-range-54-64,105.0,lotus_faux_wood_blinds,lotus_flxe_2in_embossed_bright_white_custom,63.0x64=60.32,100,,2026-09-20,unresolved_exception,Price conflict
CFLX6360EBW,/collections/faux-wood-blinds,/products/cflx6360ebw-width-range-59-25-63-length-range-50-60,105.0,lotus_faux_wood_blinds,lotus_flxe_2in_embossed_bright_white_custom,63.0x60=56.99,100,,2026-09-20,unresolved_exception,Price conflict
CFLX6348BW,/collections/faux-wood-blinds,/products/cflx6348bw-width-range-59-25-63-length-range-38-48,105.0,lotus_faux_wood_blinds,lotus_flx_2in_bright_white_custom,63.0x48=52.42,99,,2026-09-20,unresolved_exception,Price conflict
CFLX6336EBW,/collections/faux-wood-blinds,/products/cflx6336ebw-width-range-59-25-63-length-range-26-36,105.0,lotus_faux_wood_blinds,lotus_flxe_2in_embossed_bright_white_custom,63.0x36=47.25,100,,2026-09-20,unresolved_exception,Price conflict
CFLX5984EBW,/collections/faux-wood-blinds,/products/cflx5984ebw-width-range-54-25-59-length-range-74-84,105.0,lotus_faux_wood_blinds,lotus_flxe_2in_embossed_bright_white_custom,59.0x84=72.54,100,,2026-09-20,unresolved_exception,Price conflict
CFLX5964EBW,/collections/faux-wood-blinds,/products/cflx5964ebw-width-range-54-25-59-length-range-54-64,105.0,lotus_faux_wood_blinds,lotus_flxe_2in_embossed_bright_white_custom,59.0x64=56.93,100,,2026-09-20,unresolved_exception,Price conflict
CFLX5496EBW,/collections/faux-wood-blinds,/products/cflx5496ebw-width-range-48-25-54-length-range-86-96,105.0,,,,,,2026-09-20,unresolved_exception,No exact source SKU destination
CFLX5484EBW,/collections/faux-wood-blinds,/products/cflx5484ebw-width-range-48-25-54-length-range-74-84,105.0,lotus_faux_wood_blinds,lotus_flxe_2in_embossed_bright_white_custom,54.0x84=66.99,100,,2026-09-20,unresolved_exception,Price conflict
CFLX5464EBW,/collections/faux-wood-blinds,/products/cflx5464ebw-width-range-48-25-54-length-range-54-64,105.0,lotus_faux_wood_blinds,lotus_flxe_2in_embossed_bright_white_custom,54.0x64=52.7,100,,2026-09-20,unresolved_exception,Price conflict
CFLX5448EBW,/collections/faux-wood-blinds,/products/cflx5448ebw-width-range-48-25-54-length-range-38-48,105.0,,,,,,2026-09-20,unresolved_exception,No exact source SKU destination
CFLX5436EBW,/collections/faux-wood-blinds,/products/cflx5436ebw-width-range-48-25-54-length-range-26-36,105.0,lotus_faux_wood_blinds,lotus_flxe_2in_embossed_bright_white_custom,54.0x36=41.5,100,,2026-09-20,unresolved_exception,Price conflict
CFLX4872EBW,/collections/faux-wood-blinds,/products/cflx4872ebw-width-range-43-25-48-length-range-62-72,105.0,lotus_faux_wood_blinds,lotus_flxe_2in_embossed_bright_white_custom,48.0x72=52.7,100,,2026-09-20,unresolved_exception,Price conflict
CFLX4860EBW,/collections/faux-wood-blinds,/products/cflx4860ebw-width-range-43-25-48-length-range-86-96,105.0,lotus_faux_wood_blinds,lotus_flxe_2in_embossed_bright_white_custom,48.0x60=45.09,100,,2026-09-20,unresolved_exception,Price conflict
CFLX4848EBW,/collections/faux-wood-blinds,/products/cflx4848ebw-width-range-43-25-48-length-range-62-72,105.0,lotus_faux_wood_blinds,lotus_flxe_2in_embossed_bright_white_custom,48.0x48=41.61,100,,2026-09-20,unresolved_exception,Price conflict
CFLX4836EBW,/collections/faux-wood-blinds,/products/cflx4836ebw-width-range-43-25-48-length-range-50-60,105.0,lotus_faux_wood_blinds,lotus_flxe_2in_embossed_bright_white_custom,48.0x36=37.67,100,,2026-09-20,unresolved_exception,Price conflict
CFLX4384EBW,/collections/faux-wood-blinds,/products/cflx4384ebw-width-range-39-25-43-length-range-26-36,105.0,lotus_faux_wood_blinds,lotus_flxe_2in_embossed_bright_white_custom,43.0x84=54.77,100,,2026-09-20,unresolved_exception,Price conflict
CFLX4372EBW,/collections/faux-wood-blinds,/products/cflx4372ebw-width-range-39-25-43-length-range-74-84,105.0,lotus_faux_wood_blinds,lotus_flxe_2in_embossed_bright_white_custom,43.0x72=47.95,100,,2026-09-20,unresolved_exception,Price conflict
CFLX4360EBW,/collections/faux-wood-blinds,/products/cflx4360ebw-width-range-39-25-43-length-range-50-60,105.0,lotus_faux_wood_blinds,lotus_flxe_2in_embossed_bright_white_custom,43.0x60=41.12,100,,2026-09-20,unresolved_exception,Price conflict
CFLX4348EBW,/collections/faux-wood-blinds,/products/cflx4348ebw-width-range-39-25-43-length-range-26-36,105.0,lotus_faux_wood_blinds,lotus_flxe_2in_embossed_bright_white_custom,43.0x48=38.0,100,,2026-09-20,unresolved_exception,Price conflict
CFLX4336EBW,/collections/faux-wood-blinds,/products/cflx4336ebw-width-range-39-25-43-length-range-74-84,105.0,lotus_faux_wood_blinds,lotus_flxe_2in_embossed_bright_white_custom,43.0x36=34.47,100,,2026-09-20,unresolved_exception,Price conflict
CFLX3972EBW,/collections/faux-wood-blinds,/products/cflx3972ebw-width-range-35-25-39-length-range-62-72,105.0,lotus_faux_wood_blinds,lotus_flxe_2in_embossed_bright_white_custom,39.0x72=44.13,100,,2026-09-20,unresolved_exception,Price conflict
CFLX3964EBW,/collections/faux-wood-blinds,/products/cflx3964ebw-width-range-35-25-39-length-range-54-64,105.0,lotus_faux_wood_blinds,lotus_flxe_2in_embossed_bright_white_custom,39.0x64=40.0,100,,2026-09-20,unresolved_exception,Price conflict
CFLX3960EBW,/collections/faux-wood-blinds,/products/cflx3960ebw-width-range-35-25-39-length-range-50-60,105.0,lotus_faux_wood_blinds,lotus_flxe_2in_embossed_bright_white_custom,39.0x60=37.95,100,,2026-09-20,unresolved_exception,Price conflict
CFLX3584EBW,/collections/faux-wood-blinds,/products/cflx3584ebw-width-range-30-25-35-length-range-74-84,105.0,lotus_faux_wood_blinds,lotus_flxe_2in_embossed_bright_white_custom,35.0x84=45.88,100,,2026-09-20,unresolved_exception,Price conflict
CFLX3572EBW,/collections/faux-wood-blinds,/products/cflx3572ebw-width-range-30-25-35-length-range-62-72,105.0,lotus_faux_wood_blinds,lotus_flxe_2in_embossed_bright_white_custom,35.0x72=40.32,100,,2026-09-20,unresolved_exception,Price conflict
CFLX3564EBW,/collections/faux-wood-blinds,/products/cflx3564ebw-width-range-30-25-35-length-range-54-64,105.0,lotus_faux_wood_blinds,lotus_flxe_2in_embossed_bright_white_custom,35.0x64=36.63,100,,2026-09-20,unresolved_exception,Price conflict
CFLX3560EBW,/collections/faux-wood-blinds,/products/cflx3560ebw-width-range-30-25-35-length-range-50-60,105.0,lotus_faux_wood_blinds,lotus_flxe_2in_embossed_bright_white_custom,35.0x60=34.77,100,,2026-09-20,unresolved_exception,Price conflict
CFLX3548EBW,/collections/faux-wood-blinds,/products/cflx3548ebw-width-range-30-25-35-length-range-38-48,105.0,lotus_faux_wood_blinds,lotus_flxe_2in_embossed_bright_white_custom,35.0x48=32.24,100,,2026-09-20,unresolved_exception,Price conflict
CFLX3536EBW,/collections/faux-wood-blinds,/products/cflx3536ebw-width-range-30-25-35-length-range-26-36,105.0,lotus_faux_wood_blinds,lotus_flxe_2in_embossed_bright_white_custom,35.0x36=29.37,100,,2026-09-20,unresolved_exception,Price conflict
CFLX3096EBW,/collections/faux-wood-blinds,/products/cflx3096ebw-width-range-27-25-30-length-range-86-96,105.0,,,,,,2026-09-20,unresolved_exception,No exact source SKU destination
CFLX3084EBW,/collections/faux-wood-blinds,/products/cflx3084ebw-width-range-27-25-30-length-range-74-84,105.0,lotus_faux_wood_blinds,lotus_flxe_2in_embossed_bright_white_custom,30.0x84=40.32,100,,2026-09-20,unresolved_exception,Price conflict
CFLX3072EBW,/collections/faux-wood-blinds,/products/cflx3072ebw-width-range-27-25-30-length-range-62-72,105.0,lotus_faux_wood_blinds,lotus_flxe_2in_embossed_bright_white_custom,30.0x72=35.57,100,,2026-09-20,unresolved_exception,Price conflict
CFLX3064EBW,/collections/faux-wood-blinds,/products/cflx3064ebw-width-range-27-25-30-length-range-54-64,105.0,lotus_faux_wood_blinds,lotus_flxe_2in_embossed_bright_white_custom,30.0x64=32.38,100,,2026-09-20,unresolved_exception,Price conflict
CFLX3060EBW,/collections/faux-wood-blinds,/products/cflx3060ebw-width-range-27-25-30-length-range-50-60,105.0,lotus_faux_wood_blinds,lotus_flxe_2in_embossed_bright_white_custom,30.0x60=30.81,100,,2026-09-20,unresolved_exception,Price conflict
CFLX2796EBW,/collections/faux-wood-blinds,/products/cflx2796ebw-width-range-23-25-27-length-range-86-96,105.0,,,,,,2026-09-20,unresolved_exception,No exact source SKU destination
CFLX2772EBW,/collections/faux-wood-blinds,/products/cflx2772ebw-width-range-23-25-27-length-range-62-72,105.0,lotus_faux_wood_blinds,lotus_flxe_2in_embossed_bright_white_custom,27.0x72=32.71,100,,2026-09-20,unresolved_exception,Price conflict
CFLX2764BW,/collections/faux-wood-blinds,/products/cflx2764bw-width-range-23-25-27-length-range-54-64,105.0,lotus_faux_wood_blinds,lotus_flx_2in_bright_white_custom,27.0x64=29.85,99,,2026-09-20,unresolved_exception,Price conflict
CFLX2760EBW,/collections/faux-wood-blinds,/products/cflx2760ebw-width-range-23-25-27-length-range-50-60,105.0,lotus_faux_wood_blinds,lotus_flxe_2in_embossed_bright_white_custom,27.0x60=28.42,100,,2026-09-20,unresolved_exception,Price conflict
CFLX2748EBW,/collections/faux-wood-blinds,/products/cflx2748ebw-width-range-23-25-27-length-range-38-48,105.0,lotus_faux_wood_blinds,lotus_flxe_2in_embossed_bright_white_custom,27.0x48=30.01,100,,2026-09-20,unresolved_exception,Price conflict
CFLX2396EBW,/collections/faux-wood-blinds,/products/cflx2396ebw-width-range-17-25-23-length-range-86-96,105.0,,,,,,2026-09-20,unresolved_exception,No exact source SKU destination
CFLX2384EBW,/collections/faux-wood-blinds,/products/cflx2384ebw-width-range-17-25-23-length-range-74-84,105.0,lotus_faux_wood_blinds,lotus_flxe_2in_embossed_bright_white_custom,23.0x84=32.55,100,,2026-09-20,unresolved_exception,Price conflict
CFLX2360EBW,/collections/faux-wood-blinds,/products/cflx2360ebw-width-range-17-25-23-length-range-50-60,105.0,lotus_faux_wood_blinds,lotus_flxe_2in_embossed_bright_white_custom,23.0x60=31.49,100,,2026-09-20,unresolved_exception,Price conflict
CFLX2348EBW,/collections/faux-wood-blinds,/products/cflx2348ebw-width-range-17-25-23-length-range-38-48,105.0,lotus_faux_wood_blinds,lotus_flxe_2in_embossed_bright_white_custom,23.0x48=26.6,100,,2026-09-20,unresolved_exception,Price conflict
CFLX2336EBW,/collections/faux-wood-blinds,/products/cflx2336ebw-width-range-17-25-23-length-range-26-36,105.0,lotus_faux_wood_blinds,lotus_flxe_2in_embossed_bright_white_custom,23.0x36=26.93,100,,2026-09-20,unresolved_exception,Price conflict
CFLX1772EBW,/collections/faux-wood-blinds,/products/cflx1772ebw-width-range-13-17-length-range-62-72,105.0,lotus_faux_wood_blinds,lotus_flxe_2in_embossed_bright_white_custom,17.0x72=28.73,100,,2026-09-20,unresolved_exception,Price conflict
CFLX1764EBW,/collections/faux-wood-blinds,/products/cflx1764ebw-width-range-13-17-length-range-54-64,105.0,lotus_faux_wood_blinds,lotus_flxe_2in_embossed_bright_white_custom,17.0x64=33.17,100,,2026-09-20,unresolved_exception,Price conflict
CFLX1764BW,/collections/faux-wood-blinds,/products/cflx1764bw-width-range-13-17-length-range-54-64,105.0,lotus_faux_wood_blinds,lotus_flx_2in_bright_white_custom,17.0x64=33.17,99,,2026-09-20,unresolved_exception,Price conflict
CFLX1736BW,/collections/faux-wood-blinds,/products/cflx1736bw-width-range-13-17-length-range-26-36,105.0,lotus_faux_wood_blinds,lotus_flx_2in_bright_white_custom,17.0x36=23.57,99,,2026-09-20,unresolved_exception,Price conflict
CFGX7272BW,/collections/faux-wood-blinds,/products/cfgx7272bw-width-range-69-25-72-length-range-62-72,105.0,lotus_faux_wood_blinds,lotus_fgx_2_5in_bright_white_custom,72.0x72=88.46,104,,2026-09-20,unresolved_exception,Price conflict
CFGX7260BW,/collections/faux-wood-blinds,/products/cfgx7260bw-width-range-69-25-72-length-range-50-60,105.0,lotus_faux_wood_blinds,lotus_fgx_2_5in_bright_white_custom,72.0x60=74.89,104,,2026-09-20,unresolved_exception,Price conflict
CFGX7172BW,/collections/faux-wood-blinds,/products/cfgx7172bw-width-range-68-25-71-length-range-62-72,105.0,,,,,,2026-09-20,unresolved_exception,No exact source SKU destination
CFGX7160BW,/collections/faux-wood-blinds,/products/cfgx7160bw-width-range-68-25-71-length-range-50-60,105.0,,,,,,2026-09-20,unresolved_exception,No exact source SKU destination
CFGX7136BW,/collections/faux-wood-blinds,/products/cfgx7136bw-width-range-68-25-71-length-range-26-36,105.0,,,,,,2026-09-20,unresolved_exception,No exact source SKU destination
CFGX7072BW,/collections/faux-wood-blinds,/products/cfgx7072bw-width-range-67-25-70-length-range-62-72,105.0,,,,,,2026-09-20,unresolved_exception,No exact source SKU destination
CFGX7060BW,/collections/faux-wood-blinds,/products/cfgx7060bw-width-range-67-25-70-length-range-50-60,105.0,,,,,,2026-09-20,unresolved_exception,No exact source SKU destination
CFGX6372BW,/collections/faux-wood-blinds,/products/cfgx6372bw-width-range-59-25-63-length-range-62-72,105.0,lotus_faux_wood_blinds,lotus_fgx_2_5in_bright_white_custom,63.0x72=78.28,104,,2026-09-20,unresolved_exception,Price conflict
CFGX5972BW,/collections/faux-wood-blinds,/products/cfgx5972bw-width-range-54-25-59-length-range-62-72,105.0,lotus_faux_wood_blinds,lotus_fgx_2_5in_bright_white_custom,59.0x72=73.75,104,,2026-09-20,unresolved_exception,Price conflict
CFGX5936BW,/collections/faux-wood-blinds,/products/cfgx5936bw-width-range-54-25-59-length-range-26-36,105.0,lotus_faux_wood_blinds,lotus_fgx_2_5in_bright_white_custom,59.0x36=44.95,104,,2026-09-20,unresolved_exception,Price conflict
CFGX4896BW,/collections/faux-wood-blinds,/products/cfgx4896bw-width-range-43-25-48-length-range-86-96,105.0,lotus_faux_wood_blinds,lotus_fgx_2_5in_bright_white_custom,48.0x96=79.41,104,,2026-09-20,unresolved_exception,Price conflict
CFGX4872BW,/collections/faux-wood-blinds,/products/cfgx4872bw-width-range-43-25-48-length-range-62-72,105.0,lotus_faux_wood_blinds,lotus_fgx_2_5in_bright_white_custom,48.0x72=61.31,104,,2026-09-20,unresolved_exception,Price conflict
CFGX4848BW,/collections/faux-wood-blinds,/products/cfgx4848bw-width-range-43-25-48-length-range-38-48,105.0,lotus_faux_wood_blinds,lotus_fgx_2_5in_bright_white_custom,48.0x48=48.17,104,,2026-09-20,unresolved_exception,Price conflict
CFGX4784BW,/collections/faux-wood-blinds,/products/cfgx4784bw-width-range-23-25-27-length-range-74-84,105.0,,,,,,2026-09-20,unresolved_exception,No exact source SKU destination
CFGX4772BW,/collections/faux-wood-blinds,/products/cfgx4772bw-width-range-23-25-27-length-range-62-72,105.0,,,,,,2026-09-20,unresolved_exception,No exact source SKU destination
CFGX4760BW,/collections/faux-wood-blinds,/products/cfgx4760bw-width-range-23-25-27-length-range-50-60,105.0,,,,,,2026-09-20,unresolved_exception,No exact source SKU destination
CFGX4748BW,/collections/faux-wood-blinds,/products/cfgx4748bw-width-range-23-25-27-length-range-38-48,105.0,,,,,,2026-09-20,unresolved_exception,No exact source SKU destination
CFGX4736BW,/collections/faux-wood-blinds,/products/cfgx4736bw-width-range-23-25-27-length-range-26-36,105.0,,,,,,2026-09-20,unresolved_exception,No exact source SKU destination
CFGX4384BW,/collections/faux-wood-blinds,/products/cfgx4384bw-width-range-23-25-27-length-range-74-84,105.0,lotus_faux_wood_blinds,lotus_fgx_2_5in_bright_white_custom,43.0x84=63.76,104,,2026-09-20,unresolved_exception,Price conflict
CFGX4372BW,/collections/faux-wood-blinds,/products/cfgx4372bw-width-range-23-25-27-length-range-62-72,105.0,lotus_faux_wood_blinds,lotus_fgx_2_5in_bright_white_custom,43.0x72=55.66,104,,2026-09-20,unresolved_exception,Price conflict
CFGX4360BW,/collections/faux-wood-blinds,/products/cfgx4360bw-width-range-23-25-27-length-range-50-60,105.0,lotus_faux_wood_blinds,lotus_fgx_2_5in_bright_white_custom,43.0x60=47.54,104,,2026-09-20,unresolved_exception,Price conflict
CFGX3996BW,/collections/faux-wood-blinds,/products/cfgx3996bw-width-range-23-25-27-length-range-86-96,105.0,lotus_faux_wood_blinds,lotus_fgx_2_5in_bright_white_custom,39.0x96=65.83,104,,2026-09-20,unresolved_exception,Price conflict
CFGX3984BW,/collections/faux-wood-blinds,/products/cfgx3984bw-width-range-23-25-27-length-range-74-84,105.0,lotus_faux_wood_blinds,lotus_fgx_2_5in_bright_white_custom,39.0x84=58.48,104,,2026-09-20,unresolved_exception,Price conflict
CFGX3972BW,/collections/faux-wood-blinds,/products/cfgx3972bw-width-range-23-25-27-length-range-62-72,105.0,lotus_faux_wood_blinds,lotus_fgx_2_5in_bright_white_custom,39.0x72=51.13,104,,2026-09-20,unresolved_exception,Price conflict
CFGX3960BW,/collections/faux-wood-blinds,/products/cfgx3960bw-width-range-23-25-27-length-range-50-60,105.0,lotus_faux_wood_blinds,lotus_fgx_2_5in_bright_white_custom,39.0x60=43.78,104,,2026-09-20,unresolved_exception,Price conflict
CFGX3596BW,/collections/faux-wood-blinds,/products/cfgx3596bw-width-range-23-25-27-length-range-86-96,105.0,lotus_faux_wood_blinds,lotus_fgx_2_5in_bright_white_custom,35.0x96=59.8,104,,2026-09-20,unresolved_exception,Price conflict
CFGX3584BW,/collections/faux-wood-blinds,/products/cfgx3584bw-width-range-23-25-27-length-range-74-84,105.0,lotus_faux_wood_blinds,lotus_fgx_2_5in_bright_white_custom,35.0x84=53.2,104,,2026-09-20,unresolved_exception,Price conflict
CFGX3572BW,/collections/faux-wood-blinds,/products/cfgx3572bw-width-range-23-25-27-length-range-62-72,105.0,lotus_faux_wood_blinds,lotus_fgx_2_5in_bright_white_custom,35.0x72=46.6,104,,2026-09-20,unresolved_exception,Price conflict
CFGX3560BW,/collections/faux-wood-blinds,/products/cfgx3560bw-width-range-23-25-27-length-range-50-60,105.0,lotus_faux_wood_blinds,lotus_fgx_2_5in_bright_white_custom,35.0x60=40.0,104,,2026-09-20,unresolved_exception,Price conflict
CFGX3536BW,/collections/faux-wood-blinds,/products/cfgx3536bw-width-range-17-25-23-length-range-26-36,105.0,lotus_faux_wood_blinds,lotus_fgx_2_5in_bright_white_custom,35.0x36=33.61,104,,2026-09-20,unresolved_exception,Price conflict
CFGX3184BW,/collections/faux-wood-blinds,/products/cfgx3184bw-width-range-17-25-23-length-range-74-84,105.0,,,,,,2026-09-20,unresolved_exception,No exact source SKU destination
CFGX3172BW,/collections/faux-wood-blinds,/products/cfgx3172bw-width-range-26-25-31-length-range-62-72,105.0,,,,,,2026-09-20,unresolved_exception,No exact source SKU destination
CFGX3160BW,/collections/faux-wood-blinds,/products/cfgx3160bw-width-range-26-25-31-length-range-50-60,105.0,,,,,,2026-09-20,unresolved_exception,No exact source SKU destination
CFGX3148BW,/collections/faux-wood-blinds,/products/cfgx3148bw-width-range-26-25-31-length-range-38-48,105.0,,,,,,2026-09-20,unresolved_exception,No exact source SKU destination
CFGX2796BW,/collections/faux-wood-blinds,/products/cfgx2796bw-width-range-23-25-27-length-range-86-96,105.0,lotus_faux_wood_blinds,lotus_fgx_2_5in_bright_white_custom,27.0x96=47.74,104,,2026-09-20,unresolved_exception,Price conflict
CFGX2772BW,/collections/faux-wood-blinds,/products/cfgx2772bw-width-range-23-25-27-length-range-62-72,105.0,lotus_faux_wood_blinds,lotus_fgx_2_5in_bright_white_custom,27.0x72=37.55,104,,2026-09-20,unresolved_exception,Price conflict
CFGX2760BW,/collections/faux-wood-blinds,/products/cfgx2760bw-width-range-23-25-27-length-range-50-60,105.0,lotus_faux_wood_blinds,lotus_fgx_2_5in_bright_white_custom,27.0x60=32.46,104,,2026-09-20,unresolved_exception,Price conflict
CFGX2748BW,/collections/faux-wood-blinds,/products/cfgx2748bw-width-range-23-25-27-length-range-38-48,105.0,lotus_faux_wood_blinds,lotus_fgx_2_5in_bright_white_custom,27.0x48=34.37,104,,2026-09-20,unresolved_exception,Price conflict
CFGX2384BW,/collections/faux-wood-blinds,/products/cfgx2384bw-width-range-17-25-23-length-range-74-84,105.0,lotus_faux_wood_blinds,lotus_fgx_2_5in_bright_white_custom,23.0x84=37.36,104,,2026-09-20,unresolved_exception,Price conflict
CFGX2372BW,/collections/faux-wood-blinds,/products/cfgx2372bw-width-range-17-25-23-length-range-62-72,105.0,lotus_faux_wood_blinds,lotus_fgx_2_5in_bright_white_custom,23.0x72=33.03,104,,2026-09-20,unresolved_exception,Price conflict
CFCX4336W,/collections/faux-wood-blinds,/products/cfcx4336w-width-range-39-25-43-length-range-26-36,105.0,lotus_faux_wood_blinds,lotus_fcx_2in_soft_white_custom,43.0x36=35.29,102,,2026-09-20,unresolved_exception,Price conflict
CFCX2336A,/collections/faux-wood-blinds,/products/cfcx2336a-width-range-17-25-23-length-range-26-36,105.0,,,,,,2026-09-20,unresolved_exception,No exact source SKU destination
CFCX1764W,/collections/faux-wood-blinds,/products/cfcx1764w-width-range-13-17-length-range-54-64,105.0,lotus_faux_wood_blinds,lotus_fcx_2in_soft_white_custom,17.0x64=33.06,102,,2026-09-20,unresolved_exception,Price conflict
CFGX2360BW,/collections/faux-wood-blinds,/products/cfgx2360bw-width-range-17-25-23-length-range-50-60,105.0,lotus_faux_wood_blinds,lotus_fgx_2_5in_bright_white_custom,23.0x60=36.14,104,,2026-09-20,unresolved_exception,Price conflict
CFGX2348BW,/collections/faux-wood-blinds,/products/cfgx2348bw-width-range-17-25-23-length-range-38-48,105.0,lotus_faux_wood_blinds,lotus_fgx_2_5in_bright_white_custom,23.0x48=30.31,104,,2026-09-20,unresolved_exception,Price conflict
