kind,sku,productIds,programIds,status,exception
custom,CMLX3936A,lotus_vinyl_blinds,lotus_mlx_1in_vinyl_custom,unresolved_exception,Not observed in current portal collection snapshot; absence is not discontinuation
custom,CMLX4336A,lotus_vinyl_blinds,lotus_mlx_1in_vinyl_custom,unresolved_exception,Not observed in current portal collection snapshot; absence is not discontinuation
custom,CMLX5436W,lotus_vinyl_blinds,lotus_mlx_1in_vinyl_custom,unresolved_exception,Not observed in current portal collection snapshot; absence is not discontinuation
custom,CMLX5436A,lotus_vinyl_blinds,lotus_mlx_1in_vinyl_custom,unresolved_exception,Not observed in current portal collection snapshot; absence is not discontinuation
custom,CMLX6336W,lotus_vinyl_blinds,lotus_mlx_1in_vinyl_custom,unresolved_exception,Not observed in current portal collection snapshot; absence is not discontinuation
custom,CMLX6336A,lotus_vinyl_blinds,lotus_mlx_1in_vinyl_custom,unresolved_exception,Not observed in current portal collection snapshot; absence is not discontinuation
custom,CMLX6936A,lotus_vinyl_blinds,lotus_mlx_1in_vinyl_custom,unresolved_exception,Not observed in current portal collection snapshot; absence is not discontinuation
custom,CMLX1748A,lotus_vinyl_blinds,lotus_mlx_1in_vinyl_custom,unresolved_exception,Not observed in current portal collection snapshot; absence is not discontinuation
custom,CMLX1760A,lotus_vinyl_blinds,lotus_mlx_1in_vinyl_custom,unresolved_exception,Not observed in current portal collection snapshot; absence is not discontinuation
custom,CMLX3060W,lotus_vinyl_blinds,lotus_mlx_1in_vinyl_custom,unresolved_exception,Not observed in current portal collection snapshot; absence is not discontinuation
custom,CMLX5960W,lotus_vinyl_blinds,lotus_mlx_1in_vinyl_custom,unresolved_exception,Not observed in current portal collection snapshot; absence is not discontinuation
custom,CMLX1764A,lotus_vinyl_blinds,lotus_mlx_1in_vinyl_custom,unresolved_exception,Not observed in current portal collection snapshot; absence is not discontinuation
custom,CMLX1784A,lotus_vinyl_blinds,lotus_mlx_1in_vinyl_custom,unresolved_exception,Not observed in current portal collection snapshot; absence is not discontinuation
custom,CMLX2784A,lotus_vinyl_blinds,lotus_mlx_1in_vinyl_custom,unresolved_exception,Not observed in current portal collection snapshot; absence is not discontinuation
custom,CMLX1796W,lotus_vinyl_blinds,lotus_mlx_1in_vinyl_custom,unresolved_exception,Not observed in current portal collection snapshot; absence is not discontinuation
custom,CMLX1796A,lotus_vinyl_blinds,lotus_mlx_1in_vinyl_custom,unresolved_exception,Not observed in current portal collection snapshot; absence is not discontinuation
custom,CMLX2396A,lotus_vinyl_blinds,lotus_mlx_1in_vinyl_custom,unresolved_exception,Not observed in current portal collection snapshot; absence is not discontinuation
custom,CMLX2796W,lotus_vinyl_blinds,lotus_mlx_1in_vinyl_custom,unresolved_exception,Not observed in current portal collection snapshot; absence is not discontinuation
custom,CMLX2796A,lotus_vinyl_blinds,lotus_mlx_1in_vinyl_custom,unresolved_exception,Not observed in current portal collection snapshot; absence is not discontinuation
custom,CMLX3096W,lotus_vinyl_blinds,lotus_mlx_1in_vinyl_custom,unresolved_exception,Not observed in current portal collection snapshot; absence is not discontinuation
custom,CMLX3096A,lotus_vinyl_blinds,lotus_mlx_1in_vinyl_custom,unresolved_exception,Not observed in current portal collection snapshot; absence is not discontinuation
custom,CMLX3996A,lotus_vinyl_blinds,lotus_mlx_1in_vinyl_custom,unresolved_exception,Not observed in current portal collection snapshot; absence is not discontinuation
custom,CMLX4396A,lotus_vinyl_blinds,lotus_mlx_1in_vinyl_custom,unresolved_exception,Not observed in current portal collection snapshot; absence is not discontinuation
custom,CRLX1736W,lotus_vinyl_blinds,lotus_rlx_1in_vinyl_plus_custom,unresolved_exception,Not observed in current portal collection snapshot; absence is not discontinuation
custom,CRLX7836W,lotus_vinyl_blinds,lotus_rlx_1in_vinyl_plus_custom,unresolved_exception,Not observed in current portal collection snapshot; absence is not discontinuation
custom,CRLX82536W,lotus_vinyl_blinds,lotus_rlx_1in_vinyl_plus_custom,unresolved_exception,Not observed in current portal collection snapshot; absence is not discontinuation
custom,CRLX8736W,lotus_vinyl_blinds,lotus_rlx_1in_vinyl_plus_custom,unresolved_exception,Not observed in current portal collection snapshot; absence is not discontinuation
custom,CRLX9536W,lotus_vinyl_blinds,lotus_rlx_1in_vinyl_plus_custom,unresolved_exception,Not observed in current portal collection snapshot; absence is not discontinuation
custom,CRLX1748W,lotus_vinyl_blinds,lotus_rlx_1in_vinyl_plus_custom,unresolved_exception,Not observed in current portal collection snapshot; absence is not discontinuation
custom,CRLX1760W,lotus_vinyl_blinds,lotus_rlx_1in_vinyl_plus_custom,unresolved_exception,Not observed in current portal collection snapshot; absence is not discontinuation
custom,CRLX1764W,lotus_vinyl_blinds,lotus_rlx_1in_vinyl_plus_custom,unresolved_exception,Not observed in current portal collection snapshot; absence is not discontinuation
custom,CRLX7864W,lotus_vinyl_blinds,lotus_rlx_1in_vinyl_plus_custom,unresolved_exception,Not observed in current portal collection snapshot; absence is not discontinuation
custom,CRLX82564W,lotus_vinyl_blinds,lotus_rlx_1in_vinyl_plus_custom,unresolved_exception,Not observed in current portal collection snapshot; absence is not discontinuation
custom,CRLX8764W,lotus_vinyl_blinds,lotus_rlx_1in_vinyl_plus_custom,unresolved_exception,Not observed in current portal collection snapshot; absence is not discontinuation
custom,CRLX9564W,lotus_vinyl_blinds,lotus_rlx_1in_vinyl_plus_custom,unresolved_exception,Not observed in current portal collection snapshot; absence is not discontinuation
custom,CRLX1772W,lotus_vinyl_blinds,lotus_rlx_1in_vinyl_plus_custom,unresolved_exception,Not observed in current portal collection snapshot; absence is not discontinuation
custom,CRLX5472W,lotus_vinyl_blinds,lotus_rlx_1in_vinyl_plus_custom,unresolved_exception,Not observed in current portal collection snapshot; absence is not discontinuation
custom,CRLX1784W,lotus_vinyl_blinds,lotus_rlx_1in_vinyl_plus_custom,unresolved_exception,Not observed in current portal collection snapshot; absence is not discontinuation
custom,CRLX6384W,lotus_vinyl_blinds,lotus_rlx_1in_vinyl_plus_custom,unresolved_exception,Not observed in current portal collection snapshot; absence is not discontinuation
custom,CRLX7284W,lotus_vinyl_blinds,lotus_rlx_1in_vinyl_plus_custom,unresolved_exception,Not observed in current portal collection snapshot; absence is not discontinuation
custom,CRLX1796W,lotus_vinyl_blinds,lotus_rlx_1in_vinyl_plus_custom,unresolved_exception,Not observed in current portal collection snapshot; absence is not discontinuation
custom,CRTX2736W,lotus_vinyl_blinds,lotus_rtx_2in_vinyl_plus_custom,unresolved_exception,Not observed in current portal collection snapshot; absence is not discontinuation
custom,CRTX3036W,lotus_vinyl_blinds,lotus_rtx_2in_vinyl_plus_custom,unresolved_exception,Not observed in current portal collection snapshot; absence is not discontinuation
custom,CRTX3936W,lotus_vinyl_blinds,lotus_rtx_2in_vinyl_plus_custom,unresolved_exception,Not observed in current portal collection snapshot; absence is not discontinuation
custom,CRTX4336W,lotus_vinyl_blinds,lotus_rtx_2in_vinyl_plus_custom,unresolved_exception,Not observed in current portal collection snapshot; absence is not discontinuation
custom,CRTX4836W,lotus_vinyl_blinds,lotus_rtx_2in_vinyl_plus_custom,unresolved_exception,Not observed in current portal collection snapshot; absence is not discontinuation
custom,CRTX5436W,lotus_vinyl_blinds,lotus_rtx_2in_vinyl_plus_custom,unresolved_exception,Not observed in current portal collection snapshot; absence is not discontinuation
custom,CRTX5936W,lotus_vinyl_blinds,lotus_rtx_2in_vinyl_plus_custom,unresolved_exception,Not observed in current portal collection snapshot; absence is not discontinuation
custom,CRTX6336W,lotus_vinyl_blinds,lotus_rtx_2in_vinyl_plus_custom,unresolved_exception,Not observed in current portal collection snapshot; absence is not discontinuation
custom,CRTX6936W,lotus_vinyl_blinds,lotus_rtx_2in_vinyl_plus_custom,unresolved_exception,Not observed in current portal collection snapshot; absence is not discontinuation
custom,CRTX7236W,lotus_vinyl_blinds,lotus_rtx_2in_vinyl_plus_custom,unresolved_exception,Not observed in current portal collection snapshot; absence is not discontinuation
custom,CRTX5460W,lotus_vinyl_blinds,lotus_rtx_2in_vinyl_plus_custom,unresolved_exception,Not observed in current portal collection snapshot; absence is not discontinuation
custom,CRTX6360W,lotus_vinyl_blinds,lotus_rtx_2in_vinyl_plus_custom,unresolved_exception,Not observed in current portal collection snapshot; absence is not discontinuation
custom,CRTX6384W,lotus_vinyl_blinds,lotus_rtx_2in_vinyl_plus_custom,unresolved_exception,Not observed in current portal collection snapshot; absence is not discontinuation
custom,CRTX6984W,lotus_vinyl_blinds,lotus_rtx_2in_vinyl_plus_custom,unresolved_exception,Not observed in current portal collection snapshot; absence is not discontinuation
custom,CRTX5496W,lotus_vinyl_blinds,lotus_rtx_2in_vinyl_plus_custom,unresolved_exception,Not observed in current portal collection snapshot; absence is not discontinuation
custom,CRTX5996W,lotus_vinyl_blinds,lotus_rtx_2in_vinyl_plus_custom,unresolved_exception,Not observed in current portal collection snapshot; absence is not discontinuation
custom,CRTX6396W,lotus_vinyl_blinds,lotus_rtx_2in_vinyl_plus_custom,unresolved_exception,Not observed in current portal collection snapshot; absence is not discontinuation
custom,CRTX6996W,lotus_vinyl_blinds,lotus_rtx_2in_vinyl_plus_custom,unresolved_exception,Not observed in current portal collection snapshot; absence is not discontinuation
custom,CRTX7296W,lotus_vinyl_blinds,lotus_rtx_2in_vinyl_plus_custom,unresolved_exception,Not observed in current portal collection snapshot; absence is not discontinuation
custom,CAMX1736W,lotus_mini_blinds,lotus_amx_1in_aluminum_custom,unresolved_exception,Not observed in current portal collection snapshot; absence is not discontinuation
custom,CAMX2736A,lotus_mini_blinds,lotus_amx_1in_aluminum_custom,unresolved_exception,Not observed in current portal collection snapshot; absence is not discontinuation
custom,CAMX3936W,lotus_mini_blinds,lotus_amx_1in_aluminum_custom,unresolved_exception,Not observed in current portal collection snapshot; absence is not discontinuation
custom,CAMX4336W,lotus_mini_blinds,lotus_amx_1in_aluminum_custom,unresolved_exception,Not observed in current portal collection snapshot; absence is not discontinuation
custom,CAMX5436W,lotus_mini_blinds,lotus_amx_1in_aluminum_custom,unresolved_exception,Not observed in current portal collection snapshot; absence is not discontinuation
custom,CAMX6336W,lotus_mini_blinds,lotus_amx_1in_aluminum_custom,unresolved_exception,Not observed in current portal collection snapshot; absence is not discontinuation
custom,CAMX7836W,lotus_mini_blinds,lotus_amx_1in_aluminum_custom,unresolved_exception,Not observed in current portal collection snapshot; absence is not discontinuation
custom,CAMX82536W,lotus_mini_blinds,lotus_amx_1in_aluminum_custom,unresolved_exception,Not observed in current portal collection snapshot; absence is not discontinuation
custom,CAMX8936W,lotus_mini_blinds,lotus_amx_1in_aluminum_custom,unresolved_exception,Not observed in current portal collection snapshot; absence is not discontinuation
custom,CAMX9536W,lotus_mini_blinds,lotus_amx_1in_aluminum_custom,unresolved_exception,Not observed in current portal collection snapshot; absence is not discontinuation
custom,CAMX1748W,lotus_mini_blinds,lotus_amx_1in_aluminum_custom,unresolved_exception,Not observed in current portal collection snapshot; absence is not discontinuation
custom,CAMX2748A,lotus_mini_blinds,lotus_amx_1in_aluminum_custom,unresolved_exception,Not observed in current portal collection snapshot; absence is not discontinuation
custom,CAMX5448A,lotus_mini_blinds,lotus_amx_1in_aluminum_custom,unresolved_exception,Not observed in current portal collection snapshot; absence is not discontinuation
custom,CAMX6348W,lotus_mini_blinds,lotus_amx_1in_aluminum_custom,unresolved_exception,Not observed in current portal collection snapshot; absence is not discontinuation
custom,CAMX6348A,lotus_mini_blinds,lotus_amx_1in_aluminum_custom,unresolved_exception,Not observed in current portal collection snapshot; absence is not discontinuation
custom,CAMX7848W,lotus_mini_blinds,lotus_amx_1in_aluminum_custom,unresolved_exception,Not observed in current portal collection snapshot; absence is not discontinuation
custom,CAMX82548A,lotus_mini_blinds,lotus_amx_1in_aluminum_custom,unresolved_exception,Not observed in current portal collection snapshot; absence is not discontinuation
custom,CAMX8948W,lotus_mini_blinds,lotus_amx_1in_aluminum_custom,unresolved_exception,Not observed in current portal collection snapshot; absence is not discontinuation
custom,CAMX8948A,lotus_mini_blinds,lotus_amx_1in_aluminum_custom,unresolved_exception,Not observed in current portal collection snapshot; absence is not discontinuation
custom,CAMX1760W,lotus_mini_blinds,lotus_amx_1in_aluminum_custom,unresolved_exception,Not observed in current portal collection snapshot; absence is not discontinuation
custom,CAMX7860W,lotus_mini_blinds,lotus_amx_1in_aluminum_custom,unresolved_exception,Not observed in current portal collection snapshot; absence is not discontinuation
custom,CAMX8960W,lotus_mini_blinds,lotus_amx_1in_aluminum_custom,unresolved_exception,Not observed in current portal collection snapshot; absence is not discontinuation
custom,CAMX8960A,lotus_mini_blinds,lotus_amx_1in_aluminum_custom,unresolved_exception,Not observed in current portal collection snapshot; absence is not discontinuation
custom,CAMX1764W,lotus_mini_blinds,lotus_amx_1in_aluminum_custom,unresolved_exception,Not observed in current portal collection snapshot; absence is not discontinuation
custom,CAMX2364W,lotus_mini_blinds,lotus_amx_1in_aluminum_custom,unresolved_exception,Not observed in current portal collection snapshot; absence is not discontinuation
custom,CAMX3964W,lotus_mini_blinds,lotus_amx_1in_aluminum_custom,unresolved_exception,Not observed in current portal collection snapshot; absence is not discontinuation
custom,CAMX4364W,lotus_mini_blinds,lotus_amx_1in_aluminum_custom,unresolved_exception,Not observed in current portal collection snapshot; absence is not discontinuation
custom,CAMX5464W,lotus_mini_blinds,lotus_amx_1in_aluminum_custom,unresolved_exception,Not observed in current portal collection snapshot; absence is not discontinuation
custom,CAMX5964W,lotus_mini_blinds,lotus_amx_1in_aluminum_custom,unresolved_exception,Not observed in current portal collection snapshot; absence is not discontinuation
custom,CAMX6364W,lotus_mini_blinds,lotus_amx_1in_aluminum_custom,unresolved_exception,Not observed in current portal collection snapshot; absence is not discontinuation
custom,CAMX7864W,lotus_mini_blinds,lotus_amx_1in_aluminum_custom,unresolved_exception,Not observed in current portal collection snapshot; absence is not discontinuation
custom,CAMX82564W,lotus_mini_blinds,lotus_amx_1in_aluminum_custom,unresolved_exception,Not observed in current portal collection snapshot; absence is not discontinuation
custom,CAMX8964W,lotus_mini_blinds,lotus_amx_1in_aluminum_custom,unresolved_exception,Not observed in current portal collection snapshot; absence is not discontinuation
custom,CAMX9564W,lotus_mini_blinds,lotus_amx_1in_aluminum_custom,unresolved_exception,Not observed in current portal collection snapshot; absence is not discontinuation
custom,CAMX1772W,lotus_mini_blinds,lotus_amx_1in_aluminum_custom,unresolved_exception,Not observed in current portal collection snapshot; absence is not discontinuation
custom,CAMX7872W,lotus_mini_blinds,lotus_amx_1in_aluminum_custom,unresolved_exception,Not observed in current portal collection snapshot; absence is not discontinuation
custom,CAMX1784W,lotus_mini_blinds,lotus_amx_1in_aluminum_custom,unresolved_exception,Not observed in current portal collection snapshot; absence is not discontinuation
custom,CAMX4384W,lotus_mini_blinds,lotus_amx_1in_aluminum_custom,unresolved_exception,Not observed in current portal collection snapshot; absence is not discontinuation
custom,CAMX4384A,lotus_mini_blinds,lotus_amx_1in_aluminum_custom,unresolved_exception,Not observed in current portal collection snapshot; absence is not discontinuation
custom,CAMX5484W,lotus_mini_blinds,lotus_amx_1in_aluminum_custom,unresolved_exception,Not observed in current portal collection snapshot; absence is not discontinuation
custom,CAMX5484A,lotus_mini_blinds,lotus_amx_1in_aluminum_custom,unresolved_exception,Not observed in current portal collection snapshot; absence is not discontinuation
custom,CAMX5984A,lotus_mini_blinds,lotus_amx_1in_aluminum_custom,unresolved_exception,Not observed in current portal collection snapshot; absence is not discontinuation
custom,CAMX6384W,lotus_mini_blinds,lotus_amx_1in_aluminum_custom,unresolved_exception,Not observed in current portal collection snapshot; absence is not discontinuation
custom,CAMX6384A,lotus_mini_blinds,lotus_amx_1in_aluminum_custom,unresolved_exception,Not observed in current portal collection snapshot; absence is not discontinuation
custom,CAMX6984A,lotus_mini_blinds,lotus_amx_1in_aluminum_custom,unresolved_exception,Not observed in current portal collection snapshot; absence is not discontinuation
custom,CAMX1796W,lotus_mini_blinds,lotus_amx_1in_aluminum_custom,unresolved_exception,Not observed in current portal collection snapshot; absence is not discontinuation
custom,CAMX2796W,lotus_mini_blinds,lotus_amx_1in_aluminum_custom,unresolved_exception,Not observed in current portal collection snapshot; absence is not discontinuation
custom,CAMX5496W,lotus_mini_blinds,lotus_amx_1in_aluminum_custom,unresolved_exception,Not observed in current portal collection snapshot; absence is not discontinuation
custom,CAMX6396W,lotus_mini_blinds,lotus_amx_1in_aluminum_custom,unresolved_exception,Not observed in current portal collection snapshot; absence is not discontinuation
custom,CAMX6996W,lotus_mini_blinds,lotus_amx_1in_aluminum_custom,unresolved_exception,Not observed in current portal collection snapshot; absence is not discontinuation
custom,CAMX7296W,lotus_mini_blinds,lotus_amx_1in_aluminum_custom,unresolved_exception,Not observed in current portal collection snapshot; absence is not discontinuation
custom,CAMX17108W,lotus_mini_blinds,lotus_amx_1in_aluminum_custom,unresolved_exception,Not observed in current portal collection snapshot; absence is not discontinuation
custom,CFLX3936BW,lotus_faux_wood_blinds,lotus_flx_2in_bright_white_custom,unresolved_exception,Not observed in current portal collection snapshot; absence is not discontinuation
custom,CFLX4336BW,lotus_faux_wood_blinds,lotus_flx_2in_bright_white_custom,unresolved_exception,Not observed in current portal collection snapshot; absence is not discontinuation
custom,CFLX5436BW,lotus_faux_wood_blinds,lotus_flx_2in_bright_white_custom,unresolved_exception,Not observed in current portal collection snapshot; absence is not discontinuation
custom,CFLX6336BW,lotus_faux_wood_blinds,lotus_flx_2in_bright_white_custom,unresolved_exception,Not observed in current portal collection snapshot; absence is not discontinuation
custom,CFLX7836BW,lotus_faux_wood_blinds,lotus_flx_2in_bright_white_custom,unresolved_exception,Not observed in current portal collection snapshot; absence is not discontinuation
custom,CFLX82536BW,lotus_faux_wood_blinds,lotus_flx_2in_bright_white_custom,unresolved_exception,Not observed in current portal collection snapshot; absence is not discontinuation
custom,CFLX8936BW,lotus_faux_wood_blinds,lotus_flx_2in_bright_white_custom,unresolved_exception,Not observed in current portal collection snapshot; absence is not discontinuation
custom,CFLX9536BW,lotus_faux_wood_blinds,lotus_flx_2in_bright_white_custom,unresolved_exception,Not observed in current portal collection snapshot; absence is not discontinuation
custom,CFLX7848BW,lotus_faux_wood_blinds,lotus_flx_2in_bright_white_custom,unresolved_exception,Not observed in current portal collection snapshot; absence is not discontinuation
custom,CFLX82548BW,lotus_faux_wood_blinds,lotus_flx_2in_bright_white_custom,unresolved_exception,Not observed in current portal collection snapshot; absence is not discontinuation
custom,CFLX8948BW,lotus_faux_wood_blinds,lotus_flx_2in_bright_white_custom,unresolved_exception,Not observed in current portal collection snapshot; absence is not discontinuation
custom,CFLX9548BW,lotus_faux_wood_blinds,lotus_flx_2in_bright_white_custom,unresolved_exception,Not observed in current portal collection snapshot; absence is not discontinuation
custom,CFLX7860BW,lotus_faux_wood_blinds,lotus_flx_2in_bright_white_custom,unresolved_exception,Not observed in current portal collection snapshot; absence is not discontinuation
custom,CFLX8960BW,lotus_faux_wood_blinds,lotus_flx_2in_bright_white_custom,unresolved_exception,Not observed in current portal collection snapshot; absence is not discontinuation
custom,CFLX4864BW,lotus_faux_wood_blinds,lotus_flx_2in_bright_white_custom,unresolved_exception,Not observed in current portal collection snapshot; absence is not discontinuation
custom,CFLX5464BW,lotus_faux_wood_blinds,lotus_flx_2in_bright_white_custom,unresolved_exception,Not observed in current portal collection snapshot; absence is not discontinuation
custom,CFLX5964BW,lotus_faux_wood_blinds,lotus_flx_2in_bright_white_custom,unresolved_exception,Not observed in current portal collection snapshot; absence is not discontinuation
custom,CFLX6364BW,lotus_faux_wood_blinds,lotus_flx_2in_bright_white_custom,unresolved_exception,Not observed in current portal collection snapshot; absence is not discontinuation
custom,CFLX6964BW,lotus_faux_wood_blinds,lotus_flx_2in_bright_white_custom,unresolved_exception,Not observed in current portal collection snapshot; absence is not discontinuation
custom,CFLX7264BW,lotus_faux_wood_blinds,lotus_flx_2in_bright_white_custom,unresolved_exception,Not observed in current portal collection snapshot; absence is not discontinuation
custom,CFLX7864BW,lotus_faux_wood_blinds,lotus_flx_2in_bright_white_custom,unresolved_exception,Not observed in current portal collection snapshot; absence is not discontinuation
custom,CFLX82564BW,lotus_faux_wood_blinds,lotus_flx_2in_bright_white_custom,unresolved_exception,Not observed in current portal collection snapshot; absence is not discontinuation
custom,CFLX8964BW,lotus_faux_wood_blinds,lotus_flx_2in_bright_white_custom,unresolved_exception,Not observed in current portal collection snapshot; absence is not discontinuation
custom,CFLX9564BW,lotus_faux_wood_blinds,lotus_flx_2in_bright_white_custom,unresolved_exception,Not observed in current portal collection snapshot; absence is not discontinuation
custom,CFLX7872BW,lotus_faux_wood_blinds,lotus_flx_2in_bright_white_custom,unresolved_exception,Not observed in current portal collection snapshot; absence is not discontinuation
custom,CFLX1784BW,lotus_faux_wood_blinds,lotus_flx_2in_bright_white_custom,unresolved_exception,Not observed in current portal collection snapshot; absence is not discontinuation
custom,CFLX4884BW,lotus_faux_wood_blinds,lotus_flx_2in_bright_white_custom,unresolved_exception,Not observed in current portal collection snapshot; absence is not discontinuation
custom,CFLX5984BW,lotus_faux_wood_blinds,lotus_flx_2in_bright_white_custom,unresolved_exception,Not observed in current portal collection snapshot; absence is not discontinuation
custom,CFLX7284BW,lotus_faux_wood_blinds,lotus_flx_2in_bright_white_custom,unresolved_exception,Not observed in current portal collection snapshot; absence is not discontinuation
custom,CFLX1796BW,lotus_faux_wood_blinds,lotus_flx_2in_bright_white_custom,unresolved_exception,Not observed in current portal collection snapshot; absence is not discontinuation
custom,CFLX4396BW,lotus_faux_wood_blinds,lotus_flx_2in_bright_white_custom,unresolved_exception,Not observed in current portal collection snapshot; absence is not discontinuation
custom,CFLX5496BW,lotus_faux_wood_blinds,lotus_flx_2in_bright_white_custom,unresolved_exception,Not observed in current portal collection snapshot; absence is not discontinuation
custom,CFLX5996BW,lotus_faux_wood_blinds,lotus_flx_2in_bright_white_custom,unresolved_exception,Not observed in current portal collection snapshot; absence is not discontinuation
custom,CFLX6396BW,lotus_faux_wood_blinds,lotus_flx_2in_bright_white_custom,unresolved_exception,Not observed in current portal collection snapshot; absence is not discontinuation
custom,CFLX6996BW,lotus_faux_wood_blinds,lotus_flx_2in_bright_white_custom,unresolved_exception,Not observed in current portal collection snapshot; absence is not discontinuation
custom,CFLX1736EBW,lotus_faux_wood_blinds,lotus_flxe_2in_embossed_bright_white_custom,unresolved_exception,Not observed in current portal collection snapshot; absence is not discontinuation
custom,CFLX3936EBW,lotus_faux_wood_blinds,lotus_flxe_2in_embossed_bright_white_custom,unresolved_exception,Not observed in current portal collection snapshot; absence is not discontinuation
custom,CFLX7236EBW,lotus_faux_wood_blinds,lotus_flxe_2in_embossed_bright_white_custom,unresolved_exception,Not observed in current portal collection snapshot; absence is not discontinuation
custom,CFLX7836EBW,lotus_faux_wood_blinds,lotus_flxe_2in_embossed_bright_white_custom,unresolved_exception,Not observed in current portal collection snapshot; absence is not discontinuation
custom,CFLX82536EBW,lotus_faux_wood_blinds,lotus_flxe_2in_embossed_bright_white_custom,unresolved_exception,Not observed in current portal collection snapshot; absence is not discontinuation
custom,CFLX8936EBW,lotus_faux_wood_blinds,lotus_flxe_2in_embossed_bright_white_custom,unresolved_exception,Not observed in current portal collection snapshot; absence is not discontinuation
custom,CFLX9536EBW,lotus_faux_wood_blinds,lotus_flxe_2in_embossed_bright_white_custom,unresolved_exception,Not observed in current portal collection snapshot; absence is not discontinuation
custom,CFLX5448eBW,lotus_faux_wood_blinds,lotus_flxe_2in_embossed_bright_white_custom,unresolved_exception,Not observed in current portal collection snapshot; absence is not discontinuation
custom,CFLX7848EBW,lotus_faux_wood_blinds,lotus_flxe_2in_embossed_bright_white_custom,unresolved_exception,Not observed in current portal collection snapshot; absence is not discontinuation
custom,CFLX82548EBW,lotus_faux_wood_blinds,lotus_flxe_2in_embossed_bright_white_custom,unresolved_exception,Not observed in current portal collection snapshot; absence is not discontinuation
custom,CFLX8948EBW,lotus_faux_wood_blinds,lotus_flxe_2in_embossed_bright_white_custom,unresolved_exception,Not observed in current portal collection snapshot; absence is not discontinuation
custom,CFLX9548EBW,lotus_faux_wood_blinds,lotus_flxe_2in_embossed_bright_white_custom,unresolved_exception,Not observed in current portal collection snapshot; absence is not discontinuation
custom,CFLX7860EBW,lotus_faux_wood_blinds,lotus_flxe_2in_embossed_bright_white_custom,unresolved_exception,Not observed in current portal collection snapshot; absence is not discontinuation
custom,CFLX82560EBW,lotus_faux_wood_blinds,lotus_flxe_2in_embossed_bright_white_custom,unresolved_exception,Not observed in current portal collection snapshot; absence is not discontinuation
custom,CFLX8960EBW,lotus_faux_wood_blinds,lotus_flxe_2in_embossed_bright_white_custom,unresolved_exception,Not observed in current portal collection snapshot; absence is not discontinuation
custom,CFLX9560EBW,lotus_faux_wood_blinds,lotus_flxe_2in_embossed_bright_white_custom,unresolved_exception,Not observed in current portal collection snapshot; absence is not discontinuation
custom,CFLX2364EBW,lotus_faux_wood_blinds,lotus_flxe_2in_embossed_bright_white_custom,unresolved_exception,Not observed in current portal collection snapshot; absence is not discontinuation
custom,CFLX2764EBW,lotus_faux_wood_blinds,lotus_flxe_2in_embossed_bright_white_custom,unresolved_exception,Not observed in current portal collection snapshot; absence is not discontinuation
custom,CFLX4364EBW,lotus_faux_wood_blinds,lotus_flxe_2in_embossed_bright_white_custom,unresolved_exception,Not observed in current portal collection snapshot; absence is not discontinuation
custom,CFLX4864EBW,lotus_faux_wood_blinds,lotus_flxe_2in_embossed_bright_white_custom,unresolved_exception,Not observed in current portal collection snapshot; absence is not discontinuation
custom,CFLX6964EBW,lotus_faux_wood_blinds,lotus_flxe_2in_embossed_bright_white_custom,unresolved_exception,Not observed in current portal collection snapshot; absence is not discontinuation
custom,CFLX7264EBW,lotus_faux_wood_blinds,lotus_flxe_2in_embossed_bright_white_custom,unresolved_exception,Not observed in current portal collection snapshot; absence is not discontinuation
custom,CFLX7864EBW,lotus_faux_wood_blinds,lotus_flxe_2in_embossed_bright_white_custom,unresolved_exception,Not observed in current portal collection snapshot; absence is not discontinuation
custom,CFLX82564EBW,lotus_faux_wood_blinds,lotus_flxe_2in_embossed_bright_white_custom,unresolved_exception,Not observed in current portal collection snapshot; absence is not discontinuation
custom,CFLX8964EBW,lotus_faux_wood_blinds,lotus_flxe_2in_embossed_bright_white_custom,unresolved_exception,Not observed in current portal collection snapshot; absence is not discontinuation
custom,CFLX9564EBW,lotus_faux_wood_blinds,lotus_flxe_2in_embossed_bright_white_custom,unresolved_exception,Not observed in current portal collection snapshot; absence is not discontinuation
custom,CFLX7872EBW,lotus_faux_wood_blinds,lotus_flxe_2in_embossed_bright_white_custom,unresolved_exception,Not observed in current portal collection snapshot; absence is not discontinuation
custom,CFLX82572EBW,lotus_faux_wood_blinds,lotus_flxe_2in_embossed_bright_white_custom,unresolved_exception,Not observed in current portal collection snapshot; absence is not discontinuation
custom,CFLX8972EBW,lotus_faux_wood_blinds,lotus_flxe_2in_embossed_bright_white_custom,unresolved_exception,Not observed in current portal collection snapshot; absence is not discontinuation
custom,CFLX9572EBW,lotus_faux_wood_blinds,lotus_flxe_2in_embossed_bright_white_custom,unresolved_exception,Not observed in current portal collection snapshot; absence is not discontinuation
custom,CFLX1784EBW,lotus_faux_wood_blinds,lotus_flxe_2in_embossed_bright_white_custom,unresolved_exception,Not observed in current portal collection snapshot; absence is not discontinuation
custom,CFLX6984EBW,lotus_faux_wood_blinds,lotus_flxe_2in_embossed_bright_white_custom,unresolved_exception,Not observed in current portal collection snapshot; absence is not discontinuation
custom,CFLX7284EBW,lotus_faux_wood_blinds,lotus_flxe_2in_embossed_bright_white_custom,unresolved_exception,Not observed in current portal collection snapshot; absence is not discontinuation
custom,CFLX1796EBW,lotus_faux_wood_blinds,lotus_flxe_2in_embossed_bright_white_custom,unresolved_exception,Not observed in current portal collection snapshot; absence is not discontinuation
custom,CFTX1736SNW,lotus_faux_wood_blinds,lotus_ftx_2in_snow_white_custom,unresolved_exception,Not observed in current portal collection snapshot; absence is not discontinuation
custom,CFTX2336SNW,lotus_faux_wood_blinds,lotus_ftx_2in_snow_white_custom,unresolved_exception,Not observed in current portal collection snapshot; absence is not discontinuation
custom,CFTX2736SNW,lotus_faux_wood_blinds,lotus_ftx_2in_snow_white_custom,unresolved_exception,Not observed in current portal collection snapshot; absence is not discontinuation
custom,CFTX3036SNW,lotus_faux_wood_blinds,lotus_ftx_2in_snow_white_custom,unresolved_exception,Not observed in current portal collection snapshot; absence is not discontinuation
custom,CFTX3536SNW,lotus_faux_wood_blinds,lotus_ftx_2in_snow_white_custom,unresolved_exception,Not observed in current portal collection snapshot; absence is not discontinuation
custom,CFTX3936SNW,lotus_faux_wood_blinds,lotus_ftx_2in_snow_white_custom,unresolved_exception,Not observed in current portal collection snapshot; absence is not discontinuation
custom,CFTX4336SNW,lotus_faux_wood_blinds,lotus_ftx_2in_snow_white_custom,unresolved_exception,Not observed in current portal collection snapshot; absence is not discontinuation
custom,CFTX4836SNW,lotus_faux_wood_blinds,lotus_ftx_2in_snow_white_custom,unresolved_exception,Not observed in current portal collection snapshot; absence is not discontinuation
custom,CFTX5436SNW,lotus_faux_wood_blinds,lotus_ftx_2in_snow_white_custom,unresolved_exception,Not observed in current portal collection snapshot; absence is not discontinuation
custom,CFTX5936SNW,lotus_faux_wood_blinds,lotus_ftx_2in_snow_white_custom,unresolved_exception,Not observed in current portal collection snapshot; absence is not discontinuation
custom,CFTX6336SNW,lotus_faux_wood_blinds,lotus_ftx_2in_snow_white_custom,unresolved_exception,Not observed in current portal collection snapshot; absence is not discontinuation
custom,CFTX6936SNW,lotus_faux_wood_blinds,lotus_ftx_2in_snow_white_custom,unresolved_exception,Not observed in current portal collection snapshot; absence is not discontinuation
custom,CFTX7236SNW,lotus_faux_wood_blinds,lotus_ftx_2in_snow_white_custom,unresolved_exception,Not observed in current portal collection snapshot; absence is not discontinuation
custom,CFTX1748SNW,lotus_faux_wood_blinds,lotus_ftx_2in_snow_white_custom,unresolved_exception,Not observed in current portal collection snapshot; absence is not discontinuation
custom,CFTX2348SNW,lotus_faux_wood_blinds,lotus_ftx_2in_snow_white_custom,unresolved_exception,Not observed in current portal collection snapshot; absence is not discontinuation
custom,CFTX2748SNW,lotus_faux_wood_blinds,lotus_ftx_2in_snow_white_custom,unresolved_exception,Not observed in current portal collection snapshot; absence is not discontinuation
custom,CFTX3048SNW,lotus_faux_wood_blinds,lotus_ftx_2in_snow_white_custom,unresolved_exception,Not observed in current portal collection snapshot; absence is not discontinuation
custom,CFTX3548SNW,lotus_faux_wood_blinds,lotus_ftx_2in_snow_white_custom,unresolved_exception,Not observed in current portal collection snapshot; absence is not discontinuation
custom,CFTX3948SNW,lotus_faux_wood_blinds,lotus_ftx_2in_snow_white_custom,unresolved_exception,Not observed in current portal collection snapshot; absence is not discontinuation
custom,CFTX4348SNW,lotus_faux_wood_blinds,lotus_ftx_2in_snow_white_custom,unresolved_exception,Not observed in current portal collection snapshot; absence is not discontinuation
custom,CFTX4848SNW,lotus_faux_wood_blinds,lotus_ftx_2in_snow_white_custom,unresolved_exception,Not observed in current portal collection snapshot; absence is not discontinuation
custom,CFTX5448SNW,lotus_faux_wood_blinds,lotus_ftx_2in_snow_white_custom,unresolved_exception,Not observed in current portal collection snapshot; absence is not discontinuation
custom,CFTX5948SNW,lotus_faux_wood_blinds,lotus_ftx_2in_snow_white_custom,unresolved_exception,Not observed in current portal collection snapshot; absence is not discontinuation
custom,CFTX6348SNW,lotus_faux_wood_blinds,lotus_ftx_2in_snow_white_custom,unresolved_exception,Not observed in current portal collection snapshot; absence is not discontinuation
custom,CFTX6948SNW,lotus_faux_wood_blinds,lotus_ftx_2in_snow_white_custom,unresolved_exception,Not observed in current portal collection snapshot; absence is not discontinuation
custom,CFTX7248SNW,lotus_faux_wood_blinds,lotus_ftx_2in_snow_white_custom,unresolved_exception,Not observed in current portal collection snapshot; absence is not discontinuation
custom,CFTX1760SNW,lotus_faux_wood_blinds,lotus_ftx_2in_snow_white_custom,unresolved_exception,Not observed in current portal collection snapshot; absence is not discontinuation
custom,CFTX2360SNW,lotus_faux_wood_blinds,lotus_ftx_2in_snow_white_custom,unresolved_exception,Not observed in current portal collection snapshot; absence is not discontinuation
custom,CFTX2760SNW,lotus_faux_wood_blinds,lotus_ftx_2in_snow_white_custom,unresolved_exception,Not observed in current portal collection snapshot; absence is not discontinuation
custom,CFTX3060SNW,lotus_faux_wood_blinds,lotus_ftx_2in_snow_white_custom,unresolved_exception,Not observed in current portal collection snapshot; absence is not discontinuation
custom,CFTX3560SNW,lotus_faux_wood_blinds,lotus_ftx_2in_snow_white_custom,unresolved_exception,Not observed in current portal collection snapshot; absence is not discontinuation
custom,CFTX3960SNW,lotus_faux_wood_blinds,lotus_ftx_2in_snow_white_custom,unresolved_exception,Not observed in current portal collection snapshot; absence is not discontinuation
custom,CFTX4360SNW,lotus_faux_wood_blinds,lotus_ftx_2in_snow_white_custom,unresolved_exception,Not observed in current portal collection snapshot; absence is not discontinuation
custom,CFTX4860SNW,lotus_faux_wood_blinds,lotus_ftx_2in_snow_white_custom,unresolved_exception,Not observed in current portal collection snapshot; absence is not discontinuation
custom,CFTX5460SNW,lotus_faux_wood_blinds,lotus_ftx_2in_snow_white_custom,unresolved_exception,Not observed in current portal collection snapshot; absence is not discontinuation
custom,CFTX5960SNW,lotus_faux_wood_blinds,lotus_ftx_2in_snow_white_custom,unresolved_exception,Not observed in current portal collection snapshot; absence is not discontinuation
custom,CFTX6360SNW,lotus_faux_wood_blinds,lotus_ftx_2in_snow_white_custom,unresolved_exception,Not observed in current portal collection snapshot; absence is not discontinuation
custom,CFTX6960SNW,lotus_faux_wood_blinds,lotus_ftx_2in_snow_white_custom,unresolved_exception,Not observed in current portal collection snapshot; absence is not discontinuation
custom,CFTX7260SNW,lotus_faux_wood_blinds,lotus_ftx_2in_snow_white_custom,unresolved_exception,Not observed in current portal collection snapshot; absence is not discontinuation
custom,CFTX1764SNW,lotus_faux_wood_blinds,lotus_ftx_2in_snow_white_custom,unresolved_exception,Not observed in current portal collection snapshot; absence is not discontinuation
custom,CFTX2364SNW,lotus_faux_wood_blinds,lotus_ftx_2in_snow_white_custom,unresolved_exception,Not observed in current portal collection snapshot; absence is not discontinuation
custom,CFTX2764SNW,lotus_faux_wood_blinds,lotus_ftx_2in_snow_white_custom,unresolved_exception,Not observed in current portal collection snapshot; absence is not discontinuation
custom,CFTX3064SNW,lotus_faux_wood_blinds,lotus_ftx_2in_snow_white_custom,unresolved_exception,Not observed in current portal collection snapshot; absence is not discontinuation
custom,CFTX3564SNW,lotus_faux_wood_blinds,lotus_ftx_2in_snow_white_custom,unresolved_exception,Not observed in current portal collection snapshot; absence is not discontinuation
custom,CFTX3964SNW,lotus_faux_wood_blinds,lotus_ftx_2in_snow_white_custom,unresolved_exception,Not observed in current portal collection snapshot; absence is not discontinuation
custom,CFTX4364SNW,lotus_faux_wood_blinds,lotus_ftx_2in_snow_white_custom,unresolved_exception,Not observed in current portal collection snapshot; absence is not discontinuation
custom,CFTX4864SNW,lotus_faux_wood_blinds,lotus_ftx_2in_snow_white_custom,unresolved_exception,Not observed in current portal collection snapshot; absence is not discontinuation
custom,CFTX5464SNW,lotus_faux_wood_blinds,lotus_ftx_2in_snow_white_custom,unresolved_exception,Not observed in current portal collection snapshot; absence is not discontinuation
custom,CFTX5964SNW,lotus_faux_wood_blinds,lotus_ftx_2in_snow_white_custom,unresolved_exception,Not observed in current portal collection snapshot; absence is not discontinuation
custom,CFTX6364SNW,lotus_faux_wood_blinds,lotus_ftx_2in_snow_white_custom,unresolved_exception,Not observed in current portal collection snapshot; absence is not discontinuation
custom,CFTX6964SNW,lotus_faux_wood_blinds,lotus_ftx_2in_snow_white_custom,unresolved_exception,Not observed in current portal collection snapshot; absence is not discontinuation
custom,CFTX7264SNW,lotus_faux_wood_blinds,lotus_ftx_2in_snow_white_custom,unresolved_exception,Not observed in current portal collection snapshot; absence is not discontinuation
custom,CFTX1772SNW,lotus_faux_wood_blinds,lotus_ftx_2in_snow_white_custom,unresolved_exception,Not observed in current portal collection snapshot; absence is not discontinuation
custom,CFTX2372SNW,lotus_faux_wood_blinds,lotus_ftx_2in_snow_white_custom,unresolved_exception,Not observed in current portal collection snapshot; absence is not discontinuation
custom,CFTX2772SNW,lotus_faux_wood_blinds,lotus_ftx_2in_snow_white_custom,unresolved_exception,Not observed in current portal collection snapshot; absence is not discontinuation
custom,CFTX3072SNW,lotus_faux_wood_blinds,lotus_ftx_2in_snow_white_custom,unresolved_exception,Not observed in current portal collection snapshot; absence is not discontinuation
custom,CFTX3572SNW,lotus_faux_wood_blinds,lotus_ftx_2in_snow_white_custom,unresolved_exception,Not observed in current portal collection snapshot; absence is not discontinuation
custom,CFTX3972SNW,lotus_faux_wood_blinds,lotus_ftx_2in_snow_white_custom,unresolved_exception,Not observed in current portal collection snapshot; absence is not discontinuation
custom,CFTX4372SNW,lotus_faux_wood_blinds,lotus_ftx_2in_snow_white_custom,unresolved_exception,Not observed in current portal collection snapshot; absence is not discontinuation
custom,CFTX4872SNW,lotus_faux_wood_blinds,lotus_ftx_2in_snow_white_custom,unresolved_exception,Not observed in current portal collection snapshot; absence is not discontinuation
custom,CFTX5472SNW,lotus_faux_wood_blinds,lotus_ftx_2in_snow_white_custom,unresolved_exception,Not observed in current portal collection snapshot; absence is not discontinuation
custom,CFTX5972SNW,lotus_faux_wood_blinds,lotus_ftx_2in_snow_white_custom,unresolved_exception,Not observed in current portal collection snapshot; absence is not discontinuation
custom,CFTX6372SNW,lotus_faux_wood_blinds,lotus_ftx_2in_snow_white_custom,unresolved_exception,Not observed in current portal collection snapshot; absence is not discontinuation
custom,CFTX6972SNW,lotus_faux_wood_blinds,lotus_ftx_2in_snow_white_custom,unresolved_exception,Not observed in current portal collection snapshot; absence is not discontinuation
custom,CFTX7272SNW,lotus_faux_wood_blinds,lotus_ftx_2in_snow_white_custom,unresolved_exception,Not observed in current portal collection snapshot; absence is not discontinuation
custom,CFTX1784SNW,lotus_faux_wood_blinds,lotus_ftx_2in_snow_white_custom,unresolved_exception,Not observed in current portal collection snapshot; absence is not discontinuation
custom,CFTX2384SNW,lotus_faux_wood_blinds,lotus_ftx_2in_snow_white_custom,unresolved_exception,Not observed in current portal collection snapshot; absence is not discontinuation
custom,CFTX2784SNW,lotus_faux_wood_blinds,lotus_ftx_2in_snow_white_custom,unresolved_exception,Not observed in current portal collection snapshot; absence is not discontinuation
custom,CFTX3084SNW,lotus_faux_wood_blinds,lotus_ftx_2in_snow_white_custom,unresolved_exception,Not observed in current portal collection snapshot; absence is not discontinuation
custom,CFTX3584SNW,lotus_faux_wood_blinds,lotus_ftx_2in_snow_white_custom,unresolved_exception,Not observed in current portal collection snapshot; absence is not discontinuation
custom,CFTX3984SNW,lotus_faux_wood_blinds,lotus_ftx_2in_snow_white_custom,unresolved_exception,Not observed in current portal collection snapshot; absence is not discontinuation
custom,CFTX4384SNW,lotus_faux_wood_blinds,lotus_ftx_2in_snow_white_custom,unresolved_exception,Not observed in current portal collection snapshot; absence is not discontinuation
custom,CFTX4884SNW,lotus_faux_wood_blinds,lotus_ftx_2in_snow_white_custom,unresolved_exception,Not observed in current portal collection snapshot; absence is not discontinuation
custom,CFTX5484SNW,lotus_faux_wood_blinds,lotus_ftx_2in_snow_white_custom,unresolved_exception,Not observed in current portal collection snapshot; absence is not discontinuation
custom,CFTX5984SNW,lotus_faux_wood_blinds,lotus_ftx_2in_snow_white_custom,unresolved_exception,Not observed in current portal collection snapshot; absence is not discontinuation
custom,CFTX6384SNW,lotus_faux_wood_blinds,lotus_ftx_2in_snow_white_custom,unresolved_exception,Not observed in current portal collection snapshot; absence is not discontinuation
custom,CFTX6984SNW,lotus_faux_wood_blinds,lotus_ftx_2in_snow_white_custom,unresolved_exception,Not observed in current portal collection snapshot; absence is not discontinuation
custom,CFTX7284SNW,lotus_faux_wood_blinds,lotus_ftx_2in_snow_white_custom,unresolved_exception,Not observed in current portal collection snapshot; absence is not discontinuation
custom,CFTX1796SNW,lotus_faux_wood_blinds,lotus_ftx_2in_snow_white_custom,unresolved_exception,Not observed in current portal collection snapshot; absence is not discontinuation
custom,CFTX2396SNW,lotus_faux_wood_blinds,lotus_ftx_2in_snow_white_custom,unresolved_exception,Not observed in current portal collection snapshot; absence is not discontinuation
custom,CFTX2796SNW,lotus_faux_wood_blinds,lotus_ftx_2in_snow_white_custom,unresolved_exception,Not observed in current portal collection snapshot; absence is not discontinuation
custom,CFTX3096SNW,lotus_faux_wood_blinds,lotus_ftx_2in_snow_white_custom,unresolved_exception,Not observed in current portal collection snapshot; absence is not discontinuation
custom,CFTX3596SNW,lotus_faux_wood_blinds,lotus_ftx_2in_snow_white_custom,unresolved_exception,Not observed in current portal collection snapshot; absence is not discontinuation
custom,CFTX3996SNW,lotus_faux_wood_blinds,lotus_ftx_2in_snow_white_custom,unresolved_exception,Not observed in current portal collection snapshot; absence is not discontinuation
custom,CFTX4396SNW,lotus_faux_wood_blinds,lotus_ftx_2in_snow_white_custom,unresolved_exception,Not observed in current portal collection snapshot; absence is not discontinuation
custom,CFTX4896SNW,lotus_faux_wood_blinds,lotus_ftx_2in_snow_white_custom,unresolved_exception,Not observed in current portal collection snapshot; absence is not discontinuation
custom,CFTX5496SNW,lotus_faux_wood_blinds,lotus_ftx_2in_snow_white_custom,unresolved_exception,Not observed in current portal collection snapshot; absence is not discontinuation
custom,CFTX5996SNW,lotus_faux_wood_blinds,lotus_ftx_2in_snow_white_custom,unresolved_exception,Not observed in current portal collection snapshot; absence is not discontinuation
custom,CFTX6396SNW,lotus_faux_wood_blinds,lotus_ftx_2in_snow_white_custom,unresolved_exception,Not observed in current portal collection snapshot; absence is not discontinuation
custom,CFTX1736L,lotus_faux_wood_blinds,lotus_ftxlg_2in_light_gray_custom,unresolved_exception,Not observed in current portal collection snapshot; absence is not discontinuation
custom,CFTX2336L,lotus_faux_wood_blinds,lotus_ftxlg_2in_light_gray_custom,unresolved_exception,Not observed in current portal collection snapshot; absence is not discontinuation
custom,CFTX2736L,lotus_faux_wood_blinds,lotus_ftxlg_2in_light_gray_custom,unresolved_exception,Not observed in current portal collection snapshot; absence is not discontinuation
custom,CFTX3036L,lotus_faux_wood_blinds,lotus_ftxlg_2in_light_gray_custom,unresolved_exception,Not observed in current portal collection snapshot; absence is not discontinuation
custom,CFTX3536L,lotus_faux_wood_blinds,lotus_ftxlg_2in_light_gray_custom,unresolved_exception,Not observed in current portal collection snapshot; absence is not discontinuation
custom,CFTX3936L,lotus_faux_wood_blinds,lotus_ftxlg_2in_light_gray_custom,unresolved_exception,Not observed in current portal collection snapshot; absence is not discontinuation
custom,CFTX4336L,lotus_faux_wood_blinds,lotus_ftxlg_2in_light_gray_custom,unresolved_exception,Not observed in current portal collection snapshot; absence is not discontinuation
custom,CFTX4836L,lotus_faux_wood_blinds,lotus_ftxlg_2in_light_gray_custom,unresolved_exception,Not observed in current portal collection snapshot; absence is not discontinuation
custom,CFTX5936L,lotus_faux_wood_blinds,lotus_ftxlg_2in_light_gray_custom,unresolved_exception,Not observed in current portal collection snapshot; absence is not discontinuation
custom,CFTX6936L,lotus_faux_wood_blinds,lotus_ftxlg_2in_light_gray_custom,unresolved_exception,Not observed in current portal collection snapshot; absence is not discontinuation
custom,CFTX1748L,lotus_faux_wood_blinds,lotus_ftxlg_2in_light_gray_custom,unresolved_exception,Not observed in current portal collection snapshot; absence is not discontinuation
custom,CFTX2348L,lotus_faux_wood_blinds,lotus_ftxlg_2in_light_gray_custom,unresolved_exception,Not observed in current portal collection snapshot; absence is not discontinuation
custom,CFTX2748L,lotus_faux_wood_blinds,lotus_ftxlg_2in_light_gray_custom,unresolved_exception,Not observed in current portal collection snapshot; absence is not discontinuation
custom,CFTX3048L,lotus_faux_wood_blinds,lotus_ftxlg_2in_light_gray_custom,unresolved_exception,Not observed in current portal collection snapshot; absence is not discontinuation
custom,CFTX3548L,lotus_faux_wood_blinds,lotus_ftxlg_2in_light_gray_custom,unresolved_exception,Not observed in current portal collection snapshot; absence is not discontinuation
custom,CFTX3948L,lotus_faux_wood_blinds,lotus_ftxlg_2in_light_gray_custom,unresolved_exception,Not observed in current portal collection snapshot; absence is not discontinuation
custom,CFTX4348L,lotus_faux_wood_blinds,lotus_ftxlg_2in_light_gray_custom,unresolved_exception,Not observed in current portal collection snapshot; absence is not discontinuation
custom,CFTX4848L,lotus_faux_wood_blinds,lotus_ftxlg_2in_light_gray_custom,unresolved_exception,Not observed in current portal collection snapshot; absence is not discontinuation
custom,CFTX5448L,lotus_faux_wood_blinds,lotus_ftxlg_2in_light_gray_custom,unresolved_exception,Not observed in current portal collection snapshot; absence is not discontinuation
custom,CFTX5948L,lotus_faux_wood_blinds,lotus_ftxlg_2in_light_gray_custom,unresolved_exception,Not observed in current portal collection snapshot; absence is not discontinuation
custom,CFTX6348L,lotus_faux_wood_blinds,lotus_ftxlg_2in_light_gray_custom,unresolved_exception,Not observed in current portal collection snapshot; absence is not discontinuation
custom,CFTX6948L,lotus_faux_wood_blinds,lotus_ftxlg_2in_light_gray_custom,unresolved_exception,Not observed in current portal collection snapshot; absence is not discontinuation
custom,CFTX7248L,lotus_faux_wood_blinds,lotus_ftxlg_2in_light_gray_custom,unresolved_exception,Not observed in current portal collection snapshot; absence is not discontinuation
custom,CFTX1760L,lotus_faux_wood_blinds,lotus_ftxlg_2in_light_gray_custom,unresolved_exception,Not observed in current portal collection snapshot; absence is not discontinuation
custom,CFTX2360L,lotus_faux_wood_blinds,lotus_ftxlg_2in_light_gray_custom,unresolved_exception,Not observed in current portal collection snapshot; absence is not discontinuation
custom,CFTX2760L,lotus_faux_wood_blinds,lotus_ftxlg_2in_light_gray_custom,unresolved_exception,Not observed in current portal collection snapshot; absence is not discontinuation
custom,CFTX3060L,lotus_faux_wood_blinds,lotus_ftxlg_2in_light_gray_custom,unresolved_exception,Not observed in current portal collection snapshot; absence is not discontinuation
custom,CFTX3560L,lotus_faux_wood_blinds,lotus_ftxlg_2in_light_gray_custom,unresolved_exception,Not observed in current portal collection snapshot; absence is not discontinuation
custom,CFTX3960L,lotus_faux_wood_blinds,lotus_ftxlg_2in_light_gray_custom,unresolved_exception,Not observed in current portal collection snapshot; absence is not discontinuation
custom,CFTX4360L,lotus_faux_wood_blinds,lotus_ftxlg_2in_light_gray_custom,unresolved_exception,Not observed in current portal collection snapshot; absence is not discontinuation
custom,CFTX4860L,lotus_faux_wood_blinds,lotus_ftxlg_2in_light_gray_custom,unresolved_exception,Not observed in current portal collection snapshot; absence is not discontinuation
custom,CFTX5460L,lotus_faux_wood_blinds,lotus_ftxlg_2in_light_gray_custom,unresolved_exception,Not observed in current portal collection snapshot; absence is not discontinuation
custom,CFTX5960L,lotus_faux_wood_blinds,lotus_ftxlg_2in_light_gray_custom,unresolved_exception,Not observed in current portal collection snapshot; absence is not discontinuation
custom,CFTX6360L,lotus_faux_wood_blinds,lotus_ftxlg_2in_light_gray_custom,unresolved_exception,Not observed in current portal collection snapshot; absence is not discontinuation
custom,CFTX6960L,lotus_faux_wood_blinds,lotus_ftxlg_2in_light_gray_custom,unresolved_exception,Not observed in current portal collection snapshot; absence is not discontinuation
custom,CFTX7260L,lotus_faux_wood_blinds,lotus_ftxlg_2in_light_gray_custom,unresolved_exception,Not observed in current portal collection snapshot; absence is not discontinuation
custom,CFTX1764L,lotus_faux_wood_blinds,lotus_ftxlg_2in_light_gray_custom,unresolved_exception,Not observed in current portal collection snapshot; absence is not discontinuation
custom,CFTX2364L,lotus_faux_wood_blinds,lotus_ftxlg_2in_light_gray_custom,unresolved_exception,Not observed in current portal collection snapshot; absence is not discontinuation
custom,CFTX2764L,lotus_faux_wood_blinds,lotus_ftxlg_2in_light_gray_custom,unresolved_exception,Not observed in current portal collection snapshot; absence is not discontinuation
custom,CFTX3064L,lotus_faux_wood_blinds,lotus_ftxlg_2in_light_gray_custom,unresolved_exception,Not observed in current portal collection snapshot; absence is not discontinuation
custom,CFTX3564L,lotus_faux_wood_blinds,lotus_ftxlg_2in_light_gray_custom,unresolved_exception,Not observed in current portal collection snapshot; absence is not discontinuation
custom,CFTX5939.52L,lotus_faux_wood_blinds,lotus_ftxlg_2in_light_gray_custom,unresolved_exception,Not observed in current portal collection snapshot; absence is not discontinuation
custom,CFTX6343.3L,lotus_faux_wood_blinds,lotus_ftxlg_2in_light_gray_custom,unresolved_exception,Not observed in current portal collection snapshot; absence is not discontinuation
custom,CFTX6947.85L,lotus_faux_wood_blinds,lotus_ftxlg_2in_light_gray_custom,unresolved_exception,Not observed in current portal collection snapshot; absence is not discontinuation
custom,CFTX7251.62L,lotus_faux_wood_blinds,lotus_ftxlg_2in_light_gray_custom,unresolved_exception,Not observed in current portal collection snapshot; absence is not discontinuation
custom,CFTX1772L,lotus_faux_wood_blinds,lotus_ftxlg_2in_light_gray_custom,unresolved_exception,Not observed in current portal collection snapshot; absence is not discontinuation
custom,CFTX2372L,lotus_faux_wood_blinds,lotus_ftxlg_2in_light_gray_custom,unresolved_exception,Not observed in current portal collection snapshot; absence is not discontinuation
custom,CFTX2772L,lotus_faux_wood_blinds,lotus_ftxlg_2in_light_gray_custom,unresolved_exception,Not observed in current portal collection snapshot; absence is not discontinuation
custom,CFTX3072L,lotus_faux_wood_blinds,lotus_ftxlg_2in_light_gray_custom,unresolved_exception,Not observed in current portal collection snapshot; absence is not discontinuation
custom,CFTX3572L,lotus_faux_wood_blinds,lotus_ftxlg_2in_light_gray_custom,unresolved_exception,Not observed in current portal collection snapshot; absence is not discontinuation
custom,CFTX3972L,lotus_faux_wood_blinds,lotus_ftxlg_2in_light_gray_custom,unresolved_exception,Not observed in current portal collection snapshot; absence is not discontinuation
custom,CFTX4372L,lotus_faux_wood_blinds,lotus_ftxlg_2in_light_gray_custom,unresolved_exception,Not observed in current portal collection snapshot; absence is not discontinuation
custom,CFTX4872L,lotus_faux_wood_blinds,lotus_ftxlg_2in_light_gray_custom,unresolved_exception,Not observed in current portal collection snapshot; absence is not discontinuation
custom,CFTX5472L,lotus_faux_wood_blinds,lotus_ftxlg_2in_light_gray_custom,unresolved_exception,Not observed in current portal collection snapshot; absence is not discontinuation
custom,CFTX5972L,lotus_faux_wood_blinds,lotus_ftxlg_2in_light_gray_custom,unresolved_exception,Not observed in current portal collection snapshot; absence is not discontinuation
custom,CFTX6372L,lotus_faux_wood_blinds,lotus_ftxlg_2in_light_gray_custom,unresolved_exception,Not observed in current portal collection snapshot; absence is not discontinuation
custom,CFTX6972L,lotus_faux_wood_blinds,lotus_ftxlg_2in_light_gray_custom,unresolved_exception,Not observed in current portal collection snapshot; absence is not discontinuation
custom,CFTX7272L,lotus_faux_wood_blinds,lotus_ftxlg_2in_light_gray_custom,unresolved_exception,Not observed in current portal collection snapshot; absence is not discontinuation
custom,CFTX1784L,lotus_faux_wood_blinds,lotus_ftxlg_2in_light_gray_custom,unresolved_exception,Not observed in current portal collection snapshot; absence is not discontinuation
custom,CFTX2384L,lotus_faux_wood_blinds,lotus_ftxlg_2in_light_gray_custom,unresolved_exception,Not observed in current portal collection snapshot; absence is not discontinuation
custom,CFTX2784L,lotus_faux_wood_blinds,lotus_ftxlg_2in_light_gray_custom,unresolved_exception,Not observed in current portal collection snapshot; absence is not discontinuation
custom,CFTX3084L,lotus_faux_wood_blinds,lotus_ftxlg_2in_light_gray_custom,unresolved_exception,Not observed in current portal collection snapshot; absence is not discontinuation
custom,CFTX3584L,lotus_faux_wood_blinds,lotus_ftxlg_2in_light_gray_custom,unresolved_exception,Not observed in current portal collection snapshot; absence is not discontinuation
custom,CFTX3984L,lotus_faux_wood_blinds,lotus_ftxlg_2in_light_gray_custom,unresolved_exception,Not observed in current portal collection snapshot; absence is not discontinuation
custom,CFTX4384L,lotus_faux_wood_blinds,lotus_ftxlg_2in_light_gray_custom,unresolved_exception,Not observed in current portal collection snapshot; absence is not discontinuation
custom,CFTX4884L,lotus_faux_wood_blinds,lotus_ftxlg_2in_light_gray_custom,unresolved_exception,Not observed in current portal collection snapshot; absence is not discontinuation
custom,CFTX6984L,lotus_faux_wood_blinds,lotus_ftxlg_2in_light_gray_custom,unresolved_exception,Not observed in current portal collection snapshot; absence is not discontinuation
custom,CFTX7284L,lotus_faux_wood_blinds,lotus_ftxlg_2in_light_gray_custom,unresolved_exception,Not observed in current portal collection snapshot; absence is not discontinuation
custom,CFTX1796L,lotus_faux_wood_blinds,lotus_ftxlg_2in_light_gray_custom,unresolved_exception,Not observed in current portal collection snapshot; absence is not discontinuation
custom,CFTX2396L,lotus_faux_wood_blinds,lotus_ftxlg_2in_light_gray_custom,unresolved_exception,Not observed in current portal collection snapshot; absence is not discontinuation
custom,CFTX2796L,lotus_faux_wood_blinds,lotus_ftxlg_2in_light_gray_custom,unresolved_exception,Not observed in current portal collection snapshot; absence is not discontinuation
custom,CFTX3096L,lotus_faux_wood_blinds,lotus_ftxlg_2in_light_gray_custom,unresolved_exception,Not observed in current portal collection snapshot; absence is not discontinuation
custom,CFTX3596L,lotus_faux_wood_blinds,lotus_ftxlg_2in_light_gray_custom,unresolved_exception,Not observed in current portal collection snapshot; absence is not discontinuation
custom,CFTX3996L,lotus_faux_wood_blinds,lotus_ftxlg_2in_light_gray_custom,unresolved_exception,Not observed in current portal collection snapshot; absence is not discontinuation
custom,CFTX4396L,lotus_faux_wood_blinds,lotus_ftxlg_2in_light_gray_custom,unresolved_exception,Not observed in current portal collection snapshot; absence is not discontinuation
custom,CFCX7836W,lotus_faux_wood_blinds,lotus_fcx_2in_soft_white_custom,unresolved_exception,Not observed in current portal collection snapshot; absence is not discontinuation
custom,CFCX82536W,lotus_faux_wood_blinds,lotus_fcx_2in_soft_white_custom,unresolved_exception,Not observed in current portal collection snapshot; absence is not discontinuation
custom,CFCX8936W,lotus_faux_wood_blinds,lotus_fcx_2in_soft_white_custom,unresolved_exception,Not observed in current portal collection snapshot; absence is not discontinuation
custom,CFCX9536W,lotus_faux_wood_blinds,lotus_fcx_2in_soft_white_custom,unresolved_exception,Not observed in current portal collection snapshot; absence is not discontinuation
custom,CFCX7848W,lotus_faux_wood_blinds,lotus_fcx_2in_soft_white_custom,unresolved_exception,Not observed in current portal collection snapshot; absence is not discontinuation
custom,CFCX82548W,lotus_faux_wood_blinds,lotus_fcx_2in_soft_white_custom,unresolved_exception,Not observed in current portal collection snapshot; absence is not discontinuation
custom,CFCX8948W,lotus_faux_wood_blinds,lotus_fcx_2in_soft_white_custom,unresolved_exception,Not observed in current portal collection snapshot; absence is not discontinuation
custom,CFCX3560W,lotus_faux_wood_blinds,lotus_fcx_2in_soft_white_custom,unresolved_exception,Not observed in current portal collection snapshot; absence is not discontinuation
custom,CFCX7860W,lotus_faux_wood_blinds,lotus_fcx_2in_soft_white_custom,unresolved_exception,Not observed in current portal collection snapshot; absence is not discontinuation
custom,CFCX8960W,lotus_faux_wood_blinds,lotus_fcx_2in_soft_white_custom,unresolved_exception,Not observed in current portal collection snapshot; absence is not discontinuation
custom,CFCX7864W,lotus_faux_wood_blinds,lotus_fcx_2in_soft_white_custom,unresolved_exception,Not observed in current portal collection snapshot; absence is not discontinuation
custom,CFCX82564W,lotus_faux_wood_blinds,lotus_fcx_2in_soft_white_custom,unresolved_exception,Not observed in current portal collection snapshot; absence is not discontinuation
custom,CFCX8964W,lotus_faux_wood_blinds,lotus_fcx_2in_soft_white_custom,unresolved_exception,Not observed in current portal collection snapshot; absence is not discontinuation
custom,CFCX9564W,lotus_faux_wood_blinds,lotus_fcx_2in_soft_white_custom,unresolved_exception,Not observed in current portal collection snapshot; absence is not discontinuation
custom,CFCX7872W,lotus_faux_wood_blinds,lotus_fcx_2in_soft_white_custom,unresolved_exception,Not observed in current portal collection snapshot; absence is not discontinuation
custom,CFPX1736BW,lotus_faux_wood_blinds,lotus_fpx_2in_privacy_bright_white_custom,unresolved_exception,Not observed in current portal collection snapshot; absence is not discontinuation
custom,CFPX2336BW,lotus_faux_wood_blinds,lotus_fpx_2in_privacy_bright_white_custom,unresolved_exception,Not observed in current portal collection snapshot; absence is not discontinuation
custom,CFPX2736BW,lotus_faux_wood_blinds,lotus_fpx_2in_privacy_bright_white_custom,unresolved_exception,Not observed in current portal collection snapshot; absence is not discontinuation
custom,CFPX3036BW,lotus_faux_wood_blinds,lotus_fpx_2in_privacy_bright_white_custom,unresolved_exception,Not observed in current portal collection snapshot; absence is not discontinuation
custom,CFPX3536BW,lotus_faux_wood_blinds,lotus_fpx_2in_privacy_bright_white_custom,unresolved_exception,Not observed in current portal collection snapshot; absence is not discontinuation
custom,CFPX3936BW,lotus_faux_wood_blinds,lotus_fpx_2in_privacy_bright_white_custom,unresolved_exception,Not observed in current portal collection snapshot; absence is not discontinuation
custom,CFPX4336BW,lotus_faux_wood_blinds,lotus_fpx_2in_privacy_bright_white_custom,unresolved_exception,Not observed in current portal collection snapshot; absence is not discontinuation
custom,CFPX4836BW,lotus_faux_wood_blinds,lotus_fpx_2in_privacy_bright_white_custom,unresolved_exception,Not observed in current portal collection snapshot; absence is not discontinuation
custom,CFPX5436BW,lotus_faux_wood_blinds,lotus_fpx_2in_privacy_bright_white_custom,unresolved_exception,Not observed in current portal collection snapshot; absence is not discontinuation
custom,CFPX5936BW,lotus_faux_wood_blinds,lotus_fpx_2in_privacy_bright_white_custom,unresolved_exception,Not observed in current portal collection snapshot; absence is not discontinuation
custom,CFPX6336BW,lotus_faux_wood_blinds,lotus_fpx_2in_privacy_bright_white_custom,unresolved_exception,Not observed in current portal collection snapshot; absence is not discontinuation
custom,CFPX6936BW,lotus_faux_wood_blinds,lotus_fpx_2in_privacy_bright_white_custom,unresolved_exception,Not observed in current portal collection snapshot; absence is not discontinuation
custom,CFPX7236BW,lotus_faux_wood_blinds,lotus_fpx_2in_privacy_bright_white_custom,unresolved_exception,Not observed in current portal collection snapshot; absence is not discontinuation
custom,CFPX82536BW,lotus_faux_wood_blinds,lotus_fpx_2in_privacy_bright_white_custom,unresolved_exception,Not observed in current portal collection snapshot; absence is not discontinuation
custom,CFPX8936BW,lotus_faux_wood_blinds,lotus_fpx_2in_privacy_bright_white_custom,unresolved_exception,Not observed in current portal collection snapshot; absence is not discontinuation
custom,CFPX9536BW,lotus_faux_wood_blinds,lotus_fpx_2in_privacy_bright_white_custom,unresolved_exception,Not observed in current portal collection snapshot; absence is not discontinuation
custom,CFPX1748BW,lotus_faux_wood_blinds,lotus_fpx_2in_privacy_bright_white_custom,unresolved_exception,Not observed in current portal collection snapshot; absence is not discontinuation
custom,CFPX2348BW,lotus_faux_wood_blinds,lotus_fpx_2in_privacy_bright_white_custom,unresolved_exception,Not observed in current portal collection snapshot; absence is not discontinuation
custom,CFPX2748BW,lotus_faux_wood_blinds,lotus_fpx_2in_privacy_bright_white_custom,unresolved_exception,Not observed in current portal collection snapshot; absence is not discontinuation
custom,CFPX3048BW,lotus_faux_wood_blinds,lotus_fpx_2in_privacy_bright_white_custom,unresolved_exception,Not observed in current portal collection snapshot; absence is not discontinuation
custom,CFPX3548BW,lotus_faux_wood_blinds,lotus_fpx_2in_privacy_bright_white_custom,unresolved_exception,Not observed in current portal collection snapshot; absence is not discontinuation
custom,CFPX3948BW,lotus_faux_wood_blinds,lotus_fpx_2in_privacy_bright_white_custom,unresolved_exception,Not observed in current portal collection snapshot; absence is not discontinuation
custom,CFPX4348BW,lotus_faux_wood_blinds,lotus_fpx_2in_privacy_bright_white_custom,unresolved_exception,Not observed in current portal collection snapshot; absence is not discontinuation
custom,CFPX4848BW,lotus_faux_wood_blinds,lotus_fpx_2in_privacy_bright_white_custom,unresolved_exception,Not observed in current portal collection snapshot; absence is not discontinuation
custom,CFPX5448BW,lotus_faux_wood_blinds,lotus_fpx_2in_privacy_bright_white_custom,unresolved_exception,Not observed in current portal collection snapshot; absence is not discontinuation
custom,CFPX5948BW,lotus_faux_wood_blinds,lotus_fpx_2in_privacy_bright_white_custom,unresolved_exception,Not observed in current portal collection snapshot; absence is not discontinuation
custom,CFPX6348BW,lotus_faux_wood_blinds,lotus_fpx_2in_privacy_bright_white_custom,unresolved_exception,Not observed in current portal collection snapshot; absence is not discontinuation
custom,CFPX6948BW,lotus_faux_wood_blinds,lotus_fpx_2in_privacy_bright_white_custom,unresolved_exception,Not observed in current portal collection snapshot; absence is not discontinuation
custom,CFPX7248BW,lotus_faux_wood_blinds,lotus_fpx_2in_privacy_bright_white_custom,unresolved_exception,Not observed in current portal collection snapshot; absence is not discontinuation
custom,CFPX82548BW,lotus_faux_wood_blinds,lotus_fpx_2in_privacy_bright_white_custom,unresolved_exception,Not observed in current portal collection snapshot; absence is not discontinuation
custom,CFPX8948BW,lotus_faux_wood_blinds,lotus_fpx_2in_privacy_bright_white_custom,unresolved_exception,Not observed in current portal collection snapshot; absence is not discontinuation
custom,CFPX9548BW,lotus_faux_wood_blinds,lotus_fpx_2in_privacy_bright_white_custom,unresolved_exception,Not observed in current portal collection snapshot; absence is not discontinuation
custom,CFPX1760BW,lotus_faux_wood_blinds,lotus_fpx_2in_privacy_bright_white_custom,unresolved_exception,Not observed in current portal collection snapshot; absence is not discontinuation
custom,CFPX2360BW,lotus_faux_wood_blinds,lotus_fpx_2in_privacy_bright_white_custom,unresolved_exception,Not observed in current portal collection snapshot; absence is not discontinuation
custom,CFPX2760BW,lotus_faux_wood_blinds,lotus_fpx_2in_privacy_bright_white_custom,unresolved_exception,Not observed in current portal collection snapshot; absence is not discontinuation
custom,CFPX3060BW,lotus_faux_wood_blinds,lotus_fpx_2in_privacy_bright_white_custom,unresolved_exception,Not observed in current portal collection snapshot; absence is not discontinuation
custom,CFPX3560BW,lotus_faux_wood_blinds,lotus_fpx_2in_privacy_bright_white_custom,unresolved_exception,Not observed in current portal collection snapshot; absence is not discontinuation
custom,CFPX3960BW,lotus_faux_wood_blinds,lotus_fpx_2in_privacy_bright_white_custom,unresolved_exception,Not observed in current portal collection snapshot; absence is not discontinuation
custom,CFPX4360BW,lotus_faux_wood_blinds,lotus_fpx_2in_privacy_bright_white_custom,unresolved_exception,Not observed in current portal collection snapshot; absence is not discontinuation
custom,CFPX4860BW,lotus_faux_wood_blinds,lotus_fpx_2in_privacy_bright_white_custom,unresolved_exception,Not observed in current portal collection snapshot; absence is not discontinuation
custom,CFPX5460BW,lotus_faux_wood_blinds,lotus_fpx_2in_privacy_bright_white_custom,unresolved_exception,Not observed in current portal collection snapshot; absence is not discontinuation
custom,CFPX5960BW,lotus_faux_wood_blinds,lotus_fpx_2in_privacy_bright_white_custom,unresolved_exception,Not observed in current portal collection snapshot; absence is not discontinuation
custom,CFPX6360BW,lotus_faux_wood_blinds,lotus_fpx_2in_privacy_bright_white_custom,unresolved_exception,Not observed in current portal collection snapshot; absence is not discontinuation
custom,CFPX6960BW,lotus_faux_wood_blinds,lotus_fpx_2in_privacy_bright_white_custom,unresolved_exception,Not observed in current portal collection snapshot; absence is not discontinuation
custom,CFPX7260BW,lotus_faux_wood_blinds,lotus_fpx_2in_privacy_bright_white_custom,unresolved_exception,Not observed in current portal collection snapshot; absence is not discontinuation
custom,CFPX82560BW,lotus_faux_wood_blinds,lotus_fpx_2in_privacy_bright_white_custom,unresolved_exception,Not observed in current portal collection snapshot; absence is not discontinuation
custom,CFPX8960BW,lotus_faux_wood_blinds,lotus_fpx_2in_privacy_bright_white_custom,unresolved_exception,Not observed in current portal collection snapshot; absence is not discontinuation
custom,CFPX9560BW,lotus_faux_wood_blinds,lotus_fpx_2in_privacy_bright_white_custom,unresolved_exception,Not observed in current portal collection snapshot; absence is not discontinuation
custom,CFPX1764BW,lotus_faux_wood_blinds,lotus_fpx_2in_privacy_bright_white_custom,unresolved_exception,Not observed in current portal collection snapshot; absence is not discontinuation
custom,CFPX2364BW,lotus_faux_wood_blinds,lotus_fpx_2in_privacy_bright_white_custom,unresolved_exception,Not observed in current portal collection snapshot; absence is not discontinuation
custom,CFPX2764BW,lotus_faux_wood_blinds,lotus_fpx_2in_privacy_bright_white_custom,unresolved_exception,Not observed in current portal collection snapshot; absence is not discontinuation
custom,CFPX3064BW,lotus_faux_wood_blinds,lotus_fpx_2in_privacy_bright_white_custom,unresolved_exception,Not observed in current portal collection snapshot; absence is not discontinuation
custom,CFPX3564BW,lotus_faux_wood_blinds,lotus_fpx_2in_privacy_bright_white_custom,unresolved_exception,Not observed in current portal collection snapshot; absence is not discontinuation
custom,CFPX3964BW,lotus_faux_wood_blinds,lotus_fpx_2in_privacy_bright_white_custom,unresolved_exception,Not observed in current portal collection snapshot; absence is not discontinuation
custom,CFPX4364BW,lotus_faux_wood_blinds,lotus_fpx_2in_privacy_bright_white_custom,unresolved_exception,Not observed in current portal collection snapshot; absence is not discontinuation
custom,CFPX4864BW,lotus_faux_wood_blinds,lotus_fpx_2in_privacy_bright_white_custom,unresolved_exception,Not observed in current portal collection snapshot; absence is not discontinuation
custom,CFPX5464BW,lotus_faux_wood_blinds,lotus_fpx_2in_privacy_bright_white_custom,unresolved_exception,Not observed in current portal collection snapshot; absence is not discontinuation
custom,CFPX5964BW,lotus_faux_wood_blinds,lotus_fpx_2in_privacy_bright_white_custom,unresolved_exception,Not observed in current portal collection snapshot; absence is not discontinuation
custom,CFPX6364BW,lotus_faux_wood_blinds,lotus_fpx_2in_privacy_bright_white_custom,unresolved_exception,Not observed in current portal collection snapshot; absence is not discontinuation
custom,CFPX6964BW,lotus_faux_wood_blinds,lotus_fpx_2in_privacy_bright_white_custom,unresolved_exception,Not observed in current portal collection snapshot; absence is not discontinuation
custom,CFPX7264BW,lotus_faux_wood_blinds,lotus_fpx_2in_privacy_bright_white_custom,unresolved_exception,Not observed in current portal collection snapshot; absence is not discontinuation
custom,CFPX82564BW,lotus_faux_wood_blinds,lotus_fpx_2in_privacy_bright_white_custom,unresolved_exception,Not observed in current portal collection snapshot; absence is not discontinuation
custom,CFPX8964BW,lotus_faux_wood_blinds,lotus_fpx_2in_privacy_bright_white_custom,unresolved_exception,Not observed in current portal collection snapshot; absence is not discontinuation
custom,CFPX9564BW,lotus_faux_wood_blinds,lotus_fpx_2in_privacy_bright_white_custom,unresolved_exception,Not observed in current portal collection snapshot; absence is not discontinuation
custom,CFPX1772BW,lotus_faux_wood_blinds,lotus_fpx_2in_privacy_bright_white_custom,unresolved_exception,Not observed in current portal collection snapshot; absence is not discontinuation
custom,CFPX2372BW,lotus_faux_wood_blinds,lotus_fpx_2in_privacy_bright_white_custom,unresolved_exception,Not observed in current portal collection snapshot; absence is not discontinuation
custom,CFPX2772BW,lotus_faux_wood_blinds,lotus_fpx_2in_privacy_bright_white_custom,unresolved_exception,Not observed in current portal collection snapshot; absence is not discontinuation
custom,CFPX3072BW,lotus_faux_wood_blinds,lotus_fpx_2in_privacy_bright_white_custom,unresolved_exception,Not observed in current portal collection snapshot; absence is not discontinuation
custom,CFPX3572BW,lotus_faux_wood_blinds,lotus_fpx_2in_privacy_bright_white_custom,unresolved_exception,Not observed in current portal collection snapshot; absence is not discontinuation
custom,CFPX3972BW,lotus_faux_wood_blinds,lotus_fpx_2in_privacy_bright_white_custom,unresolved_exception,Not observed in current portal collection snapshot; absence is not discontinuation
custom,CFPX4372BW,lotus_faux_wood_blinds,lotus_fpx_2in_privacy_bright_white_custom,unresolved_exception,Not observed in current portal collection snapshot; absence is not discontinuation
custom,CFPX4872BW,lotus_faux_wood_blinds,lotus_fpx_2in_privacy_bright_white_custom,unresolved_exception,Not observed in current portal collection snapshot; absence is not discontinuation
custom,CFPX5472BW,lotus_faux_wood_blinds,lotus_fpx_2in_privacy_bright_white_custom,unresolved_exception,Not observed in current portal collection snapshot; absence is not discontinuation
custom,CFPX5972BW,lotus_faux_wood_blinds,lotus_fpx_2in_privacy_bright_white_custom,unresolved_exception,Not observed in current portal collection snapshot; absence is not discontinuation
custom,CFPX6372BW,lotus_faux_wood_blinds,lotus_fpx_2in_privacy_bright_white_custom,unresolved_exception,Not observed in current portal collection snapshot; absence is not discontinuation
custom,CFPX6972BW,lotus_faux_wood_blinds,lotus_fpx_2in_privacy_bright_white_custom,unresolved_exception,Not observed in current portal collection snapshot; absence is not discontinuation
custom,CFPX7272BW,lotus_faux_wood_blinds,lotus_fpx_2in_privacy_bright_white_custom,unresolved_exception,Not observed in current portal collection snapshot; absence is not discontinuation
custom,CFPX82572BW,lotus_faux_wood_blinds,lotus_fpx_2in_privacy_bright_white_custom,unresolved_exception,Not observed in current portal collection snapshot; absence is not discontinuation
custom,CFPX8972BW,lotus_faux_wood_blinds,lotus_fpx_2in_privacy_bright_white_custom,unresolved_exception,Not observed in current portal collection snapshot; absence is not discontinuation
custom,CFPX9572BW,lotus_faux_wood_blinds,lotus_fpx_2in_privacy_bright_white_custom,unresolved_exception,Not observed in current portal collection snapshot; absence is not discontinuation
custom,CFPX1784BW,lotus_faux_wood_blinds,lotus_fpx_2in_privacy_bright_white_custom,unresolved_exception,Not observed in current portal collection snapshot; absence is not discontinuation
custom,CFPX2384BW,lotus_faux_wood_blinds,lotus_fpx_2in_privacy_bright_white_custom,unresolved_exception,Not observed in current portal collection snapshot; absence is not discontinuation
custom,CFPX2784BW,lotus_faux_wood_blinds,lotus_fpx_2in_privacy_bright_white_custom,unresolved_exception,Not observed in current portal collection snapshot; absence is not discontinuation
custom,CFPX3084BW,lotus_faux_wood_blinds,lotus_fpx_2in_privacy_bright_white_custom,unresolved_exception,Not observed in current portal collection snapshot; absence is not discontinuation
custom,CFPX3584BW,lotus_faux_wood_blinds,lotus_fpx_2in_privacy_bright_white_custom,unresolved_exception,Not observed in current portal collection snapshot; absence is not discontinuation
custom,CFPX3984BW,lotus_faux_wood_blinds,lotus_fpx_2in_privacy_bright_white_custom,unresolved_exception,Not observed in current portal collection snapshot; absence is not discontinuation
custom,CFPX4384BW,lotus_faux_wood_blinds,lotus_fpx_2in_privacy_bright_white_custom,unresolved_exception,Not observed in current portal collection snapshot; absence is not discontinuation
custom,CFPX4884BW,lotus_faux_wood_blinds,lotus_fpx_2in_privacy_bright_white_custom,unresolved_exception,Not observed in current portal collection snapshot; absence is not discontinuation
custom,CFPX5484BW,lotus_faux_wood_blinds,lotus_fpx_2in_privacy_bright_white_custom,unresolved_exception,Not observed in current portal collection snapshot; absence is not discontinuation
custom,CFPX5984BW,lotus_faux_wood_blinds,lotus_fpx_2in_privacy_bright_white_custom,unresolved_exception,Not observed in current portal collection snapshot; absence is not discontinuation
custom,CFPX6384BW,lotus_faux_wood_blinds,lotus_fpx_2in_privacy_bright_white_custom,unresolved_exception,Not observed in current portal collection snapshot; absence is not discontinuation
custom,CFPX6984BW,lotus_faux_wood_blinds,lotus_fpx_2in_privacy_bright_white_custom,unresolved_exception,Not observed in current portal collection snapshot; absence is not discontinuation
custom,CFPX7284BW,lotus_faux_wood_blinds,lotus_fpx_2in_privacy_bright_white_custom,unresolved_exception,Not observed in current portal collection snapshot; absence is not discontinuation
custom,CFPX1796BW,lotus_faux_wood_blinds,lotus_fpx_2in_privacy_bright_white_custom,unresolved_exception,Not observed in current portal collection snapshot; absence is not discontinuation
custom,CFPX2396BW,lotus_faux_wood_blinds,lotus_fpx_2in_privacy_bright_white_custom,unresolved_exception,Not observed in current portal collection snapshot; absence is not discontinuation
custom,CFPX2796BW,lotus_faux_wood_blinds,lotus_fpx_2in_privacy_bright_white_custom,unresolved_exception,Not observed in current portal collection snapshot; absence is not discontinuation
custom,CFPX3096BW,lotus_faux_wood_blinds,lotus_fpx_2in_privacy_bright_white_custom,unresolved_exception,Not observed in current portal collection snapshot; absence is not discontinuation
custom,CFPX3596BW,lotus_faux_wood_blinds,lotus_fpx_2in_privacy_bright_white_custom,unresolved_exception,Not observed in current portal collection snapshot; absence is not discontinuation
custom,CFPX3996BW,lotus_faux_wood_blinds,lotus_fpx_2in_privacy_bright_white_custom,unresolved_exception,Not observed in current portal collection snapshot; absence is not discontinuation
custom,CFPX4396BW,lotus_faux_wood_blinds,lotus_fpx_2in_privacy_bright_white_custom,unresolved_exception,Not observed in current portal collection snapshot; absence is not discontinuation
custom,CFPX4896BW,lotus_faux_wood_blinds,lotus_fpx_2in_privacy_bright_white_custom,unresolved_exception,Not observed in current portal collection snapshot; absence is not discontinuation
custom,CFPX5496BW,lotus_faux_wood_blinds,lotus_fpx_2in_privacy_bright_white_custom,unresolved_exception,Not observed in current portal collection snapshot; absence is not discontinuation
custom,CFPX5996BW,lotus_faux_wood_blinds,lotus_fpx_2in_privacy_bright_white_custom,unresolved_exception,Not observed in current portal collection snapshot; absence is not discontinuation
custom,CFPX6396BW,lotus_faux_wood_blinds,lotus_fpx_2in_privacy_bright_white_custom,unresolved_exception,Not observed in current portal collection snapshot; absence is not discontinuation
custom,CFPX6996BW,lotus_faux_wood_blinds,lotus_fpx_2in_privacy_bright_white_custom,unresolved_exception,Not observed in current portal collection snapshot; absence is not discontinuation
custom,CFPX7296BW,lotus_faux_wood_blinds,lotus_fpx_2in_privacy_bright_white_custom,unresolved_exception,Not observed in current portal collection snapshot; absence is not discontinuation
custom,CFGX1736BW,lotus_faux_wood_blinds,lotus_fgx_2_5in_bright_white_custom,unresolved_exception,Not observed in current portal collection snapshot; absence is not discontinuation
custom,CFGX2736BW,lotus_faux_wood_blinds,lotus_fgx_2_5in_bright_white_custom,unresolved_exception,Not observed in current portal collection snapshot; absence is not discontinuation
custom,CFGX3036BW,lotus_faux_wood_blinds,lotus_fgx_2_5in_bright_white_custom,unresolved_exception,Not observed in current portal collection snapshot; absence is not discontinuation
custom,CFGX3936BW,lotus_faux_wood_blinds,lotus_fgx_2_5in_bright_white_custom,unresolved_exception,Not observed in current portal collection snapshot; absence is not discontinuation
custom,CFGX4336BW,lotus_faux_wood_blinds,lotus_fgx_2_5in_bright_white_custom,unresolved_exception,Not observed in current portal collection snapshot; absence is not discontinuation
custom,CFGX4836BW,lotus_faux_wood_blinds,lotus_fgx_2_5in_bright_white_custom,unresolved_exception,Not observed in current portal collection snapshot; absence is not discontinuation
custom,CFGX5436BW,lotus_faux_wood_blinds,lotus_fgx_2_5in_bright_white_custom,unresolved_exception,Not observed in current portal collection snapshot; absence is not discontinuation
custom,CFGX6336BW,lotus_faux_wood_blinds,lotus_fgx_2_5in_bright_white_custom,unresolved_exception,Not observed in current portal collection snapshot; absence is not discontinuation
custom,CFGX6936BW,lotus_faux_wood_blinds,lotus_fgx_2_5in_bright_white_custom,unresolved_exception,Not observed in current portal collection snapshot; absence is not discontinuation
custom,CFGX7236BW,lotus_faux_wood_blinds,lotus_fgx_2_5in_bright_white_custom,unresolved_exception,Not observed in current portal collection snapshot; absence is not discontinuation
custom,CFGX1748BW,lotus_faux_wood_blinds,lotus_fgx_2_5in_bright_white_custom,unresolved_exception,Not observed in current portal collection snapshot; absence is not discontinuation
custom,CFGX3048BW,lotus_faux_wood_blinds,lotus_fgx_2_5in_bright_white_custom,unresolved_exception,Not observed in current portal collection snapshot; absence is not discontinuation
custom,CFGX3948BW,lotus_faux_wood_blinds,lotus_fgx_2_5in_bright_white_custom,unresolved_exception,Not observed in current portal collection snapshot; absence is not discontinuation
custom,CFGX4348BW,lotus_faux_wood_blinds,lotus_fgx_2_5in_bright_white_custom,unresolved_exception,Not observed in current portal collection snapshot; absence is not discontinuation
custom,CFGX5448BW,lotus_faux_wood_blinds,lotus_fgx_2_5in_bright_white_custom,unresolved_exception,Not observed in current portal collection snapshot; absence is not discontinuation
custom,CFGX6348BW,lotus_faux_wood_blinds,lotus_fgx_2_5in_bright_white_custom,unresolved_exception,Not observed in current portal collection snapshot; absence is not discontinuation
custom,CFGX6948BW,lotus_faux_wood_blinds,lotus_fgx_2_5in_bright_white_custom,unresolved_exception,Not observed in current portal collection snapshot; absence is not discontinuation
custom,CFGX7248BW,lotus_faux_wood_blinds,lotus_fgx_2_5in_bright_white_custom,unresolved_exception,Not observed in current portal collection snapshot; absence is not discontinuation
custom,CFGX1760BW,lotus_faux_wood_blinds,lotus_fgx_2_5in_bright_white_custom,unresolved_exception,Not observed in current portal collection snapshot; absence is not discontinuation
custom,CFGX3060BW,lotus_faux_wood_blinds,lotus_fgx_2_5in_bright_white_custom,unresolved_exception,Not observed in current portal collection snapshot; absence is not discontinuation
custom,CFGX4860BW,lotus_faux_wood_blinds,lotus_fgx_2_5in_bright_white_custom,unresolved_exception,Not observed in current portal collection snapshot; absence is not discontinuation
custom,CFGX5460BW,lotus_faux_wood_blinds,lotus_fgx_2_5in_bright_white_custom,unresolved_exception,Not observed in current portal collection snapshot; absence is not discontinuation
custom,CFGX6960BW,lotus_faux_wood_blinds,lotus_fgx_2_5in_bright_white_custom,unresolved_exception,Not observed in current portal collection snapshot; absence is not discontinuation
custom,CFGX1764BW,lotus_faux_wood_blinds,lotus_fgx_2_5in_bright_white_custom,unresolved_exception,Not observed in current portal collection snapshot; absence is not discontinuation
custom,CFGX2364BW,lotus_faux_wood_blinds,lotus_fgx_2_5in_bright_white_custom,unresolved_exception,Not observed in current portal collection snapshot; absence is not discontinuation
custom,CFGX2764BW,lotus_faux_wood_blinds,lotus_fgx_2_5in_bright_white_custom,unresolved_exception,Not observed in current portal collection snapshot; absence is not discontinuation
custom,CFGX3064BW,lotus_faux_wood_blinds,lotus_fgx_2_5in_bright_white_custom,unresolved_exception,Not observed in current portal collection snapshot; absence is not discontinuation
custom,CFGX3564BW,lotus_faux_wood_blinds,lotus_fgx_2_5in_bright_white_custom,unresolved_exception,Not observed in current portal collection snapshot; absence is not discontinuation
custom,CFGX3964BW,lotus_faux_wood_blinds,lotus_fgx_2_5in_bright_white_custom,unresolved_exception,Not observed in current portal collection snapshot; absence is not discontinuation
custom,CFGX4364BW,lotus_faux_wood_blinds,lotus_fgx_2_5in_bright_white_custom,unresolved_exception,Not observed in current portal collection snapshot; absence is not discontinuation
custom,CFGX4864BW,lotus_faux_wood_blinds,lotus_fgx_2_5in_bright_white_custom,unresolved_exception,Not observed in current portal collection snapshot; absence is not discontinuation
custom,CFGX5464BW,lotus_faux_wood_blinds,lotus_fgx_2_5in_bright_white_custom,unresolved_exception,Not observed in current portal collection snapshot; absence is not discontinuation
custom,CFGX7264BW,lotus_faux_wood_blinds,lotus_fgx_2_5in_bright_white_custom,unresolved_exception,Not observed in current portal collection snapshot; absence is not discontinuation
custom,CFGX1772BW,lotus_faux_wood_blinds,lotus_fgx_2_5in_bright_white_custom,unresolved_exception,Not observed in current portal collection snapshot; absence is not discontinuation
custom,CFGX3072BW,lotus_faux_wood_blinds,lotus_fgx_2_5in_bright_white_custom,unresolved_exception,Not observed in current portal collection snapshot; absence is not discontinuation
custom,CFGX5472BW,lotus_faux_wood_blinds,lotus_fgx_2_5in_bright_white_custom,unresolved_exception,Not observed in current portal collection snapshot; absence is not discontinuation
custom,CFGX6972BW,lotus_faux_wood_blinds,lotus_fgx_2_5in_bright_white_custom,unresolved_exception,Not observed in current portal collection snapshot; absence is not discontinuation
custom,CFGX1784BW,lotus_faux_wood_blinds,lotus_fgx_2_5in_bright_white_custom,unresolved_exception,Not observed in current portal collection snapshot; absence is not discontinuation
custom,CFGX2784BW,lotus_faux_wood_blinds,lotus_fgx_2_5in_bright_white_custom,unresolved_exception,Not observed in current portal collection snapshot; absence is not discontinuation
custom,CFGX3084BW,lotus_faux_wood_blinds,lotus_fgx_2_5in_bright_white_custom,unresolved_exception,Not observed in current portal collection snapshot; absence is not discontinuation
custom,CFGX4884BW,lotus_faux_wood_blinds,lotus_fgx_2_5in_bright_white_custom,unresolved_exception,Not observed in current portal collection snapshot; absence is not discontinuation
custom,CFGX5484BW,lotus_faux_wood_blinds,lotus_fgx_2_5in_bright_white_custom,unresolved_exception,Not observed in current portal collection snapshot; absence is not discontinuation
custom,CFGX5984BW,lotus_faux_wood_blinds,lotus_fgx_2_5in_bright_white_custom,unresolved_exception,Not observed in current portal collection snapshot; absence is not discontinuation
custom,CFGX6384BW,lotus_faux_wood_blinds,lotus_fgx_2_5in_bright_white_custom,unresolved_exception,Not observed in current portal collection snapshot; absence is not discontinuation
custom,CFGX6984BW,lotus_faux_wood_blinds,lotus_fgx_2_5in_bright_white_custom,unresolved_exception,Not observed in current portal collection snapshot; absence is not discontinuation
custom,CFGX7284BW,lotus_faux_wood_blinds,lotus_fgx_2_5in_bright_white_custom,unresolved_exception,Not observed in current portal collection snapshot; absence is not discontinuation
custom,CFGX1796BW,lotus_faux_wood_blinds,lotus_fgx_2_5in_bright_white_custom,unresolved_exception,Not observed in current portal collection snapshot; absence is not discontinuation
custom,CFGX2396BW,lotus_faux_wood_blinds,lotus_fgx_2_5in_bright_white_custom,unresolved_exception,Not observed in current portal collection snapshot; absence is not discontinuation
custom,CFGX3096BW,lotus_faux_wood_blinds,lotus_fgx_2_5in_bright_white_custom,unresolved_exception,Not observed in current portal collection snapshot; absence is not discontinuation
custom,CFGX4396BW,lotus_faux_wood_blinds,lotus_fgx_2_5in_bright_white_custom,unresolved_exception,Not observed in current portal collection snapshot; absence is not discontinuation
custom,CFGX5496BW,lotus_faux_wood_blinds,lotus_fgx_2_5in_bright_white_custom,unresolved_exception,Not observed in current portal collection snapshot; absence is not discontinuation
custom,CFGX5996BW,lotus_faux_wood_blinds,lotus_fgx_2_5in_bright_white_custom,unresolved_exception,Not observed in current portal collection snapshot; absence is not discontinuation
custom,CFGX6396BW,lotus_faux_wood_blinds,lotus_fgx_2_5in_bright_white_custom,unresolved_exception,Not observed in current portal collection snapshot; absence is not discontinuation
custom,CFGX6996BW,lotus_faux_wood_blinds,lotus_fgx_2_5in_bright_white_custom,unresolved_exception,Not observed in current portal collection snapshot; absence is not discontinuation
custom,CFGX7296BW,lotus_faux_wood_blinds,lotus_fgx_2_5in_bright_white_custom,unresolved_exception,Not observed in current portal collection snapshot; absence is not discontinuation
custom,CRS23361P,lotus_roller_shades,lotus_rs_1pct_custom;lotus_rs_blackout_unpriced,unresolved_exception,Not observed in current portal collection snapshot; absence is not discontinuation
custom,CRS27361P,lotus_roller_shades,lotus_rs_1pct_custom;lotus_rs_blackout_unpriced,unresolved_exception,Not observed in current portal collection snapshot; absence is not discontinuation
custom,CRS30361P,lotus_roller_shades,lotus_rs_1pct_custom;lotus_rs_blackout_unpriced,unresolved_exception,Not observed in current portal collection snapshot; absence is not discontinuation
custom,CRS35361P,lotus_roller_shades,lotus_rs_1pct_custom;lotus_rs_blackout_unpriced,unresolved_exception,Not observed in current portal collection snapshot; absence is not discontinuation
custom,CRS39361P,lotus_roller_shades,lotus_rs_1pct_custom;lotus_rs_blackout_unpriced,unresolved_exception,Not observed in current portal collection snapshot; absence is not discontinuation
custom,CRS43361P,lotus_roller_shades,lotus_rs_1pct_custom;lotus_rs_blackout_unpriced,unresolved_exception,Not observed in current portal collection snapshot; absence is not discontinuation
custom,CRS48361P,lotus_roller_shades,lotus_rs_1pct_custom;lotus_rs_blackout_unpriced,unresolved_exception,Not observed in current portal collection snapshot; absence is not discontinuation
custom,CRS54361P,lotus_roller_shades,lotus_rs_1pct_custom;lotus_rs_blackout_unpriced,unresolved_exception,Not observed in current portal collection snapshot; absence is not discontinuation
custom,CRS59361P,lotus_roller_shades,lotus_rs_1pct_custom;lotus_rs_blackout_unpriced,unresolved_exception,Not observed in current portal collection snapshot; absence is not discontinuation
custom,CRS63361P,lotus_roller_shades,lotus_rs_1pct_custom;lotus_rs_blackout_unpriced,unresolved_exception,Not observed in current portal collection snapshot; absence is not discontinuation
custom,CRS69361P,lotus_roller_shades,lotus_rs_1pct_custom;lotus_rs_blackout_unpriced,unresolved_exception,Not observed in current portal collection snapshot; absence is not discontinuation
custom,CRS72361P,lotus_roller_shades,lotus_rs_1pct_custom;lotus_rs_blackout_unpriced,unresolved_exception,Not observed in current portal collection snapshot; absence is not discontinuation
custom,CRS825361P,lotus_roller_shades,lotus_rs_1pct_custom;lotus_rs_blackout_unpriced,unresolved_exception,Not observed in current portal collection snapshot; absence is not discontinuation
custom,CRS95361P,lotus_roller_shades,lotus_rs_1pct_custom;lotus_rs_blackout_unpriced,unresolved_exception,Not observed in current portal collection snapshot; absence is not discontinuation
custom,CRS23481P,lotus_roller_shades,lotus_rs_1pct_custom;lotus_rs_blackout_unpriced,unresolved_exception,Not observed in current portal collection snapshot; absence is not discontinuation
custom,CRS27481P,lotus_roller_shades,lotus_rs_1pct_custom;lotus_rs_blackout_unpriced,unresolved_exception,Not observed in current portal collection snapshot; absence is not discontinuation
custom,CRS30481P,lotus_roller_shades,lotus_rs_1pct_custom;lotus_rs_blackout_unpriced,unresolved_exception,Not observed in current portal collection snapshot; absence is not discontinuation
custom,CRS35481P,lotus_roller_shades,lotus_rs_1pct_custom;lotus_rs_blackout_unpriced,unresolved_exception,Not observed in current portal collection snapshot; absence is not discontinuation
custom,CRS39481P,lotus_roller_shades,lotus_rs_1pct_custom;lotus_rs_blackout_unpriced,unresolved_exception,Not observed in current portal collection snapshot; absence is not discontinuation
custom,CRS43481P,lotus_roller_shades,lotus_rs_1pct_custom;lotus_rs_blackout_unpriced,unresolved_exception,Not observed in current portal collection snapshot; absence is not discontinuation
custom,CRS48481P,lotus_roller_shades,lotus_rs_1pct_custom;lotus_rs_blackout_unpriced,unresolved_exception,Not observed in current portal collection snapshot; absence is not discontinuation
custom,CRS54481P,lotus_roller_shades,lotus_rs_1pct_custom;lotus_rs_blackout_unpriced,unresolved_exception,Not observed in current portal collection snapshot; absence is not discontinuation
custom,CRS59481P,lotus_roller_shades,lotus_rs_1pct_custom;lotus_rs_blackout_unpriced,unresolved_exception,Not observed in current portal collection snapshot; absence is not discontinuation
custom,CRS63481P,lotus_roller_shades,lotus_rs_1pct_custom;lotus_rs_blackout_unpriced,unresolved_exception,Not observed in current portal collection snapshot; absence is not discontinuation
custom,CRS69481P,lotus_roller_shades,lotus_rs_1pct_custom;lotus_rs_blackout_unpriced,unresolved_exception,Not observed in current portal collection snapshot; absence is not discontinuation
custom,CRS72481P,lotus_roller_shades,lotus_rs_1pct_custom;lotus_rs_blackout_unpriced,unresolved_exception,Not observed in current portal collection snapshot; absence is not discontinuation
custom,CRS825481P,lotus_roller_shades,lotus_rs_1pct_custom;lotus_rs_blackout_unpriced,unresolved_exception,Not observed in current portal collection snapshot; absence is not discontinuation
custom,CRS95481P,lotus_roller_shades,lotus_rs_1pct_custom;lotus_rs_blackout_unpriced,unresolved_exception,Not observed in current portal collection snapshot; absence is not discontinuation
custom,CRS23601P,lotus_roller_shades,lotus_rs_1pct_custom;lotus_rs_blackout_unpriced,unresolved_exception,Not observed in current portal collection snapshot; absence is not discontinuation
custom,CRS27601P,lotus_roller_shades,lotus_rs_1pct_custom;lotus_rs_blackout_unpriced,unresolved_exception,Not observed in current portal collection snapshot; absence is not discontinuation
custom,CRS30601P,lotus_roller_shades,lotus_rs_1pct_custom;lotus_rs_blackout_unpriced,unresolved_exception,Not observed in current portal collection snapshot; absence is not discontinuation
custom,CRS35601P,lotus_roller_shades,lotus_rs_1pct_custom;lotus_rs_blackout_unpriced,unresolved_exception,Not observed in current portal collection snapshot; absence is not discontinuation
custom,CRS39601P,lotus_roller_shades,lotus_rs_1pct_custom;lotus_rs_blackout_unpriced,unresolved_exception,Not observed in current portal collection snapshot; absence is not discontinuation
custom,CRS43601P,lotus_roller_shades,lotus_rs_1pct_custom;lotus_rs_blackout_unpriced,unresolved_exception,Not observed in current portal collection snapshot; absence is not discontinuation
custom,CRS48601P,lotus_roller_shades,lotus_rs_1pct_custom;lotus_rs_blackout_unpriced,unresolved_exception,Not observed in current portal collection snapshot; absence is not discontinuation
custom,CRS54601P,lotus_roller_shades,lotus_rs_1pct_custom;lotus_rs_blackout_unpriced,unresolved_exception,Not observed in current portal collection snapshot; absence is not discontinuation
custom,CRS59601P,lotus_roller_shades,lotus_rs_1pct_custom;lotus_rs_blackout_unpriced,unresolved_exception,Not observed in current portal collection snapshot; absence is not discontinuation
custom,CRS63601P,lotus_roller_shades,lotus_rs_1pct_custom;lotus_rs_blackout_unpriced,unresolved_exception,Not observed in current portal collection snapshot; absence is not discontinuation
custom,CRS69601P,lotus_roller_shades,lotus_rs_1pct_custom;lotus_rs_blackout_unpriced,unresolved_exception,Not observed in current portal collection snapshot; absence is not discontinuation
custom,CRS72601P,lotus_roller_shades,lotus_rs_1pct_custom;lotus_rs_blackout_unpriced,unresolved_exception,Not observed in current portal collection snapshot; absence is not discontinuation
custom,CRS825601P,lotus_roller_shades,lotus_rs_1pct_custom;lotus_rs_blackout_unpriced,unresolved_exception,Not observed in current portal collection snapshot; absence is not discontinuation
custom,CRS95601P,lotus_roller_shades,lotus_rs_1pct_custom;lotus_rs_blackout_unpriced,unresolved_exception,Not observed in current portal collection snapshot; absence is not discontinuation
custom,CRS23721P,lotus_roller_shades,lotus_rs_1pct_custom;lotus_rs_blackout_unpriced,unresolved_exception,Not observed in current portal collection snapshot; absence is not discontinuation
custom,CRS27721P,lotus_roller_shades,lotus_rs_1pct_custom;lotus_rs_blackout_unpriced,unresolved_exception,Not observed in current portal collection snapshot; absence is not discontinuation
custom,CRS30721P,lotus_roller_shades,lotus_rs_1pct_custom;lotus_rs_blackout_unpriced,unresolved_exception,Not observed in current portal collection snapshot; absence is not discontinuation
custom,CRS35721P,lotus_roller_shades,lotus_rs_1pct_custom;lotus_rs_blackout_unpriced,unresolved_exception,Not observed in current portal collection snapshot; absence is not discontinuation
custom,CRS39721P,lotus_roller_shades,lotus_rs_1pct_custom;lotus_rs_blackout_unpriced,unresolved_exception,Not observed in current portal collection snapshot; absence is not discontinuation
custom,CRS43721P,lotus_roller_shades,lotus_rs_1pct_custom;lotus_rs_blackout_unpriced,unresolved_exception,Not observed in current portal collection snapshot; absence is not discontinuation
custom,CRS48721P,lotus_roller_shades,lotus_rs_1pct_custom;lotus_rs_blackout_unpriced,unresolved_exception,Not observed in current portal collection snapshot; absence is not discontinuation
custom,CRS54721P,lotus_roller_shades,lotus_rs_1pct_custom;lotus_rs_blackout_unpriced,unresolved_exception,Not observed in current portal collection snapshot; absence is not discontinuation
custom,CRS59721P,lotus_roller_shades,lotus_rs_1pct_custom;lotus_rs_blackout_unpriced,unresolved_exception,Not observed in current portal collection snapshot; absence is not discontinuation
custom,CRS63721P,lotus_roller_shades,lotus_rs_1pct_custom;lotus_rs_blackout_unpriced,unresolved_exception,Not observed in current portal collection snapshot; absence is not discontinuation
custom,CRS69721P,lotus_roller_shades,lotus_rs_1pct_custom;lotus_rs_blackout_unpriced,unresolved_exception,Not observed in current portal collection snapshot; absence is not discontinuation
custom,CRS72721P,lotus_roller_shades,lotus_rs_1pct_custom;lotus_rs_blackout_unpriced,unresolved_exception,Not observed in current portal collection snapshot; absence is not discontinuation
custom,CRS825721P,lotus_roller_shades,lotus_rs_1pct_custom;lotus_rs_blackout_unpriced,unresolved_exception,Not observed in current portal collection snapshot; absence is not discontinuation
custom,CRS95721P,lotus_roller_shades,lotus_rs_1pct_custom;lotus_rs_blackout_unpriced,unresolved_exception,Not observed in current portal collection snapshot; absence is not discontinuation
custom,CRS23841P,lotus_roller_shades,lotus_rs_1pct_custom;lotus_rs_blackout_unpriced,unresolved_exception,Not observed in current portal collection snapshot; absence is not discontinuation
custom,CRS27841P,lotus_roller_shades,lotus_rs_1pct_custom;lotus_rs_blackout_unpriced,unresolved_exception,Not observed in current portal collection snapshot; absence is not discontinuation
custom,CRS30841P,lotus_roller_shades,lotus_rs_1pct_custom;lotus_rs_blackout_unpriced,unresolved_exception,Not observed in current portal collection snapshot; absence is not discontinuation
custom,CRS35841P,lotus_roller_shades,lotus_rs_1pct_custom;lotus_rs_blackout_unpriced,unresolved_exception,Not observed in current portal collection snapshot; absence is not discontinuation
custom,CRS39841P,lotus_roller_shades,lotus_rs_1pct_custom;lotus_rs_blackout_unpriced,unresolved_exception,Not observed in current portal collection snapshot; absence is not discontinuation
custom,CRS43841P,lotus_roller_shades,lotus_rs_1pct_custom;lotus_rs_blackout_unpriced,unresolved_exception,Not observed in current portal collection snapshot; absence is not discontinuation
custom,CRS48841P,lotus_roller_shades,lotus_rs_1pct_custom;lotus_rs_blackout_unpriced,unresolved_exception,Not observed in current portal collection snapshot; absence is not discontinuation
custom,CRS54841P,lotus_roller_shades,lotus_rs_1pct_custom;lotus_rs_blackout_unpriced,unresolved_exception,Not observed in current portal collection snapshot; absence is not discontinuation
custom,CRS59841P,lotus_roller_shades,lotus_rs_1pct_custom;lotus_rs_blackout_unpriced,unresolved_exception,Not observed in current portal collection snapshot; absence is not discontinuation
custom,CRS63841P,lotus_roller_shades,lotus_rs_1pct_custom;lotus_rs_blackout_unpriced,unresolved_exception,Not observed in current portal collection snapshot; absence is not discontinuation
custom,CRS69841P,lotus_roller_shades,lotus_rs_1pct_custom;lotus_rs_blackout_unpriced,unresolved_exception,Not observed in current portal collection snapshot; absence is not discontinuation
custom,CRS72841P,lotus_roller_shades,lotus_rs_1pct_custom;lotus_rs_blackout_unpriced,unresolved_exception,Not observed in current portal collection snapshot; absence is not discontinuation
custom,CRS23961P,lotus_roller_shades,lotus_rs_1pct_custom;lotus_rs_blackout_unpriced,unresolved_exception,Not observed in current portal collection snapshot; absence is not discontinuation
custom,CRS27961P,lotus_roller_shades,lotus_rs_1pct_custom;lotus_rs_blackout_unpriced,unresolved_exception,Not observed in current portal collection snapshot; absence is not discontinuation
custom,CRS30961P,lotus_roller_shades,lotus_rs_1pct_custom;lotus_rs_blackout_unpriced,unresolved_exception,Not observed in current portal collection snapshot; absence is not discontinuation
custom,CRS35961P,lotus_roller_shades,lotus_rs_1pct_custom;lotus_rs_blackout_unpriced,unresolved_exception,Not observed in current portal collection snapshot; absence is not discontinuation
custom,CRS39961P,lotus_roller_shades,lotus_rs_1pct_custom;lotus_rs_blackout_unpriced,unresolved_exception,Not observed in current portal collection snapshot; absence is not discontinuation
custom,CRS43961P,lotus_roller_shades,lotus_rs_1pct_custom;lotus_rs_blackout_unpriced,unresolved_exception,Not observed in current portal collection snapshot; absence is not discontinuation
custom,CRS48961P,lotus_roller_shades,lotus_rs_1pct_custom;lotus_rs_blackout_unpriced,unresolved_exception,Not observed in current portal collection snapshot; absence is not discontinuation
custom,CRS54961P,lotus_roller_shades,lotus_rs_1pct_custom;lotus_rs_blackout_unpriced,unresolved_exception,Not observed in current portal collection snapshot; absence is not discontinuation
custom,CRS59961P,lotus_roller_shades,lotus_rs_1pct_custom;lotus_rs_blackout_unpriced,unresolved_exception,Not observed in current portal collection snapshot; absence is not discontinuation
custom,CRS63961P,lotus_roller_shades,lotus_rs_1pct_custom;lotus_rs_blackout_unpriced,unresolved_exception,Not observed in current portal collection snapshot; absence is not discontinuation
custom,CRS69961P,lotus_roller_shades,lotus_rs_1pct_custom;lotus_rs_blackout_unpriced,unresolved_exception,Not observed in current portal collection snapshot; absence is not discontinuation
custom,CRS72961P,lotus_roller_shades,lotus_rs_1pct_custom;lotus_rs_blackout_unpriced,unresolved_exception,Not observed in current portal collection snapshot; absence is not discontinuation
custom,CVS3548W,lotus_vertical_blinds,lotus_cv_steel_complete_custom,unresolved_exception,Not observed in current portal collection snapshot; absence is not discontinuation
custom,CVS4848W,lotus_vertical_blinds,lotus_cv_steel_complete_custom,unresolved_exception,Not observed in current portal collection snapshot; absence is not discontinuation
custom,CVS5448W,lotus_vertical_blinds,lotus_cv_steel_complete_custom,unresolved_exception,Not observed in current portal collection snapshot; absence is not discontinuation
custom,CVS6048W,lotus_vertical_blinds,lotus_cv_steel_complete_custom,unresolved_exception,Not observed in current portal collection snapshot; absence is not discontinuation
custom,CVS6648W,lotus_vertical_blinds,lotus_cv_steel_complete_custom,unresolved_exception,Not observed in current portal collection snapshot; absence is not discontinuation
custom,CVS7248W,lotus_vertical_blinds,lotus_cv_steel_complete_custom,unresolved_exception,Not observed in current portal collection snapshot; absence is not discontinuation
custom,CVS7848W,lotus_vertical_blinds,lotus_cv_steel_complete_custom,unresolved_exception,Not observed in current portal collection snapshot; absence is not discontinuation
custom,CVS8548W,lotus_vertical_blinds,lotus_cv_steel_complete_custom,unresolved_exception,Not observed in current portal collection snapshot; absence is not discontinuation
custom,CVS9048W,lotus_vertical_blinds,lotus_cv_steel_complete_custom,unresolved_exception,Not observed in current portal collection snapshot; absence is not discontinuation
custom,CVS9648W,lotus_vertical_blinds,lotus_cv_steel_complete_custom,unresolved_exception,Not observed in current portal collection snapshot; absence is not discontinuation
custom,CVS10248W,lotus_vertical_blinds,lotus_cv_steel_complete_custom,unresolved_exception,Not observed in current portal collection snapshot; absence is not discontinuation
custom,CVS11048W,lotus_vertical_blinds,lotus_cv_steel_complete_custom,unresolved_exception,Not observed in current portal collection snapshot; absence is not discontinuation
custom,CVS11848W,lotus_vertical_blinds,lotus_cv_steel_complete_custom,unresolved_exception,Not observed in current portal collection snapshot; absence is not discontinuation
custom,CVS3560W,lotus_vertical_blinds,lotus_cv_steel_complete_custom,unresolved_exception,Not observed in current portal collection snapshot; absence is not discontinuation
custom,CVS4860W,lotus_vertical_blinds,lotus_cv_steel_complete_custom,unresolved_exception,Not observed in current portal collection snapshot; absence is not discontinuation
custom,CVS5460W,lotus_vertical_blinds,lotus_cv_steel_complete_custom,unresolved_exception,Not observed in current portal collection snapshot; absence is not discontinuation
custom,CVS6060W,lotus_vertical_blinds,lotus_cv_steel_complete_custom,unresolved_exception,Not observed in current portal collection snapshot; absence is not discontinuation
custom,CVS6660W,lotus_vertical_blinds,lotus_cv_steel_complete_custom,unresolved_exception,Not observed in current portal collection snapshot; absence is not discontinuation
custom,CVS7260W,lotus_vertical_blinds,lotus_cv_steel_complete_custom,unresolved_exception,Not observed in current portal collection snapshot; absence is not discontinuation
custom,CVS7860W,lotus_vertical_blinds,lotus_cv_steel_complete_custom,unresolved_exception,Not observed in current portal collection snapshot; absence is not discontinuation
custom,CVS8560W,lotus_vertical_blinds,lotus_cv_steel_complete_custom,unresolved_exception,Not observed in current portal collection snapshot; absence is not discontinuation
custom,CVS9060W,lotus_vertical_blinds,lotus_cv_steel_complete_custom,unresolved_exception,Not observed in current portal collection snapshot; absence is not discontinuation
custom,CVS9660W,lotus_vertical_blinds,lotus_cv_steel_complete_custom,unresolved_exception,Not observed in current portal collection snapshot; absence is not discontinuation
custom,CVS10260W,lotus_vertical_blinds,lotus_cv_steel_complete_custom,unresolved_exception,Not observed in current portal collection snapshot; absence is not discontinuation
custom,CVS11060W,lotus_vertical_blinds,lotus_cv_steel_complete_custom,unresolved_exception,Not observed in current portal collection snapshot; absence is not discontinuation
custom,CVS11860W,lotus_vertical_blinds,lotus_cv_steel_complete_custom,unresolved_exception,Not observed in current portal collection snapshot; absence is not discontinuation
custom,CVS3572W,lotus_vertical_blinds,lotus_cv_steel_complete_custom,unresolved_exception,Not observed in current portal collection snapshot; absence is not discontinuation
custom,CVS4872W,lotus_vertical_blinds,lotus_cv_steel_complete_custom,unresolved_exception,Not observed in current portal collection snapshot; absence is not discontinuation
custom,CVS5472W,lotus_vertical_blinds,lotus_cv_steel_complete_custom,unresolved_exception,Not observed in current portal collection snapshot; absence is not discontinuation
custom,CVS6072W,lotus_vertical_blinds,lotus_cv_steel_complete_custom,unresolved_exception,Not observed in current portal collection snapshot; absence is not discontinuation
custom,CVS6672W,lotus_vertical_blinds,lotus_cv_steel_complete_custom,unresolved_exception,Not observed in current portal collection snapshot; absence is not discontinuation
custom,CVS7272W,lotus_vertical_blinds,lotus_cv_steel_complete_custom,unresolved_exception,Not observed in current portal collection snapshot; absence is not discontinuation
custom,CVS7872W,lotus_vertical_blinds,lotus_cv_steel_complete_custom,unresolved_exception,Not observed in current portal collection snapshot; absence is not discontinuation
custom,CVS8572W,lotus_vertical_blinds,lotus_cv_steel_complete_custom,unresolved_exception,Not observed in current portal collection snapshot; absence is not discontinuation
custom,CVS9072W,lotus_vertical_blinds,lotus_cv_steel_complete_custom,unresolved_exception,Not observed in current portal collection snapshot; absence is not discontinuation
custom,CVS9672W,lotus_vertical_blinds,lotus_cv_steel_complete_custom,unresolved_exception,Not observed in current portal collection snapshot; absence is not discontinuation
custom,CVS10272W,lotus_vertical_blinds,lotus_cv_steel_complete_custom,unresolved_exception,Not observed in current portal collection snapshot; absence is not discontinuation
custom,CVS11072W,lotus_vertical_blinds,lotus_cv_steel_complete_custom,unresolved_exception,Not observed in current portal collection snapshot; absence is not discontinuation
custom,CVS11872W,lotus_vertical_blinds,lotus_cv_steel_complete_custom,unresolved_exception,Not observed in current portal collection snapshot; absence is not discontinuation
custom,CVS3584W,lotus_vertical_blinds,lotus_cv_steel_complete_custom,unresolved_exception,Not observed in current portal collection snapshot; absence is not discontinuation
custom,CVS4884W,lotus_vertical_blinds,lotus_cv_steel_complete_custom,unresolved_exception,Not observed in current portal collection snapshot; absence is not discontinuation
custom,CVS5484W,lotus_vertical_blinds,lotus_cv_steel_complete_custom,unresolved_exception,Not observed in current portal collection snapshot; absence is not discontinuation
custom,CVS6084W,lotus_vertical_blinds,lotus_cv_steel_complete_custom,unresolved_exception,Not observed in current portal collection snapshot; absence is not discontinuation
custom,CVS6684W,lotus_vertical_blinds,lotus_cv_steel_complete_custom,unresolved_exception,Not observed in current portal collection snapshot; absence is not discontinuation
custom,CVS7284W,lotus_vertical_blinds,lotus_cv_steel_complete_custom,unresolved_exception,Not observed in current portal collection snapshot; absence is not discontinuation
custom,CVS7884W,lotus_vertical_blinds,lotus_cv_steel_complete_custom,unresolved_exception,Not observed in current portal collection snapshot; absence is not discontinuation
custom,CVS8584W,lotus_vertical_blinds,lotus_cv_steel_complete_custom,unresolved_exception,Not observed in current portal collection snapshot; absence is not discontinuation
custom,CVS9084W,lotus_vertical_blinds,lotus_cv_steel_complete_custom,unresolved_exception,Not observed in current portal collection snapshot; absence is not discontinuation
custom,CVS9684W,lotus_vertical_blinds,lotus_cv_steel_complete_custom,unresolved_exception,Not observed in current portal collection snapshot; absence is not discontinuation
custom,CVS10284W,lotus_vertical_blinds,lotus_cv_steel_complete_custom,unresolved_exception,Not observed in current portal collection snapshot; absence is not discontinuation
custom,CVS11084W,lotus_vertical_blinds,lotus_cv_steel_complete_custom,unresolved_exception,Not observed in current portal collection snapshot; absence is not discontinuation
custom,CVS11884W,lotus_vertical_blinds,lotus_cv_steel_complete_custom,unresolved_exception,Not observed in current portal collection snapshot; absence is not discontinuation
custom,CVS3596W,lotus_vertical_blinds,lotus_cv_steel_complete_custom,unresolved_exception,Not observed in current portal collection snapshot; absence is not discontinuation
custom,CVS4896W,lotus_vertical_blinds,lotus_cv_steel_complete_custom,unresolved_exception,Not observed in current portal collection snapshot; absence is not discontinuation
custom,CVS5496W,lotus_vertical_blinds,lotus_cv_steel_complete_custom,unresolved_exception,Not observed in current portal collection snapshot; absence is not discontinuation
custom,CVS6096W,lotus_vertical_blinds,lotus_cv_steel_complete_custom,unresolved_exception,Not observed in current portal collection snapshot; absence is not discontinuation
custom,CVS6696W,lotus_vertical_blinds,lotus_cv_steel_complete_custom,unresolved_exception,Not observed in current portal collection snapshot; absence is not discontinuation
custom,CVS7296W,lotus_vertical_blinds,lotus_cv_steel_complete_custom,unresolved_exception,Not observed in current portal collection snapshot; absence is not discontinuation
custom,CVS7896W,lotus_vertical_blinds,lotus_cv_steel_complete_custom,unresolved_exception,Not observed in current portal collection snapshot; absence is not discontinuation
custom,CVS8596W,lotus_vertical_blinds,lotus_cv_steel_complete_custom,unresolved_exception,Not observed in current portal collection snapshot; absence is not discontinuation
custom,CVS9096W,lotus_vertical_blinds,lotus_cv_steel_complete_custom,unresolved_exception,Not observed in current portal collection snapshot; absence is not discontinuation
custom,CVS9696W,lotus_vertical_blinds,lotus_cv_steel_complete_custom,unresolved_exception,Not observed in current portal collection snapshot; absence is not discontinuation
custom,CVS10296W,lotus_vertical_blinds,lotus_cv_steel_complete_custom,unresolved_exception,Not observed in current portal collection snapshot; absence is not discontinuation
custom,CVS11096W,lotus_vertical_blinds,lotus_cv_steel_complete_custom,unresolved_exception,Not observed in current portal collection snapshot; absence is not discontinuation
custom,CVS11896W,lotus_vertical_blinds,lotus_cv_steel_complete_custom,unresolved_exception,Not observed in current portal collection snapshot; absence is not discontinuation
custom,CVS35120W,lotus_vertical_blinds,lotus_cv_steel_complete_custom,unresolved_exception,Not observed in current portal collection snapshot; absence is not discontinuation
custom,CVS48120W,lotus_vertical_blinds,lotus_cv_steel_complete_custom,unresolved_exception,Not observed in current portal collection snapshot; absence is not discontinuation
custom,CVS54120W,lotus_vertical_blinds,lotus_cv_steel_complete_custom,unresolved_exception,Not observed in current portal collection snapshot; absence is not discontinuation
custom,CVS60120W,lotus_vertical_blinds,lotus_cv_steel_complete_custom,unresolved_exception,Not observed in current portal collection snapshot; absence is not discontinuation
custom,CVS66120W,lotus_vertical_blinds,lotus_cv_steel_complete_custom,unresolved_exception,Not observed in current portal collection snapshot; absence is not discontinuation
custom,CVS72120W,lotus_vertical_blinds,lotus_cv_steel_complete_custom,unresolved_exception,Not observed in current portal collection snapshot; absence is not discontinuation
custom,CVS78120W,lotus_vertical_blinds,lotus_cv_steel_complete_custom,unresolved_exception,Not observed in current portal collection snapshot; absence is not discontinuation
custom,CVS85120W,lotus_vertical_blinds,lotus_cv_steel_complete_custom,unresolved_exception,Not observed in current portal collection snapshot; absence is not discontinuation
custom,CVS90120W,lotus_vertical_blinds,lotus_cv_steel_complete_custom,unresolved_exception,Not observed in current portal collection snapshot; absence is not discontinuation
custom,CVS96120W,lotus_vertical_blinds,lotus_cv_steel_complete_custom,unresolved_exception,Not observed in current portal collection snapshot; absence is not discontinuation
custom,CVS102120W,lotus_vertical_blinds,lotus_cv_steel_complete_custom,unresolved_exception,Not observed in current portal collection snapshot; absence is not discontinuation
custom,CVS110120W,lotus_vertical_blinds,lotus_cv_steel_complete_custom,unresolved_exception,Not observed in current portal collection snapshot; absence is not discontinuation
custom,CVS118120W,lotus_vertical_blinds,lotus_cv_steel_complete_custom,unresolved_exception,Not observed in current portal collection snapshot; absence is not discontinuation
custom,CVH35W,lotus_vertical_blinds,lotus_cvh_steel_headrail_custom,unresolved_exception,Not observed in current portal collection snapshot; absence is not discontinuation
custom,CVH48W,lotus_vertical_blinds,lotus_cvh_steel_headrail_custom,unresolved_exception,Not observed in current portal collection snapshot; absence is not discontinuation
custom,CVH54W,lotus_vertical_blinds,lotus_cvh_steel_headrail_custom,unresolved_exception,Not observed in current portal collection snapshot; absence is not discontinuation
custom,CVH60W,lotus_vertical_blinds,lotus_cvh_steel_headrail_custom,unresolved_exception,Not observed in current portal collection snapshot; absence is not discontinuation
custom,CVH66W,lotus_vertical_blinds,lotus_cvh_steel_headrail_custom,unresolved_exception,Not observed in current portal collection snapshot; absence is not discontinuation
custom,CVH72W,lotus_vertical_blinds,lotus_cvh_steel_headrail_custom,unresolved_exception,Not observed in current portal collection snapshot; absence is not discontinuation
custom,CVH78W,lotus_vertical_blinds,lotus_cvh_steel_headrail_custom,unresolved_exception,Not observed in current portal collection snapshot; absence is not discontinuation
custom,CVH85W,lotus_vertical_blinds,lotus_cvh_steel_headrail_custom,unresolved_exception,Not observed in current portal collection snapshot; absence is not discontinuation
custom,CVH90W,lotus_vertical_blinds,lotus_cvh_steel_headrail_custom,unresolved_exception,Not observed in current portal collection snapshot; absence is not discontinuation
custom,CVH96W,lotus_vertical_blinds,lotus_cvh_steel_headrail_custom,unresolved_exception,Not observed in current portal collection snapshot; absence is not discontinuation
custom,CVH102W,lotus_vertical_blinds,lotus_cvh_steel_headrail_custom,unresolved_exception,Not observed in current portal collection snapshot; absence is not discontinuation
custom,CVH110W,lotus_vertical_blinds,lotus_cvh_steel_headrail_custom,unresolved_exception,Not observed in current portal collection snapshot; absence is not discontinuation
custom,CVH118W,lotus_vertical_blinds,lotus_cvh_steel_headrail_custom,unresolved_exception,Not observed in current portal collection snapshot; absence is not discontinuation
custom,CVNO3548W,lotus_vertical_blinds,lotus_cvn_aluminum_one_way_custom,unresolved_exception,Not observed in current portal collection snapshot; absence is not discontinuation
custom,CVNO4848W,lotus_vertical_blinds,lotus_cvn_aluminum_one_way_custom,unresolved_exception,Not observed in current portal collection snapshot; absence is not discontinuation
custom,CVNO5448W,lotus_vertical_blinds,lotus_cvn_aluminum_one_way_custom,unresolved_exception,Not observed in current portal collection snapshot; absence is not discontinuation
custom,CVNO6048W,lotus_vertical_blinds,lotus_cvn_aluminum_one_way_custom,unresolved_exception,Not observed in current portal collection snapshot; absence is not discontinuation
custom,CVNO6648W,lotus_vertical_blinds,lotus_cvn_aluminum_one_way_custom,unresolved_exception,Not observed in current portal collection snapshot; absence is not discontinuation
custom,CVNO7248W,lotus_vertical_blinds,lotus_cvn_aluminum_one_way_custom,unresolved_exception,Not observed in current portal collection snapshot; absence is not discontinuation
custom,CVNO7848W,lotus_vertical_blinds,lotus_cvn_aluminum_one_way_custom,unresolved_exception,Not observed in current portal collection snapshot; absence is not discontinuation
custom,CVNO8548W,lotus_vertical_blinds,lotus_cvn_aluminum_one_way_custom,unresolved_exception,Not observed in current portal collection snapshot; absence is not discontinuation
custom,CVNO9048W,lotus_vertical_blinds,lotus_cvn_aluminum_one_way_custom,unresolved_exception,Not observed in current portal collection snapshot; absence is not discontinuation
custom,CVNO9648W,lotus_vertical_blinds,lotus_cvn_aluminum_one_way_custom,unresolved_exception,Not observed in current portal collection snapshot; absence is not discontinuation
custom,CVNO10248W,lotus_vertical_blinds,lotus_cvn_aluminum_one_way_custom,unresolved_exception,Not observed in current portal collection snapshot; absence is not discontinuation
custom,CVNO11048W,lotus_vertical_blinds,lotus_cvn_aluminum_one_way_custom,unresolved_exception,Not observed in current portal collection snapshot; absence is not discontinuation
custom,CVNO11848W,lotus_vertical_blinds,lotus_cvn_aluminum_one_way_custom,unresolved_exception,Not observed in current portal collection snapshot; absence is not discontinuation
custom,CVNO12648W,lotus_vertical_blinds,lotus_cvn_aluminum_one_way_custom,unresolved_exception,Not observed in current portal collection snapshot; absence is not discontinuation
custom,CVNO14448W,lotus_vertical_blinds,lotus_cvn_aluminum_one_way_custom,unresolved_exception,Not observed in current portal collection snapshot; absence is not discontinuation
custom,CVNO15648W,lotus_vertical_blinds,lotus_cvn_aluminum_one_way_custom,unresolved_exception,Not observed in current portal collection snapshot; absence is not discontinuation
custom,CVNO4860W,lotus_vertical_blinds,lotus_cvn_aluminum_one_way_custom,unresolved_exception,Not observed in current portal collection snapshot; absence is not discontinuation
custom,CVNO5460W,lotus_vertical_blinds,lotus_cvn_aluminum_one_way_custom,unresolved_exception,Not observed in current portal collection snapshot; absence is not discontinuation
custom,CVNO6060W,lotus_vertical_blinds,lotus_cvn_aluminum_one_way_custom,unresolved_exception,Not observed in current portal collection snapshot; absence is not discontinuation
custom,CVNO6660W,lotus_vertical_blinds,lotus_cvn_aluminum_one_way_custom,unresolved_exception,Not observed in current portal collection snapshot; absence is not discontinuation
custom,CVNO7260W,lotus_vertical_blinds,lotus_cvn_aluminum_one_way_custom,unresolved_exception,Not observed in current portal collection snapshot; absence is not discontinuation
custom,CVNO7860W,lotus_vertical_blinds,lotus_cvn_aluminum_one_way_custom,unresolved_exception,Not observed in current portal collection snapshot; absence is not discontinuation
custom,CVNO8560W,lotus_vertical_blinds,lotus_cvn_aluminum_one_way_custom,unresolved_exception,Not observed in current portal collection snapshot; absence is not discontinuation
custom,CVNO9060W,lotus_vertical_blinds,lotus_cvn_aluminum_one_way_custom,unresolved_exception,Not observed in current portal collection snapshot; absence is not discontinuation
custom,CVNO9660W,lotus_vertical_blinds,lotus_cvn_aluminum_one_way_custom,unresolved_exception,Not observed in current portal collection snapshot; absence is not discontinuation
custom,CVNO10260W,lotus_vertical_blinds,lotus_cvn_aluminum_one_way_custom,unresolved_exception,Not observed in current portal collection snapshot; absence is not discontinuation
custom,CVNO11060W,lotus_vertical_blinds,lotus_cvn_aluminum_one_way_custom,unresolved_exception,Not observed in current portal collection snapshot; absence is not discontinuation
custom,CVNO11860W,lotus_vertical_blinds,lotus_cvn_aluminum_one_way_custom,unresolved_exception,Not observed in current portal collection snapshot; absence is not discontinuation
custom,CVNO12660W,lotus_vertical_blinds,lotus_cvn_aluminum_one_way_custom,unresolved_exception,Not observed in current portal collection snapshot; absence is not discontinuation
custom,CVNO14460W,lotus_vertical_blinds,lotus_cvn_aluminum_one_way_custom,unresolved_exception,Not observed in current portal collection snapshot; absence is not discontinuation
custom,CVNO15660W,lotus_vertical_blinds,lotus_cvn_aluminum_one_way_custom,unresolved_exception,Not observed in current portal collection snapshot; absence is not discontinuation
custom,CVNO3572W,lotus_vertical_blinds,lotus_cvn_aluminum_one_way_custom,unresolved_exception,Not observed in current portal collection snapshot; absence is not discontinuation
custom,CVNO4872W,lotus_vertical_blinds,lotus_cvn_aluminum_one_way_custom,unresolved_exception,Not observed in current portal collection snapshot; absence is not discontinuation
custom,CVNO5472W,lotus_vertical_blinds,lotus_cvn_aluminum_one_way_custom,unresolved_exception,Not observed in current portal collection snapshot; absence is not discontinuation
custom,CVNO6072W,lotus_vertical_blinds,lotus_cvn_aluminum_one_way_custom,unresolved_exception,Not observed in current portal collection snapshot; absence is not discontinuation
custom,CVNO6672W,lotus_vertical_blinds,lotus_cvn_aluminum_one_way_custom,unresolved_exception,Not observed in current portal collection snapshot; absence is not discontinuation
custom,CVNO7272W,lotus_vertical_blinds,lotus_cvn_aluminum_one_way_custom,unresolved_exception,Not observed in current portal collection snapshot; absence is not discontinuation
custom,CVNO7872W,lotus_vertical_blinds,lotus_cvn_aluminum_one_way_custom,unresolved_exception,Not observed in current portal collection snapshot; absence is not discontinuation
custom,CVNO8572W,lotus_vertical_blinds,lotus_cvn_aluminum_one_way_custom,unresolved_exception,Not observed in current portal collection snapshot; absence is not discontinuation
custom,CVNO9072W,lotus_vertical_blinds,lotus_cvn_aluminum_one_way_custom,unresolved_exception,Not observed in current portal collection snapshot; absence is not discontinuation
custom,CVNO9672W,lotus_vertical_blinds,lotus_cvn_aluminum_one_way_custom,unresolved_exception,Not observed in current portal collection snapshot; absence is not discontinuation
custom,CVNO10272W,lotus_vertical_blinds,lotus_cvn_aluminum_one_way_custom,unresolved_exception,Not observed in current portal collection snapshot; absence is not discontinuation
custom,CVNO11072W,lotus_vertical_blinds,lotus_cvn_aluminum_one_way_custom,unresolved_exception,Not observed in current portal collection snapshot; absence is not discontinuation
custom,CVNO11872W,lotus_vertical_blinds,lotus_cvn_aluminum_one_way_custom,unresolved_exception,Not observed in current portal collection snapshot; absence is not discontinuation
custom,CVNO12672W,lotus_vertical_blinds,lotus_cvn_aluminum_one_way_custom,unresolved_exception,Not observed in current portal collection snapshot; absence is not discontinuation
custom,CVNO14472W,lotus_vertical_blinds,lotus_cvn_aluminum_one_way_custom,unresolved_exception,Not observed in current portal collection snapshot; absence is not discontinuation
custom,CVNO15672W,lotus_vertical_blinds,lotus_cvn_aluminum_one_way_custom,unresolved_exception,Not observed in current portal collection snapshot; absence is not discontinuation
custom,CVNO3584W,lotus_vertical_blinds,lotus_cvn_aluminum_one_way_custom,unresolved_exception,Not observed in current portal collection snapshot; absence is not discontinuation
custom,CVNO4884W,lotus_vertical_blinds,lotus_cvn_aluminum_one_way_custom,unresolved_exception,Not observed in current portal collection snapshot; absence is not discontinuation
custom,CVNO5484W,lotus_vertical_blinds,lotus_cvn_aluminum_one_way_custom,unresolved_exception,Not observed in current portal collection snapshot; absence is not discontinuation
custom,CVNO6084W,lotus_vertical_blinds,lotus_cvn_aluminum_one_way_custom,unresolved_exception,Not observed in current portal collection snapshot; absence is not discontinuation
custom,CVNO6684W,lotus_vertical_blinds,lotus_cvn_aluminum_one_way_custom,unresolved_exception,Not observed in current portal collection snapshot; absence is not discontinuation
custom,CVNO7284W,lotus_vertical_blinds,lotus_cvn_aluminum_one_way_custom,unresolved_exception,Not observed in current portal collection snapshot; absence is not discontinuation
custom,CVNO7884W,lotus_vertical_blinds,lotus_cvn_aluminum_one_way_custom,unresolved_exception,Not observed in current portal collection snapshot; absence is not discontinuation
custom,CVNO8584W,lotus_vertical_blinds,lotus_cvn_aluminum_one_way_custom,unresolved_exception,Not observed in current portal collection snapshot; absence is not discontinuation
custom,CVNO9084W,lotus_vertical_blinds,lotus_cvn_aluminum_one_way_custom,unresolved_exception,Not observed in current portal collection snapshot; absence is not discontinuation
custom,CVNO9684W,lotus_vertical_blinds,lotus_cvn_aluminum_one_way_custom,unresolved_exception,Not observed in current portal collection snapshot; absence is not discontinuation
custom,CVNO10284W,lotus_vertical_blinds,lotus_cvn_aluminum_one_way_custom,unresolved_exception,Not observed in current portal collection snapshot; absence is not discontinuation
custom,CVNO11084W,lotus_vertical_blinds,lotus_cvn_aluminum_one_way_custom,unresolved_exception,Not observed in current portal collection snapshot; absence is not discontinuation
custom,CVNO11884W,lotus_vertical_blinds,lotus_cvn_aluminum_one_way_custom,unresolved_exception,Not observed in current portal collection snapshot; absence is not discontinuation
custom,CVNO12684W,lotus_vertical_blinds,lotus_cvn_aluminum_one_way_custom,unresolved_exception,Not observed in current portal collection snapshot; absence is not discontinuation
custom,CVNO14484W,lotus_vertical_blinds,lotus_cvn_aluminum_one_way_custom,unresolved_exception,Not observed in current portal collection snapshot; absence is not discontinuation
custom,CVNO15684W,lotus_vertical_blinds,lotus_cvn_aluminum_one_way_custom,unresolved_exception,Not observed in current portal collection snapshot; absence is not discontinuation
custom,CVNO3596W,lotus_vertical_blinds,lotus_cvn_aluminum_one_way_custom,unresolved_exception,Not observed in current portal collection snapshot; absence is not discontinuation
custom,CVNO4896W,lotus_vertical_blinds,lotus_cvn_aluminum_one_way_custom,unresolved_exception,Not observed in current portal collection snapshot; absence is not discontinuation
custom,CVNO5496W,lotus_vertical_blinds,lotus_cvn_aluminum_one_way_custom,unresolved_exception,Not observed in current portal collection snapshot; absence is not discontinuation
custom,CVNO6096W,lotus_vertical_blinds,lotus_cvn_aluminum_one_way_custom,unresolved_exception,Not observed in current portal collection snapshot; absence is not discontinuation
custom,CVNO6696W,lotus_vertical_blinds,lotus_cvn_aluminum_one_way_custom,unresolved_exception,Not observed in current portal collection snapshot; absence is not discontinuation
custom,CVNO7296W,lotus_vertical_blinds,lotus_cvn_aluminum_one_way_custom,unresolved_exception,Not observed in current portal collection snapshot; absence is not discontinuation
custom,CVNO7896W,lotus_vertical_blinds,lotus_cvn_aluminum_one_way_custom,unresolved_exception,Not observed in current portal collection snapshot; absence is not discontinuation
custom,CVNO8596W,lotus_vertical_blinds,lotus_cvn_aluminum_one_way_custom,unresolved_exception,Not observed in current portal collection snapshot; absence is not discontinuation
custom,CVNO9096W,lotus_vertical_blinds,lotus_cvn_aluminum_one_way_custom,unresolved_exception,Not observed in current portal collection snapshot; absence is not discontinuation
custom,CVNO9696W,lotus_vertical_blinds,lotus_cvn_aluminum_one_way_custom,unresolved_exception,Not observed in current portal collection snapshot; absence is not discontinuation
custom,CVNO10296W,lotus_vertical_blinds,lotus_cvn_aluminum_one_way_custom,unresolved_exception,Not observed in current portal collection snapshot; absence is not discontinuation
custom,CVNO11096W,lotus_vertical_blinds,lotus_cvn_aluminum_one_way_custom,unresolved_exception,Not observed in current portal collection snapshot; absence is not discontinuation
custom,CVNO11896W,lotus_vertical_blinds,lotus_cvn_aluminum_one_way_custom,unresolved_exception,Not observed in current portal collection snapshot; absence is not discontinuation
custom,CVNO12696W,lotus_vertical_blinds,lotus_cvn_aluminum_one_way_custom,unresolved_exception,Not observed in current portal collection snapshot; absence is not discontinuation
custom,CVNO14496W,lotus_vertical_blinds,lotus_cvn_aluminum_one_way_custom,unresolved_exception,Not observed in current portal collection snapshot; absence is not discontinuation
custom,CVNO15696W,lotus_vertical_blinds,lotus_cvn_aluminum_one_way_custom,unresolved_exception,Not observed in current portal collection snapshot; absence is not discontinuation
custom,CVNO35120W,lotus_vertical_blinds,lotus_cvn_aluminum_one_way_custom,unresolved_exception,Not observed in current portal collection snapshot; absence is not discontinuation
custom,CVNO48120W,lotus_vertical_blinds,lotus_cvn_aluminum_one_way_custom,unresolved_exception,Not observed in current portal collection snapshot; absence is not discontinuation
custom,CVNO54120W,lotus_vertical_blinds,lotus_cvn_aluminum_one_way_custom,unresolved_exception,Not observed in current portal collection snapshot; absence is not discontinuation
custom,CVNO60120W,lotus_vertical_blinds,lotus_cvn_aluminum_one_way_custom,unresolved_exception,Not observed in current portal collection snapshot; absence is not discontinuation
custom,CVNO66120W,lotus_vertical_blinds,lotus_cvn_aluminum_one_way_custom,unresolved_exception,Not observed in current portal collection snapshot; absence is not discontinuation
custom,CVNO72120W,lotus_vertical_blinds,lotus_cvn_aluminum_one_way_custom,unresolved_exception,Not observed in current portal collection snapshot; absence is not discontinuation
custom,CVNO78120W,lotus_vertical_blinds,lotus_cvn_aluminum_one_way_custom,unresolved_exception,Not observed in current portal collection snapshot; absence is not discontinuation
custom,CVNO85120W,lotus_vertical_blinds,lotus_cvn_aluminum_one_way_custom,unresolved_exception,Not observed in current portal collection snapshot; absence is not discontinuation
custom,CVNO90120W,lotus_vertical_blinds,lotus_cvn_aluminum_one_way_custom,unresolved_exception,Not observed in current portal collection snapshot; absence is not discontinuation
custom,CVNO96120W,lotus_vertical_blinds,lotus_cvn_aluminum_one_way_custom,unresolved_exception,Not observed in current portal collection snapshot; absence is not discontinuation
custom,CVNO102120W,lotus_vertical_blinds,lotus_cvn_aluminum_one_way_custom,unresolved_exception,Not observed in current portal collection snapshot; absence is not discontinuation
custom,CVNO110120W,lotus_vertical_blinds,lotus_cvn_aluminum_one_way_custom,unresolved_exception,Not observed in current portal collection snapshot; absence is not discontinuation
custom,CVNO118120W,lotus_vertical_blinds,lotus_cvn_aluminum_one_way_custom,unresolved_exception,Not observed in current portal collection snapshot; absence is not discontinuation
custom,CVNO126120W,lotus_vertical_blinds,lotus_cvn_aluminum_one_way_custom,unresolved_exception,Not observed in current portal collection snapshot; absence is not discontinuation
custom,CVNO144120W,lotus_vertical_blinds,lotus_cvn_aluminum_one_way_custom,unresolved_exception,Not observed in current portal collection snapshot; absence is not discontinuation
custom,CVNO156120W,lotus_vertical_blinds,lotus_cvn_aluminum_one_way_custom,unresolved_exception,Not observed in current portal collection snapshot; absence is not discontinuation
custom,CVNO35W,lotus_vertical_blinds,lotus_cvno_aluminum_one_way_headrail_custom,unresolved_exception,Not observed in current portal collection snapshot; absence is not discontinuation
custom,CVNO48W,lotus_vertical_blinds,lotus_cvno_aluminum_one_way_headrail_custom,unresolved_exception,Not observed in current portal collection snapshot; absence is not discontinuation
custom,CVNO54W,lotus_vertical_blinds,lotus_cvno_aluminum_one_way_headrail_custom,unresolved_exception,Not observed in current portal collection snapshot; absence is not discontinuation
custom,CVNO60W,lotus_vertical_blinds,lotus_cvno_aluminum_one_way_headrail_custom,unresolved_exception,Not observed in current portal collection snapshot; absence is not discontinuation
custom,CVNO66W,lotus_vertical_blinds,lotus_cvno_aluminum_one_way_headrail_custom,unresolved_exception,Not observed in current portal collection snapshot; absence is not discontinuation
custom,CVNO72W,lotus_vertical_blinds,lotus_cvno_aluminum_one_way_headrail_custom,unresolved_exception,Not observed in current portal collection snapshot; absence is not discontinuation
custom,CVNO78W,lotus_vertical_blinds,lotus_cvno_aluminum_one_way_headrail_custom,unresolved_exception,Not observed in current portal collection snapshot; absence is not discontinuation
custom,CVNO85W,lotus_vertical_blinds,lotus_cvno_aluminum_one_way_headrail_custom,unresolved_exception,Not observed in current portal collection snapshot; absence is not discontinuation
custom,CVNO90W,lotus_vertical_blinds,lotus_cvno_aluminum_one_way_headrail_custom,unresolved_exception,Not observed in current portal collection snapshot; absence is not discontinuation
custom,CVNO96W,lotus_vertical_blinds,lotus_cvno_aluminum_one_way_headrail_custom,unresolved_exception,Not observed in current portal collection snapshot; absence is not discontinuation
custom,CVNO102W,lotus_vertical_blinds,lotus_cvno_aluminum_one_way_headrail_custom,unresolved_exception,Not observed in current portal collection snapshot; absence is not discontinuation
custom,CVNO110W,lotus_vertical_blinds,lotus_cvno_aluminum_one_way_headrail_custom,unresolved_exception,Not observed in current portal collection snapshot; absence is not discontinuation
custom,CVNO118W,lotus_vertical_blinds,lotus_cvno_aluminum_one_way_headrail_custom,unresolved_exception,Not observed in current portal collection snapshot; absence is not discontinuation
custom,CVNO126W,lotus_vertical_blinds,lotus_cvno_aluminum_one_way_headrail_custom,unresolved_exception,Not observed in current portal collection snapshot; absence is not discontinuation
custom,CVNO144W,lotus_vertical_blinds,lotus_cvno_aluminum_one_way_headrail_custom,unresolved_exception,Not observed in current portal collection snapshot; absence is not discontinuation
custom,CVNO156W,lotus_vertical_blinds,lotus_cvno_aluminum_one_way_headrail_custom,unresolved_exception,Not observed in current portal collection snapshot; absence is not discontinuation
custom,CVNC11048W,lotus_vertical_blinds,lotus_cvnc_aluminum_center_draw_custom,unresolved_exception,Not observed in current portal collection snapshot; absence is not discontinuation
custom,CVNC11848W,lotus_vertical_blinds,lotus_cvnc_aluminum_center_draw_custom,unresolved_exception,Not observed in current portal collection snapshot; absence is not discontinuation
custom,CVNC12648W,lotus_vertical_blinds,lotus_cvnc_aluminum_center_draw_custom,unresolved_exception,Not observed in current portal collection snapshot; absence is not discontinuation
custom,CVNC13848W,lotus_vertical_blinds,lotus_cvnc_aluminum_center_draw_custom,unresolved_exception,Not observed in current portal collection snapshot; absence is not discontinuation
custom,CVNC14448W,lotus_vertical_blinds,lotus_cvnc_aluminum_center_draw_custom,unresolved_exception,Not observed in current portal collection snapshot; absence is not discontinuation
custom,CVNC15648W,lotus_vertical_blinds,lotus_cvnc_aluminum_center_draw_custom,unresolved_exception,Not observed in current portal collection snapshot; absence is not discontinuation
custom,CVNC11060W,lotus_vertical_blinds,lotus_cvnc_aluminum_center_draw_custom,unresolved_exception,Not observed in current portal collection snapshot; absence is not discontinuation
custom,CVNC11860W,lotus_vertical_blinds,lotus_cvnc_aluminum_center_draw_custom,unresolved_exception,Not observed in current portal collection snapshot; absence is not discontinuation
custom,CVNC12660W,lotus_vertical_blinds,lotus_cvnc_aluminum_center_draw_custom,unresolved_exception,Not observed in current portal collection snapshot; absence is not discontinuation
custom,CVNC13860W,lotus_vertical_blinds,lotus_cvnc_aluminum_center_draw_custom,unresolved_exception,Not observed in current portal collection snapshot; absence is not discontinuation
custom,CVNC14460W,lotus_vertical_blinds,lotus_cvnc_aluminum_center_draw_custom,unresolved_exception,Not observed in current portal collection snapshot; absence is not discontinuation
custom,CVNC15660W,lotus_vertical_blinds,lotus_cvnc_aluminum_center_draw_custom,unresolved_exception,Not observed in current portal collection snapshot; absence is not discontinuation
custom,CVNC11072W,lotus_vertical_blinds,lotus_cvnc_aluminum_center_draw_custom,unresolved_exception,Not observed in current portal collection snapshot; absence is not discontinuation
custom,CVNC11872W,lotus_vertical_blinds,lotus_cvnc_aluminum_center_draw_custom,unresolved_exception,Not observed in current portal collection snapshot; absence is not discontinuation
custom,CVNC12672W,lotus_vertical_blinds,lotus_cvnc_aluminum_center_draw_custom,unresolved_exception,Not observed in current portal collection snapshot; absence is not discontinuation
custom,CVNC13872W,lotus_vertical_blinds,lotus_cvnc_aluminum_center_draw_custom,unresolved_exception,Not observed in current portal collection snapshot; absence is not discontinuation
custom,CVNC14472W,lotus_vertical_blinds,lotus_cvnc_aluminum_center_draw_custom,unresolved_exception,Not observed in current portal collection snapshot; absence is not discontinuation
custom,CVNC15672W,lotus_vertical_blinds,lotus_cvnc_aluminum_center_draw_custom,unresolved_exception,Not observed in current portal collection snapshot; absence is not discontinuation
custom,CVNC11084W,lotus_vertical_blinds,lotus_cvnc_aluminum_center_draw_custom,unresolved_exception,Not observed in current portal collection snapshot; absence is not discontinuation
custom,CVNC11884W,lotus_vertical_blinds,lotus_cvnc_aluminum_center_draw_custom,unresolved_exception,Not observed in current portal collection snapshot; absence is not discontinuation
custom,CVNC12684W,lotus_vertical_blinds,lotus_cvnc_aluminum_center_draw_custom,unresolved_exception,Not observed in current portal collection snapshot; absence is not discontinuation
custom,CVNC13884W,lotus_vertical_blinds,lotus_cvnc_aluminum_center_draw_custom,unresolved_exception,Not observed in current portal collection snapshot; absence is not discontinuation
custom,CVNC14484W,lotus_vertical_blinds,lotus_cvnc_aluminum_center_draw_custom,unresolved_exception,Not observed in current portal collection snapshot; absence is not discontinuation
custom,CVNC15684W,lotus_vertical_blinds,lotus_cvnc_aluminum_center_draw_custom,unresolved_exception,Not observed in current portal collection snapshot; absence is not discontinuation
custom,CVNC11096W,lotus_vertical_blinds,lotus_cvnc_aluminum_center_draw_custom,unresolved_exception,Not observed in current portal collection snapshot; absence is not discontinuation
custom,CVNC11896W,lotus_vertical_blinds,lotus_cvnc_aluminum_center_draw_custom,unresolved_exception,Not observed in current portal collection snapshot; absence is not discontinuation
custom,CVNC12696W,lotus_vertical_blinds,lotus_cvnc_aluminum_center_draw_custom,unresolved_exception,Not observed in current portal collection snapshot; absence is not discontinuation
custom,CVNC13896W,lotus_vertical_blinds,lotus_cvnc_aluminum_center_draw_custom,unresolved_exception,Not observed in current portal collection snapshot; absence is not discontinuation
custom,CVNC14496W,lotus_vertical_blinds,lotus_cvnc_aluminum_center_draw_custom,unresolved_exception,Not observed in current portal collection snapshot; absence is not discontinuation
custom,CVNC15696W,lotus_vertical_blinds,lotus_cvnc_aluminum_center_draw_custom,unresolved_exception,Not observed in current portal collection snapshot; absence is not discontinuation
custom,CVNC110120W,lotus_vertical_blinds,lotus_cvnc_aluminum_center_draw_custom,unresolved_exception,Not observed in current portal collection snapshot; absence is not discontinuation
custom,CVNC118120W,lotus_vertical_blinds,lotus_cvnc_aluminum_center_draw_custom,unresolved_exception,Not observed in current portal collection snapshot; absence is not discontinuation
custom,CVNC126120W,lotus_vertical_blinds,lotus_cvnc_aluminum_center_draw_custom,unresolved_exception,Not observed in current portal collection snapshot; absence is not discontinuation
custom,CVNC138120W,lotus_vertical_blinds,lotus_cvnc_aluminum_center_draw_custom,unresolved_exception,Not observed in current portal collection snapshot; absence is not discontinuation
custom,CVNC144120W,lotus_vertical_blinds,lotus_cvnc_aluminum_center_draw_custom,unresolved_exception,Not observed in current portal collection snapshot; absence is not discontinuation
custom,CVNC156120W,lotus_vertical_blinds,lotus_cvnc_aluminum_center_draw_custom,unresolved_exception,Not observed in current portal collection snapshot; absence is not discontinuation
custom,CVNC110W,lotus_vertical_blinds,lotus_cvnc_aluminum_center_draw_headrail_custom,unresolved_exception,Not observed in current portal collection snapshot; absence is not discontinuation
custom,CVNC118W,lotus_vertical_blinds,lotus_cvnc_aluminum_center_draw_headrail_custom,unresolved_exception,Not observed in current portal collection snapshot; absence is not discontinuation
custom,CVNC126W,lotus_vertical_blinds,lotus_cvnc_aluminum_center_draw_headrail_custom,unresolved_exception,Not observed in current portal collection snapshot; absence is not discontinuation
custom,CVNC138W,lotus_vertical_blinds,lotus_cvnc_aluminum_center_draw_headrail_custom,unresolved_exception,Not observed in current portal collection snapshot; absence is not discontinuation
custom,CVNC144W,lotus_vertical_blinds,lotus_cvnc_aluminum_center_draw_headrail_custom,unresolved_exception,Not observed in current portal collection snapshot; absence is not discontinuation
custom,CVNC156W,lotus_vertical_blinds,lotus_cvnc_aluminum_center_draw_headrail_custom,unresolved_exception,Not observed in current portal collection snapshot; absence is not discontinuation
custom,CVV36W,lotus_vertical_blinds,lotus_cvv_vertical_vanes_custom,unresolved_exception,Not observed in current portal collection snapshot; absence is not discontinuation
custom,CVV48W,lotus_vertical_blinds,lotus_cvv_vertical_vanes_custom,unresolved_exception,Not observed in current portal collection snapshot; absence is not discontinuation
custom,CVV48A,lotus_vertical_blinds,lotus_cvv_vertical_vanes_custom,unresolved_exception,Not observed in current portal collection snapshot; absence is not discontinuation
custom,CVV60W,lotus_vertical_blinds,lotus_cvv_vertical_vanes_custom,unresolved_exception,Not observed in current portal collection snapshot; absence is not discontinuation
custom,CVV60A,lotus_vertical_blinds,lotus_cvv_vertical_vanes_custom,unresolved_exception,Not observed in current portal collection snapshot; absence is not discontinuation
custom,CVV78W,lotus_vertical_blinds,lotus_cvv_vertical_vanes_custom,unresolved_exception,Not observed in current portal collection snapshot; absence is not discontinuation
custom,CVV84W,lotus_vertical_blinds,lotus_cvv_vertical_vanes_custom,unresolved_exception,Not observed in current portal collection snapshot; absence is not discontinuation
custom,CVV84A,lotus_vertical_blinds,lotus_cvv_vertical_vanes_custom,unresolved_exception,Not observed in current portal collection snapshot; absence is not discontinuation
custom,CVV96W,lotus_vertical_blinds,lotus_cvv_vertical_vanes_custom,unresolved_exception,Not observed in current portal collection snapshot; absence is not discontinuation
custom,CVV96A,lotus_vertical_blinds,lotus_cvv_vertical_vanes_custom,unresolved_exception,Not observed in current portal collection snapshot; absence is not discontinuation
custom,CVV120W,lotus_vertical_blinds,lotus_cvv_vertical_vanes_custom,unresolved_exception,Not observed in current portal collection snapshot; absence is not discontinuation
stock,MLX16536WH,lotus_vinyl_blinds,lotus_mlx_1in_vinyl_stock,unresolved_exception,Not observed in current portal collection snapshot; absence is not discontinuation
stock,MLX22524WH,lotus_vinyl_blinds,lotus_mlx_1in_vinyl_stock,unresolved_exception,Not observed in current portal collection snapshot; absence is not discontinuation
stock,MLX2324WH,lotus_vinyl_blinds,lotus_mlx_1in_vinyl_stock,unresolved_exception,Not observed in current portal collection snapshot; absence is not discontinuation
stock,MLX3036AL,lotus_vinyl_blinds,lotus_mlx_1in_vinyl_stock,unresolved_exception,Not observed in current portal collection snapshot; absence is not discontinuation
stock,MLX3524WH,lotus_vinyl_blinds,lotus_mlx_1in_vinyl_stock,unresolved_exception,Not observed in current portal collection snapshot; absence is not discontinuation
stock,MLX3836WH,lotus_vinyl_blinds,lotus_mlx_1in_vinyl_stock,unresolved_exception,Not observed in current portal collection snapshot; absence is not discontinuation
stock,MLX3936AL,lotus_vinyl_blinds,lotus_mlx_1in_vinyl_stock,unresolved_exception,Not observed in current portal collection snapshot; absence is not discontinuation
stock,MLX4336AL,lotus_vinyl_blinds,lotus_mlx_1in_vinyl_stock,unresolved_exception,Not observed in current portal collection snapshot; absence is not discontinuation
stock,MLX4336WH,lotus_vinyl_blinds,lotus_mlx_1in_vinyl_stock,unresolved_exception,Not observed in current portal collection snapshot; absence is not discontinuation
stock,MLX5436AL,lotus_vinyl_blinds,lotus_mlx_1in_vinyl_stock,unresolved_exception,Not observed in current portal collection snapshot; absence is not discontinuation
stock,MLX5436WH,lotus_vinyl_blinds,lotus_mlx_1in_vinyl_stock,unresolved_exception,Not observed in current portal collection snapshot; absence is not discontinuation
stock,MLX5936AL,lotus_vinyl_blinds,lotus_mlx_1in_vinyl_stock,unresolved_exception,Not observed in current portal collection snapshot; absence is not discontinuation
stock,MLX6336AL,lotus_vinyl_blinds,lotus_mlx_1in_vinyl_stock,unresolved_exception,Not observed in current portal collection snapshot; absence is not discontinuation
stock,MLX6336WH,lotus_vinyl_blinds,lotus_mlx_1in_vinyl_stock,unresolved_exception,Not observed in current portal collection snapshot; absence is not discontinuation
stock,MLX6936AL,lotus_vinyl_blinds,lotus_mlx_1in_vinyl_stock,unresolved_exception,Not observed in current portal collection snapshot; absence is not discontinuation
stock,MLX1748AL,lotus_vinyl_blinds,lotus_mlx_1in_vinyl_stock,unresolved_exception,Not observed in current portal collection snapshot; absence is not discontinuation
stock,MLX22548WH,lotus_vinyl_blinds,lotus_mlx_1in_vinyl_stock,unresolved_exception,Not observed in current portal collection snapshot; absence is not discontinuation
stock,MLX5448AL,lotus_vinyl_blinds,lotus_mlx_1in_vinyl_stock,unresolved_exception,Not observed in current portal collection snapshot; absence is not discontinuation
stock,MLX1760AL,lotus_vinyl_blinds,lotus_mlx_1in_vinyl_stock,unresolved_exception,Not observed in current portal collection snapshot; absence is not discontinuation
stock,MLX2754WH,lotus_vinyl_blinds,lotus_mlx_1in_vinyl_stock,unresolved_exception,Not observed in current portal collection snapshot; absence is not discontinuation
stock,MLX2760AL,lotus_vinyl_blinds,lotus_mlx_1in_vinyl_stock,unresolved_exception,Not observed in current portal collection snapshot; absence is not discontinuation
stock,MLX33560WH,lotus_vinyl_blinds,lotus_mlx_1in_vinyl_stock,unresolved_exception,Not observed in current portal collection snapshot; absence is not discontinuation
stock,MLX1564WH,lotus_vinyl_blinds,lotus_mlx_1in_vinyl_stock,unresolved_exception,Not observed in current portal collection snapshot; absence is not discontinuation
stock,MLX1764AL,lotus_vinyl_blinds,lotus_mlx_1in_vinyl_stock,unresolved_exception,Not observed in current portal collection snapshot; absence is not discontinuation
stock,MLX6960AL,lotus_vinyl_blinds,lotus_mlx_1in_vinyl_stock,unresolved_exception,Not observed in current portal collection snapshot; absence is not discontinuation
stock,MLX7260AL,lotus_vinyl_blinds,lotus_mlx_1in_vinyl_stock,unresolved_exception,Not observed in current portal collection snapshot; absence is not discontinuation
stock,MLX1072WH,lotus_vinyl_blinds,lotus_mlx_1in_vinyl_stock,unresolved_exception,Not observed in current portal collection snapshot; absence is not discontinuation
stock,MLX5764AL,lotus_vinyl_blinds,lotus_mlx_1in_vinyl_stock,unresolved_exception,Not observed in current portal collection snapshot; absence is not discontinuation
stock,MLX5964AL,lotus_vinyl_blinds,lotus_mlx_1in_vinyl_stock,unresolved_exception,Not observed in current portal collection snapshot; absence is not discontinuation
stock,MLX22572WH,lotus_vinyl_blinds,lotus_mlx_1in_vinyl_stock,unresolved_exception,Not observed in current portal collection snapshot; absence is not discontinuation
stock,MLX1784AL,lotus_vinyl_blinds,lotus_mlx_1in_vinyl_stock,unresolved_exception,Not observed in current portal collection snapshot; absence is not discontinuation
stock,MLX2784AL,lotus_vinyl_blinds,lotus_mlx_1in_vinyl_stock,unresolved_exception,Not observed in current portal collection snapshot; absence is not discontinuation
stock,MLX4384AL,lotus_vinyl_blinds,lotus_mlx_1in_vinyl_stock,unresolved_exception,Not observed in current portal collection snapshot; absence is not discontinuation
stock,MLX6972AL,lotus_vinyl_blinds,lotus_mlx_1in_vinyl_stock,unresolved_exception,Not observed in current portal collection snapshot; absence is not discontinuation
stock,MLX1796AL,lotus_vinyl_blinds,lotus_mlx_1in_vinyl_stock,unresolved_exception,Not observed in current portal collection snapshot; absence is not discontinuation
stock,MLX1796WH,lotus_vinyl_blinds,lotus_mlx_1in_vinyl_stock,unresolved_exception,Not observed in current portal collection snapshot; absence is not discontinuation
stock,MLX2396AL,lotus_vinyl_blinds,lotus_mlx_1in_vinyl_stock,unresolved_exception,Not observed in current portal collection snapshot; absence is not discontinuation
stock,MLX2796AL,lotus_vinyl_blinds,lotus_mlx_1in_vinyl_stock,unresolved_exception,Not observed in current portal collection snapshot; absence is not discontinuation
stock,MLX2796WH,lotus_vinyl_blinds,lotus_mlx_1in_vinyl_stock,unresolved_exception,Not observed in current portal collection snapshot; absence is not discontinuation
stock,MLX3096AL,lotus_vinyl_blinds,lotus_mlx_1in_vinyl_stock,unresolved_exception,Not observed in current portal collection snapshot; absence is not discontinuation
stock,MLX3096WH,lotus_vinyl_blinds,lotus_mlx_1in_vinyl_stock,unresolved_exception,Not observed in current portal collection snapshot; absence is not discontinuation
stock,MLX3996AL,lotus_vinyl_blinds,lotus_mlx_1in_vinyl_stock,unresolved_exception,Not observed in current portal collection snapshot; absence is not discontinuation
stock,MLX4396AL,lotus_vinyl_blinds,lotus_mlx_1in_vinyl_stock,unresolved_exception,Not observed in current portal collection snapshot; absence is not discontinuation
stock,MLX5984AL,lotus_vinyl_blinds,lotus_mlx_1in_vinyl_stock,unresolved_exception,Not observed in current portal collection snapshot; absence is not discontinuation
stock,RLX1736WH,lotus_vinyl_blinds,lotus_rlx_1in_vinyl_plus_stock,unresolved_exception,Not observed in current portal collection snapshot; absence is not discontinuation
stock,RLX1748WH,lotus_vinyl_blinds,lotus_rlx_1in_vinyl_plus_stock,unresolved_exception,Not observed in current portal collection snapshot; absence is not discontinuation
stock,RLX3936WH,lotus_vinyl_blinds,lotus_rlx_1in_vinyl_plus_stock,unresolved_exception,Not observed in current portal collection snapshot; absence is not discontinuation
stock,RLX4336WH,lotus_vinyl_blinds,lotus_rlx_1in_vinyl_plus_stock,unresolved_exception,Not observed in current portal collection snapshot; absence is not discontinuation
stock,RLX4348WH,lotus_vinyl_blinds,lotus_rlx_1in_vinyl_plus_stock,unresolved_exception,Not observed in current portal collection snapshot; absence is not discontinuation
stock,RLX5436WH,lotus_vinyl_blinds,lotus_rlx_1in_vinyl_plus_stock,unresolved_exception,Not observed in current portal collection snapshot; absence is not discontinuation
stock,RLX5448WH,lotus_vinyl_blinds,lotus_rlx_1in_vinyl_plus_stock,unresolved_exception,Not observed in current portal collection snapshot; absence is not discontinuation
stock,RLX5936WH,lotus_vinyl_blinds,lotus_rlx_1in_vinyl_plus_stock,unresolved_exception,Not observed in current portal collection snapshot; absence is not discontinuation
stock,RLX6336WH,lotus_vinyl_blinds,lotus_rlx_1in_vinyl_plus_stock,unresolved_exception,Not observed in current portal collection snapshot; absence is not discontinuation
stock,RLX6936WH,lotus_vinyl_blinds,lotus_rlx_1in_vinyl_plus_stock,unresolved_exception,Not observed in current portal collection snapshot; absence is not discontinuation
stock,RLX7236WH,lotus_vinyl_blinds,lotus_rlx_1in_vinyl_plus_stock,unresolved_exception,Not observed in current portal collection snapshot; absence is not discontinuation
stock,RLX7836WH,lotus_vinyl_blinds,lotus_rlx_1in_vinyl_plus_stock,unresolved_exception,Not observed in current portal collection snapshot; absence is not discontinuation
stock,RLX82536WH,lotus_vinyl_blinds,lotus_rlx_1in_vinyl_plus_stock,unresolved_exception,Not observed in current portal collection snapshot; absence is not discontinuation
stock,RLX8736WH,lotus_vinyl_blinds,lotus_rlx_1in_vinyl_plus_stock,unresolved_exception,Not observed in current portal collection snapshot; absence is not discontinuation
stock,RLX9536WH,lotus_vinyl_blinds,lotus_rlx_1in_vinyl_plus_stock,unresolved_exception,Not observed in current portal collection snapshot; absence is not discontinuation
stock,RLX1760WH,lotus_vinyl_blinds,lotus_rlx_1in_vinyl_plus_stock,unresolved_exception,Not observed in current portal collection snapshot; absence is not discontinuation
stock,RLX3860WH,lotus_vinyl_blinds,lotus_rlx_1in_vinyl_plus_stock,unresolved_exception,Not observed in current portal collection snapshot; absence is not discontinuation
stock,RLX46560WH,lotus_vinyl_blinds,lotus_rlx_1in_vinyl_plus_stock,unresolved_exception,Not observed in current portal collection snapshot; absence is not discontinuation
stock,RLX4860WH,lotus_vinyl_blinds,lotus_rlx_1in_vinyl_plus_stock,unresolved_exception,Not observed in current portal collection snapshot; absence is not discontinuation
stock,RLX5860WH,lotus_vinyl_blinds,lotus_rlx_1in_vinyl_plus_stock,unresolved_exception,Not observed in current portal collection snapshot; absence is not discontinuation
stock,RLX6348WH,lotus_vinyl_blinds,lotus_rlx_1in_vinyl_plus_stock,unresolved_exception,Not observed in current portal collection snapshot; absence is not discontinuation
stock,RLX6948WH,lotus_vinyl_blinds,lotus_rlx_1in_vinyl_plus_stock,unresolved_exception,Not observed in current portal collection snapshot; absence is not discontinuation
stock,RLX70548AL,lotus_vinyl_blinds,lotus_rlx_1in_vinyl_plus_stock,unresolved_exception,Not observed in current portal collection snapshot; absence is not discontinuation
stock,RLX7848WH,lotus_vinyl_blinds,lotus_rlx_1in_vinyl_plus_stock,unresolved_exception,Not observed in current portal collection snapshot; absence is not discontinuation
stock,RLX8748WH,lotus_vinyl_blinds,lotus_rlx_1in_vinyl_plus_stock,unresolved_exception,Not observed in current portal collection snapshot; absence is not discontinuation
stock,RLX1772WH,lotus_vinyl_blinds,lotus_rlx_1in_vinyl_plus_stock,unresolved_exception,Not observed in current portal collection snapshot; absence is not discontinuation
stock,RLX3064WH,lotus_vinyl_blinds,lotus_rlx_1in_vinyl_plus_stock,unresolved_exception,Not observed in current portal collection snapshot; absence is not discontinuation
stock,RLX5960AL,lotus_vinyl_blinds,lotus_rlx_1in_vinyl_plus_stock,unresolved_exception,Not observed in current portal collection snapshot; absence is not discontinuation
stock,RLX5960WH,lotus_vinyl_blinds,lotus_rlx_1in_vinyl_plus_stock,unresolved_exception,Not observed in current portal collection snapshot; absence is not discontinuation
stock,RLX5964WH,lotus_vinyl_blinds,lotus_rlx_1in_vinyl_plus_stock,unresolved_exception,Not observed in current portal collection snapshot; absence is not discontinuation
stock,RLX6364WH,lotus_vinyl_blinds,lotus_rlx_1in_vinyl_plus_stock,unresolved_exception,Not observed in current portal collection snapshot; absence is not discontinuation
stock,RLX6960WH,lotus_vinyl_blinds,lotus_rlx_1in_vinyl_plus_stock,unresolved_exception,Not observed in current portal collection snapshot; absence is not discontinuation
stock,RLX7860WH,lotus_vinyl_blinds,lotus_rlx_1in_vinyl_plus_stock,unresolved_exception,Not observed in current portal collection snapshot; absence is not discontinuation
stock,RLX7864WH,lotus_vinyl_blinds,lotus_rlx_1in_vinyl_plus_stock,unresolved_exception,Not observed in current portal collection snapshot; absence is not discontinuation
stock,RLX8364WH,lotus_vinyl_blinds,lotus_rlx_1in_vinyl_plus_stock,unresolved_exception,Not observed in current portal collection snapshot; absence is not discontinuation
stock,RLX8764WH,lotus_vinyl_blinds,lotus_rlx_1in_vinyl_plus_stock,unresolved_exception,Not observed in current portal collection snapshot; absence is not discontinuation
stock,RLX9564WH,lotus_vinyl_blinds,lotus_rlx_1in_vinyl_plus_stock,unresolved_exception,Not observed in current portal collection snapshot; absence is not discontinuation
stock,RLX1784WH,lotus_vinyl_blinds,lotus_rlx_1in_vinyl_plus_stock,unresolved_exception,Not observed in current portal collection snapshot; absence is not discontinuation
stock,RLX2484WH,lotus_vinyl_blinds,lotus_rlx_1in_vinyl_plus_stock,unresolved_exception,Not observed in current portal collection snapshot; absence is not discontinuation
stock,RLX46572WH,lotus_vinyl_blinds,lotus_rlx_1in_vinyl_plus_stock,unresolved_exception,Not observed in current portal collection snapshot; absence is not discontinuation
stock,RLX5472WH,lotus_vinyl_blinds,lotus_rlx_1in_vinyl_plus_stock,unresolved_exception,Not observed in current portal collection snapshot; absence is not discontinuation
stock,RLX6372WH,lotus_vinyl_blinds,lotus_rlx_1in_vinyl_plus_stock,unresolved_exception,Not observed in current portal collection snapshot; absence is not discontinuation
stock,RLX6972WH,lotus_vinyl_blinds,lotus_rlx_1in_vinyl_plus_stock,unresolved_exception,Not observed in current portal collection snapshot; absence is not discontinuation
stock,RLX7872WH,lotus_vinyl_blinds,lotus_rlx_1in_vinyl_plus_stock,unresolved_exception,Not observed in current portal collection snapshot; absence is not discontinuation
stock,RLX8772WH,lotus_vinyl_blinds,lotus_rlx_1in_vinyl_plus_stock,unresolved_exception,Not observed in current portal collection snapshot; absence is not discontinuation
stock,RLX1796WH,lotus_vinyl_blinds,lotus_rlx_1in_vinyl_plus_stock,unresolved_exception,Not observed in current portal collection snapshot; absence is not discontinuation
stock,RLX5496WH,lotus_vinyl_blinds,lotus_rlx_1in_vinyl_plus_stock,unresolved_exception,Not observed in current portal collection snapshot; absence is not discontinuation
stock,RLX5984WH,lotus_vinyl_blinds,lotus_rlx_1in_vinyl_plus_stock,unresolved_exception,Not observed in current portal collection snapshot; absence is not discontinuation
stock,RLX5996WH,lotus_vinyl_blinds,lotus_rlx_1in_vinyl_plus_stock,unresolved_exception,Not observed in current portal collection snapshot; absence is not discontinuation
stock,RLX6384WH,lotus_vinyl_blinds,lotus_rlx_1in_vinyl_plus_stock,unresolved_exception,Not observed in current portal collection snapshot; absence is not discontinuation
stock,RLX6396WH,lotus_vinyl_blinds,lotus_rlx_1in_vinyl_plus_stock,unresolved_exception,Not observed in current portal collection snapshot; absence is not discontinuation
stock,RLX6984WH,lotus_vinyl_blinds,lotus_rlx_1in_vinyl_plus_stock,unresolved_exception,Not observed in current portal collection snapshot; absence is not discontinuation
stock,RLX6996WH,lotus_vinyl_blinds,lotus_rlx_1in_vinyl_plus_stock,unresolved_exception,Not observed in current portal collection snapshot; absence is not discontinuation
stock,RLX7284WH,lotus_vinyl_blinds,lotus_rlx_1in_vinyl_plus_stock,unresolved_exception,Not observed in current portal collection snapshot; absence is not discontinuation
stock,RTX5460WH,lotus_vinyl_blinds,lotus_rtx_2in_vinyl_plus_stock,unresolved_exception,Not observed in current portal collection snapshot; absence is not discontinuation
stock,RTX6360WH,lotus_vinyl_blinds,lotus_rtx_2in_vinyl_plus_stock,unresolved_exception,Not observed in current portal collection snapshot; absence is not discontinuation
stock,RTX6948WH,lotus_vinyl_blinds,lotus_rtx_2in_vinyl_plus_stock,unresolved_exception,Not observed in current portal collection snapshot; absence is not discontinuation
stock,RTX6960WH,lotus_vinyl_blinds,lotus_rtx_2in_vinyl_plus_stock,unresolved_exception,Not observed in current portal collection snapshot; absence is not discontinuation
stock,RTX5972WH,lotus_vinyl_blinds,lotus_rtx_2in_vinyl_plus_stock,unresolved_exception,Not observed in current portal collection snapshot; absence is not discontinuation
stock,RTX6972WH,lotus_vinyl_blinds,lotus_rtx_2in_vinyl_plus_stock,unresolved_exception,Not observed in current portal collection snapshot; absence is not discontinuation
stock,RTX6984WH,lotus_vinyl_blinds,lotus_rtx_2in_vinyl_plus_stock,unresolved_exception,Not observed in current portal collection snapshot; absence is not discontinuation
stock,RTX6996WH,lotus_vinyl_blinds,lotus_rtx_2in_vinyl_plus_stock,unresolved_exception,Not observed in current portal collection snapshot; absence is not discontinuation
stock,AMX1748WH,lotus_mini_blinds,lotus_amx_1in_aluminum_stock,unresolved_exception,Not observed in current portal collection snapshot; absence is not discontinuation
stock,AMX22548AL,lotus_mini_blinds,lotus_amx_1in_aluminum_stock,unresolved_exception,Not observed in current portal collection snapshot; absence is not discontinuation
stock,AMX2748AL,lotus_mini_blinds,lotus_amx_1in_aluminum_stock,unresolved_exception,Not observed in current portal collection snapshot; absence is not discontinuation
stock,AMX2748WH,lotus_mini_blinds,lotus_amx_1in_aluminum_stock,unresolved_exception,Not observed in current portal collection snapshot; absence is not discontinuation
stock,AMX3548WH,lotus_mini_blinds,lotus_amx_1in_aluminum_stock,unresolved_exception,Not observed in current portal collection snapshot; absence is not discontinuation
stock,AMX4348AL,lotus_mini_blinds,lotus_amx_1in_aluminum_stock,unresolved_exception,Not observed in current portal collection snapshot; absence is not discontinuation
stock,AMX4348WH,lotus_mini_blinds,lotus_amx_1in_aluminum_stock,unresolved_exception,Not observed in current portal collection snapshot; absence is not discontinuation
stock,AMX82536WH,lotus_mini_blinds,lotus_amx_1in_aluminum_stock,unresolved_exception,Not observed in current portal collection snapshot; absence is not discontinuation
stock,AMX5448AL,lotus_mini_blinds,lotus_amx_1in_aluminum_stock,unresolved_exception,Not observed in current portal collection snapshot; absence is not discontinuation
stock,AMX5448WH,lotus_mini_blinds,lotus_amx_1in_aluminum_stock,unresolved_exception,Not observed in current portal collection snapshot; absence is not discontinuation
stock,AMX6348AL,lotus_mini_blinds,lotus_amx_1in_aluminum_stock,unresolved_exception,Not observed in current portal collection snapshot; absence is not discontinuation
stock,AMX6348WH,lotus_mini_blinds,lotus_amx_1in_aluminum_stock,unresolved_exception,Not observed in current portal collection snapshot; absence is not discontinuation
stock,AMX6948AL,lotus_mini_blinds,lotus_amx_1in_aluminum_stock,unresolved_exception,Not observed in current portal collection snapshot; absence is not discontinuation
stock,AMX6948WH,lotus_mini_blinds,lotus_amx_1in_aluminum_stock,unresolved_exception,Not observed in current portal collection snapshot; absence is not discontinuation
stock,AMX7848AL,lotus_mini_blinds,lotus_amx_1in_aluminum_stock,unresolved_exception,Not observed in current portal collection snapshot; absence is not discontinuation
stock,AMX7848WH,lotus_mini_blinds,lotus_amx_1in_aluminum_stock,unresolved_exception,Not observed in current portal collection snapshot; absence is not discontinuation
stock,AMX8348AL,lotus_mini_blinds,lotus_amx_1in_aluminum_stock,unresolved_exception,Not observed in current portal collection snapshot; absence is not discontinuation
stock,AMX8948AL,lotus_mini_blinds,lotus_amx_1in_aluminum_stock,unresolved_exception,Not observed in current portal collection snapshot; absence is not discontinuation
stock,AMX8948WH,lotus_mini_blinds,lotus_amx_1in_aluminum_stock,unresolved_exception,Not observed in current portal collection snapshot; absence is not discontinuation
stock,AMX94548AL,lotus_mini_blinds,lotus_amx_1in_aluminum_stock,unresolved_exception,Not observed in current portal collection snapshot; absence is not discontinuation
stock,AMX9548AL,lotus_mini_blinds,lotus_amx_1in_aluminum_stock,unresolved_exception,Not observed in current portal collection snapshot; absence is not discontinuation
stock,AMX1784WH,lotus_mini_blinds,lotus_amx_1in_aluminum_stock,unresolved_exception,Not observed in current portal collection snapshot; absence is not discontinuation
stock,AMX2784AL,lotus_mini_blinds,lotus_amx_1in_aluminum_stock,unresolved_exception,Not observed in current portal collection snapshot; absence is not discontinuation
stock,AMX3184AL,lotus_mini_blinds,lotus_amx_1in_aluminum_stock,unresolved_exception,Not observed in current portal collection snapshot; absence is not discontinuation
stock,AMX3184WH,lotus_mini_blinds,lotus_amx_1in_aluminum_stock,unresolved_exception,Not observed in current portal collection snapshot; absence is not discontinuation
stock,AMX3584AL,lotus_mini_blinds,lotus_amx_1in_aluminum_stock,unresolved_exception,Not observed in current portal collection snapshot; absence is not discontinuation
stock,AMX3584WH,lotus_mini_blinds,lotus_amx_1in_aluminum_stock,unresolved_exception,Not observed in current portal collection snapshot; absence is not discontinuation
stock,AMX3984AL,lotus_mini_blinds,lotus_amx_1in_aluminum_stock,unresolved_exception,Not observed in current portal collection snapshot; absence is not discontinuation
stock,AMX3984WH,lotus_mini_blinds,lotus_amx_1in_aluminum_stock,unresolved_exception,Not observed in current portal collection snapshot; absence is not discontinuation
stock,AMX4384AL,lotus_mini_blinds,lotus_amx_1in_aluminum_stock,unresolved_exception,Not observed in current portal collection snapshot; absence is not discontinuation
stock,AMX4384WH,lotus_mini_blinds,lotus_amx_1in_aluminum_stock,unresolved_exception,Not observed in current portal collection snapshot; absence is not discontinuation
stock,AMX4884AL,lotus_mini_blinds,lotus_amx_1in_aluminum_stock,unresolved_exception,Not observed in current portal collection snapshot; absence is not discontinuation
stock,AMX4884WH,lotus_mini_blinds,lotus_amx_1in_aluminum_stock,unresolved_exception,Not observed in current portal collection snapshot; absence is not discontinuation
stock,AMX5484AL,lotus_mini_blinds,lotus_amx_1in_aluminum_stock,unresolved_exception,Not observed in current portal collection snapshot; absence is not discontinuation
stock,AMX5484WH,lotus_mini_blinds,lotus_amx_1in_aluminum_stock,unresolved_exception,Not observed in current portal collection snapshot; absence is not discontinuation
stock,AMX5984AL,lotus_mini_blinds,lotus_amx_1in_aluminum_stock,unresolved_exception,Not observed in current portal collection snapshot; absence is not discontinuation
stock,AMX6384AL,lotus_mini_blinds,lotus_amx_1in_aluminum_stock,unresolved_exception,Not observed in current portal collection snapshot; absence is not discontinuation
stock,AMX6384WH,lotus_mini_blinds,lotus_amx_1in_aluminum_stock,unresolved_exception,Not observed in current portal collection snapshot; absence is not discontinuation
stock,AMX6984AL,lotus_mini_blinds,lotus_amx_1in_aluminum_stock,unresolved_exception,Not observed in current portal collection snapshot; absence is not discontinuation
stock,AMX6984WH,lotus_mini_blinds,lotus_amx_1in_aluminum_stock,unresolved_exception,Not observed in current portal collection snapshot; absence is not discontinuation
stock,AMX7284AL,lotus_mini_blinds,lotus_amx_1in_aluminum_stock,unresolved_exception,Not observed in current portal collection snapshot; absence is not discontinuation
stock,AMX7284WH,lotus_mini_blinds,lotus_amx_1in_aluminum_stock,unresolved_exception,Not observed in current portal collection snapshot; absence is not discontinuation
stock,AMX82572AL,lotus_mini_blinds,lotus_amx_1in_aluminum_stock,unresolved_exception,Not observed in current portal collection snapshot; absence is not discontinuation
stock,FLX1636BWH,lotus_faux_wood_blinds,lotus_flx_2in_bright_white_stock,unresolved_exception,Not observed in current portal collection snapshot; absence is not discontinuation
stock,FLX1736BWH,lotus_faux_wood_blinds,lotus_flx_2in_bright_white_stock,unresolved_exception,Not observed in current portal collection snapshot; absence is not discontinuation
stock,FLX2542BWH,lotus_faux_wood_blinds,lotus_flx_2in_bright_white_stock,unresolved_exception,Not observed in current portal collection snapshot; absence is not discontinuation
stock,FLX3442BWH,lotus_faux_wood_blinds,lotus_flx_2in_bright_white_stock,unresolved_exception,Not observed in current portal collection snapshot; absence is not discontinuation
stock,FLX3836BWH,lotus_faux_wood_blinds,lotus_flx_2in_bright_white_stock,unresolved_exception,Not observed in current portal collection snapshot; absence is not discontinuation
stock,FLX3936BWH,lotus_faux_wood_blinds,lotus_flx_2in_bright_white_stock,unresolved_exception,Not observed in current portal collection snapshot; absence is not discontinuation
stock,FLX4336BWH,lotus_faux_wood_blinds,lotus_flx_2in_bright_white_stock,unresolved_exception,Not observed in current portal collection snapshot; absence is not discontinuation
stock,FLX5436BWH,lotus_faux_wood_blinds,lotus_flx_2in_bright_white_stock,unresolved_exception,Not observed in current portal collection snapshot; absence is not discontinuation
stock,FLX6336BWH,lotus_faux_wood_blinds,lotus_flx_2in_bright_white_stock,unresolved_exception,Not observed in current portal collection snapshot; absence is not discontinuation
stock,FLX6936BWH,lotus_faux_wood_blinds,lotus_flx_2in_bright_white_stock,unresolved_exception,Not observed in current portal collection snapshot; absence is not discontinuation
stock,FLX7036BWH,lotus_faux_wood_blinds,lotus_flx_2in_bright_white_stock,unresolved_exception,Not observed in current portal collection snapshot; absence is not discontinuation
stock,FLX7236BWH,lotus_faux_wood_blinds,lotus_flx_2in_bright_white_stock,unresolved_exception,Not observed in current portal collection snapshot; absence is not discontinuation
stock,FLX7836BWH,lotus_faux_wood_blinds,lotus_flx_2in_bright_white_stock,unresolved_exception,Not observed in current portal collection snapshot; absence is not discontinuation
stock,FLX8336BWH,lotus_faux_wood_blinds,lotus_flx_2in_bright_white_stock,unresolved_exception,Not observed in current portal collection snapshot; absence is not discontinuation
stock,FLX8936BWH,lotus_faux_wood_blinds,lotus_flx_2in_bright_white_stock,unresolved_exception,Not observed in current portal collection snapshot; absence is not discontinuation
stock,FLX9536BWH,lotus_faux_wood_blinds,lotus_flx_2in_bright_white_stock,unresolved_exception,Not observed in current portal collection snapshot; absence is not discontinuation
stock,FLX1648BWH,lotus_faux_wood_blinds,lotus_flx_2in_bright_white_stock,unresolved_exception,Not observed in current portal collection snapshot; absence is not discontinuation
stock,FLX1748BWH,lotus_faux_wood_blinds,lotus_flx_2in_bright_white_stock,unresolved_exception,Not observed in current portal collection snapshot; absence is not discontinuation
stock,FLX2048BWH,lotus_faux_wood_blinds,lotus_flx_2in_bright_white_stock,unresolved_exception,Not observed in current portal collection snapshot; absence is not discontinuation
stock,FLX2448BWH,lotus_faux_wood_blinds,lotus_flx_2in_bright_white_stock,unresolved_exception,Not observed in current portal collection snapshot; absence is not discontinuation
stock,FLX2548BWH,lotus_faux_wood_blinds,lotus_flx_2in_bright_white_stock,unresolved_exception,Not observed in current portal collection snapshot; absence is not discontinuation
stock,FLX2848BWH,lotus_faux_wood_blinds,lotus_flx_2in_bright_white_stock,unresolved_exception,Not observed in current portal collection snapshot; absence is not discontinuation
stock,FLX3542BWH,lotus_faux_wood_blinds,lotus_flx_2in_bright_white_stock,unresolved_exception,Not observed in current portal collection snapshot; absence is not discontinuation
stock,FLX3748BWH,lotus_faux_wood_blinds,lotus_flx_2in_bright_white_stock,unresolved_exception,Not observed in current portal collection snapshot; absence is not discontinuation
stock,FLX3848BWH,lotus_faux_wood_blinds,lotus_flx_2in_bright_white_stock,unresolved_exception,Not observed in current portal collection snapshot; absence is not discontinuation
stock,FLX4148BWH,lotus_faux_wood_blinds,lotus_flx_2in_bright_white_stock,unresolved_exception,Not observed in current portal collection snapshot; absence is not discontinuation
stock,FLX5048BWH,lotus_faux_wood_blinds,lotus_flx_2in_bright_white_stock,unresolved_exception,Not observed in current portal collection snapshot; absence is not discontinuation
stock,FLX5148BWH,lotus_faux_wood_blinds,lotus_flx_2in_bright_white_stock,unresolved_exception,Not observed in current portal collection snapshot; absence is not discontinuation
stock,FLX5248BWH,lotus_faux_wood_blinds,lotus_flx_2in_bright_white_stock,unresolved_exception,Not observed in current portal collection snapshot; absence is not discontinuation
stock,FLX5448BWH,lotus_faux_wood_blinds,lotus_flx_2in_bright_white_stock,unresolved_exception,Not observed in current portal collection snapshot; absence is not discontinuation
stock,FLX1160BWH,lotus_faux_wood_blinds,lotus_flx_2in_bright_white_stock,unresolved_exception,Not observed in current portal collection snapshot; absence is not discontinuation
stock,FLX1360BWH,lotus_faux_wood_blinds,lotus_flx_2in_bright_white_stock,unresolved_exception,Not observed in current portal collection snapshot; absence is not discontinuation
stock,FLX1660BWH,lotus_faux_wood_blinds,lotus_flx_2in_bright_white_stock,unresolved_exception,Not observed in current portal collection snapshot; absence is not discontinuation
stock,FLX23560BWH,lotus_faux_wood_blinds,lotus_flx_2in_bright_white_stock,unresolved_exception,Not observed in current portal collection snapshot; absence is not discontinuation
stock,FLX2454BWH,lotus_faux_wood_blinds,lotus_flx_2in_bright_white_stock,unresolved_exception,Not observed in current portal collection snapshot; absence is not discontinuation
stock,FLX2554BWH,lotus_faux_wood_blinds,lotus_flx_2in_bright_white_stock,unresolved_exception,Not observed in current portal collection snapshot; absence is not discontinuation
stock,FLX2854BWH,lotus_faux_wood_blinds,lotus_flx_2in_bright_white_stock,unresolved_exception,Not observed in current portal collection snapshot; absence is not discontinuation
stock,FLX3054BWH,lotus_faux_wood_blinds,lotus_flx_2in_bright_white_stock,unresolved_exception,Not observed in current portal collection snapshot; absence is not discontinuation
stock,FLX3754BWH,lotus_faux_wood_blinds,lotus_flx_2in_bright_white_stock,unresolved_exception,Not observed in current portal collection snapshot; absence is not discontinuation
stock,FLX3854BWH,lotus_faux_wood_blinds,lotus_flx_2in_bright_white_stock,unresolved_exception,Not observed in current portal collection snapshot; absence is not discontinuation
stock,FLX3954BWH,lotus_faux_wood_blinds,lotus_flx_2in_bright_white_stock,unresolved_exception,Not observed in current portal collection snapshot; absence is not discontinuation
stock,FLX4554BWH,lotus_faux_wood_blinds,lotus_flx_2in_bright_white_stock,unresolved_exception,Not observed in current portal collection snapshot; absence is not discontinuation
stock,FLX4854BWH,lotus_faux_wood_blinds,lotus_flx_2in_bright_white_stock,unresolved_exception,Not observed in current portal collection snapshot; absence is not discontinuation
stock,FLX6948BWH,lotus_faux_wood_blinds,lotus_flx_2in_bright_white_stock,unresolved_exception,Not observed in current portal collection snapshot; absence is not discontinuation
stock,FLX7248BWH,lotus_faux_wood_blinds,lotus_flx_2in_bright_white_stock,unresolved_exception,Not observed in current portal collection snapshot; absence is not discontinuation
stock,FLX7848BWH,lotus_faux_wood_blinds,lotus_flx_2in_bright_white_stock,unresolved_exception,Not observed in current portal collection snapshot; absence is not discontinuation
stock,FLX8348BWH,lotus_faux_wood_blinds,lotus_flx_2in_bright_white_stock,unresolved_exception,Not observed in current portal collection snapshot; absence is not discontinuation
stock,FLX8948BWH,lotus_faux_wood_blinds,lotus_flx_2in_bright_white_stock,unresolved_exception,Not observed in current portal collection snapshot; absence is not discontinuation
stock,FLX9548BWH,lotus_faux_wood_blinds,lotus_flx_2in_bright_white_stock,unresolved_exception,Not observed in current portal collection snapshot; absence is not discontinuation
stock,FLX4460BWH,lotus_faux_wood_blinds,lotus_flx_2in_bright_white_stock,unresolved_exception,Not observed in current portal collection snapshot; absence is not discontinuation
stock,FLX47560BWH,lotus_faux_wood_blinds,lotus_flx_2in_bright_white_stock,unresolved_exception,Not observed in current portal collection snapshot; absence is not discontinuation
stock,FLX5060BWH,lotus_faux_wood_blinds,lotus_flx_2in_bright_white_stock,unresolved_exception,Not observed in current portal collection snapshot; absence is not discontinuation
stock,FLX5160BWH,lotus_faux_wood_blinds,lotus_flx_2in_bright_white_stock,unresolved_exception,Not observed in current portal collection snapshot; absence is not discontinuation
stock,FLX1664BWH,lotus_faux_wood_blinds,lotus_flx_2in_bright_white_stock,unresolved_exception,Not observed in current portal collection snapshot; absence is not discontinuation
stock,FLX2364BWH,lotus_faux_wood_blinds,lotus_flx_2in_bright_white_stock,unresolved_exception,Not observed in current portal collection snapshot; absence is not discontinuation
stock,FLX2864BWH,lotus_faux_wood_blinds,lotus_flx_2in_bright_white_stock,unresolved_exception,Not observed in current portal collection snapshot; absence is not discontinuation
stock,FLX2964BWH,lotus_faux_wood_blinds,lotus_flx_2in_bright_white_stock,unresolved_exception,Not observed in current portal collection snapshot; absence is not discontinuation
stock,FLX3364BWH,lotus_faux_wood_blinds,lotus_flx_2in_bright_white_stock,unresolved_exception,Not observed in current portal collection snapshot; absence is not discontinuation
stock,FLX4064BWH,lotus_faux_wood_blinds,lotus_flx_2in_bright_white_stock,unresolved_exception,Not observed in current portal collection snapshot; absence is not discontinuation
stock,FLX4364BWH,lotus_faux_wood_blinds,lotus_flx_2in_bright_white_stock,unresolved_exception,Not observed in current portal collection snapshot; absence is not discontinuation
stock,FLX4864BWH,lotus_faux_wood_blinds,lotus_flx_2in_bright_white_stock,unresolved_exception,Not observed in current portal collection snapshot; absence is not discontinuation
stock,FLX5264BWH,lotus_faux_wood_blinds,lotus_flx_2in_bright_white_stock,unresolved_exception,Not observed in current portal collection snapshot; absence is not discontinuation
stock,FLX5464BWH,lotus_faux_wood_blinds,lotus_flx_2in_bright_white_stock,unresolved_exception,Not observed in current portal collection snapshot; absence is not discontinuation
stock,FLX69560BWH,lotus_faux_wood_blinds,lotus_flx_2in_bright_white_stock,unresolved_exception,Not observed in current portal collection snapshot; absence is not discontinuation
stock,FLX6960BWH,lotus_faux_wood_blinds,lotus_flx_2in_bright_white_stock,unresolved_exception,Not observed in current portal collection snapshot; absence is not discontinuation
stock,FLX71560BWH,lotus_faux_wood_blinds,lotus_flx_2in_bright_white_stock,unresolved_exception,Not observed in current portal collection snapshot; absence is not discontinuation
stock,FLX7560BWH,lotus_faux_wood_blinds,lotus_flx_2in_bright_white_stock,unresolved_exception,Not observed in current portal collection snapshot; absence is not discontinuation
stock,FLX7860BWH,lotus_faux_wood_blinds,lotus_flx_2in_bright_white_stock,unresolved_exception,Not observed in current portal collection snapshot; absence is not discontinuation
stock,FLX8360BWH,lotus_faux_wood_blinds,lotus_flx_2in_bright_white_stock,unresolved_exception,Not observed in current portal collection snapshot; absence is not discontinuation
stock,FLX8960BWH,lotus_faux_wood_blinds,lotus_flx_2in_bright_white_stock,unresolved_exception,Not observed in current portal collection snapshot; absence is not discontinuation
stock,FLX09572BWH,lotus_faux_wood_blinds,lotus_flx_2in_bright_white_stock,unresolved_exception,Not observed in current portal collection snapshot; absence is not discontinuation
stock,FLX1472BWH,lotus_faux_wood_blinds,lotus_flx_2in_bright_white_stock,unresolved_exception,Not observed in current portal collection snapshot; absence is not discontinuation
stock,FLX2172BWH,lotus_faux_wood_blinds,lotus_flx_2in_bright_white_stock,unresolved_exception,Not observed in current portal collection snapshot; absence is not discontinuation
stock,FLX2468BWH,lotus_faux_wood_blinds,lotus_flx_2in_bright_white_stock,unresolved_exception,Not observed in current portal collection snapshot; absence is not discontinuation
stock,FLX3568BWH,lotus_faux_wood_blinds,lotus_flx_2in_bright_white_stock,unresolved_exception,Not observed in current portal collection snapshot; absence is not discontinuation
stock,FLX5964BWH,lotus_faux_wood_blinds,lotus_flx_2in_bright_white_stock,unresolved_exception,Not observed in current portal collection snapshot; absence is not discontinuation
stock,FLX6364BWH,lotus_faux_wood_blinds,lotus_flx_2in_bright_white_stock,unresolved_exception,Not observed in current portal collection snapshot; absence is not discontinuation
stock,FLX6964BWH,lotus_faux_wood_blinds,lotus_flx_2in_bright_white_stock,unresolved_exception,Not observed in current portal collection snapshot; absence is not discontinuation
stock,FLX7264BWH,lotus_faux_wood_blinds,lotus_flx_2in_bright_white_stock,unresolved_exception,Not observed in current portal collection snapshot; absence is not discontinuation
stock,FLX1184BWH,lotus_faux_wood_blinds,lotus_flx_2in_bright_white_stock,unresolved_exception,Not observed in current portal collection snapshot; absence is not discontinuation
stock,FLX1284BWH,lotus_faux_wood_blinds,lotus_flx_2in_bright_white_stock,unresolved_exception,Not observed in current portal collection snapshot; absence is not discontinuation
stock,FLX3178BWH,lotus_faux_wood_blinds,lotus_flx_2in_bright_white_stock,unresolved_exception,Not observed in current portal collection snapshot; absence is not discontinuation
stock,FLX3578BWH,lotus_faux_wood_blinds,lotus_flx_2in_bright_white_stock,unresolved_exception,Not observed in current portal collection snapshot; absence is not discontinuation
stock,FLX4072BWH,lotus_faux_wood_blinds,lotus_flx_2in_bright_white_stock,unresolved_exception,Not observed in current portal collection snapshot; absence is not discontinuation
stock,FLX4172BWH,lotus_faux_wood_blinds,lotus_flx_2in_bright_white_stock,unresolved_exception,Not observed in current portal collection snapshot; absence is not discontinuation
stock,FLX4472BWH,lotus_faux_wood_blinds,lotus_flx_2in_bright_white_stock,unresolved_exception,Not observed in current portal collection snapshot; absence is not discontinuation
stock,FLX5072BWH,lotus_faux_wood_blinds,lotus_flx_2in_bright_white_stock,unresolved_exception,Not observed in current portal collection snapshot; absence is not discontinuation
stock,FLX5172BWH,lotus_faux_wood_blinds,lotus_flx_2in_bright_white_stock,unresolved_exception,Not observed in current portal collection snapshot; absence is not discontinuation
stock,FLX69572BWH,lotus_faux_wood_blinds,lotus_flx_2in_bright_white_stock,unresolved_exception,Not observed in current portal collection snapshot; absence is not discontinuation
stock,FLX6972BWH,lotus_faux_wood_blinds,lotus_flx_2in_bright_white_stock,unresolved_exception,Not observed in current portal collection snapshot; absence is not discontinuation
stock,FLX1384BWH,lotus_faux_wood_blinds,lotus_flx_2in_bright_white_stock,unresolved_exception,Not observed in current portal collection snapshot; absence is not discontinuation
stock,FLX1784BWH,lotus_faux_wood_blinds,lotus_flx_2in_bright_white_stock,unresolved_exception,Not observed in current portal collection snapshot; absence is not discontinuation
stock,FLX1796BWH,lotus_faux_wood_blinds,lotus_flx_2in_bright_white_stock,unresolved_exception,Not observed in current portal collection snapshot; absence is not discontinuation
stock,FLX2184BWH,lotus_faux_wood_blinds,lotus_flx_2in_bright_white_stock,unresolved_exception,Not observed in current portal collection snapshot; absence is not discontinuation
stock,FLX2596BWH,lotus_faux_wood_blinds,lotus_flx_2in_bright_white_stock,unresolved_exception,Not observed in current portal collection snapshot; absence is not discontinuation
stock,FLX2884BWH,lotus_faux_wood_blinds,lotus_flx_2in_bright_white_stock,unresolved_exception,Not observed in current portal collection snapshot; absence is not discontinuation
stock,FLX3096BWH,lotus_faux_wood_blinds,lotus_flx_2in_bright_white_stock,unresolved_exception,Not observed in current portal collection snapshot; absence is not discontinuation
stock,FLX3196BWH,lotus_faux_wood_blinds,lotus_flx_2in_bright_white_stock,unresolved_exception,Not observed in current portal collection snapshot; absence is not discontinuation
stock,FLX3284BWH,lotus_faux_wood_blinds,lotus_flx_2in_bright_white_stock,unresolved_exception,Not observed in current portal collection snapshot; absence is not discontinuation
stock,FLX3384BWH,lotus_faux_wood_blinds,lotus_flx_2in_bright_white_stock,unresolved_exception,Not observed in current portal collection snapshot; absence is not discontinuation
stock,FLX3496BWH,lotus_faux_wood_blinds,lotus_flx_2in_bright_white_stock,unresolved_exception,Not observed in current portal collection snapshot; absence is not discontinuation
stock,FLX3884BWH,lotus_faux_wood_blinds,lotus_flx_2in_bright_white_stock,unresolved_exception,Not observed in current portal collection snapshot; absence is not discontinuation
stock,FLX4396BWH,lotus_faux_wood_blinds,lotus_flx_2in_bright_white_stock,unresolved_exception,Not observed in current portal collection snapshot; absence is not discontinuation
stock,FLX4884BWH,lotus_faux_wood_blinds,lotus_flx_2in_bright_white_stock,unresolved_exception,Not observed in current portal collection snapshot; absence is not discontinuation
stock,FLX5484BWH,lotus_faux_wood_blinds,lotus_flx_2in_bright_white_stock,unresolved_exception,Not observed in current portal collection snapshot; absence is not discontinuation
stock,FLX5984BWH,lotus_faux_wood_blinds,lotus_flx_2in_bright_white_stock,unresolved_exception,Not observed in current portal collection snapshot; absence is not discontinuation
stock,FLX6984BWH,lotus_faux_wood_blinds,lotus_flx_2in_bright_white_stock,unresolved_exception,Not observed in current portal collection snapshot; absence is not discontinuation
stock,FLX7284BWH,lotus_faux_wood_blinds,lotus_flx_2in_bright_white_stock,unresolved_exception,Not observed in current portal collection snapshot; absence is not discontinuation
stock,FLX5496BWH,lotus_faux_wood_blinds,lotus_flx_2in_bright_white_stock,unresolved_exception,Not observed in current portal collection snapshot; absence is not discontinuation
stock,FLX5996BWH,lotus_faux_wood_blinds,lotus_flx_2in_bright_white_stock,unresolved_exception,Not observed in current portal collection snapshot; absence is not discontinuation
stock,FLX6396BWH,lotus_faux_wood_blinds,lotus_flx_2in_bright_white_stock,unresolved_exception,Not observed in current portal collection snapshot; absence is not discontinuation
stock,FLX6996BWH,lotus_faux_wood_blinds,lotus_flx_2in_bright_white_stock,unresolved_exception,Not observed in current portal collection snapshot; absence is not discontinuation
stock,FLX7196BWH,lotus_faux_wood_blinds,lotus_flx_2in_bright_white_stock,unresolved_exception,Not observed in current portal collection snapshot; absence is not discontinuation
stock,FLX7296BWH,lotus_faux_wood_blinds,lotus_flx_2in_bright_white_stock,unresolved_exception,Not observed in current portal collection snapshot; absence is not discontinuation
stock,FLX29560EBWH,lotus_faux_wood_blinds,lotus_flxe_2in_embossed_bright_white_stock,unresolved_exception,Not observed in current portal collection snapshot; absence is not discontinuation
stock,FLX3064EBWH,lotus_faux_wood_blinds,lotus_flxe_2in_embossed_bright_white_stock,unresolved_exception,Not observed in current portal collection snapshot; absence is not discontinuation
stock,FTX16536SNWH,lotus_faux_wood_blinds,lotus_ftx_2in_snow_white_stock,unresolved_exception,Not observed in current portal collection snapshot; absence is not discontinuation
stock,FTX1848SNWH,lotus_faux_wood_blinds,lotus_ftx_2in_snow_white_stock,unresolved_exception,Not observed in current portal collection snapshot; absence is not discontinuation
stock,FTX2236SNWH,lotus_faux_wood_blinds,lotus_ftx_2in_snow_white_stock,unresolved_exception,Not observed in current portal collection snapshot; absence is not discontinuation
stock,FTX2248SNWH,lotus_faux_wood_blinds,lotus_ftx_2in_snow_white_stock,unresolved_exception,Not observed in current portal collection snapshot; absence is not discontinuation
stock,FTX22524SNWH,lotus_faux_wood_blinds,lotus_ftx_2in_snow_white_stock,unresolved_exception,Not observed in current portal collection snapshot; absence is not discontinuation
stock,FTX22536SNWH,lotus_faux_wood_blinds,lotus_ftx_2in_snow_white_stock,unresolved_exception,Not observed in current portal collection snapshot; absence is not discontinuation
stock,FTX22548SNWH,lotus_faux_wood_blinds,lotus_ftx_2in_snow_white_stock,unresolved_exception,Not observed in current portal collection snapshot; absence is not discontinuation
stock,FTX2648SNWH,lotus_faux_wood_blinds,lotus_ftx_2in_snow_white_stock,unresolved_exception,Not observed in current portal collection snapshot; absence is not discontinuation
stock,FTX2748SNWH,lotus_faux_wood_blinds,lotus_ftx_2in_snow_white_stock,unresolved_exception,Not observed in current portal collection snapshot; absence is not discontinuation
stock,FTX2836SNWH,lotus_faux_wood_blinds,lotus_ftx_2in_snow_white_stock,unresolved_exception,Not observed in current portal collection snapshot; absence is not discontinuation
stock,FTX2848SNWH,lotus_faux_wood_blinds,lotus_ftx_2in_snow_white_stock,unresolved_exception,Not observed in current portal collection snapshot; absence is not discontinuation
stock,FTX2936SNWH,lotus_faux_wood_blinds,lotus_ftx_2in_snow_white_stock,unresolved_exception,Not observed in current portal collection snapshot; absence is not discontinuation
stock,FTX3036SNWH,lotus_faux_wood_blinds,lotus_ftx_2in_snow_white_stock,unresolved_exception,Not observed in current portal collection snapshot; absence is not discontinuation
stock,FTX3236SNWH,lotus_faux_wood_blinds,lotus_ftx_2in_snow_white_stock,unresolved_exception,Not observed in current portal collection snapshot; absence is not discontinuation
stock,FTX3436SNWH,lotus_faux_wood_blinds,lotus_ftx_2in_snow_white_stock,unresolved_exception,Not observed in current portal collection snapshot; absence is not discontinuation
stock,FTX34536SNWH,lotus_faux_wood_blinds,lotus_ftx_2in_snow_white_stock,unresolved_exception,Not observed in current portal collection snapshot; absence is not discontinuation
stock,FTX3636SNWH,lotus_faux_wood_blinds,lotus_ftx_2in_snow_white_stock,unresolved_exception,Not observed in current portal collection snapshot; absence is not discontinuation
stock,FTX4836SNWH,lotus_faux_wood_blinds,lotus_ftx_2in_snow_white_stock,unresolved_exception,Not observed in current portal collection snapshot; absence is not discontinuation
stock,FTX5436SNWH,lotus_faux_wood_blinds,lotus_ftx_2in_snow_white_stock,unresolved_exception,Not observed in current portal collection snapshot; absence is not discontinuation
stock,FTX6336SNWH,lotus_faux_wood_blinds,lotus_ftx_2in_snow_white_stock,unresolved_exception,Not observed in current portal collection snapshot; absence is not discontinuation
stock,FTX6936SNWH,lotus_faux_wood_blinds,lotus_ftx_2in_snow_white_stock,unresolved_exception,Not observed in current portal collection snapshot; absence is not discontinuation
stock,FTX7236SNWH,lotus_faux_wood_blinds,lotus_ftx_2in_snow_white_stock,unresolved_exception,Not observed in current portal collection snapshot; absence is not discontinuation
stock,FTX1660SNWH,lotus_faux_wood_blinds,lotus_ftx_2in_snow_white_stock,unresolved_exception,Not observed in current portal collection snapshot; absence is not discontinuation
stock,FTX1860SNWH,lotus_faux_wood_blinds,lotus_ftx_2in_snow_white_stock,unresolved_exception,Not observed in current portal collection snapshot; absence is not discontinuation
stock,FTX1960SNWH,lotus_faux_wood_blinds,lotus_ftx_2in_snow_white_stock,unresolved_exception,Not observed in current portal collection snapshot; absence is not discontinuation
stock,FTX2160SNWH,lotus_faux_wood_blinds,lotus_ftx_2in_snow_white_stock,unresolved_exception,Not observed in current portal collection snapshot; absence is not discontinuation
stock,FTX22560SNWH,lotus_faux_wood_blinds,lotus_ftx_2in_snow_white_stock,unresolved_exception,Not observed in current portal collection snapshot; absence is not discontinuation
stock,FTX2260SNWH,lotus_faux_wood_blinds,lotus_ftx_2in_snow_white_stock,unresolved_exception,Not observed in current portal collection snapshot; absence is not discontinuation
stock,FTX2460SNWH,lotus_faux_wood_blinds,lotus_ftx_2in_snow_white_stock,unresolved_exception,Not observed in current portal collection snapshot; absence is not discontinuation
stock,FTX2560SNWH,lotus_faux_wood_blinds,lotus_ftx_2in_snow_white_stock,unresolved_exception,Not observed in current portal collection snapshot; absence is not discontinuation
stock,FTX2660SNWH,lotus_faux_wood_blinds,lotus_ftx_2in_snow_white_stock,unresolved_exception,Not observed in current portal collection snapshot; absence is not discontinuation
stock,FTX2754SNWH,lotus_faux_wood_blinds,lotus_ftx_2in_snow_white_stock,unresolved_exception,Not observed in current portal collection snapshot; absence is not discontinuation
stock,FTX28560SNWH,lotus_faux_wood_blinds,lotus_ftx_2in_snow_white_stock,unresolved_exception,Not observed in current portal collection snapshot; absence is not discontinuation
stock,FTX2860SNWH,lotus_faux_wood_blinds,lotus_ftx_2in_snow_white_stock,unresolved_exception,Not observed in current portal collection snapshot; absence is not discontinuation
stock,FTX2954SNWH,lotus_faux_wood_blinds,lotus_ftx_2in_snow_white_stock,unresolved_exception,Not observed in current portal collection snapshot; absence is not discontinuation
stock,FTX3048SNWH,lotus_faux_wood_blinds,lotus_ftx_2in_snow_white_stock,unresolved_exception,Not observed in current portal collection snapshot; absence is not discontinuation
stock,FTX3154SNWH,lotus_faux_wood_blinds,lotus_ftx_2in_snow_white_stock,unresolved_exception,Not observed in current portal collection snapshot; absence is not discontinuation
stock,FTX3254SNWH,lotus_faux_wood_blinds,lotus_ftx_2in_snow_white_stock,unresolved_exception,Not observed in current portal collection snapshot; absence is not discontinuation
stock,FTX3348SNWH,lotus_faux_wood_blinds,lotus_ftx_2in_snow_white_stock,unresolved_exception,Not observed in current portal collection snapshot; absence is not discontinuation
stock,FTX3354SNWH,lotus_faux_wood_blinds,lotus_ftx_2in_snow_white_stock,unresolved_exception,Not observed in current portal collection snapshot; absence is not discontinuation
stock,FTX3448SNWH,lotus_faux_wood_blinds,lotus_ftx_2in_snow_white_stock,unresolved_exception,Not observed in current portal collection snapshot; absence is not discontinuation
stock,FTX3454SNWH,lotus_faux_wood_blinds,lotus_ftx_2in_snow_white_stock,unresolved_exception,Not observed in current portal collection snapshot; absence is not discontinuation
stock,FTX3554SNWH,lotus_faux_wood_blinds,lotus_ftx_2in_snow_white_stock,unresolved_exception,Not observed in current portal collection snapshot; absence is not discontinuation
stock,FTX3648SNWH,lotus_faux_wood_blinds,lotus_ftx_2in_snow_white_stock,unresolved_exception,Not observed in current portal collection snapshot; absence is not discontinuation
stock,FTX3654SNWH,lotus_faux_wood_blinds,lotus_ftx_2in_snow_white_stock,unresolved_exception,Not observed in current portal collection snapshot; absence is not discontinuation
stock,FTX4048SNWH,lotus_faux_wood_blinds,lotus_ftx_2in_snow_white_stock,unresolved_exception,Not observed in current portal collection snapshot; absence is not discontinuation
stock,FTX4148SNWH,lotus_faux_wood_blinds,lotus_ftx_2in_snow_white_stock,unresolved_exception,Not observed in current portal collection snapshot; absence is not discontinuation
stock,FTX4348SNWH,lotus_faux_wood_blinds,lotus_ftx_2in_snow_white_stock,unresolved_exception,Not observed in current portal collection snapshot; absence is not discontinuation
stock,FTX4548SNWH,lotus_faux_wood_blinds,lotus_ftx_2in_snow_white_stock,unresolved_exception,Not observed in current portal collection snapshot; absence is not discontinuation
stock,FTX4648SNWH,lotus_faux_wood_blinds,lotus_ftx_2in_snow_white_stock,unresolved_exception,Not observed in current portal collection snapshot; absence is not discontinuation
stock,FTX6948SNWH,lotus_faux_wood_blinds,lotus_ftx_2in_snow_white_stock,unresolved_exception,Not observed in current portal collection snapshot; absence is not discontinuation
stock,FTX1764SNWH,lotus_faux_wood_blinds,lotus_ftx_2in_snow_white_stock,unresolved_exception,Not observed in current portal collection snapshot; absence is not discontinuation
stock,FTX2264SNWH,lotus_faux_wood_blinds,lotus_ftx_2in_snow_white_stock,unresolved_exception,Not observed in current portal collection snapshot; absence is not discontinuation
stock,FTX2364SNWH,lotus_faux_wood_blinds,lotus_ftx_2in_snow_white_stock,unresolved_exception,Not observed in current portal collection snapshot; absence is not discontinuation
stock,FTX2764SNWH,lotus_faux_wood_blinds,lotus_ftx_2in_snow_white_stock,unresolved_exception,Not observed in current portal collection snapshot; absence is not discontinuation
stock,FTX29560SNWH,lotus_faux_wood_blinds,lotus_ftx_2in_snow_white_stock,unresolved_exception,Not observed in current portal collection snapshot; absence is not discontinuation
stock,FTX30560SNWH,lotus_faux_wood_blinds,lotus_ftx_2in_snow_white_stock,unresolved_exception,Not observed in current portal collection snapshot; absence is not discontinuation
stock,FTX3064SNWH,lotus_faux_wood_blinds,lotus_ftx_2in_snow_white_stock,unresolved_exception,Not observed in current portal collection snapshot; absence is not discontinuation
stock,FTX3164SNWH,lotus_faux_wood_blinds,lotus_ftx_2in_snow_white_stock,unresolved_exception,Not observed in current portal collection snapshot; absence is not discontinuation
stock,FTX32560SNWH,lotus_faux_wood_blinds,lotus_ftx_2in_snow_white_stock,unresolved_exception,Not observed in current portal collection snapshot; absence is not discontinuation
stock,FTX3260SNWH,lotus_faux_wood_blinds,lotus_ftx_2in_snow_white_stock,unresolved_exception,Not observed in current portal collection snapshot; absence is not discontinuation
stock,FTX3264SNWH,lotus_faux_wood_blinds,lotus_ftx_2in_snow_white_stock,unresolved_exception,Not observed in current portal collection snapshot; absence is not discontinuation
stock,FTX3360SNWH,lotus_faux_wood_blinds,lotus_ftx_2in_snow_white_stock,unresolved_exception,Not observed in current portal collection snapshot; absence is not discontinuation
stock,FTX34564SNWH,lotus_faux_wood_blinds,lotus_ftx_2in_snow_white_stock,unresolved_exception,Not observed in current portal collection snapshot; absence is not discontinuation
stock,FTX3464SNWH,lotus_faux_wood_blinds,lotus_ftx_2in_snow_white_stock,unresolved_exception,Not observed in current portal collection snapshot; absence is not discontinuation
stock,FTX3564SNWH,lotus_faux_wood_blinds,lotus_ftx_2in_snow_white_stock,unresolved_exception,Not observed in current portal collection snapshot; absence is not discontinuation
stock,FTX3664SNWH,lotus_faux_wood_blinds,lotus_ftx_2in_snow_white_stock,unresolved_exception,Not observed in current portal collection snapshot; absence is not discontinuation
stock,FTX3760SNWH,lotus_faux_wood_blinds,lotus_ftx_2in_snow_white_stock,unresolved_exception,Not observed in current portal collection snapshot; absence is not discontinuation
stock,FTX3860SNWH,lotus_faux_wood_blinds,lotus_ftx_2in_snow_white_stock,unresolved_exception,Not observed in current portal collection snapshot; absence is not discontinuation
stock,FTX4060SNWH,lotus_faux_wood_blinds,lotus_ftx_2in_snow_white_stock,unresolved_exception,Not observed in current portal collection snapshot; absence is not discontinuation
stock,FTX4160SNWH,lotus_faux_wood_blinds,lotus_ftx_2in_snow_white_stock,unresolved_exception,Not observed in current portal collection snapshot; absence is not discontinuation
stock,FTX4260SNWH,lotus_faux_wood_blinds,lotus_ftx_2in_snow_white_stock,unresolved_exception,Not observed in current portal collection snapshot; absence is not discontinuation
stock,FTX4560SNWH,lotus_faux_wood_blinds,lotus_ftx_2in_snow_white_stock,unresolved_exception,Not observed in current portal collection snapshot; absence is not discontinuation
stock,FTX4660SNWH,lotus_faux_wood_blinds,lotus_ftx_2in_snow_white_stock,unresolved_exception,Not observed in current portal collection snapshot; absence is not discontinuation
stock,FTX6960SNWH,lotus_faux_wood_blinds,lotus_ftx_2in_snow_white_stock,unresolved_exception,Not observed in current portal collection snapshot; absence is not discontinuation
stock,FTX09572SNWH,lotus_faux_wood_blinds,lotus_ftx_2in_snow_white_stock,unresolved_exception,Not observed in current portal collection snapshot; absence is not discontinuation
stock,FTX1072SNWH,lotus_faux_wood_blinds,lotus_ftx_2in_snow_white_stock,unresolved_exception,Not observed in current portal collection snapshot; absence is not discontinuation
stock,FTX1272SNWH,lotus_faux_wood_blinds,lotus_ftx_2in_snow_white_stock,unresolved_exception,Not observed in current portal collection snapshot; absence is not discontinuation
stock,FTX1372SNWH,lotus_faux_wood_blinds,lotus_ftx_2in_snow_white_stock,unresolved_exception,Not observed in current portal collection snapshot; absence is not discontinuation
stock,FTX1672SNWH,lotus_faux_wood_blinds,lotus_ftx_2in_snow_white_stock,unresolved_exception,Not observed in current portal collection snapshot; absence is not discontinuation
stock,FTX1872SNWH,lotus_faux_wood_blinds,lotus_ftx_2in_snow_white_stock,unresolved_exception,Not observed in current portal collection snapshot; absence is not discontinuation
stock,FTX1972SNWH,lotus_faux_wood_blinds,lotus_ftx_2in_snow_white_stock,unresolved_exception,Not observed in current portal collection snapshot; absence is not discontinuation
stock,FTX2172SNWH,lotus_faux_wood_blinds,lotus_ftx_2in_snow_white_stock,unresolved_exception,Not observed in current portal collection snapshot; absence is not discontinuation
stock,FTX22572SNWH,lotus_faux_wood_blinds,lotus_ftx_2in_snow_white_stock,unresolved_exception,Not observed in current portal collection snapshot; absence is not discontinuation
stock,FTX2272SNWH,lotus_faux_wood_blinds,lotus_ftx_2in_snow_white_stock,unresolved_exception,Not observed in current portal collection snapshot; absence is not discontinuation
stock,FTX2568SNWH,lotus_faux_wood_blinds,lotus_ftx_2in_snow_white_stock,unresolved_exception,Not observed in current portal collection snapshot; absence is not discontinuation
stock,FTX2672SNWH,lotus_faux_wood_blinds,lotus_ftx_2in_snow_white_stock,unresolved_exception,Not observed in current portal collection snapshot; absence is not discontinuation
stock,FTX2872SNWH,lotus_faux_wood_blinds,lotus_ftx_2in_snow_white_stock,unresolved_exception,Not observed in current portal collection snapshot; absence is not discontinuation
stock,FTX3272SNWH,lotus_faux_wood_blinds,lotus_ftx_2in_snow_white_stock,unresolved_exception,Not observed in current portal collection snapshot; absence is not discontinuation
stock,FTX3372SNWH,lotus_faux_wood_blinds,lotus_ftx_2in_snow_white_stock,unresolved_exception,Not observed in current portal collection snapshot; absence is not discontinuation
stock,FTX3772SNWH,lotus_faux_wood_blinds,lotus_ftx_2in_snow_white_stock,unresolved_exception,Not observed in current portal collection snapshot; absence is not discontinuation
stock,FTX3964SNWH,lotus_faux_wood_blinds,lotus_ftx_2in_snow_white_stock,unresolved_exception,Not observed in current portal collection snapshot; absence is not discontinuation
stock,FTX4064SNWH,lotus_faux_wood_blinds,lotus_ftx_2in_snow_white_stock,unresolved_exception,Not observed in current portal collection snapshot; absence is not discontinuation
stock,FTX4272SNWH,lotus_faux_wood_blinds,lotus_ftx_2in_snow_white_stock,unresolved_exception,Not observed in current portal collection snapshot; absence is not discontinuation
stock,FTX4364SNWH,lotus_faux_wood_blinds,lotus_ftx_2in_snow_white_stock,unresolved_exception,Not observed in current portal collection snapshot; absence is not discontinuation
stock,FTX4472SNWH,lotus_faux_wood_blinds,lotus_ftx_2in_snow_white_stock,unresolved_exception,Not observed in current portal collection snapshot; absence is not discontinuation
stock,FTX4672SNWH,lotus_faux_wood_blinds,lotus_ftx_2in_snow_white_stock,unresolved_exception,Not observed in current portal collection snapshot; absence is not discontinuation
stock,FTX4864SNWH,lotus_faux_wood_blinds,lotus_ftx_2in_snow_white_stock,unresolved_exception,Not observed in current portal collection snapshot; absence is not discontinuation
stock,FTX5264SNWH,lotus_faux_wood_blinds,lotus_ftx_2in_snow_white_stock,unresolved_exception,Not observed in current portal collection snapshot; absence is not discontinuation
stock,FTX5464SNWH,lotus_faux_wood_blinds,lotus_ftx_2in_snow_white_stock,unresolved_exception,Not observed in current portal collection snapshot; absence is not discontinuation
stock,FTX5964SNWH,lotus_faux_wood_blinds,lotus_ftx_2in_snow_white_stock,unresolved_exception,Not observed in current portal collection snapshot; absence is not discontinuation
stock,FTX6364SNWH,lotus_faux_wood_blinds,lotus_ftx_2in_snow_white_stock,unresolved_exception,Not observed in current portal collection snapshot; absence is not discontinuation
stock,FTX6964SNWH,lotus_faux_wood_blinds,lotus_ftx_2in_snow_white_stock,unresolved_exception,Not observed in current portal collection snapshot; absence is not discontinuation
stock,FTX7264SNWH,lotus_faux_wood_blinds,lotus_ftx_2in_snow_white_stock,unresolved_exception,Not observed in current portal collection snapshot; absence is not discontinuation
stock,FTX1284SNWH,lotus_faux_wood_blinds,lotus_ftx_2in_snow_white_stock,unresolved_exception,Not observed in current portal collection snapshot; absence is not discontinuation
stock,FTX1484SNWH,lotus_faux_wood_blinds,lotus_ftx_2in_snow_white_stock,unresolved_exception,Not observed in current portal collection snapshot; absence is not discontinuation
stock,FTX3084SNWH,lotus_faux_wood_blinds,lotus_ftx_2in_snow_white_stock,unresolved_exception,Not observed in current portal collection snapshot; absence is not discontinuation
stock,FTX3096SNWH,lotus_faux_wood_blinds,lotus_ftx_2in_snow_white_stock,unresolved_exception,Not observed in current portal collection snapshot; absence is not discontinuation
stock,FTX3384SNWH,lotus_faux_wood_blinds,lotus_ftx_2in_snow_white_stock,unresolved_exception,Not observed in current portal collection snapshot; absence is not discontinuation
stock,FTX3684SNWH,lotus_faux_wood_blinds,lotus_ftx_2in_snow_white_stock,unresolved_exception,Not observed in current portal collection snapshot; absence is not discontinuation
stock,FTX3884SNWH,lotus_faux_wood_blinds,lotus_ftx_2in_snow_white_stock,unresolved_exception,Not observed in current portal collection snapshot; absence is not discontinuation
stock,FTX4884SNWH,lotus_faux_wood_blinds,lotus_ftx_2in_snow_white_stock,unresolved_exception,Not observed in current portal collection snapshot; absence is not discontinuation
stock,FTX5484SNWH,lotus_faux_wood_blinds,lotus_ftx_2in_snow_white_stock,unresolved_exception,Not observed in current portal collection snapshot; absence is not discontinuation
stock,FTX5984SNWH,lotus_faux_wood_blinds,lotus_ftx_2in_snow_white_stock,unresolved_exception,Not observed in current portal collection snapshot; absence is not discontinuation
stock,FTX6384SNWH,lotus_faux_wood_blinds,lotus_ftx_2in_snow_white_stock,unresolved_exception,Not observed in current portal collection snapshot; absence is not discontinuation
stock,FTX6972SNWH,lotus_faux_wood_blinds,lotus_ftx_2in_snow_white_stock,unresolved_exception,Not observed in current portal collection snapshot; absence is not discontinuation
stock,FTX6984SNWH,lotus_faux_wood_blinds,lotus_ftx_2in_snow_white_stock,unresolved_exception,Not observed in current portal collection snapshot; absence is not discontinuation
stock,FTX7284SNWH,lotus_faux_wood_blinds,lotus_ftx_2in_snow_white_stock,unresolved_exception,Not observed in current portal collection snapshot; absence is not discontinuation
stock,FTX4896SNWH,lotus_faux_wood_blinds,lotus_ftx_2in_snow_white_stock,unresolved_exception,Not observed in current portal collection snapshot; absence is not discontinuation
stock,FTX5496SNWH,lotus_faux_wood_blinds,lotus_ftx_2in_snow_white_stock,unresolved_exception,Not observed in current portal collection snapshot; absence is not discontinuation
stock,FTX5996SNWH,lotus_faux_wood_blinds,lotus_ftx_2in_snow_white_stock,unresolved_exception,Not observed in current portal collection snapshot; absence is not discontinuation
stock,FTX6396SNWH,lotus_faux_wood_blinds,lotus_ftx_2in_snow_white_stock,unresolved_exception,Not observed in current portal collection snapshot; absence is not discontinuation
stock,FTX1848LG,lotus_faux_wood_blinds,lotus_ftxlg_2in_light_gray_stock,unresolved_exception,Not observed in current portal collection snapshot; absence is not discontinuation
stock,FTX2236LG,lotus_faux_wood_blinds,lotus_ftxlg_2in_light_gray_stock,unresolved_exception,Not observed in current portal collection snapshot; absence is not discontinuation
stock,FTX2248LG,lotus_faux_wood_blinds,lotus_ftxlg_2in_light_gray_stock,unresolved_exception,Not observed in current portal collection snapshot; absence is not discontinuation
stock,FTX22536LG,lotus_faux_wood_blinds,lotus_ftxlg_2in_light_gray_stock,unresolved_exception,Not observed in current portal collection snapshot; absence is not discontinuation
stock,FTX22548LG,lotus_faux_wood_blinds,lotus_ftxlg_2in_light_gray_stock,unresolved_exception,Not observed in current portal collection snapshot; absence is not discontinuation
stock,FTX2648LG,lotus_faux_wood_blinds,lotus_ftxlg_2in_light_gray_stock,unresolved_exception,Not observed in current portal collection snapshot; absence is not discontinuation
stock,FTX2748LG,lotus_faux_wood_blinds,lotus_ftxlg_2in_light_gray_stock,unresolved_exception,Not observed in current portal collection snapshot; absence is not discontinuation
stock,FTX2836LG,lotus_faux_wood_blinds,lotus_ftxlg_2in_light_gray_stock,unresolved_exception,Not observed in current portal collection snapshot; absence is not discontinuation
stock,FTX2848LG,lotus_faux_wood_blinds,lotus_ftxlg_2in_light_gray_stock,unresolved_exception,Not observed in current portal collection snapshot; absence is not discontinuation
stock,FTX2936LG,lotus_faux_wood_blinds,lotus_ftxlg_2in_light_gray_stock,unresolved_exception,Not observed in current portal collection snapshot; absence is not discontinuation
stock,FTX3036LG,lotus_faux_wood_blinds,lotus_ftxlg_2in_light_gray_stock,unresolved_exception,Not observed in current portal collection snapshot; absence is not discontinuation
stock,FTX3048LG,lotus_faux_wood_blinds,lotus_ftxlg_2in_light_gray_stock,unresolved_exception,Not observed in current portal collection snapshot; absence is not discontinuation
stock,FTX3236LG,lotus_faux_wood_blinds,lotus_ftxlg_2in_light_gray_stock,unresolved_exception,Not observed in current portal collection snapshot; absence is not discontinuation
stock,FTX3348LG,lotus_faux_wood_blinds,lotus_ftxlg_2in_light_gray_stock,unresolved_exception,Not observed in current portal collection snapshot; absence is not discontinuation
stock,FTX3436LG,lotus_faux_wood_blinds,lotus_ftxlg_2in_light_gray_stock,unresolved_exception,Not observed in current portal collection snapshot; absence is not discontinuation
stock,FTX3448LG,lotus_faux_wood_blinds,lotus_ftxlg_2in_light_gray_stock,unresolved_exception,Not observed in current portal collection snapshot; absence is not discontinuation
stock,FTX34536LG,lotus_faux_wood_blinds,lotus_ftxlg_2in_light_gray_stock,unresolved_exception,Not observed in current portal collection snapshot; absence is not discontinuation
stock,FTX3636LG,lotus_faux_wood_blinds,lotus_ftxlg_2in_light_gray_stock,unresolved_exception,Not observed in current portal collection snapshot; absence is not discontinuation
stock,FTX4636LG,lotus_faux_wood_blinds,lotus_ftxlg_2in_light_gray_stock,unresolved_exception,Not observed in current portal collection snapshot; absence is not discontinuation
stock,FTX4836LG,lotus_faux_wood_blinds,lotus_ftxlg_2in_light_gray_stock,unresolved_exception,Not observed in current portal collection snapshot; absence is not discontinuation
stock,FTX1860LG,lotus_faux_wood_blinds,lotus_ftxlg_2in_light_gray_stock,unresolved_exception,Not observed in current portal collection snapshot; absence is not discontinuation
stock,FTX1960LG,lotus_faux_wood_blinds,lotus_ftxlg_2in_light_gray_stock,unresolved_exception,Not observed in current portal collection snapshot; absence is not discontinuation
stock,FTX2160LG,lotus_faux_wood_blinds,lotus_ftxlg_2in_light_gray_stock,unresolved_exception,Not observed in current portal collection snapshot; absence is not discontinuation
stock,FTX22560LG,lotus_faux_wood_blinds,lotus_ftxlg_2in_light_gray_stock,unresolved_exception,Not observed in current portal collection snapshot; absence is not discontinuation
stock,FTX2260LG,lotus_faux_wood_blinds,lotus_ftxlg_2in_light_gray_stock,unresolved_exception,Not observed in current portal collection snapshot; absence is not discontinuation
stock,FTX2460LG,lotus_faux_wood_blinds,lotus_ftxlg_2in_light_gray_stock,unresolved_exception,Not observed in current portal collection snapshot; absence is not discontinuation
stock,FTX2560LG,lotus_faux_wood_blinds,lotus_ftxlg_2in_light_gray_stock,unresolved_exception,Not observed in current portal collection snapshot; absence is not discontinuation
stock,FTX2660LG,lotus_faux_wood_blinds,lotus_ftxlg_2in_light_gray_stock,unresolved_exception,Not observed in current portal collection snapshot; absence is not discontinuation
stock,FTX2754LG,lotus_faux_wood_blinds,lotus_ftxlg_2in_light_gray_stock,unresolved_exception,Not observed in current portal collection snapshot; absence is not discontinuation
stock,FTX2860LG,lotus_faux_wood_blinds,lotus_ftxlg_2in_light_gray_stock,unresolved_exception,Not observed in current portal collection snapshot; absence is not discontinuation
stock,FTX2954LG,lotus_faux_wood_blinds,lotus_ftxlg_2in_light_gray_stock,unresolved_exception,Not observed in current portal collection snapshot; absence is not discontinuation
stock,FTX3154LG,lotus_faux_wood_blinds,lotus_ftxlg_2in_light_gray_stock,unresolved_exception,Not observed in current portal collection snapshot; absence is not discontinuation
stock,FTX3260LG,lotus_faux_wood_blinds,lotus_ftxlg_2in_light_gray_stock,unresolved_exception,Not observed in current portal collection snapshot; absence is not discontinuation
stock,FTX3360LG,lotus_faux_wood_blinds,lotus_ftxlg_2in_light_gray_stock,unresolved_exception,Not observed in current portal collection snapshot; absence is not discontinuation
stock,FTX34548LG,lotus_faux_wood_blinds,lotus_ftxlg_2in_light_gray_stock,unresolved_exception,Not observed in current portal collection snapshot; absence is not discontinuation
stock,FTX3454LG,lotus_faux_wood_blinds,lotus_ftxlg_2in_light_gray_stock,unresolved_exception,Not observed in current portal collection snapshot; absence is not discontinuation
stock,FTX3554LG,lotus_faux_wood_blinds,lotus_ftxlg_2in_light_gray_stock,unresolved_exception,Not observed in current portal collection snapshot; absence is not discontinuation
stock,FTX3648LG,lotus_faux_wood_blinds,lotus_ftxlg_2in_light_gray_stock,unresolved_exception,Not observed in current portal collection snapshot; absence is not discontinuation
stock,FTX4148LG,lotus_faux_wood_blinds,lotus_ftxlg_2in_light_gray_stock,unresolved_exception,Not observed in current portal collection snapshot; absence is not discontinuation
stock,FTX4348LG,lotus_faux_wood_blinds,lotus_ftxlg_2in_light_gray_stock,unresolved_exception,Not observed in current portal collection snapshot; absence is not discontinuation
stock,FTX4548LG,lotus_faux_wood_blinds,lotus_ftxlg_2in_light_gray_stock,unresolved_exception,Not observed in current portal collection snapshot; absence is not discontinuation
stock,FTX4648LG,lotus_faux_wood_blinds,lotus_ftxlg_2in_light_gray_stock,unresolved_exception,Not observed in current portal collection snapshot; absence is not discontinuation
stock,FTX58548LG,lotus_faux_wood_blinds,lotus_ftxlg_2in_light_gray_stock,unresolved_exception,Not observed in current portal collection snapshot; absence is not discontinuation
stock,FTX1072LG,lotus_faux_wood_blinds,lotus_ftxlg_2in_light_gray_stock,unresolved_exception,Not observed in current portal collection snapshot; absence is not discontinuation
stock,FTX1272LG,lotus_faux_wood_blinds,lotus_ftxlg_2in_light_gray_stock,unresolved_exception,Not observed in current portal collection snapshot; absence is not discontinuation
stock,FTX1372LG,lotus_faux_wood_blinds,lotus_ftxlg_2in_light_gray_stock,unresolved_exception,Not observed in current portal collection snapshot; absence is not discontinuation
stock,FTX1672LG,lotus_faux_wood_blinds,lotus_ftxlg_2in_light_gray_stock,unresolved_exception,Not observed in current portal collection snapshot; absence is not discontinuation
stock,FTX1764LG,lotus_faux_wood_blinds,lotus_ftxlg_2in_light_gray_stock,unresolved_exception,Not observed in current portal collection snapshot; absence is not discontinuation
stock,FTX1972LG,lotus_faux_wood_blinds,lotus_ftxlg_2in_light_gray_stock,unresolved_exception,Not observed in current portal collection snapshot; absence is not discontinuation
stock,FTX2172LG,lotus_faux_wood_blinds,lotus_ftxlg_2in_light_gray_stock,unresolved_exception,Not observed in current portal collection snapshot; absence is not discontinuation
stock,FTX22572LG,lotus_faux_wood_blinds,lotus_ftxlg_2in_light_gray_stock,unresolved_exception,Not observed in current portal collection snapshot; absence is not discontinuation
stock,FTX2272LG,lotus_faux_wood_blinds,lotus_ftxlg_2in_light_gray_stock,unresolved_exception,Not observed in current portal collection snapshot; absence is not discontinuation
stock,FTX2672LG,lotus_faux_wood_blinds,lotus_ftxlg_2in_light_gray_stock,unresolved_exception,Not observed in current portal collection snapshot; absence is not discontinuation
stock,FTX2764LG,lotus_faux_wood_blinds,lotus_ftxlg_2in_light_gray_stock,unresolved_exception,Not observed in current portal collection snapshot; absence is not discontinuation
stock,FTX2872LG,lotus_faux_wood_blinds,lotus_ftxlg_2in_light_gray_stock,unresolved_exception,Not observed in current portal collection snapshot; absence is not discontinuation
stock,FTX3064LG,lotus_faux_wood_blinds,lotus_ftxlg_2in_light_gray_stock,unresolved_exception,Not observed in current portal collection snapshot; absence is not discontinuation
stock,FTX3164LG,lotus_faux_wood_blinds,lotus_ftxlg_2in_light_gray_stock,unresolved_exception,Not observed in current portal collection snapshot; absence is not discontinuation
stock,FTX34564LG,lotus_faux_wood_blinds,lotus_ftxlg_2in_light_gray_stock,unresolved_exception,Not observed in current portal collection snapshot; absence is not discontinuation
stock,FTX3464LG,lotus_faux_wood_blinds,lotus_ftxlg_2in_light_gray_stock,unresolved_exception,Not observed in current portal collection snapshot; absence is not discontinuation
stock,FTX3664LG,lotus_faux_wood_blinds,lotus_ftxlg_2in_light_gray_stock,unresolved_exception,Not observed in current portal collection snapshot; absence is not discontinuation
stock,FTX3760LG,lotus_faux_wood_blinds,lotus_ftxlg_2in_light_gray_stock,unresolved_exception,Not observed in current portal collection snapshot; absence is not discontinuation
stock,FTX3860LG,lotus_faux_wood_blinds,lotus_ftxlg_2in_light_gray_stock,unresolved_exception,Not observed in current portal collection snapshot; absence is not discontinuation
stock,FTX4064LG,lotus_faux_wood_blinds,lotus_ftxlg_2in_light_gray_stock,unresolved_exception,Not observed in current portal collection snapshot; absence is not discontinuation
stock,FTX4160LG,lotus_faux_wood_blinds,lotus_ftxlg_2in_light_gray_stock,unresolved_exception,Not observed in current portal collection snapshot; absence is not discontinuation
stock,FTX4260LG,lotus_faux_wood_blinds,lotus_ftxlg_2in_light_gray_stock,unresolved_exception,Not observed in current portal collection snapshot; absence is not discontinuation
stock,FTX4660LG,lotus_faux_wood_blinds,lotus_ftxlg_2in_light_gray_stock,unresolved_exception,Not observed in current portal collection snapshot; absence is not discontinuation
stock,FTX5264LG,lotus_faux_wood_blinds,lotus_ftxlg_2in_light_gray_stock,unresolved_exception,Not observed in current portal collection snapshot; absence is not discontinuation
stock,FTX5960LG,lotus_faux_wood_blinds,lotus_ftxlg_2in_light_gray_stock,unresolved_exception,Not observed in current portal collection snapshot; absence is not discontinuation
stock,FTX1284LG,lotus_faux_wood_blinds,lotus_ftxlg_2in_light_gray_stock,unresolved_exception,Not observed in current portal collection snapshot; absence is not discontinuation
stock,FTX1484LG,lotus_faux_wood_blinds,lotus_ftxlg_2in_light_gray_stock,unresolved_exception,Not observed in current portal collection snapshot; absence is not discontinuation
stock,FTX1784LG,lotus_faux_wood_blinds,lotus_ftxlg_2in_light_gray_stock,unresolved_exception,Not observed in current portal collection snapshot; absence is not discontinuation
stock,FTX2584LG,lotus_faux_wood_blinds,lotus_ftxlg_2in_light_gray_stock,unresolved_exception,Not observed in current portal collection snapshot; absence is not discontinuation
stock,FTX3172LG,lotus_faux_wood_blinds,lotus_ftxlg_2in_light_gray_stock,unresolved_exception,Not observed in current portal collection snapshot; absence is not discontinuation
stock,FTX3272LG,lotus_faux_wood_blinds,lotus_ftxlg_2in_light_gray_stock,unresolved_exception,Not observed in current portal collection snapshot; absence is not discontinuation
stock,FTX3372LG,lotus_faux_wood_blinds,lotus_ftxlg_2in_light_gray_stock,unresolved_exception,Not observed in current portal collection snapshot; absence is not discontinuation
stock,FTX3472LG,lotus_faux_wood_blinds,lotus_ftxlg_2in_light_gray_stock,unresolved_exception,Not observed in current portal collection snapshot; absence is not discontinuation
stock,FTX4672LG,lotus_faux_wood_blinds,lotus_ftxlg_2in_light_gray_stock,unresolved_exception,Not observed in current portal collection snapshot; absence is not discontinuation
stock,FTX6372LG,lotus_faux_wood_blinds,lotus_ftxlg_2in_light_gray_stock,unresolved_exception,Not observed in current portal collection snapshot; absence is not discontinuation
stock,FTX7172LG,lotus_faux_wood_blinds,lotus_ftxlg_2in_light_gray_stock,unresolved_exception,Not observed in current portal collection snapshot; absence is not discontinuation
stock,FCX7236WH,lotus_faux_wood_blinds,lotus_fcx_2in_soft_white_stock,unresolved_exception,Not observed in current portal collection snapshot; absence is not discontinuation
stock,FCX7836WH,lotus_faux_wood_blinds,lotus_fcx_2in_soft_white_stock,unresolved_exception,Not observed in current portal collection snapshot; absence is not discontinuation
stock,FCX8336WH,lotus_faux_wood_blinds,lotus_fcx_2in_soft_white_stock,unresolved_exception,Not observed in current portal collection snapshot; absence is not discontinuation
stock,FCX8936WH,lotus_faux_wood_blinds,lotus_fcx_2in_soft_white_stock,unresolved_exception,Not observed in current portal collection snapshot; absence is not discontinuation
stock,FCX9536WH,lotus_faux_wood_blinds,lotus_fcx_2in_soft_white_stock,unresolved_exception,Not observed in current portal collection snapshot; absence is not discontinuation
stock,FCX2648WH,lotus_faux_wood_blinds,lotus_fcx_2in_soft_white_stock,unresolved_exception,Not observed in current portal collection snapshot; absence is not discontinuation
stock,FCX6948WH,lotus_faux_wood_blinds,lotus_fcx_2in_soft_white_stock,unresolved_exception,Not observed in current portal collection snapshot; absence is not discontinuation
stock,FCX7848WH,lotus_faux_wood_blinds,lotus_fcx_2in_soft_white_stock,unresolved_exception,Not observed in current portal collection snapshot; absence is not discontinuation
stock,FCX8348WH,lotus_faux_wood_blinds,lotus_fcx_2in_soft_white_stock,unresolved_exception,Not observed in current portal collection snapshot; absence is not discontinuation
stock,FCX8948WH,lotus_faux_wood_blinds,lotus_fcx_2in_soft_white_stock,unresolved_exception,Not observed in current portal collection snapshot; absence is not discontinuation
stock,FCX7260WH,lotus_faux_wood_blinds,lotus_fcx_2in_soft_white_stock,unresolved_exception,Not observed in current portal collection snapshot; absence is not discontinuation
stock,FCX7560WH,lotus_faux_wood_blinds,lotus_fcx_2in_soft_white_stock,unresolved_exception,Not observed in current portal collection snapshot; absence is not discontinuation
stock,FCX7860WH,lotus_faux_wood_blinds,lotus_fcx_2in_soft_white_stock,unresolved_exception,Not observed in current portal collection snapshot; absence is not discontinuation
stock,FCX81560WH,lotus_faux_wood_blinds,lotus_fcx_2in_soft_white_stock,unresolved_exception,Not observed in current portal collection snapshot; absence is not discontinuation
stock,FCX8160WH,lotus_faux_wood_blinds,lotus_fcx_2in_soft_white_stock,unresolved_exception,Not observed in current portal collection snapshot; absence is not discontinuation
stock,FCX82560WH,lotus_faux_wood_blinds,lotus_fcx_2in_soft_white_stock,unresolved_exception,Not observed in current portal collection snapshot; absence is not discontinuation
stock,FCX8260WH,lotus_faux_wood_blinds,lotus_fcx_2in_soft_white_stock,unresolved_exception,Not observed in current portal collection snapshot; absence is not discontinuation
stock,FCX8360WH,lotus_faux_wood_blinds,lotus_fcx_2in_soft_white_stock,unresolved_exception,Not observed in current portal collection snapshot; absence is not discontinuation
stock,FCX8960WH,lotus_faux_wood_blinds,lotus_fcx_2in_soft_white_stock,unresolved_exception,Not observed in current portal collection snapshot; absence is not discontinuation
stock,FCX9360WH,lotus_faux_wood_blinds,lotus_fcx_2in_soft_white_stock,unresolved_exception,Not observed in current portal collection snapshot; absence is not discontinuation
stock,FCX9560WH,lotus_faux_wood_blinds,lotus_fcx_2in_soft_white_stock,unresolved_exception,Not observed in current portal collection snapshot; absence is not discontinuation
stock,FCX5964WH,lotus_faux_wood_blinds,lotus_fcx_2in_soft_white_stock,unresolved_exception,Not observed in current portal collection snapshot; absence is not discontinuation
stock,FCX6364WH,lotus_faux_wood_blinds,lotus_fcx_2in_soft_white_stock,unresolved_exception,Not observed in current portal collection snapshot; absence is not discontinuation
stock,FCX6964WH,lotus_faux_wood_blinds,lotus_fcx_2in_soft_white_stock,unresolved_exception,Not observed in current portal collection snapshot; absence is not discontinuation
stock,FCX7264WH,lotus_faux_wood_blinds,lotus_fcx_2in_soft_white_stock,unresolved_exception,Not observed in current portal collection snapshot; absence is not discontinuation
stock,FCX4884WH,lotus_faux_wood_blinds,lotus_fcx_2in_soft_white_stock,unresolved_exception,Not observed in current portal collection snapshot; absence is not discontinuation
stock,FCX5484WH,lotus_faux_wood_blinds,lotus_fcx_2in_soft_white_stock,unresolved_exception,Not observed in current portal collection snapshot; absence is not discontinuation
stock,FCX3096WH,lotus_faux_wood_blinds,lotus_fcx_2in_soft_white_stock,unresolved_exception,Not observed in current portal collection snapshot; absence is not discontinuation
stock,FCX4396WH,lotus_faux_wood_blinds,lotus_fcx_2in_soft_white_stock,unresolved_exception,Not observed in current portal collection snapshot; absence is not discontinuation
stock,FCX5984WH,lotus_faux_wood_blinds,lotus_fcx_2in_soft_white_stock,unresolved_exception,Not observed in current portal collection snapshot; absence is not discontinuation
stock,FCX5996WH,lotus_faux_wood_blinds,lotus_fcx_2in_soft_white_stock,unresolved_exception,Not observed in current portal collection snapshot; absence is not discontinuation
stock,FCX6984WH,lotus_faux_wood_blinds,lotus_fcx_2in_soft_white_stock,unresolved_exception,Not observed in current portal collection snapshot; absence is not discontinuation
stock,FCX6996WH,lotus_faux_wood_blinds,lotus_fcx_2in_soft_white_stock,unresolved_exception,Not observed in current portal collection snapshot; absence is not discontinuation
stock,FPX1636BWH,lotus_faux_wood_blinds,lotus_fpx_2in_privacy_bright_white_stock,unresolved_exception,Not observed in current portal collection snapshot; absence is not discontinuation
stock,FPX16536BWH,lotus_faux_wood_blinds,lotus_fpx_2in_privacy_bright_white_stock,unresolved_exception,Not observed in current portal collection snapshot; absence is not discontinuation
stock,FPX1736BWH,lotus_faux_wood_blinds,lotus_fpx_2in_privacy_bright_white_stock,unresolved_exception,Not observed in current portal collection snapshot; absence is not discontinuation
stock,FPX1836BWH,lotus_faux_wood_blinds,lotus_fpx_2in_privacy_bright_white_stock,unresolved_exception,Not observed in current portal collection snapshot; absence is not discontinuation
stock,FPX2224BWH,lotus_faux_wood_blinds,lotus_fpx_2in_privacy_bright_white_stock,unresolved_exception,Not observed in current portal collection snapshot; absence is not discontinuation
stock,FPX2236BWH,lotus_faux_wood_blinds,lotus_fpx_2in_privacy_bright_white_stock,unresolved_exception,Not observed in current portal collection snapshot; absence is not discontinuation
stock,FPX22524BWH,lotus_faux_wood_blinds,lotus_fpx_2in_privacy_bright_white_stock,unresolved_exception,Not observed in current portal collection snapshot; absence is not discontinuation
stock,FPX22536BWH,lotus_faux_wood_blinds,lotus_fpx_2in_privacy_bright_white_stock,unresolved_exception,Not observed in current portal collection snapshot; absence is not discontinuation
stock,FPX2324BWH,lotus_faux_wood_blinds,lotus_fpx_2in_privacy_bright_white_stock,unresolved_exception,Not observed in current portal collection snapshot; absence is not discontinuation
stock,FPX2336BWH,lotus_faux_wood_blinds,lotus_fpx_2in_privacy_bright_white_stock,unresolved_exception,Not observed in current portal collection snapshot; absence is not discontinuation
stock,FPX2436BWH,lotus_faux_wood_blinds,lotus_fpx_2in_privacy_bright_white_stock,unresolved_exception,Not observed in current portal collection snapshot; absence is not discontinuation
stock,FPX2536BWH,lotus_faux_wood_blinds,lotus_fpx_2in_privacy_bright_white_stock,unresolved_exception,Not observed in current portal collection snapshot; absence is not discontinuation
stock,FPX2636BWH,lotus_faux_wood_blinds,lotus_fpx_2in_privacy_bright_white_stock,unresolved_exception,Not observed in current portal collection snapshot; absence is not discontinuation
stock,FPX2736BWH,lotus_faux_wood_blinds,lotus_fpx_2in_privacy_bright_white_stock,unresolved_exception,Not observed in current portal collection snapshot; absence is not discontinuation
stock,FPX2836BWH,lotus_faux_wood_blinds,lotus_fpx_2in_privacy_bright_white_stock,unresolved_exception,Not observed in current portal collection snapshot; absence is not discontinuation
stock,FPX2936BWH,lotus_faux_wood_blinds,lotus_fpx_2in_privacy_bright_white_stock,unresolved_exception,Not observed in current portal collection snapshot; absence is not discontinuation
stock,FPX3036BWH,lotus_faux_wood_blinds,lotus_fpx_2in_privacy_bright_white_stock,unresolved_exception,Not observed in current portal collection snapshot; absence is not discontinuation
stock,FPX3124BWH,lotus_faux_wood_blinds,lotus_fpx_2in_privacy_bright_white_stock,unresolved_exception,Not observed in current portal collection snapshot; absence is not discontinuation
stock,FPX3136BWH,lotus_faux_wood_blinds,lotus_fpx_2in_privacy_bright_white_stock,unresolved_exception,Not observed in current portal collection snapshot; absence is not discontinuation
stock,FPX3236BWH,lotus_faux_wood_blinds,lotus_fpx_2in_privacy_bright_white_stock,unresolved_exception,Not observed in current portal collection snapshot; absence is not discontinuation
stock,FPX3336BWH,lotus_faux_wood_blinds,lotus_fpx_2in_privacy_bright_white_stock,unresolved_exception,Not observed in current portal collection snapshot; absence is not discontinuation
stock,FPX3436BWH,lotus_faux_wood_blinds,lotus_fpx_2in_privacy_bright_white_stock,unresolved_exception,Not observed in current portal collection snapshot; absence is not discontinuation
stock,FPX34536BWH,lotus_faux_wood_blinds,lotus_fpx_2in_privacy_bright_white_stock,unresolved_exception,Not observed in current portal collection snapshot; absence is not discontinuation
stock,FPX3524BWH,lotus_faux_wood_blinds,lotus_fpx_2in_privacy_bright_white_stock,unresolved_exception,Not observed in current portal collection snapshot; absence is not discontinuation
stock,FPX3536BWH,lotus_faux_wood_blinds,lotus_fpx_2in_privacy_bright_white_stock,unresolved_exception,Not observed in current portal collection snapshot; absence is not discontinuation
stock,FPX3636BWH,lotus_faux_wood_blinds,lotus_fpx_2in_privacy_bright_white_stock,unresolved_exception,Not observed in current portal collection snapshot; absence is not discontinuation
stock,FPX3736BWH,lotus_faux_wood_blinds,lotus_fpx_2in_privacy_bright_white_stock,unresolved_exception,Not observed in current portal collection snapshot; absence is not discontinuation
stock,FPX3836BWH,lotus_faux_wood_blinds,lotus_fpx_2in_privacy_bright_white_stock,unresolved_exception,Not observed in current portal collection snapshot; absence is not discontinuation
stock,FPX3936BWH,lotus_faux_wood_blinds,lotus_fpx_2in_privacy_bright_white_stock,unresolved_exception,Not observed in current portal collection snapshot; absence is not discontinuation
stock,FPX4136BWH,lotus_faux_wood_blinds,lotus_fpx_2in_privacy_bright_white_stock,unresolved_exception,Not observed in current portal collection snapshot; absence is not discontinuation
stock,FPX4236BWH,lotus_faux_wood_blinds,lotus_fpx_2in_privacy_bright_white_stock,unresolved_exception,Not observed in current portal collection snapshot; absence is not discontinuation
stock,FPX4336BWH,lotus_faux_wood_blinds,lotus_fpx_2in_privacy_bright_white_stock,unresolved_exception,Not observed in current portal collection snapshot; absence is not discontinuation
stock,FPX4536BWH,lotus_faux_wood_blinds,lotus_fpx_2in_privacy_bright_white_stock,unresolved_exception,Not observed in current portal collection snapshot; absence is not discontinuation
stock,FPX4636BWH,lotus_faux_wood_blinds,lotus_fpx_2in_privacy_bright_white_stock,unresolved_exception,Not observed in current portal collection snapshot; absence is not discontinuation
stock,FPX46536BWH,lotus_faux_wood_blinds,lotus_fpx_2in_privacy_bright_white_stock,unresolved_exception,Not observed in current portal collection snapshot; absence is not discontinuation
stock,FPX4724BWH,lotus_faux_wood_blinds,lotus_fpx_2in_privacy_bright_white_stock,unresolved_exception,Not observed in current portal collection snapshot; absence is not discontinuation
stock,FPX4736BWH,lotus_faux_wood_blinds,lotus_fpx_2in_privacy_bright_white_stock,unresolved_exception,Not observed in current portal collection snapshot; absence is not discontinuation
stock,FPX4836BWH,lotus_faux_wood_blinds,lotus_fpx_2in_privacy_bright_white_stock,unresolved_exception,Not observed in current portal collection snapshot; absence is not discontinuation
stock,FPX5436BWH,lotus_faux_wood_blinds,lotus_fpx_2in_privacy_bright_white_stock,unresolved_exception,Not observed in current portal collection snapshot; absence is not discontinuation
stock,FPX5836BWH,lotus_faux_wood_blinds,lotus_fpx_2in_privacy_bright_white_stock,unresolved_exception,Not observed in current portal collection snapshot; absence is not discontinuation
stock,FPX5936BWH,lotus_faux_wood_blinds,lotus_fpx_2in_privacy_bright_white_stock,unresolved_exception,Not observed in current portal collection snapshot; absence is not discontinuation
stock,FPX6336BWH,lotus_faux_wood_blinds,lotus_fpx_2in_privacy_bright_white_stock,unresolved_exception,Not observed in current portal collection snapshot; absence is not discontinuation
stock,FPX6936BWH,lotus_faux_wood_blinds,lotus_fpx_2in_privacy_bright_white_stock,unresolved_exception,Not observed in current portal collection snapshot; absence is not discontinuation
stock,FPX7036BWH,lotus_faux_wood_blinds,lotus_fpx_2in_privacy_bright_white_stock,unresolved_exception,Not observed in current portal collection snapshot; absence is not discontinuation
stock,FPX1648BWH,lotus_faux_wood_blinds,lotus_fpx_2in_privacy_bright_white_stock,unresolved_exception,Not observed in current portal collection snapshot; absence is not discontinuation
stock,FPX1748BWH,lotus_faux_wood_blinds,lotus_fpx_2in_privacy_bright_white_stock,unresolved_exception,Not observed in current portal collection snapshot; absence is not discontinuation
stock,FPX1848BWH,lotus_faux_wood_blinds,lotus_fpx_2in_privacy_bright_white_stock,unresolved_exception,Not observed in current portal collection snapshot; absence is not discontinuation
stock,FPX1948BWH,lotus_faux_wood_blinds,lotus_fpx_2in_privacy_bright_white_stock,unresolved_exception,Not observed in current portal collection snapshot; absence is not discontinuation
stock,FPX2048BWH,lotus_faux_wood_blinds,lotus_fpx_2in_privacy_bright_white_stock,unresolved_exception,Not observed in current portal collection snapshot; absence is not discontinuation
stock,FPX2148BWH,lotus_faux_wood_blinds,lotus_fpx_2in_privacy_bright_white_stock,unresolved_exception,Not observed in current portal collection snapshot; absence is not discontinuation
stock,FPX2248BWH,lotus_faux_wood_blinds,lotus_fpx_2in_privacy_bright_white_stock,unresolved_exception,Not observed in current portal collection snapshot; absence is not discontinuation
stock,FPX22548BWH,lotus_faux_wood_blinds,lotus_fpx_2in_privacy_bright_white_stock,unresolved_exception,Not observed in current portal collection snapshot; absence is not discontinuation
stock,FPX2342BWH,lotus_faux_wood_blinds,lotus_fpx_2in_privacy_bright_white_stock,unresolved_exception,Not observed in current portal collection snapshot; absence is not discontinuation
stock,FPX2348BWH,lotus_faux_wood_blinds,lotus_fpx_2in_privacy_bright_white_stock,unresolved_exception,Not observed in current portal collection snapshot; absence is not discontinuation
stock,FPX2442BWH,lotus_faux_wood_blinds,lotus_fpx_2in_privacy_bright_white_stock,unresolved_exception,Not observed in current portal collection snapshot; absence is not discontinuation
stock,FPX2448BWH,lotus_faux_wood_blinds,lotus_fpx_2in_privacy_bright_white_stock,unresolved_exception,Not observed in current portal collection snapshot; absence is not discontinuation
stock,FPX2542BWH,lotus_faux_wood_blinds,lotus_fpx_2in_privacy_bright_white_stock,unresolved_exception,Not observed in current portal collection snapshot; absence is not discontinuation
stock,FPX2548BWH,lotus_faux_wood_blinds,lotus_fpx_2in_privacy_bright_white_stock,unresolved_exception,Not observed in current portal collection snapshot; absence is not discontinuation
stock,FPX2648BWH,lotus_faux_wood_blinds,lotus_fpx_2in_privacy_bright_white_stock,unresolved_exception,Not observed in current portal collection snapshot; absence is not discontinuation
stock,FPX2748BWH,lotus_faux_wood_blinds,lotus_fpx_2in_privacy_bright_white_stock,unresolved_exception,Not observed in current portal collection snapshot; absence is not discontinuation
stock,FPX2848BWH,lotus_faux_wood_blinds,lotus_fpx_2in_privacy_bright_white_stock,unresolved_exception,Not observed in current portal collection snapshot; absence is not discontinuation
stock,FPX28548BWH,lotus_faux_wood_blinds,lotus_fpx_2in_privacy_bright_white_stock,unresolved_exception,Not observed in current portal collection snapshot; absence is not discontinuation
stock,FPX2942BWH,lotus_faux_wood_blinds,lotus_fpx_2in_privacy_bright_white_stock,unresolved_exception,Not observed in current portal collection snapshot; absence is not discontinuation
stock,FPX2948BWH,lotus_faux_wood_blinds,lotus_fpx_2in_privacy_bright_white_stock,unresolved_exception,Not observed in current portal collection snapshot; absence is not discontinuation
stock,FPX3048BWH,lotus_faux_wood_blinds,lotus_fpx_2in_privacy_bright_white_stock,unresolved_exception,Not observed in current portal collection snapshot; absence is not discontinuation
stock,FPX3148BWH,lotus_faux_wood_blinds,lotus_fpx_2in_privacy_bright_white_stock,unresolved_exception,Not observed in current portal collection snapshot; absence is not discontinuation
stock,FPX3248BWH,lotus_faux_wood_blinds,lotus_fpx_2in_privacy_bright_white_stock,unresolved_exception,Not observed in current portal collection snapshot; absence is not discontinuation
stock,FPX3348BWH,lotus_faux_wood_blinds,lotus_fpx_2in_privacy_bright_white_stock,unresolved_exception,Not observed in current portal collection snapshot; absence is not discontinuation
stock,FPX3442BWH,lotus_faux_wood_blinds,lotus_fpx_2in_privacy_bright_white_stock,unresolved_exception,Not observed in current portal collection snapshot; absence is not discontinuation
stock,FPX3448BWH,lotus_faux_wood_blinds,lotus_fpx_2in_privacy_bright_white_stock,unresolved_exception,Not observed in current portal collection snapshot; absence is not discontinuation
stock,FPX34548BWH,lotus_faux_wood_blinds,lotus_fpx_2in_privacy_bright_white_stock,unresolved_exception,Not observed in current portal collection snapshot; absence is not discontinuation
stock,FPX3542BWH,lotus_faux_wood_blinds,lotus_fpx_2in_privacy_bright_white_stock,unresolved_exception,Not observed in current portal collection snapshot; absence is not discontinuation
stock,FPX3548BWH,lotus_faux_wood_blinds,lotus_fpx_2in_privacy_bright_white_stock,unresolved_exception,Not observed in current portal collection snapshot; absence is not discontinuation
stock,FPX3648BWH,lotus_faux_wood_blinds,lotus_fpx_2in_privacy_bright_white_stock,unresolved_exception,Not observed in current portal collection snapshot; absence is not discontinuation
stock,FPX3748BWH,lotus_faux_wood_blinds,lotus_fpx_2in_privacy_bright_white_stock,unresolved_exception,Not observed in current portal collection snapshot; absence is not discontinuation
stock,FPX3848BWH,lotus_faux_wood_blinds,lotus_fpx_2in_privacy_bright_white_stock,unresolved_exception,Not observed in current portal collection snapshot; absence is not discontinuation
stock,FPX3948BWH,lotus_faux_wood_blinds,lotus_fpx_2in_privacy_bright_white_stock,unresolved_exception,Not observed in current portal collection snapshot; absence is not discontinuation
stock,FPX4048BWH,lotus_faux_wood_blinds,lotus_fpx_2in_privacy_bright_white_stock,unresolved_exception,Not observed in current portal collection snapshot; absence is not discontinuation
stock,FPX4148BWH,lotus_faux_wood_blinds,lotus_fpx_2in_privacy_bright_white_stock,unresolved_exception,Not observed in current portal collection snapshot; absence is not discontinuation
stock,FPX4248BWH,lotus_faux_wood_blinds,lotus_fpx_2in_privacy_bright_white_stock,unresolved_exception,Not observed in current portal collection snapshot; absence is not discontinuation
stock,FPX4348BWH,lotus_faux_wood_blinds,lotus_fpx_2in_privacy_bright_white_stock,unresolved_exception,Not observed in current portal collection snapshot; absence is not discontinuation
stock,FPX4448BWH,lotus_faux_wood_blinds,lotus_fpx_2in_privacy_bright_white_stock,unresolved_exception,Not observed in current portal collection snapshot; absence is not discontinuation
stock,FPX7136BWH,lotus_faux_wood_blinds,lotus_fpx_2in_privacy_bright_white_stock,unresolved_exception,Not observed in current portal collection snapshot; absence is not discontinuation
stock,FPX7236BWH,lotus_faux_wood_blinds,lotus_fpx_2in_privacy_bright_white_stock,unresolved_exception,Not observed in current portal collection snapshot; absence is not discontinuation
stock,FPX7836BWH,lotus_faux_wood_blinds,lotus_fpx_2in_privacy_bright_white_stock,unresolved_exception,Not observed in current portal collection snapshot; absence is not discontinuation
stock,FPX8336BWH,lotus_faux_wood_blinds,lotus_fpx_2in_privacy_bright_white_stock,unresolved_exception,Not observed in current portal collection snapshot; absence is not discontinuation
stock,FPX8936BWH,lotus_faux_wood_blinds,lotus_fpx_2in_privacy_bright_white_stock,unresolved_exception,Not observed in current portal collection snapshot; absence is not discontinuation
stock,FPX9536BWH,lotus_faux_wood_blinds,lotus_fpx_2in_privacy_bright_white_stock,unresolved_exception,Not observed in current portal collection snapshot; absence is not discontinuation
stock,FPX2354BWH,lotus_faux_wood_blinds,lotus_fpx_2in_privacy_bright_white_stock,unresolved_exception,Not observed in current portal collection snapshot; absence is not discontinuation
stock,FPX2454BWH,lotus_faux_wood_blinds,lotus_fpx_2in_privacy_bright_white_stock,unresolved_exception,Not observed in current portal collection snapshot; absence is not discontinuation
stock,FPX2554BWH,lotus_faux_wood_blinds,lotus_fpx_2in_privacy_bright_white_stock,unresolved_exception,Not observed in current portal collection snapshot; absence is not discontinuation
stock,FPX2654BWH,lotus_faux_wood_blinds,lotus_fpx_2in_privacy_bright_white_stock,unresolved_exception,Not observed in current portal collection snapshot; absence is not discontinuation
stock,FPX2754BWH,lotus_faux_wood_blinds,lotus_fpx_2in_privacy_bright_white_stock,unresolved_exception,Not observed in current portal collection snapshot; absence is not discontinuation
stock,FPX2854BWH,lotus_faux_wood_blinds,lotus_fpx_2in_privacy_bright_white_stock,unresolved_exception,Not observed in current portal collection snapshot; absence is not discontinuation
stock,FPX2954BWH,lotus_faux_wood_blinds,lotus_fpx_2in_privacy_bright_white_stock,unresolved_exception,Not observed in current portal collection snapshot; absence is not discontinuation
stock,FPX3054BWH,lotus_faux_wood_blinds,lotus_fpx_2in_privacy_bright_white_stock,unresolved_exception,Not observed in current portal collection snapshot; absence is not discontinuation
stock,FPX3154BWH,lotus_faux_wood_blinds,lotus_fpx_2in_privacy_bright_white_stock,unresolved_exception,Not observed in current portal collection snapshot; absence is not discontinuation
stock,FPX3254BWH,lotus_faux_wood_blinds,lotus_fpx_2in_privacy_bright_white_stock,unresolved_exception,Not observed in current portal collection snapshot; absence is not discontinuation
stock,FPX3354BWH,lotus_faux_wood_blinds,lotus_fpx_2in_privacy_bright_white_stock,unresolved_exception,Not observed in current portal collection snapshot; absence is not discontinuation
stock,FPX3454BWH,lotus_faux_wood_blinds,lotus_fpx_2in_privacy_bright_white_stock,unresolved_exception,Not observed in current portal collection snapshot; absence is not discontinuation
stock,FPX4548BWH,lotus_faux_wood_blinds,lotus_fpx_2in_privacy_bright_white_stock,unresolved_exception,Not observed in current portal collection snapshot; absence is not discontinuation
stock,FPX4648BWH,lotus_faux_wood_blinds,lotus_fpx_2in_privacy_bright_white_stock,unresolved_exception,Not observed in current portal collection snapshot; absence is not discontinuation
stock,FPX46548BWH,lotus_faux_wood_blinds,lotus_fpx_2in_privacy_bright_white_stock,unresolved_exception,Not observed in current portal collection snapshot; absence is not discontinuation
stock,FPX4748BWH,lotus_faux_wood_blinds,lotus_fpx_2in_privacy_bright_white_stock,unresolved_exception,Not observed in current portal collection snapshot; absence is not discontinuation
stock,FPX4848BWH,lotus_faux_wood_blinds,lotus_fpx_2in_privacy_bright_white_stock,unresolved_exception,Not observed in current portal collection snapshot; absence is not discontinuation
stock,FPX4948BWH,lotus_faux_wood_blinds,lotus_fpx_2in_privacy_bright_white_stock,unresolved_exception,Not observed in current portal collection snapshot; absence is not discontinuation
stock,FPX5048BWH,lotus_faux_wood_blinds,lotus_fpx_2in_privacy_bright_white_stock,unresolved_exception,Not observed in current portal collection snapshot; absence is not discontinuation
stock,FPX5148BWH,lotus_faux_wood_blinds,lotus_fpx_2in_privacy_bright_white_stock,unresolved_exception,Not observed in current portal collection snapshot; absence is not discontinuation
stock,FPX5248BWH,lotus_faux_wood_blinds,lotus_fpx_2in_privacy_bright_white_stock,unresolved_exception,Not observed in current portal collection snapshot; absence is not discontinuation
stock,FPX5348BWH,lotus_faux_wood_blinds,lotus_fpx_2in_privacy_bright_white_stock,unresolved_exception,Not observed in current portal collection snapshot; absence is not discontinuation
stock,FPX5448BWH,lotus_faux_wood_blinds,lotus_fpx_2in_privacy_bright_white_stock,unresolved_exception,Not observed in current portal collection snapshot; absence is not discontinuation
stock,FPX5648BWH,lotus_faux_wood_blinds,lotus_fpx_2in_privacy_bright_white_stock,unresolved_exception,Not observed in current portal collection snapshot; absence is not discontinuation
stock,FPX5748BWH,lotus_faux_wood_blinds,lotus_fpx_2in_privacy_bright_white_stock,unresolved_exception,Not observed in current portal collection snapshot; absence is not discontinuation
stock,FPX5848BWH,lotus_faux_wood_blinds,lotus_fpx_2in_privacy_bright_white_stock,unresolved_exception,Not observed in current portal collection snapshot; absence is not discontinuation
stock,FPX58548BWH,lotus_faux_wood_blinds,lotus_fpx_2in_privacy_bright_white_stock,unresolved_exception,Not observed in current portal collection snapshot; absence is not discontinuation
stock,FPX5948BWH,lotus_faux_wood_blinds,lotus_fpx_2in_privacy_bright_white_stock,unresolved_exception,Not observed in current portal collection snapshot; absence is not discontinuation
stock,FPX6048BWH,lotus_faux_wood_blinds,lotus_fpx_2in_privacy_bright_white_stock,unresolved_exception,Not observed in current portal collection snapshot; absence is not discontinuation
stock,FPX6148BWH,lotus_faux_wood_blinds,lotus_fpx_2in_privacy_bright_white_stock,unresolved_exception,Not observed in current portal collection snapshot; absence is not discontinuation
stock,FPX6248BWH,lotus_faux_wood_blinds,lotus_fpx_2in_privacy_bright_white_stock,unresolved_exception,Not observed in current portal collection snapshot; absence is not discontinuation
stock,FPX6348BWH,lotus_faux_wood_blinds,lotus_fpx_2in_privacy_bright_white_stock,unresolved_exception,Not observed in current portal collection snapshot; absence is not discontinuation
stock,FPX6448BWH,lotus_faux_wood_blinds,lotus_fpx_2in_privacy_bright_white_stock,unresolved_exception,Not observed in current portal collection snapshot; absence is not discontinuation
stock,FPX6848BWH,lotus_faux_wood_blinds,lotus_fpx_2in_privacy_bright_white_stock,unresolved_exception,Not observed in current portal collection snapshot; absence is not discontinuation
stock,FPX6948BWH,lotus_faux_wood_blinds,lotus_fpx_2in_privacy_bright_white_stock,unresolved_exception,Not observed in current portal collection snapshot; absence is not discontinuation
stock,FPX7048BWH,lotus_faux_wood_blinds,lotus_fpx_2in_privacy_bright_white_stock,unresolved_exception,Not observed in current portal collection snapshot; absence is not discontinuation
stock,FPX70548BWH,lotus_faux_wood_blinds,lotus_fpx_2in_privacy_bright_white_stock,unresolved_exception,Not observed in current portal collection snapshot; absence is not discontinuation
stock,FPX7148BWH,lotus_faux_wood_blinds,lotus_fpx_2in_privacy_bright_white_stock,unresolved_exception,Not observed in current portal collection snapshot; absence is not discontinuation
stock,FPX7248BWH,lotus_faux_wood_blinds,lotus_fpx_2in_privacy_bright_white_stock,unresolved_exception,Not observed in current portal collection snapshot; absence is not discontinuation
stock,FPX7848BWH,lotus_faux_wood_blinds,lotus_fpx_2in_privacy_bright_white_stock,unresolved_exception,Not observed in current portal collection snapshot; absence is not discontinuation
stock,FPX8348BWH,lotus_faux_wood_blinds,lotus_fpx_2in_privacy_bright_white_stock,unresolved_exception,Not observed in current portal collection snapshot; absence is not discontinuation
stock,FPX8948BWH,lotus_faux_wood_blinds,lotus_fpx_2in_privacy_bright_white_stock,unresolved_exception,Not observed in current portal collection snapshot; absence is not discontinuation
stock,FPX9548BWH,lotus_faux_wood_blinds,lotus_fpx_2in_privacy_bright_white_stock,unresolved_exception,Not observed in current portal collection snapshot; absence is not discontinuation
stock,FPX1160BWH,lotus_faux_wood_blinds,lotus_fpx_2in_privacy_bright_white_stock,unresolved_exception,Not observed in current portal collection snapshot; absence is not discontinuation
stock,FPX1360BWH,lotus_faux_wood_blinds,lotus_fpx_2in_privacy_bright_white_stock,unresolved_exception,Not observed in current portal collection snapshot; absence is not discontinuation
stock,FPX16560BWH,lotus_faux_wood_blinds,lotus_fpx_2in_privacy_bright_white_stock,unresolved_exception,Not observed in current portal collection snapshot; absence is not discontinuation
stock,FPX1660BWH,lotus_faux_wood_blinds,lotus_fpx_2in_privacy_bright_white_stock,unresolved_exception,Not observed in current portal collection snapshot; absence is not discontinuation
stock,FPX1760BWH,lotus_faux_wood_blinds,lotus_fpx_2in_privacy_bright_white_stock,unresolved_exception,Not observed in current portal collection snapshot; absence is not discontinuation
stock,FPX1860BWH,lotus_faux_wood_blinds,lotus_fpx_2in_privacy_bright_white_stock,unresolved_exception,Not observed in current portal collection snapshot; absence is not discontinuation
stock,FPX1960BWH,lotus_faux_wood_blinds,lotus_fpx_2in_privacy_bright_white_stock,unresolved_exception,Not observed in current portal collection snapshot; absence is not discontinuation
stock,FPX2060BWH,lotus_faux_wood_blinds,lotus_fpx_2in_privacy_bright_white_stock,unresolved_exception,Not observed in current portal collection snapshot; absence is not discontinuation
stock,FPX2160BWH,lotus_faux_wood_blinds,lotus_fpx_2in_privacy_bright_white_stock,unresolved_exception,Not observed in current portal collection snapshot; absence is not discontinuation
stock,FPX22560BWH,lotus_faux_wood_blinds,lotus_fpx_2in_privacy_bright_white_stock,unresolved_exception,Not observed in current portal collection snapshot; absence is not discontinuation
stock,FPX2260BWH,lotus_faux_wood_blinds,lotus_fpx_2in_privacy_bright_white_stock,unresolved_exception,Not observed in current portal collection snapshot; absence is not discontinuation
stock,FPX2360BWH,lotus_faux_wood_blinds,lotus_fpx_2in_privacy_bright_white_stock,unresolved_exception,Not observed in current portal collection snapshot; absence is not discontinuation
stock,FPX2460BWH,lotus_faux_wood_blinds,lotus_fpx_2in_privacy_bright_white_stock,unresolved_exception,Not observed in current portal collection snapshot; absence is not discontinuation
stock,FPX2560BWH,lotus_faux_wood_blinds,lotus_fpx_2in_privacy_bright_white_stock,unresolved_exception,Not observed in current portal collection snapshot; absence is not discontinuation
stock,FPX2660BWH,lotus_faux_wood_blinds,lotus_fpx_2in_privacy_bright_white_stock,unresolved_exception,Not observed in current portal collection snapshot; absence is not discontinuation
stock,FPX2760BWH,lotus_faux_wood_blinds,lotus_fpx_2in_privacy_bright_white_stock,unresolved_exception,Not observed in current portal collection snapshot; absence is not discontinuation
stock,FPX28560BWH,lotus_faux_wood_blinds,lotus_fpx_2in_privacy_bright_white_stock,unresolved_exception,Not observed in current portal collection snapshot; absence is not discontinuation
stock,FPX2860BWH,lotus_faux_wood_blinds,lotus_fpx_2in_privacy_bright_white_stock,unresolved_exception,Not observed in current portal collection snapshot; absence is not discontinuation
stock,FPX29560BWH,lotus_faux_wood_blinds,lotus_fpx_2in_privacy_bright_white_stock,unresolved_exception,Not observed in current portal collection snapshot; absence is not discontinuation
stock,FPX2960BWH,lotus_faux_wood_blinds,lotus_fpx_2in_privacy_bright_white_stock,unresolved_exception,Not observed in current portal collection snapshot; absence is not discontinuation
stock,FPX30560BWH,lotus_faux_wood_blinds,lotus_fpx_2in_privacy_bright_white_stock,unresolved_exception,Not observed in current portal collection snapshot; absence is not discontinuation
stock,FPX3060BWH,lotus_faux_wood_blinds,lotus_fpx_2in_privacy_bright_white_stock,unresolved_exception,Not observed in current portal collection snapshot; absence is not discontinuation
stock,FPX3160BWH,lotus_faux_wood_blinds,lotus_fpx_2in_privacy_bright_white_stock,unresolved_exception,Not observed in current portal collection snapshot; absence is not discontinuation
stock,FPX32560BWH,lotus_faux_wood_blinds,lotus_fpx_2in_privacy_bright_white_stock,unresolved_exception,Not observed in current portal collection snapshot; absence is not discontinuation
stock,FPX3260BWH,lotus_faux_wood_blinds,lotus_fpx_2in_privacy_bright_white_stock,unresolved_exception,Not observed in current portal collection snapshot; absence is not discontinuation
stock,FPX33560BWH,lotus_faux_wood_blinds,lotus_fpx_2in_privacy_bright_white_stock,unresolved_exception,Not observed in current portal collection snapshot; absence is not discontinuation
stock,FPX3360BWH,lotus_faux_wood_blinds,lotus_fpx_2in_privacy_bright_white_stock,unresolved_exception,Not observed in current portal collection snapshot; absence is not discontinuation
stock,FPX34554BWH,lotus_faux_wood_blinds,lotus_fpx_2in_privacy_bright_white_stock,unresolved_exception,Not observed in current portal collection snapshot; absence is not discontinuation
stock,FPX3460BWH,lotus_faux_wood_blinds,lotus_fpx_2in_privacy_bright_white_stock,unresolved_exception,Not observed in current portal collection snapshot; absence is not discontinuation
stock,FPX3554BWH,lotus_faux_wood_blinds,lotus_fpx_2in_privacy_bright_white_stock,unresolved_exception,Not observed in current portal collection snapshot; absence is not discontinuation
stock,FPX3654BWH,lotus_faux_wood_blinds,lotus_fpx_2in_privacy_bright_white_stock,unresolved_exception,Not observed in current portal collection snapshot; absence is not discontinuation
stock,FPX3754BWH,lotus_faux_wood_blinds,lotus_fpx_2in_privacy_bright_white_stock,unresolved_exception,Not observed in current portal collection snapshot; absence is not discontinuation
stock,FPX3854BWH,lotus_faux_wood_blinds,lotus_fpx_2in_privacy_bright_white_stock,unresolved_exception,Not observed in current portal collection snapshot; absence is not discontinuation
stock,FPX3954BWH,lotus_faux_wood_blinds,lotus_fpx_2in_privacy_bright_white_stock,unresolved_exception,Not observed in current portal collection snapshot; absence is not discontinuation
stock,FPX4054BWH,lotus_faux_wood_blinds,lotus_fpx_2in_privacy_bright_white_stock,unresolved_exception,Not observed in current portal collection snapshot; absence is not discontinuation
stock,FPX4254BWH,lotus_faux_wood_blinds,lotus_fpx_2in_privacy_bright_white_stock,unresolved_exception,Not observed in current portal collection snapshot; absence is not discontinuation
stock,FPX4354BWH,lotus_faux_wood_blinds,lotus_fpx_2in_privacy_bright_white_stock,unresolved_exception,Not observed in current portal collection snapshot; absence is not discontinuation
stock,FPX4554BWH,lotus_faux_wood_blinds,lotus_fpx_2in_privacy_bright_white_stock,unresolved_exception,Not observed in current portal collection snapshot; absence is not discontinuation
stock,FPX4654BWH,lotus_faux_wood_blinds,lotus_fpx_2in_privacy_bright_white_stock,unresolved_exception,Not observed in current portal collection snapshot; absence is not discontinuation
stock,FPX4754BWH,lotus_faux_wood_blinds,lotus_fpx_2in_privacy_bright_white_stock,unresolved_exception,Not observed in current portal collection snapshot; absence is not discontinuation
stock,FPX4854BWH,lotus_faux_wood_blinds,lotus_fpx_2in_privacy_bright_white_stock,unresolved_exception,Not observed in current portal collection snapshot; absence is not discontinuation
stock,FPX5254BWH,lotus_faux_wood_blinds,lotus_fpx_2in_privacy_bright_white_stock,unresolved_exception,Not observed in current portal collection snapshot; absence is not discontinuation
stock,FPX5754BWH,lotus_faux_wood_blinds,lotus_fpx_2in_privacy_bright_white_stock,unresolved_exception,Not observed in current portal collection snapshot; absence is not discontinuation
stock,FPX34560BWH,lotus_faux_wood_blinds,lotus_fpx_2in_privacy_bright_white_stock,unresolved_exception,Not observed in current portal collection snapshot; absence is not discontinuation
stock,FPX35560BWH,lotus_faux_wood_blinds,lotus_fpx_2in_privacy_bright_white_stock,unresolved_exception,Not observed in current portal collection snapshot; absence is not discontinuation
stock,FPX3560BWH,lotus_faux_wood_blinds,lotus_fpx_2in_privacy_bright_white_stock,unresolved_exception,Not observed in current portal collection snapshot; absence is not discontinuation
stock,FPX3660BWH,lotus_faux_wood_blinds,lotus_fpx_2in_privacy_bright_white_stock,unresolved_exception,Not observed in current portal collection snapshot; absence is not discontinuation
stock,FPX3760BWH,lotus_faux_wood_blinds,lotus_fpx_2in_privacy_bright_white_stock,unresolved_exception,Not observed in current portal collection snapshot; absence is not discontinuation
stock,FPX3860BWH,lotus_faux_wood_blinds,lotus_fpx_2in_privacy_bright_white_stock,unresolved_exception,Not observed in current portal collection snapshot; absence is not discontinuation
stock,FPX3960BWH,lotus_faux_wood_blinds,lotus_fpx_2in_privacy_bright_white_stock,unresolved_exception,Not observed in current portal collection snapshot; absence is not discontinuation
stock,FPX4060BWH,lotus_faux_wood_blinds,lotus_fpx_2in_privacy_bright_white_stock,unresolved_exception,Not observed in current portal collection snapshot; absence is not discontinuation
stock,FPX4160BWH,lotus_faux_wood_blinds,lotus_fpx_2in_privacy_bright_white_stock,unresolved_exception,Not observed in current portal collection snapshot; absence is not discontinuation
stock,FPX4260BWH,lotus_faux_wood_blinds,lotus_fpx_2in_privacy_bright_white_stock,unresolved_exception,Not observed in current portal collection snapshot; absence is not discontinuation
stock,FPX4360BWH,lotus_faux_wood_blinds,lotus_fpx_2in_privacy_bright_white_stock,unresolved_exception,Not observed in current portal collection snapshot; absence is not discontinuation
stock,FPX4460BWH,lotus_faux_wood_blinds,lotus_fpx_2in_privacy_bright_white_stock,unresolved_exception,Not observed in current portal collection snapshot; absence is not discontinuation
stock,FPX4560BWH,lotus_faux_wood_blinds,lotus_fpx_2in_privacy_bright_white_stock,unresolved_exception,Not observed in current portal collection snapshot; absence is not discontinuation
stock,FPX46560BWH,lotus_faux_wood_blinds,lotus_fpx_2in_privacy_bright_white_stock,unresolved_exception,Not observed in current portal collection snapshot; absence is not discontinuation
stock,FPX4660BWH,lotus_faux_wood_blinds,lotus_fpx_2in_privacy_bright_white_stock,unresolved_exception,Not observed in current portal collection snapshot; absence is not discontinuation
stock,FPX4760BWH,lotus_faux_wood_blinds,lotus_fpx_2in_privacy_bright_white_stock,unresolved_exception,Not observed in current portal collection snapshot; absence is not discontinuation
stock,FPX4860BWH,lotus_faux_wood_blinds,lotus_fpx_2in_privacy_bright_white_stock,unresolved_exception,Not observed in current portal collection snapshot; absence is not discontinuation
stock,FPX4960BWH,lotus_faux_wood_blinds,lotus_fpx_2in_privacy_bright_white_stock,unresolved_exception,Not observed in current portal collection snapshot; absence is not discontinuation
stock,FPX5060BWH,lotus_faux_wood_blinds,lotus_fpx_2in_privacy_bright_white_stock,unresolved_exception,Not observed in current portal collection snapshot; absence is not discontinuation
stock,FPX5160BWH,lotus_faux_wood_blinds,lotus_fpx_2in_privacy_bright_white_stock,unresolved_exception,Not observed in current portal collection snapshot; absence is not discontinuation
stock,FPX5260BWH,lotus_faux_wood_blinds,lotus_fpx_2in_privacy_bright_white_stock,unresolved_exception,Not observed in current portal collection snapshot; absence is not discontinuation
stock,FPX5360BWH,lotus_faux_wood_blinds,lotus_fpx_2in_privacy_bright_white_stock,unresolved_exception,Not observed in current portal collection snapshot; absence is not discontinuation
stock,FPX5460BWH,lotus_faux_wood_blinds,lotus_fpx_2in_privacy_bright_white_stock,unresolved_exception,Not observed in current portal collection snapshot; absence is not discontinuation
stock,FPX5760BWH,lotus_faux_wood_blinds,lotus_fpx_2in_privacy_bright_white_stock,unresolved_exception,Not observed in current portal collection snapshot; absence is not discontinuation
stock,FPX58560BWH,lotus_faux_wood_blinds,lotus_fpx_2in_privacy_bright_white_stock,unresolved_exception,Not observed in current portal collection snapshot; absence is not discontinuation
stock,FPX5860BWH,lotus_faux_wood_blinds,lotus_fpx_2in_privacy_bright_white_stock,unresolved_exception,Not observed in current portal collection snapshot; absence is not discontinuation
stock,FPX5960BWH,lotus_faux_wood_blinds,lotus_fpx_2in_privacy_bright_white_stock,unresolved_exception,Not observed in current portal collection snapshot; absence is not discontinuation
stock,FPX6060BWH,lotus_faux_wood_blinds,lotus_fpx_2in_privacy_bright_white_stock,unresolved_exception,Not observed in current portal collection snapshot; absence is not discontinuation
stock,FPX6160BWH,lotus_faux_wood_blinds,lotus_fpx_2in_privacy_bright_white_stock,unresolved_exception,Not observed in current portal collection snapshot; absence is not discontinuation
stock,FPX6260BWH,lotus_faux_wood_blinds,lotus_fpx_2in_privacy_bright_white_stock,unresolved_exception,Not observed in current portal collection snapshot; absence is not discontinuation
stock,FPX6360BWH,lotus_faux_wood_blinds,lotus_fpx_2in_privacy_bright_white_stock,unresolved_exception,Not observed in current portal collection snapshot; absence is not discontinuation
stock,FPX6460BWH,lotus_faux_wood_blinds,lotus_fpx_2in_privacy_bright_white_stock,unresolved_exception,Not observed in current portal collection snapshot; absence is not discontinuation
stock,FPX6560BWH,lotus_faux_wood_blinds,lotus_fpx_2in_privacy_bright_white_stock,unresolved_exception,Not observed in current portal collection snapshot; absence is not discontinuation
stock,FPX6660BWH,lotus_faux_wood_blinds,lotus_fpx_2in_privacy_bright_white_stock,unresolved_exception,Not observed in current portal collection snapshot; absence is not discontinuation
stock,FPX6860BWH,lotus_faux_wood_blinds,lotus_fpx_2in_privacy_bright_white_stock,unresolved_exception,Not observed in current portal collection snapshot; absence is not discontinuation
stock,FPX6960BWH,lotus_faux_wood_blinds,lotus_fpx_2in_privacy_bright_white_stock,unresolved_exception,Not observed in current portal collection snapshot; absence is not discontinuation
stock,FPX70560BWH,lotus_faux_wood_blinds,lotus_fpx_2in_privacy_bright_white_stock,unresolved_exception,Not observed in current portal collection snapshot; absence is not discontinuation
stock,FPX7060BWH,lotus_faux_wood_blinds,lotus_fpx_2in_privacy_bright_white_stock,unresolved_exception,Not observed in current portal collection snapshot; absence is not discontinuation
stock,FPX7160BWH,lotus_faux_wood_blinds,lotus_fpx_2in_privacy_bright_white_stock,unresolved_exception,Not observed in current portal collection snapshot; absence is not discontinuation
stock,FPX7260BWH,lotus_faux_wood_blinds,lotus_fpx_2in_privacy_bright_white_stock,unresolved_exception,Not observed in current portal collection snapshot; absence is not discontinuation
stock,FPX7560BWH,lotus_faux_wood_blinds,lotus_fpx_2in_privacy_bright_white_stock,unresolved_exception,Not observed in current portal collection snapshot; absence is not discontinuation
stock,FPX7860BWH,lotus_faux_wood_blinds,lotus_fpx_2in_privacy_bright_white_stock,unresolved_exception,Not observed in current portal collection snapshot; absence is not discontinuation
stock,FPX8160BWH,lotus_faux_wood_blinds,lotus_fpx_2in_privacy_bright_white_stock,unresolved_exception,Not observed in current portal collection snapshot; absence is not discontinuation
stock,FPX8260BWH,lotus_faux_wood_blinds,lotus_fpx_2in_privacy_bright_white_stock,unresolved_exception,Not observed in current portal collection snapshot; absence is not discontinuation
stock,FPX09572BWH,lotus_faux_wood_blinds,lotus_fpx_2in_privacy_bright_white_stock,unresolved_exception,Not observed in current portal collection snapshot; absence is not discontinuation
stock,FPX1072BWH,lotus_faux_wood_blinds,lotus_fpx_2in_privacy_bright_white_stock,unresolved_exception,Not observed in current portal collection snapshot; absence is not discontinuation
stock,FPX1172BWH,lotus_faux_wood_blinds,lotus_fpx_2in_privacy_bright_white_stock,unresolved_exception,Not observed in current portal collection snapshot; absence is not discontinuation
stock,FPX1272BWH,lotus_faux_wood_blinds,lotus_fpx_2in_privacy_bright_white_stock,unresolved_exception,Not observed in current portal collection snapshot; absence is not discontinuation
stock,FPX1372BWH,lotus_faux_wood_blinds,lotus_fpx_2in_privacy_bright_white_stock,unresolved_exception,Not observed in current portal collection snapshot; absence is not discontinuation
stock,FPX1472BWH,lotus_faux_wood_blinds,lotus_fpx_2in_privacy_bright_white_stock,unresolved_exception,Not observed in current portal collection snapshot; absence is not discontinuation
stock,FPX1564BWH,lotus_faux_wood_blinds,lotus_fpx_2in_privacy_bright_white_stock,unresolved_exception,Not observed in current portal collection snapshot; absence is not discontinuation
stock,FPX1664BWH,lotus_faux_wood_blinds,lotus_fpx_2in_privacy_bright_white_stock,unresolved_exception,Not observed in current portal collection snapshot; absence is not discontinuation
stock,FPX1764BWH,lotus_faux_wood_blinds,lotus_fpx_2in_privacy_bright_white_stock,unresolved_exception,Not observed in current portal collection snapshot; absence is not discontinuation
stock,FPX2264BWH,lotus_faux_wood_blinds,lotus_fpx_2in_privacy_bright_white_stock,unresolved_exception,Not observed in current portal collection snapshot; absence is not discontinuation
stock,FPX2364BWH,lotus_faux_wood_blinds,lotus_fpx_2in_privacy_bright_white_stock,unresolved_exception,Not observed in current portal collection snapshot; absence is not discontinuation
stock,FPX2368BWH,lotus_faux_wood_blinds,lotus_fpx_2in_privacy_bright_white_stock,unresolved_exception,Not observed in current portal collection snapshot; absence is not discontinuation
stock,FPX2464BWH,lotus_faux_wood_blinds,lotus_fpx_2in_privacy_bright_white_stock,unresolved_exception,Not observed in current portal collection snapshot; absence is not discontinuation
stock,FPX2468BWH,lotus_faux_wood_blinds,lotus_fpx_2in_privacy_bright_white_stock,unresolved_exception,Not observed in current portal collection snapshot; absence is not discontinuation
stock,FPX2568BWH,lotus_faux_wood_blinds,lotus_fpx_2in_privacy_bright_white_stock,unresolved_exception,Not observed in current portal collection snapshot; absence is not discontinuation
stock,FPX2764BWH,lotus_faux_wood_blinds,lotus_fpx_2in_privacy_bright_white_stock,unresolved_exception,Not observed in current portal collection snapshot; absence is not discontinuation
stock,FPX2864BWH,lotus_faux_wood_blinds,lotus_fpx_2in_privacy_bright_white_stock,unresolved_exception,Not observed in current portal collection snapshot; absence is not discontinuation
stock,FPX2964BWH,lotus_faux_wood_blinds,lotus_fpx_2in_privacy_bright_white_stock,unresolved_exception,Not observed in current portal collection snapshot; absence is not discontinuation
stock,FPX3064BWH,lotus_faux_wood_blinds,lotus_fpx_2in_privacy_bright_white_stock,unresolved_exception,Not observed in current portal collection snapshot; absence is not discontinuation
stock,FPX3164BWH,lotus_faux_wood_blinds,lotus_fpx_2in_privacy_bright_white_stock,unresolved_exception,Not observed in current portal collection snapshot; absence is not discontinuation
stock,FPX3264BWH,lotus_faux_wood_blinds,lotus_fpx_2in_privacy_bright_white_stock,unresolved_exception,Not observed in current portal collection snapshot; absence is not discontinuation
stock,FPX3364BWH,lotus_faux_wood_blinds,lotus_fpx_2in_privacy_bright_white_stock,unresolved_exception,Not observed in current portal collection snapshot; absence is not discontinuation
stock,FPX34564BWH,lotus_faux_wood_blinds,lotus_fpx_2in_privacy_bright_white_stock,unresolved_exception,Not observed in current portal collection snapshot; absence is not discontinuation
stock,FPX3464BWH,lotus_faux_wood_blinds,lotus_fpx_2in_privacy_bright_white_stock,unresolved_exception,Not observed in current portal collection snapshot; absence is not discontinuation
stock,FPX3468BWH,lotus_faux_wood_blinds,lotus_fpx_2in_privacy_bright_white_stock,unresolved_exception,Not observed in current portal collection snapshot; absence is not discontinuation
stock,FPX3564BWH,lotus_faux_wood_blinds,lotus_fpx_2in_privacy_bright_white_stock,unresolved_exception,Not observed in current portal collection snapshot; absence is not discontinuation
stock,FPX3568BWH,lotus_faux_wood_blinds,lotus_fpx_2in_privacy_bright_white_stock,unresolved_exception,Not observed in current portal collection snapshot; absence is not discontinuation
stock,FPX3664BWH,lotus_faux_wood_blinds,lotus_fpx_2in_privacy_bright_white_stock,unresolved_exception,Not observed in current portal collection snapshot; absence is not discontinuation
stock,FPX3964BWH,lotus_faux_wood_blinds,lotus_fpx_2in_privacy_bright_white_stock,unresolved_exception,Not observed in current portal collection snapshot; absence is not discontinuation
stock,FPX4064BWH,lotus_faux_wood_blinds,lotus_fpx_2in_privacy_bright_white_stock,unresolved_exception,Not observed in current portal collection snapshot; absence is not discontinuation
stock,FPX4364BWH,lotus_faux_wood_blinds,lotus_fpx_2in_privacy_bright_white_stock,unresolved_exception,Not observed in current portal collection snapshot; absence is not discontinuation
stock,FPX4864BWH,lotus_faux_wood_blinds,lotus_fpx_2in_privacy_bright_white_stock,unresolved_exception,Not observed in current portal collection snapshot; absence is not discontinuation
stock,FPX5264BWH,lotus_faux_wood_blinds,lotus_fpx_2in_privacy_bright_white_stock,unresolved_exception,Not observed in current portal collection snapshot; absence is not discontinuation
stock,FPX5464BWH,lotus_faux_wood_blinds,lotus_fpx_2in_privacy_bright_white_stock,unresolved_exception,Not observed in current portal collection snapshot; absence is not discontinuation
stock,FPX5964BWH,lotus_faux_wood_blinds,lotus_fpx_2in_privacy_bright_white_stock,unresolved_exception,Not observed in current portal collection snapshot; absence is not discontinuation
stock,FPX6364BWH,lotus_faux_wood_blinds,lotus_fpx_2in_privacy_bright_white_stock,unresolved_exception,Not observed in current portal collection snapshot; absence is not discontinuation
stock,FPX6964BWH,lotus_faux_wood_blinds,lotus_fpx_2in_privacy_bright_white_stock,unresolved_exception,Not observed in current portal collection snapshot; absence is not discontinuation
stock,FPX7264BWH,lotus_faux_wood_blinds,lotus_fpx_2in_privacy_bright_white_stock,unresolved_exception,Not observed in current portal collection snapshot; absence is not discontinuation
stock,FPX82560BWH,lotus_faux_wood_blinds,lotus_fpx_2in_privacy_bright_white_stock,unresolved_exception,Not observed in current portal collection snapshot; absence is not discontinuation
stock,FPX8360BWH,lotus_faux_wood_blinds,lotus_fpx_2in_privacy_bright_white_stock,unresolved_exception,Not observed in current portal collection snapshot; absence is not discontinuation
stock,FPX8960BWH,lotus_faux_wood_blinds,lotus_fpx_2in_privacy_bright_white_stock,unresolved_exception,Not observed in current portal collection snapshot; absence is not discontinuation
stock,FPX9360BWH,lotus_faux_wood_blinds,lotus_fpx_2in_privacy_bright_white_stock,unresolved_exception,Not observed in current portal collection snapshot; absence is not discontinuation
stock,FPX9560BWH,lotus_faux_wood_blinds,lotus_fpx_2in_privacy_bright_white_stock,unresolved_exception,Not observed in current portal collection snapshot; absence is not discontinuation
stock,FPX14572BWH,lotus_faux_wood_blinds,lotus_fpx_2in_privacy_bright_white_stock,unresolved_exception,Not observed in current portal collection snapshot; absence is not discontinuation
stock,FPX1572BWH,lotus_faux_wood_blinds,lotus_fpx_2in_privacy_bright_white_stock,unresolved_exception,Not observed in current portal collection snapshot; absence is not discontinuation
stock,FPX1672BWH,lotus_faux_wood_blinds,lotus_fpx_2in_privacy_bright_white_stock,unresolved_exception,Not observed in current portal collection snapshot; absence is not discontinuation
stock,FPX1772BWH,lotus_faux_wood_blinds,lotus_fpx_2in_privacy_bright_white_stock,unresolved_exception,Not observed in current portal collection snapshot; absence is not discontinuation
stock,FPX1872BWH,lotus_faux_wood_blinds,lotus_fpx_2in_privacy_bright_white_stock,unresolved_exception,Not observed in current portal collection snapshot; absence is not discontinuation
stock,FPX1972BWH,lotus_faux_wood_blinds,lotus_fpx_2in_privacy_bright_white_stock,unresolved_exception,Not observed in current portal collection snapshot; absence is not discontinuation
stock,FPX2072BWH,lotus_faux_wood_blinds,lotus_fpx_2in_privacy_bright_white_stock,unresolved_exception,Not observed in current portal collection snapshot; absence is not discontinuation
stock,FPX2172BWH,lotus_faux_wood_blinds,lotus_fpx_2in_privacy_bright_white_stock,unresolved_exception,Not observed in current portal collection snapshot; absence is not discontinuation
stock,FPX22572BWH,lotus_faux_wood_blinds,lotus_fpx_2in_privacy_bright_white_stock,unresolved_exception,Not observed in current portal collection snapshot; absence is not discontinuation
stock,FPX2272BWH,lotus_faux_wood_blinds,lotus_fpx_2in_privacy_bright_white_stock,unresolved_exception,Not observed in current portal collection snapshot; absence is not discontinuation
stock,FPX2372BWH,lotus_faux_wood_blinds,lotus_fpx_2in_privacy_bright_white_stock,unresolved_exception,Not observed in current portal collection snapshot; absence is not discontinuation
stock,FPX24572BWH,lotus_faux_wood_blinds,lotus_fpx_2in_privacy_bright_white_stock,unresolved_exception,Not observed in current portal collection snapshot; absence is not discontinuation
stock,FPX2472BWH,lotus_faux_wood_blinds,lotus_fpx_2in_privacy_bright_white_stock,unresolved_exception,Not observed in current portal collection snapshot; absence is not discontinuation
stock,FPX2572BWH,lotus_faux_wood_blinds,lotus_fpx_2in_privacy_bright_white_stock,unresolved_exception,Not observed in current portal collection snapshot; absence is not discontinuation
stock,FPX26572BWH,lotus_faux_wood_blinds,lotus_fpx_2in_privacy_bright_white_stock,unresolved_exception,Not observed in current portal collection snapshot; absence is not discontinuation
stock,FPX2672BWH,lotus_faux_wood_blinds,lotus_fpx_2in_privacy_bright_white_stock,unresolved_exception,Not observed in current portal collection snapshot; absence is not discontinuation
stock,FPX2772BWH,lotus_faux_wood_blinds,lotus_fpx_2in_privacy_bright_white_stock,unresolved_exception,Not observed in current portal collection snapshot; absence is not discontinuation
stock,FPX2872BWH,lotus_faux_wood_blinds,lotus_fpx_2in_privacy_bright_white_stock,unresolved_exception,Not observed in current portal collection snapshot; absence is not discontinuation
stock,FPX2972BWH,lotus_faux_wood_blinds,lotus_fpx_2in_privacy_bright_white_stock,unresolved_exception,Not observed in current portal collection snapshot; absence is not discontinuation
stock,FPX30572BWH,lotus_faux_wood_blinds,lotus_fpx_2in_privacy_bright_white_stock,unresolved_exception,Not observed in current portal collection snapshot; absence is not discontinuation
stock,FPX3072BWH,lotus_faux_wood_blinds,lotus_fpx_2in_privacy_bright_white_stock,unresolved_exception,Not observed in current portal collection snapshot; absence is not discontinuation
stock,FPX3172BWH,lotus_faux_wood_blinds,lotus_fpx_2in_privacy_bright_white_stock,unresolved_exception,Not observed in current portal collection snapshot; absence is not discontinuation
stock,FPX32572BWH,lotus_faux_wood_blinds,lotus_fpx_2in_privacy_bright_white_stock,unresolved_exception,Not observed in current portal collection snapshot; absence is not discontinuation
stock,FPX3272BWH,lotus_faux_wood_blinds,lotus_fpx_2in_privacy_bright_white_stock,unresolved_exception,Not observed in current portal collection snapshot; absence is not discontinuation
stock,FPX3372BWH,lotus_faux_wood_blinds,lotus_fpx_2in_privacy_bright_white_stock,unresolved_exception,Not observed in current portal collection snapshot; absence is not discontinuation
stock,FPX34572BWH,lotus_faux_wood_blinds,lotus_fpx_2in_privacy_bright_white_stock,unresolved_exception,Not observed in current portal collection snapshot; absence is not discontinuation
stock,FPX3472BWH,lotus_faux_wood_blinds,lotus_fpx_2in_privacy_bright_white_stock,unresolved_exception,Not observed in current portal collection snapshot; absence is not discontinuation
stock,FPX3572BWH,lotus_faux_wood_blinds,lotus_fpx_2in_privacy_bright_white_stock,unresolved_exception,Not observed in current portal collection snapshot; absence is not discontinuation
stock,FPX3672BWH,lotus_faux_wood_blinds,lotus_fpx_2in_privacy_bright_white_stock,unresolved_exception,Not observed in current portal collection snapshot; absence is not discontinuation
stock,FPX3772BWH,lotus_faux_wood_blinds,lotus_fpx_2in_privacy_bright_white_stock,unresolved_exception,Not observed in current portal collection snapshot; absence is not discontinuation
stock,FPX3872BWH,lotus_faux_wood_blinds,lotus_fpx_2in_privacy_bright_white_stock,unresolved_exception,Not observed in current portal collection snapshot; absence is not discontinuation
stock,FPX3972BWH,lotus_faux_wood_blinds,lotus_fpx_2in_privacy_bright_white_stock,unresolved_exception,Not observed in current portal collection snapshot; absence is not discontinuation
stock,FPX40572BWH,lotus_faux_wood_blinds,lotus_fpx_2in_privacy_bright_white_stock,unresolved_exception,Not observed in current portal collection snapshot; absence is not discontinuation
stock,FPX4072BWH,lotus_faux_wood_blinds,lotus_fpx_2in_privacy_bright_white_stock,unresolved_exception,Not observed in current portal collection snapshot; absence is not discontinuation
stock,FPX4172BWH,lotus_faux_wood_blinds,lotus_fpx_2in_privacy_bright_white_stock,unresolved_exception,Not observed in current portal collection snapshot; absence is not discontinuation
stock,FPX4272BWH,lotus_faux_wood_blinds,lotus_fpx_2in_privacy_bright_white_stock,unresolved_exception,Not observed in current portal collection snapshot; absence is not discontinuation
stock,FPX4372BWH,lotus_faux_wood_blinds,lotus_fpx_2in_privacy_bright_white_stock,unresolved_exception,Not observed in current portal collection snapshot; absence is not discontinuation
stock,FPX4472BWH,lotus_faux_wood_blinds,lotus_fpx_2in_privacy_bright_white_stock,unresolved_exception,Not observed in current portal collection snapshot; absence is not discontinuation
stock,FPX4572BWH,lotus_faux_wood_blinds,lotus_fpx_2in_privacy_bright_white_stock,unresolved_exception,Not observed in current portal collection snapshot; absence is not discontinuation
stock,FPX4672BWH,lotus_faux_wood_blinds,lotus_fpx_2in_privacy_bright_white_stock,unresolved_exception,Not observed in current portal collection snapshot; absence is not discontinuation
stock,FPX4772BWH,lotus_faux_wood_blinds,lotus_fpx_2in_privacy_bright_white_stock,unresolved_exception,Not observed in current portal collection snapshot; absence is not discontinuation
stock,FPX4872BWH,lotus_faux_wood_blinds,lotus_fpx_2in_privacy_bright_white_stock,unresolved_exception,Not observed in current portal collection snapshot; absence is not discontinuation
stock,FPX4972BWH,lotus_faux_wood_blinds,lotus_fpx_2in_privacy_bright_white_stock,unresolved_exception,Not observed in current portal collection snapshot; absence is not discontinuation
stock,FPX5072BWH,lotus_faux_wood_blinds,lotus_fpx_2in_privacy_bright_white_stock,unresolved_exception,Not observed in current portal collection snapshot; absence is not discontinuation
stock,FPX1184BWH,lotus_faux_wood_blinds,lotus_fpx_2in_privacy_bright_white_stock,unresolved_exception,Not observed in current portal collection snapshot; absence is not discontinuation
stock,FPX1284BWH,lotus_faux_wood_blinds,lotus_fpx_2in_privacy_bright_white_stock,unresolved_exception,Not observed in current portal collection snapshot; absence is not discontinuation
stock,FPX1384BWH,lotus_faux_wood_blinds,lotus_fpx_2in_privacy_bright_white_stock,unresolved_exception,Not observed in current portal collection snapshot; absence is not discontinuation
stock,FPX1484BWH,lotus_faux_wood_blinds,lotus_fpx_2in_privacy_bright_white_stock,unresolved_exception,Not observed in current portal collection snapshot; absence is not discontinuation
stock,FPX1784BWH,lotus_faux_wood_blinds,lotus_fpx_2in_privacy_bright_white_stock,unresolved_exception,Not observed in current portal collection snapshot; absence is not discontinuation
stock,FPX2184BWH,lotus_faux_wood_blinds,lotus_fpx_2in_privacy_bright_white_stock,unresolved_exception,Not observed in current portal collection snapshot; absence is not discontinuation
stock,FPX2384BWH,lotus_faux_wood_blinds,lotus_fpx_2in_privacy_bright_white_stock,unresolved_exception,Not observed in current portal collection snapshot; absence is not discontinuation
stock,FPX2484BWH,lotus_faux_wood_blinds,lotus_fpx_2in_privacy_bright_white_stock,unresolved_exception,Not observed in current portal collection snapshot; absence is not discontinuation
stock,FPX2584BWH,lotus_faux_wood_blinds,lotus_fpx_2in_privacy_bright_white_stock,unresolved_exception,Not observed in current portal collection snapshot; absence is not discontinuation
stock,FPX2684BWH,lotus_faux_wood_blinds,lotus_fpx_2in_privacy_bright_white_stock,unresolved_exception,Not observed in current portal collection snapshot; absence is not discontinuation
stock,FPX2784BWH,lotus_faux_wood_blinds,lotus_fpx_2in_privacy_bright_white_stock,unresolved_exception,Not observed in current portal collection snapshot; absence is not discontinuation
stock,FPX2884BWH,lotus_faux_wood_blinds,lotus_fpx_2in_privacy_bright_white_stock,unresolved_exception,Not observed in current portal collection snapshot; absence is not discontinuation
stock,FPX2984BWH,lotus_faux_wood_blinds,lotus_fpx_2in_privacy_bright_white_stock,unresolved_exception,Not observed in current portal collection snapshot; absence is not discontinuation
stock,FPX3084BWH,lotus_faux_wood_blinds,lotus_fpx_2in_privacy_bright_white_stock,unresolved_exception,Not observed in current portal collection snapshot; absence is not discontinuation
stock,FPX3178BWH,lotus_faux_wood_blinds,lotus_fpx_2in_privacy_bright_white_stock,unresolved_exception,Not observed in current portal collection snapshot; absence is not discontinuation
stock,FPX3184BWH,lotus_faux_wood_blinds,lotus_fpx_2in_privacy_bright_white_stock,unresolved_exception,Not observed in current portal collection snapshot; absence is not discontinuation
stock,FPX34578BWH,lotus_faux_wood_blinds,lotus_fpx_2in_privacy_bright_white_stock,unresolved_exception,Not observed in current portal collection snapshot; absence is not discontinuation
stock,FPX3478BWH,lotus_faux_wood_blinds,lotus_fpx_2in_privacy_bright_white_stock,unresolved_exception,Not observed in current portal collection snapshot; absence is not discontinuation
stock,FPX3578BWH,lotus_faux_wood_blinds,lotus_fpx_2in_privacy_bright_white_stock,unresolved_exception,Not observed in current portal collection snapshot; absence is not discontinuation
stock,FPX3678BWH,lotus_faux_wood_blinds,lotus_fpx_2in_privacy_bright_white_stock,unresolved_exception,Not observed in current portal collection snapshot; absence is not discontinuation
stock,FPX5172BWH,lotus_faux_wood_blinds,lotus_fpx_2in_privacy_bright_white_stock,unresolved_exception,Not observed in current portal collection snapshot; absence is not discontinuation
stock,FPX5272BWH,lotus_faux_wood_blinds,lotus_fpx_2in_privacy_bright_white_stock,unresolved_exception,Not observed in current portal collection snapshot; absence is not discontinuation
stock,FPX5372BWH,lotus_faux_wood_blinds,lotus_fpx_2in_privacy_bright_white_stock,unresolved_exception,Not observed in current portal collection snapshot; absence is not discontinuation
stock,FPX5472BWH,lotus_faux_wood_blinds,lotus_fpx_2in_privacy_bright_white_stock,unresolved_exception,Not observed in current portal collection snapshot; absence is not discontinuation
stock,FPX5672BWH,lotus_faux_wood_blinds,lotus_fpx_2in_privacy_bright_white_stock,unresolved_exception,Not observed in current portal collection snapshot; absence is not discontinuation
stock,FPX5772BWH,lotus_faux_wood_blinds,lotus_fpx_2in_privacy_bright_white_stock,unresolved_exception,Not observed in current portal collection snapshot; absence is not discontinuation
stock,FPX5872BWH,lotus_faux_wood_blinds,lotus_fpx_2in_privacy_bright_white_stock,unresolved_exception,Not observed in current portal collection snapshot; absence is not discontinuation
stock,FPX5972BWH,lotus_faux_wood_blinds,lotus_fpx_2in_privacy_bright_white_stock,unresolved_exception,Not observed in current portal collection snapshot; absence is not discontinuation
stock,FPX6072BWH,lotus_faux_wood_blinds,lotus_fpx_2in_privacy_bright_white_stock,unresolved_exception,Not observed in current portal collection snapshot; absence is not discontinuation
stock,FPX6172BWH,lotus_faux_wood_blinds,lotus_fpx_2in_privacy_bright_white_stock,unresolved_exception,Not observed in current portal collection snapshot; absence is not discontinuation
stock,FPX6272BWH,lotus_faux_wood_blinds,lotus_fpx_2in_privacy_bright_white_stock,unresolved_exception,Not observed in current portal collection snapshot; absence is not discontinuation
stock,FPX6372BWH,lotus_faux_wood_blinds,lotus_fpx_2in_privacy_bright_white_stock,unresolved_exception,Not observed in current portal collection snapshot; absence is not discontinuation
stock,FPX6472BWH,lotus_faux_wood_blinds,lotus_fpx_2in_privacy_bright_white_stock,unresolved_exception,Not observed in current portal collection snapshot; absence is not discontinuation
stock,FPX6672BWH,lotus_faux_wood_blinds,lotus_fpx_2in_privacy_bright_white_stock,unresolved_exception,Not observed in current portal collection snapshot; absence is not discontinuation
stock,FPX6872BWH,lotus_faux_wood_blinds,lotus_fpx_2in_privacy_bright_white_stock,unresolved_exception,Not observed in current portal collection snapshot; absence is not discontinuation
stock,FPX6972BWH,lotus_faux_wood_blinds,lotus_fpx_2in_privacy_bright_white_stock,unresolved_exception,Not observed in current portal collection snapshot; absence is not discontinuation
stock,FPX70572BWH,lotus_faux_wood_blinds,lotus_fpx_2in_privacy_bright_white_stock,unresolved_exception,Not observed in current portal collection snapshot; absence is not discontinuation
stock,FPX7072BWH,lotus_faux_wood_blinds,lotus_fpx_2in_privacy_bright_white_stock,unresolved_exception,Not observed in current portal collection snapshot; absence is not discontinuation
stock,FPX7172BWH,lotus_faux_wood_blinds,lotus_fpx_2in_privacy_bright_white_stock,unresolved_exception,Not observed in current portal collection snapshot; absence is not discontinuation
stock,FPX7272BWH,lotus_faux_wood_blinds,lotus_fpx_2in_privacy_bright_white_stock,unresolved_exception,Not observed in current portal collection snapshot; absence is not discontinuation
stock,FPX7872BWH,lotus_faux_wood_blinds,lotus_fpx_2in_privacy_bright_white_stock,unresolved_exception,Not observed in current portal collection snapshot; absence is not discontinuation
stock,FPX8372BWH,lotus_faux_wood_blinds,lotus_fpx_2in_privacy_bright_white_stock,unresolved_exception,Not observed in current portal collection snapshot; absence is not discontinuation
stock,FPX8972BWH,lotus_faux_wood_blinds,lotus_fpx_2in_privacy_bright_white_stock,unresolved_exception,Not observed in current portal collection snapshot; absence is not discontinuation
stock,FPX9572BWH,lotus_faux_wood_blinds,lotus_fpx_2in_privacy_bright_white_stock,unresolved_exception,Not observed in current portal collection snapshot; absence is not discontinuation
stock,FPX1796BWH,lotus_faux_wood_blinds,lotus_fpx_2in_privacy_bright_white_stock,unresolved_exception,Not observed in current portal collection snapshot; absence is not discontinuation
stock,FPX2396BWH,lotus_faux_wood_blinds,lotus_fpx_2in_privacy_bright_white_stock,unresolved_exception,Not observed in current portal collection snapshot; absence is not discontinuation
stock,FPX2596BWH,lotus_faux_wood_blinds,lotus_fpx_2in_privacy_bright_white_stock,unresolved_exception,Not observed in current portal collection snapshot; absence is not discontinuation
stock,FPX2796BWH,lotus_faux_wood_blinds,lotus_fpx_2in_privacy_bright_white_stock,unresolved_exception,Not observed in current portal collection snapshot; absence is not discontinuation
stock,FPX2996BWH,lotus_faux_wood_blinds,lotus_fpx_2in_privacy_bright_white_stock,unresolved_exception,Not observed in current portal collection snapshot; absence is not discontinuation
stock,FPX3096BWH,lotus_faux_wood_blinds,lotus_fpx_2in_privacy_bright_white_stock,unresolved_exception,Not observed in current portal collection snapshot; absence is not discontinuation
stock,FPX3196BWH,lotus_faux_wood_blinds,lotus_fpx_2in_privacy_bright_white_stock,unresolved_exception,Not observed in current portal collection snapshot; absence is not discontinuation
stock,FPX3284BWH,lotus_faux_wood_blinds,lotus_fpx_2in_privacy_bright_white_stock,unresolved_exception,Not observed in current portal collection snapshot; absence is not discontinuation
stock,FPX3384BWH,lotus_faux_wood_blinds,lotus_fpx_2in_privacy_bright_white_stock,unresolved_exception,Not observed in current portal collection snapshot; absence is not discontinuation
stock,FPX34584BWH,lotus_faux_wood_blinds,lotus_fpx_2in_privacy_bright_white_stock,unresolved_exception,Not observed in current portal collection snapshot; absence is not discontinuation
stock,FPX3484BWH,lotus_faux_wood_blinds,lotus_fpx_2in_privacy_bright_white_stock,unresolved_exception,Not observed in current portal collection snapshot; absence is not discontinuation
stock,FPX3496BWH,lotus_faux_wood_blinds,lotus_fpx_2in_privacy_bright_white_stock,unresolved_exception,Not observed in current portal collection snapshot; absence is not discontinuation
stock,FPX3584BWH,lotus_faux_wood_blinds,lotus_fpx_2in_privacy_bright_white_stock,unresolved_exception,Not observed in current portal collection snapshot; absence is not discontinuation
stock,FPX3596BWH,lotus_faux_wood_blinds,lotus_fpx_2in_privacy_bright_white_stock,unresolved_exception,Not observed in current portal collection snapshot; absence is not discontinuation
stock,FPX3684BWH,lotus_faux_wood_blinds,lotus_fpx_2in_privacy_bright_white_stock,unresolved_exception,Not observed in current portal collection snapshot; absence is not discontinuation
stock,FPX3696BWH,lotus_faux_wood_blinds,lotus_fpx_2in_privacy_bright_white_stock,unresolved_exception,Not observed in current portal collection snapshot; absence is not discontinuation
stock,FPX3884BWH,lotus_faux_wood_blinds,lotus_fpx_2in_privacy_bright_white_stock,unresolved_exception,Not observed in current portal collection snapshot; absence is not discontinuation
stock,FPX3984BWH,lotus_faux_wood_blinds,lotus_fpx_2in_privacy_bright_white_stock,unresolved_exception,Not observed in current portal collection snapshot; absence is not discontinuation
stock,FPX3996BWH,lotus_faux_wood_blinds,lotus_fpx_2in_privacy_bright_white_stock,unresolved_exception,Not observed in current portal collection snapshot; absence is not discontinuation
stock,FPX4084BWH,lotus_faux_wood_blinds,lotus_fpx_2in_privacy_bright_white_stock,unresolved_exception,Not observed in current portal collection snapshot; absence is not discontinuation
stock,FPX4184BWH,lotus_faux_wood_blinds,lotus_fpx_2in_privacy_bright_white_stock,unresolved_exception,Not observed in current portal collection snapshot; absence is not discontinuation
stock,FPX4284BWH,lotus_faux_wood_blinds,lotus_fpx_2in_privacy_bright_white_stock,unresolved_exception,Not observed in current portal collection snapshot; absence is not discontinuation
stock,FPX4384BWH,lotus_faux_wood_blinds,lotus_fpx_2in_privacy_bright_white_stock,unresolved_exception,Not observed in current portal collection snapshot; absence is not discontinuation
stock,FPX4396BWH,lotus_faux_wood_blinds,lotus_fpx_2in_privacy_bright_white_stock,unresolved_exception,Not observed in current portal collection snapshot; absence is not discontinuation
stock,FPX4684BWH,lotus_faux_wood_blinds,lotus_fpx_2in_privacy_bright_white_stock,unresolved_exception,Not observed in current portal collection snapshot; absence is not discontinuation
stock,FPX4784BWH,lotus_faux_wood_blinds,lotus_fpx_2in_privacy_bright_white_stock,unresolved_exception,Not observed in current portal collection snapshot; absence is not discontinuation
stock,FPX4884BWH,lotus_faux_wood_blinds,lotus_fpx_2in_privacy_bright_white_stock,unresolved_exception,Not observed in current portal collection snapshot; absence is not discontinuation
stock,FPX4896BWH,lotus_faux_wood_blinds,lotus_fpx_2in_privacy_bright_white_stock,unresolved_exception,Not observed in current portal collection snapshot; absence is not discontinuation
stock,FPX5484BWH,lotus_faux_wood_blinds,lotus_fpx_2in_privacy_bright_white_stock,unresolved_exception,Not observed in current portal collection snapshot; absence is not discontinuation
stock,FPX5496BWH,lotus_faux_wood_blinds,lotus_fpx_2in_privacy_bright_white_stock,unresolved_exception,Not observed in current portal collection snapshot; absence is not discontinuation
stock,FPX5884BWH,lotus_faux_wood_blinds,lotus_fpx_2in_privacy_bright_white_stock,unresolved_exception,Not observed in current portal collection snapshot; absence is not discontinuation
stock,FPX5896BWH,lotus_faux_wood_blinds,lotus_fpx_2in_privacy_bright_white_stock,unresolved_exception,Not observed in current portal collection snapshot; absence is not discontinuation
stock,FPX5984BWH,lotus_faux_wood_blinds,lotus_fpx_2in_privacy_bright_white_stock,unresolved_exception,Not observed in current portal collection snapshot; absence is not discontinuation
stock,FPX5996BWH,lotus_faux_wood_blinds,lotus_fpx_2in_privacy_bright_white_stock,unresolved_exception,Not observed in current portal collection snapshot; absence is not discontinuation
stock,FPX6384BWH,lotus_faux_wood_blinds,lotus_fpx_2in_privacy_bright_white_stock,unresolved_exception,Not observed in current portal collection snapshot; absence is not discontinuation
stock,FPX6396BWH,lotus_faux_wood_blinds,lotus_fpx_2in_privacy_bright_white_stock,unresolved_exception,Not observed in current portal collection snapshot; absence is not discontinuation
stock,FPX6984BWH,lotus_faux_wood_blinds,lotus_fpx_2in_privacy_bright_white_stock,unresolved_exception,Not observed in current portal collection snapshot; absence is not discontinuation
stock,FPX6996BWH,lotus_faux_wood_blinds,lotus_fpx_2in_privacy_bright_white_stock,unresolved_exception,Not observed in current portal collection snapshot; absence is not discontinuation
stock,FPX7284BWH,lotus_faux_wood_blinds,lotus_fpx_2in_privacy_bright_white_stock,unresolved_exception,Not observed in current portal collection snapshot; absence is not discontinuation
stock,FPX7296BWH,lotus_faux_wood_blinds,lotus_fpx_2in_privacy_bright_white_stock,unresolved_exception,Not observed in current portal collection snapshot; absence is not discontinuation
stock,FGX2736BWH,lotus_faux_wood_blinds,lotus_fgx_2_5in_bright_white_stock,unresolved_exception,Not observed in current portal collection snapshot; absence is not discontinuation
stock,FGX3036BWH,lotus_faux_wood_blinds,lotus_fgx_2_5in_bright_white_stock,unresolved_exception,Not observed in current portal collection snapshot; absence is not discontinuation
stock,FGX3048BWH,lotus_faux_wood_blinds,lotus_fgx_2_5in_bright_white_stock,unresolved_exception,Not observed in current portal collection snapshot; absence is not discontinuation
stock,FGX3360BWH,lotus_faux_wood_blinds,lotus_fgx_2_5in_bright_white_stock,unresolved_exception,Not observed in current portal collection snapshot; absence is not discontinuation
stock,FGX3436BWH,lotus_faux_wood_blinds,lotus_fgx_2_5in_bright_white_stock,unresolved_exception,Not observed in current portal collection snapshot; absence is not discontinuation
stock,FGX3448BWH,lotus_faux_wood_blinds,lotus_fgx_2_5in_bright_white_stock,unresolved_exception,Not observed in current portal collection snapshot; absence is not discontinuation
stock,FGX3936BWH,lotus_faux_wood_blinds,lotus_fgx_2_5in_bright_white_stock,unresolved_exception,Not observed in current portal collection snapshot; absence is not discontinuation
stock,FGX3948BWH,lotus_faux_wood_blinds,lotus_fgx_2_5in_bright_white_stock,unresolved_exception,Not observed in current portal collection snapshot; absence is not discontinuation
stock,FGX4336BWH,lotus_faux_wood_blinds,lotus_fgx_2_5in_bright_white_stock,unresolved_exception,Not observed in current portal collection snapshot; absence is not discontinuation
stock,FGX4348BWH,lotus_faux_wood_blinds,lotus_fgx_2_5in_bright_white_stock,unresolved_exception,Not observed in current portal collection snapshot; absence is not discontinuation
stock,FGX4836BWH,lotus_faux_wood_blinds,lotus_fgx_2_5in_bright_white_stock,unresolved_exception,Not observed in current portal collection snapshot; absence is not discontinuation
stock,FGX5436BWH,lotus_faux_wood_blinds,lotus_fgx_2_5in_bright_white_stock,unresolved_exception,Not observed in current portal collection snapshot; absence is not discontinuation
stock,FGX5448BWH,lotus_faux_wood_blinds,lotus_fgx_2_5in_bright_white_stock,unresolved_exception,Not observed in current portal collection snapshot; absence is not discontinuation
stock,FGX6336BWH,lotus_faux_wood_blinds,lotus_fgx_2_5in_bright_white_stock,unresolved_exception,Not observed in current portal collection snapshot; absence is not discontinuation
stock,FGX6348BWH,lotus_faux_wood_blinds,lotus_fgx_2_5in_bright_white_stock,unresolved_exception,Not observed in current portal collection snapshot; absence is not discontinuation
stock,FGX7048BWH,lotus_faux_wood_blinds,lotus_fgx_2_5in_bright_white_stock,unresolved_exception,Not observed in current portal collection snapshot; absence is not discontinuation
stock,FGX3272BWH,lotus_faux_wood_blinds,lotus_fgx_2_5in_bright_white_stock,unresolved_exception,Not observed in current portal collection snapshot; absence is not discontinuation
stock,FGX3372BWH,lotus_faux_wood_blinds,lotus_fgx_2_5in_bright_white_stock,unresolved_exception,Not observed in current portal collection snapshot; absence is not discontinuation
stock,FGX4660BWH,lotus_faux_wood_blinds,lotus_fgx_2_5in_bright_white_stock,unresolved_exception,Not observed in current portal collection snapshot; absence is not discontinuation
stock,FGX4672BWH,lotus_faux_wood_blinds,lotus_fgx_2_5in_bright_white_stock,unresolved_exception,Not observed in current portal collection snapshot; absence is not discontinuation
stock,FGX4860BWH,lotus_faux_wood_blinds,lotus_fgx_2_5in_bright_white_stock,unresolved_exception,Not observed in current portal collection snapshot; absence is not discontinuation
stock,FGX2396BWH,lotus_faux_wood_blinds,lotus_fgx_2_5in_bright_white_stock,unresolved_exception,Not observed in current portal collection snapshot; absence is not discontinuation
stock,FGX2784BWH,lotus_faux_wood_blinds,lotus_fgx_2_5in_bright_white_stock,unresolved_exception,Not observed in current portal collection snapshot; absence is not discontinuation
stock,FGX3084BWH,lotus_faux_wood_blinds,lotus_fgx_2_5in_bright_white_stock,unresolved_exception,Not observed in current portal collection snapshot; absence is not discontinuation
stock,FGX3096BWH,lotus_faux_wood_blinds,lotus_fgx_2_5in_bright_white_stock,unresolved_exception,Not observed in current portal collection snapshot; absence is not discontinuation
stock,FGX3484BWH,lotus_faux_wood_blinds,lotus_fgx_2_5in_bright_white_stock,unresolved_exception,Not observed in current portal collection snapshot; absence is not discontinuation
stock,FGX4396BWH,lotus_faux_wood_blinds,lotus_fgx_2_5in_bright_white_stock,unresolved_exception,Not observed in current portal collection snapshot; absence is not discontinuation
stock,FGX4884BWH,lotus_faux_wood_blinds,lotus_fgx_2_5in_bright_white_stock,unresolved_exception,Not observed in current portal collection snapshot; absence is not discontinuation
stock,CV108SBWH,lotus_faux_wood_blinds,lotus_faux_wood_valance_stock,unresolved_exception,Not observed in current portal collection snapshot; absence is not discontinuation
stock,CV108SSNWH,lotus_faux_wood_blinds,lotus_faux_wood_valance_stock,unresolved_exception,Not observed in current portal collection snapshot; absence is not discontinuation
stock,CV108SWH,lotus_faux_wood_blinds,lotus_faux_wood_valance_stock,unresolved_exception,Not observed in current portal collection snapshot; absence is not discontinuation
stock,CV120SBWH,lotus_faux_wood_blinds,lotus_faux_wood_valance_stock,unresolved_exception,Not observed in current portal collection snapshot; absence is not discontinuation
stock,CV120SWH,lotus_faux_wood_blinds,lotus_faux_wood_valance_stock,unresolved_exception,Not observed in current portal collection snapshot; absence is not discontinuation
stock,CV26MBWH,lotus_faux_wood_blinds,lotus_faux_wood_valance_stock,unresolved_exception,Not observed in current portal collection snapshot; absence is not discontinuation
stock,CV26MWH,lotus_faux_wood_blinds,lotus_faux_wood_valance_stock,unresolved_exception,Not observed in current portal collection snapshot; absence is not discontinuation
stock,CV35SBWH,lotus_faux_wood_blinds,lotus_faux_wood_valance_stock,unresolved_exception,Not observed in current portal collection snapshot; absence is not discontinuation
stock,CV35SWH,lotus_faux_wood_blinds,lotus_faux_wood_valance_stock,unresolved_exception,Not observed in current portal collection snapshot; absence is not discontinuation
stock,CV36MWH,lotus_faux_wood_blinds,lotus_faux_wood_valance_stock,unresolved_exception,Not observed in current portal collection snapshot; absence is not discontinuation
stock,CV37MBWH,lotus_faux_wood_blinds,lotus_faux_wood_valance_stock,unresolved_exception,Not observed in current portal collection snapshot; absence is not discontinuation
stock,CV63SBWH,lotus_faux_wood_blinds,lotus_faux_wood_valance_stock,unresolved_exception,Not observed in current portal collection snapshot; absence is not discontinuation
stock,CV70SBWH,lotus_faux_wood_blinds,lotus_faux_wood_valance_stock,unresolved_exception,Not observed in current portal collection snapshot; absence is not discontinuation
stock,CV70SWH,lotus_faux_wood_blinds,lotus_faux_wood_valance_stock,unresolved_exception,Not observed in current portal collection snapshot; absence is not discontinuation
stock,CV71SBWH,lotus_faux_wood_blinds,lotus_faux_wood_valance_stock,unresolved_exception,Not observed in current portal collection snapshot; absence is not discontinuation
stock,CV71SWH,lotus_faux_wood_blinds,lotus_faux_wood_valance_stock,unresolved_exception,Not observed in current portal collection snapshot; absence is not discontinuation
stock,CV72MBWH,lotus_faux_wood_blinds,lotus_faux_wood_valance_stock,unresolved_exception,Not observed in current portal collection snapshot; absence is not discontinuation
stock,CV72MWH,lotus_faux_wood_blinds,lotus_faux_wood_valance_stock,unresolved_exception,Not observed in current portal collection snapshot; absence is not discontinuation
stock,CV95SBWH,lotus_faux_wood_blinds,lotus_faux_wood_valance_stock,unresolved_exception,Not observed in current portal collection snapshot; absence is not discontinuation
stock,CV95SWH,lotus_faux_wood_blinds,lotus_faux_wood_valance_stock,unresolved_exception,Not observed in current portal collection snapshot; absence is not discontinuation
stock,FX3SV108SBWH,lotus_faux_wood_blinds,lotus_faux_wood_valance_stock,unresolved_exception,Not observed in current portal collection snapshot; absence is not discontinuation
stock,FX3SV108SSNWH,lotus_faux_wood_blinds,lotus_faux_wood_valance_stock,unresolved_exception,Not observed in current portal collection snapshot; absence is not discontinuation
stock,FX3SV108SWH,lotus_faux_wood_blinds,lotus_faux_wood_valance_stock,unresolved_exception,Not observed in current portal collection snapshot; absence is not discontinuation
stock,FXSV108SBWH,lotus_faux_wood_blinds,lotus_faux_wood_valance_stock,unresolved_exception,Not observed in current portal collection snapshot; absence is not discontinuation
stock,FXSV108SLG,lotus_faux_wood_blinds,lotus_faux_wood_valance_stock,unresolved_exception,Not observed in current portal collection snapshot; absence is not discontinuation
stock,FXSV108SSNWH,lotus_faux_wood_blinds,lotus_faux_wood_valance_stock,unresolved_exception,Not observed in current portal collection snapshot; absence is not discontinuation
stock,FXSV108SWH,lotus_faux_wood_blinds,lotus_faux_wood_valance_stock,unresolved_exception,Not observed in current portal collection snapshot; absence is not discontinuation
stock,FXSV705MWH,lotus_faux_wood_blinds,lotus_faux_wood_valance_stock,unresolved_exception,Not observed in current portal collection snapshot; absence is not discontinuation
stock,FXSV705SBWH,lotus_faux_wood_blinds,lotus_faux_wood_valance_stock,unresolved_exception,Not observed in current portal collection snapshot; absence is not discontinuation
stock,FXSV705SLG,lotus_faux_wood_blinds,lotus_faux_wood_valance_stock,unresolved_exception,Not observed in current portal collection snapshot; absence is not discontinuation
stock,FXSV705SSNWH,lotus_faux_wood_blinds,lotus_faux_wood_valance_stock,unresolved_exception,Not observed in current portal collection snapshot; absence is not discontinuation
stock,FXSV705SWH,lotus_faux_wood_blinds,lotus_faux_wood_valance_stock,unresolved_exception,Not observed in current portal collection snapshot; absence is not discontinuation
stock,DV108SBWH,lotus_faux_wood_blinds,lotus_faux_wood_valance_stock,unresolved_exception,Not observed in current portal collection snapshot; absence is not discontinuation
stock,DV26MBWH,lotus_faux_wood_blinds,lotus_faux_wood_valance_stock,unresolved_exception,Not observed in current portal collection snapshot; absence is not discontinuation
stock,DV36MBWH,lotus_faux_wood_blinds,lotus_faux_wood_valance_stock,unresolved_exception,Not observed in current portal collection snapshot; absence is not discontinuation
stock,DV72MBWH,lotus_faux_wood_blinds,lotus_faux_wood_valance_stock,unresolved_exception,Not observed in current portal collection snapshot; absence is not discontinuation
stock,RS2324WH1P,lotus_roller_shades,lotus_rs_1pct_stock,unresolved_exception,Not observed in current portal collection snapshot; absence is not discontinuation
stock,RS2336WH1P,lotus_roller_shades,lotus_rs_1pct_stock,unresolved_exception,Not observed in current portal collection snapshot; absence is not discontinuation
stock,RS2436WH1P,lotus_roller_shades,lotus_rs_1pct_stock,unresolved_exception,Not observed in current portal collection snapshot; absence is not discontinuation
stock,RS2836WH1P,lotus_roller_shades,lotus_rs_1pct_stock,unresolved_exception,Not observed in current portal collection snapshot; absence is not discontinuation
stock,RS28536WH1P,lotus_roller_shades,lotus_rs_1pct_stock,unresolved_exception,Not observed in current portal collection snapshot; absence is not discontinuation
stock,RS3036WH1P,lotus_roller_shades,lotus_rs_1pct_stock,unresolved_exception,Not observed in current portal collection snapshot; absence is not discontinuation
stock,RS3136WH1P,lotus_roller_shades,lotus_rs_1pct_stock,unresolved_exception,Not observed in current portal collection snapshot; absence is not discontinuation
stock,RS3436WH1P,lotus_roller_shades,lotus_rs_1pct_stock,unresolved_exception,Not observed in current portal collection snapshot; absence is not discontinuation
stock,RS34536WH1P,lotus_roller_shades,lotus_rs_1pct_stock,unresolved_exception,Not observed in current portal collection snapshot; absence is not discontinuation
stock,RS3536WH1P,lotus_roller_shades,lotus_rs_1pct_stock,unresolved_exception,Not observed in current portal collection snapshot; absence is not discontinuation
stock,RS3636WH1P,lotus_roller_shades,lotus_rs_1pct_stock,unresolved_exception,Not observed in current portal collection snapshot; absence is not discontinuation
stock,RS4636WH1P,lotus_roller_shades,lotus_rs_1pct_stock,unresolved_exception,Not observed in current portal collection snapshot; absence is not discontinuation
stock,RS46536WH1P,lotus_roller_shades,lotus_rs_1pct_stock,unresolved_exception,Not observed in current portal collection snapshot; absence is not discontinuation
stock,RS4736WH1P,lotus_roller_shades,lotus_rs_1pct_stock,unresolved_exception,Not observed in current portal collection snapshot; absence is not discontinuation
stock,RS4836WH1P,lotus_roller_shades,lotus_rs_1pct_stock,unresolved_exception,Not observed in current portal collection snapshot; absence is not discontinuation
stock,RS58536WH1P,lotus_roller_shades,lotus_rs_1pct_stock,unresolved_exception,Not observed in current portal collection snapshot; absence is not discontinuation
stock,RS5936WH1P,lotus_roller_shades,lotus_rs_1pct_stock,unresolved_exception,Not observed in current portal collection snapshot; absence is not discontinuation
stock,RS7036WH1P,lotus_roller_shades,lotus_rs_1pct_stock,unresolved_exception,Not observed in current portal collection snapshot; absence is not discontinuation
stock,RS70536WH1P,lotus_roller_shades,lotus_rs_1pct_stock,unresolved_exception,Not observed in current portal collection snapshot; absence is not discontinuation
stock,RS7136WH1P,lotus_roller_shades,lotus_rs_1pct_stock,unresolved_exception,Not observed in current portal collection snapshot; absence is not discontinuation
stock,RS7236WH1P,lotus_roller_shades,lotus_rs_1pct_stock,unresolved_exception,Not observed in current portal collection snapshot; absence is not discontinuation
stock,VS10496SCWH,lotus_vertical_blinds,lotus_vs_steel_complete_stock,unresolved_exception,Not observed in current portal collection snapshot; absence is not discontinuation
stock,VS11084SCAL,lotus_vertical_blinds,lotus_vs_steel_complete_stock,unresolved_exception,Not observed in current portal collection snapshot; absence is not discontinuation
stock,VS5484SCAL,lotus_vertical_blinds,lotus_vs_steel_complete_stock,unresolved_exception,Not observed in current portal collection snapshot; absence is not discontinuation
stock,VS5972SCWH,lotus_vertical_blinds,lotus_vs_steel_complete_stock,unresolved_exception,Not observed in current portal collection snapshot; absence is not discontinuation
stock,VH465SHWH,lotus_vertical_blinds,lotus_vh_steel_headrail_stock,unresolved_exception,Not observed in current portal collection snapshot; absence is not discontinuation
stock,VH90SHWH,lotus_vertical_blinds,lotus_vh_steel_headrail_stock,unresolved_exception,Not observed in current portal collection snapshot; absence is not discontinuation
stock,VNOW106WH,lotus_vertical_blinds,lotus_vnow_aluminum_one_way_headrail_stock,unresolved_exception,Not observed in current portal collection snapshot; absence is not discontinuation
stock,VNOW110WH,lotus_vertical_blinds,lotus_vnow_aluminum_one_way_headrail_stock,unresolved_exception,Not observed in current portal collection snapshot; absence is not discontinuation
stock,VNOW120WH,lotus_vertical_blinds,lotus_vnow_aluminum_one_way_headrail_stock,unresolved_exception,Not observed in current portal collection snapshot; absence is not discontinuation
stock,VNOW126WH,lotus_vertical_blinds,lotus_vnow_aluminum_one_way_headrail_stock,unresolved_exception,Not observed in current portal collection snapshot; absence is not discontinuation
stock,VNOW144WH,lotus_vertical_blinds,lotus_vnow_aluminum_one_way_headrail_stock,unresolved_exception,Not observed in current portal collection snapshot; absence is not discontinuation
stock,VNOW156WH,lotus_vertical_blinds,lotus_vnow_aluminum_one_way_headrail_stock,unresolved_exception,Not observed in current portal collection snapshot; absence is not discontinuation
stock,VNOW36WH,lotus_vertical_blinds,lotus_vnow_aluminum_one_way_headrail_stock,unresolved_exception,Not observed in current portal collection snapshot; absence is not discontinuation
stock,VNOW78WH,lotus_vertical_blinds,lotus_vnow_aluminum_one_way_headrail_stock,unresolved_exception,Not observed in current portal collection snapshot; absence is not discontinuation
stock,VNOW90WH,lotus_vertical_blinds,lotus_vnow_aluminum_one_way_headrail_stock,unresolved_exception,Not observed in current portal collection snapshot; absence is not discontinuation
stock,VNOW96WH,lotus_vertical_blinds,lotus_vnow_aluminum_one_way_headrail_stock,unresolved_exception,Not observed in current portal collection snapshot; absence is not discontinuation
stock,VNCW118WH,lotus_vertical_blinds,lotus_vncw_aluminum_center_draw_headrail_stock,unresolved_exception,Not observed in current portal collection snapshot; absence is not discontinuation
