product,program,row,widths,height,prices,source,cited_pdf_pages,pdf_pages,comparison,comparison_scope
citylights_aluminum,citylights_aluminum_1in_slats_cordless_pgusa,0,"[24, 28, 32, 36, 42, 48, 54, 60, 66, 72, 78, 84, 90, 96]",42,"[261, 270, 279, 284, 298, 309, 319, 337, 389, 408, 411, 435, 485, 514]",norman-retail-guide-2026-09,35,35,MATCH,Exact width header and height/price row on cited program page
citylights_aluminum,citylights_aluminum_1in_slats_cordless_pgusa,1,"[24, 28, 32, 36, 42, 48, 54, 60, 66, 72, 78, 84, 90, 96]",48,"[269, 273, 283, 292, 305, 319, 325, 345, 397, 418, 422, 444, 496, 535]",norman-retail-guide-2026-09,35,35,MATCH,Exact width header and height/price row on cited program page
citylights_aluminum,citylights_aluminum_1in_slats_cordless_pgusa,2,"[24, 28, 32, 36, 42, 48, 54, 60, 66, 72, 78, 84, 90, 96]",54,"[271, 278, 291, 296, 313, 325, 334, 356, 405, 424, 432, 453, 509, 548]",norman-retail-guide-2026-09,35,35,MATCH,Exact width header and height/price row on cited program page
citylights_aluminum,citylights_aluminum_1in_slats_cordless_pgusa,3,"[24, 28, 32, 36, 42, 48, 54, 60, 66, 72, 78, 84, 90, 96]",61,"[274, 281, 293, 303, 321, 333, 340, 365, 418, 438, 444, 468, 525, 566]",norman-retail-guide-2026-09,35,35,MATCH,Exact width header and height/price row on cited program page
citylights_aluminum,citylights_aluminum_1in_slats_cordless_pgusa,4,"[24, 28, 32, 36, 42, 48, 54, 60, 66, 72, 78, 84, 90, 96]",66,"[278, 287, 299, 307, 324, 339, 349, 371, 422, 446, 452, 474, 529, 586]",norman-retail-guide-2026-09,35,35,MATCH,Exact width header and height/price row on cited program page
citylights_aluminum,citylights_aluminum_1in_slats_cordless_pgusa,5,"[24, 28, 32, 36, 42, 48, 54, 60, 66, 72, 78, 84, 90, 96]",73,"[281, 291, 303, 317, 333, 346, 356, 382, 424, 449, 455, 477, 537, 600]",norman-retail-guide-2026-09,35,35,MATCH,Exact width header and height/price row on cited program page
citylights_aluminum,citylights_aluminum_1in_slats_cordless_pgusa,6,"[24, 28, 32, 36, 42, 48, 54, 60, 66, 72, 78, 84, 90, 96]",78,"[334, 350, 368, 376, 402, 423, 435, 469, 483, 518, 547, 577, 606, 617]",norman-retail-guide-2026-09,35,35,MATCH,Exact width header and height/price row on cited program page
citylights_aluminum,citylights_aluminum_1in_slats_cordless_pgusa,7,"[24, 28, 32, 36, 42, 48, 54, 60, 66, 72, 78, 84, 90, 96]",84,"[338, 353, 371, 384, 407, 430, 441, 476, 501, 529, 560, 591, 618, 642]",norman-retail-guide-2026-09,35,35,MATCH,Exact width header and height/price row on cited program page
citylights_aluminum,citylights_aluminum_1in_slats_cordless_pgusa,8,"[24, 28, 32, 36, 42, 48, 54, 60, 66, 72, 78, 84, 90, 96]",90,"[350, 367, 384, 396, 423, 443, 462, 495, 527, 548, 580, 617, 642, null]",norman-retail-guide-2026-09,35,35,MATCH,Exact width header and height/price row on cited program page
citylights_aluminum,citylights_aluminum_1in_slats_cordless_pgusa,9,"[24, 28, 32, 36, 42, 48, 54, 60, 66, 72, 78, 84, 90, 96]",96,"[353, 373, 389, 404, 431, 453, 467, 506, 538, 562, 594, 628, null, null]",norman-retail-guide-2026-09,35,35,MATCH,Exact width header and height/price row on cited program page
faux_wood,faux_wood_2in_and_2_1_2in_slats_cordless,0,"[24, 28, 32, 36, 42, 48, 54, 60, 66, 72, 78, 84, 96]",30,"[169, 185, 200, 223, 238, 256, 280, 326, 347, 373, 400, 421, 454]",norman-retail-guide-2026-09,30,30,MATCH,Exact width header and height/price row on cited program page
faux_wood,faux_wood_2in_and_2_1_2in_slats_cordless,1,"[24, 28, 32, 36, 42, 48, 54, 60, 66, 72, 78, 84, 96]",36,"[180, 194, 210, 236, 254, 273, 304, 347, 371, 408, 421, 454, 494]",norman-retail-guide-2026-09,30,30,MATCH,Exact width header and height/price row on cited program page
faux_wood,faux_wood_2in_and_2_1_2in_slats_cordless,2,"[24, 28, 32, 36, 42, 48, 54, 60, 66, 72, 78, 84, 96]",42,"[193, 210, 228, 252, 272, 298, 329, 372, 403, 438, 462, 498, 535]",norman-retail-guide-2026-09,30,30,MATCH,Exact width header and height/price row on cited program page
faux_wood,faux_wood_2in_and_2_1_2in_slats_cordless,3,"[24, 28, 32, 36, 42, 48, 54, 60, 66, 72, 78, 84, 96]",48,"[206, 223, 239, 267, 289, 319, 350, 397, 431, 471, 494, 528, 571]",norman-retail-guide-2026-09,30,30,MATCH,Exact width header and height/price row on cited program page
faux_wood,faux_wood_2in_and_2_1_2in_slats_cordless,4,"[24, 28, 32, 36, 42, 48, 54, 60, 66, 72, 78, 84, 96]",54,"[223, 249, 259, 296, 321, 350, 384, 438, 471, 509, 543, 577, 620]",norman-retail-guide-2026-09,30,30,MATCH,Exact width header and height/price row on cited program page
faux_wood,faux_wood_2in_and_2_1_2in_slats_cordless,5,"[24, 28, 32, 36, 42, 48, 54, 60, 66, 72, 78, 84, 96]",60,"[238, 255, 278, 314, 340, 368, 407, 467, 500, 544, 574, 620, 673]",norman-retail-guide-2026-09,30,30,MATCH,Exact width header and height/price row on cited program page
faux_wood,faux_wood_2in_and_2_1_2in_slats_cordless,6,"[24, 28, 32, 36, 42, 48, 54, 60, 66, 72, 78, 84, 96]",66,"[252, 270, 293, 331, 357, 394, 432, 497, 531, 591, 614, 660, 715]",norman-retail-guide-2026-09,30,30,MATCH,Exact width header and height/price row on cited program page
faux_wood,faux_wood_2in_and_2_1_2in_slats_cordless,7,"[24, 28, 32, 36, 42, 48, 54, 60, 66, 72, 78, 84, 96]",73,"[265, 288, 312, 355, 383, 420, 462, 531, 571, 620, 660, 711, 769]",norman-retail-guide-2026-09,30,30,MATCH,Exact width header and height/price row on cited program page
faux_wood,faux_wood_2in_and_2_1_2in_slats_cordless,8,"[24, 28, 32, 36, 42, 48, 54, 60, 66, 72, 78, 84, 96]",78,"[273, 302, 329, 365, 400, 438, 482, 559, 598, 659, 696, 742, 812]",norman-retail-guide-2026-09,30,30,MATCH,Exact width header and height/price row on cited program page
faux_wood,faux_wood_2in_and_2_1_2in_slats_cordless,9,"[24, 28, 32, 36, 42, 48, 54, 60, 66, 72, 78, 84, 96]",84,"[288, 314, 342, 388, 420, 462, 512, 585, 632, 701, 730, 771, 854]",norman-retail-guide-2026-09,30,30,MATCH,Exact width header and height/price row on cited program page
faux_wood,faux_wood_2in_and_2_1_2in_slats_cordless,10,"[24, 28, 32, 36, 42, 48, 54, 60, 66, 72, 78, 84, 96]",90,"[302, 329, 357, 407, 439, 482, 533, 609, 660, 725, 761, 805, null]",norman-retail-guide-2026-09,30,30,MATCH,Exact width header and height/price row on cited program page
faux_wood,faux_wood_2in_and_2_1_2in_slats_cordless,11,"[24, 28, 32, 36, 42, 48, 54, 60, 66, 72, 78, 84, 96]",96,"[312, 346, 373, 421, 462, 512, 569, 641, 695, 764, 791, null, null]",norman-retail-guide-2026-09,30,30,MATCH,Exact width header and height/price row on cited program page
honeycomb,honeycomb_9_16in_cordless_single_cell,0,"[24, 30, 36, 42, 48, 54, 60, 66, 72, 84, 96, 108, 120]",36,"[212, 254, 274, 297, 318, 362, 437, 460, 508, 551, 630, 711, 791]",norman-retail-guide-2026-09,10,10,MATCH,Exact width header and height/price row on cited program page
honeycomb,honeycomb_9_16in_cordless_single_cell,1,"[24, 30, 36, 42, 48, 54, 60, 66, 72, 84, 96, 108, 120]",42,"[238, 270, 282, 312, 336, 385, 460, 486, 543, 579, 659, 737, 814]",norman-retail-guide-2026-09,10,10,MATCH,Exact width header and height/price row on cited program page
honeycomb,honeycomb_9_16in_cordless_single_cell,2,"[24, 30, 36, 42, 48, 54, 60, 66, 72, 84, 96, 108, 120]",48,"[248, 278, 291, 328, 366, 404, 485, 513, 573, 616, 695, 771, 849]",norman-retail-guide-2026-09,10,10,MATCH,Exact width header and height/price row on cited program page
honeycomb,honeycomb_9_16in_cordless_single_cell,3,"[24, 30, 36, 42, 48, 54, 60, 66, 72, 84, 96, 108, 120]",54,"[252, 286, 304, 340, 374, 423, 512, 543, 607, 659, 747, 837, 923]",norman-retail-guide-2026-09,10,10,MATCH,Exact width header and height/price row on cited program page
honeycomb,honeycomb_9_16in_cordless_single_cell,4,"[24, 30, 36, 42, 48, 54, 60, 66, 72, 84, 96, 108, 120]",60,"[266, 301, 318, 353, 412, 445, 543, 572, 642, 669, 750, 862, 918]",norman-retail-guide-2026-09,10,10,MATCH,Exact width header and height/price row on cited program page
honeycomb,honeycomb_9_16in_cordless_single_cell,5,"[24, 30, 36, 42, 48, 54, 60, 66, 72, 84, 96, 108, 120]",66,"[282, 326, 340, 368, 420, 463, 566, 596, 671, 723, 811, 898, 988]",norman-retail-guide-2026-09,10,10,MATCH,Exact width header and height/price row on cited program page
honeycomb,honeycomb_9_16in_cordless_single_cell,6,"[24, 30, 36, 42, 48, 54, 60, 66, 72, 84, 96, 108, 120]",72,"[289, 335, 349, 385, 439, 486, 592, 625, 707, 763, 864, 966, 1067]",norman-retail-guide-2026-09,10,10,MATCH,Exact width header and height/price row on cited program page
honeycomb,honeycomb_9_16in_cordless_single_cell,7,"[24, 30, 36, 42, 48, 54, 60, 66, 72, 84, 96, 108, 120]",78,"[338, 387, 412, 449, 490, 573, 611, 650, 730, 805, 923, 1043, 1161]",norman-retail-guide-2026-09,10,10,MATCH,Exact width header and height/price row on cited program page
honeycomb,honeycomb_9_16in_cordless_single_cell,8,"[24, 30, 36, 42, 48, 54, 60, 66, 72, 84, 96, 108, 120]",84,"[345, 401, 423, 468, 508, 596, 635, 676, 766, 845, 965, 1081, 1198]",norman-retail-guide-2026-09,10,10,MATCH,Exact width header and height/price row on cited program page
honeycomb,honeycomb_9_16in_cordless_single_cell,9,"[24, 30, 36, 42, 48, 54, 60, 66, 72, 84, 96, 108, 120]",90,"[353, 412, 439, 484, 525, 618, 661, 707, 797, 888, 1002, 1120, 1235]",norman-retail-guide-2026-09,10,10,MATCH,Exact width header and height/price row on cited program page
honeycomb,honeycomb_9_16in_cordless_single_cell,10,"[24, 30, 36, 42, 48, 54, 60, 66, 72, 84, 96, 108, 120]",96,"[365, 423, 451, 499, 544, 640, 688, 737, 829, 927, 1043, 1157, 1274]",norman-retail-guide-2026-09,10,10,MATCH,Exact width header and height/price row on cited program page
honeycomb,honeycomb_9_16in_cordless_single_cell,11,"[24, 30, 36, 42, 48, 54, 60, 66, 72, 84, 96, 108, 120]",108,"[401, 471, 508, 565, 618, 730, 791, 843, 956, 1011, 1122, 1233, 1347]",norman-retail-guide-2026-09,10,10,MATCH,Exact width header and height/price row on cited program page
honeycomb,honeycomb_9_16in_cordless_single_cell,12,"[24, 30, 36, 42, 48, 54, 60, 66, 72, 84, 96, 108, 120]",120,"[439, 520, 565, 625, 692, 823, 887, 952, 1083, 1173, 1281, 1388, 1494]",norman-retail-guide-2026-09,10,10,MATCH,Exact width header and height/price row on cited program page
honeycomb,honeycomb_9_16in_cordless_single_cell,13,"[24, 30, 36, 42, 48, 54, 60, 66, 72, 84, 96, 108, 120]",144,"[519, 622, 674, 748, 838, 1007, 1080, 1173, 1264, 1389, 1500, 1694, 1790]",norman-retail-guide-2026-09,10,10,MATCH,Exact width header and height/price row on cited program page
honeycomb,honeycomb_3_8in_cordless_single_and_3_4in_single,0,"[24, 30, 36, 42, 48, 54, 60, 66, 72, 84, 96, 108, 120]",36,"[270, 336, 351, 387, 418, 448, 472, 569, 600, 666, 727, 868, 1153]",norman-retail-guide-2026-09,10,10,MATCH,Exact width header and height/price row on cited program page
honeycomb,honeycomb_3_8in_cordless_single_and_3_4in_single,1,"[24, 30, 36, 42, 48, 54, 60, 66, 72, 84, 96, 108, 120]",42,"[311, 347, 367, 404, 437, 471, 501, 601, 635, 705, 770, 924, 1227]",norman-retail-guide-2026-09,10,10,MATCH,Exact width header and height/price row on cited program page
honeycomb,honeycomb_3_8in_cordless_single_and_3_4in_single,2,"[24, 30, 36, 42, 48, 54, 60, 66, 72, 84, 96, 108, 120]",48,"[319, 359, 382, 424, 484, 497, 527, 634, 672, 747, 821, 981, 1301]",norman-retail-guide-2026-09,10,10,MATCH,Exact width header and height/price row on cited program page
honeycomb,honeycomb_3_8in_cordless_single_and_3_4in_single,3,"[24, 30, 36, 42, 48, 54, 60, 66, 72, 84, 96, 108, 120]",54,"[334, 373, 398, 443, 500, 522, 552, 669, 707, 791, 868, 1035, 1365]",norman-retail-guide-2026-09,10,10,MATCH,Exact width header and height/price row on cited program page
honeycomb,honeycomb_3_8in_cordless_single_and_3_4in_single,4,"[24, 30, 36, 42, 48, 54, 60, 66, 72, 84, 96, 108, 120]",60,"[342, 394, 415, 465, 527, 546, 577, 705, 744, 843, 920, 1097, 1446]",norman-retail-guide-2026-09,10,10,MATCH,Exact width header and height/price row on cited program page
honeycomb,honeycomb_3_8in_cordless_single_and_3_4in_single,5,"[24, 30, 36, 42, 48, 54, 60, 66, 72, 84, 96, 108, 120]",66,"[367, 423, 443, 482, 532, 566, 605, 739, 779, 872, 968, 1148, 1515]",norman-retail-guide-2026-09,10,10,MATCH,Exact width header and height/price row on cited program page
honeycomb,honeycomb_3_8in_cordless_single_and_3_4in_single,6,"[24, 30, 36, 42, 48, 54, 60, 66, 72, 84, 96, 108, 120]",72,"[376, 434, 456, 502, 543, 595, 635, 770, 820, 925, 1017, 1206, 1593]",norman-retail-guide-2026-09,10,10,MATCH,Exact width header and height/price row on cited program page
honeycomb,honeycomb_3_8in_cordless_single_and_3_4in_single,7,"[24, 30, 36, 42, 48, 54, 60, 66, 72, 84, 96, 108, 120]",78,"[438, 504, 537, 590, 639, 699, 747, 800, 850, 956, 1061, 1258, 1657]",norman-retail-guide-2026-09,10,10,MATCH,Exact width header and height/price row on cited program page
honeycomb,honeycomb_3_8in_cordless_single_and_3_4in_single,8,"[24, 30, 36, 42, 48, 54, 60, 66, 72, 84, 96, 108, 120]",84,"[449, 523, 554, 608, 666, 727, 779, 830, 888, 999, 1108, 1316, 1727]",norman-retail-guide-2026-09,10,10,MATCH,Exact width header and height/price row on cited program page
honeycomb,honeycomb_3_8in_cordless_single_and_3_4in_single,9,"[24, 30, 36, 42, 48, 54, 60, 66, 72, 84, 96, 108, 120]",90,"[465, 537, 573, 629, 688, 752, 810, 866, 924, 1042, 1155, 1369, 1797]",norman-retail-guide-2026-09,10,10,MATCH,Exact width header and height/price row on cited program page
honeycomb,honeycomb_3_8in_cordless_single_and_3_4in_single,10,"[24, 30, 36, 42, 48, 54, 60, 66, 72, 84, 96, 108, 120]",96,"[474, 552, 592, 650, 713, 780, 841, 897, 960, 1082, 1204, 1425, 1873]",norman-retail-guide-2026-09,10,10,MATCH,Exact width header and height/price row on cited program page
honeycomb,honeycomb_3_8in_cordless_single_and_3_4in_single,11,"[24, 30, 36, 42, 48, 54, 60, 66, 72, 84, 96, 108, 120]",108,"[507, 596, 639, 705, 778, 850, 919, 987, 1057, 1195, 1331, 1576, 2066]",norman-retail-guide-2026-09,10,10,MATCH,Exact width header and height/price row on cited program page
honeycomb,honeycomb_3_8in_cordless_single_and_3_4in_single,12,"[24, 30, 36, 42, 48, 54, 60, 66, 72, 84, 96, 108, 120]",120,"[543, 636, 688, 764, 842, 922, 999, 1074, 1149, 1312, 1459, 1726, 2256]",norman-retail-guide-2026-09,10,10,MATCH,Exact width header and height/price row on cited program page
honeycomb,honeycomb_3_8in_cordless_single_and_3_4in_single,13,"[24, 30, 36, 42, 48, 54, 60, 66, 72, 84, 96, 108, 120]",144,"[572, 676, 749, 820, 904, 997, 1079, 1162, 1249, 1422, 1652, 1874, 2450]",norman-retail-guide-2026-09,10,10,MATCH,Exact width header and height/price row on cited program page
honeycomb,honeycomb_1_2in_cordless_double,0,"[24, 30, 36, 42, 48, 54, 60, 66, 72, 84, 96, 108, 120]",36,"[281, 347, 364, 402, 433, 464, 490, 592, 623, 690, 752, 900, 1195]",norman-retail-guide-2026-09,11,11,MATCH,Exact width header and height/price row on cited program page
honeycomb,honeycomb_1_2in_cordless_double,1,"[24, 30, 36, 42, 48, 54, 60, 66, 72, 84, 96, 108, 120]",42,"[323, 359, 382, 420, 453, 487, 520, 624, 659, 733, 800, 960, 1275]",norman-retail-guide-2026-09,11,11,MATCH,Exact width header and height/price row on cited program page
honeycomb,honeycomb_1_2in_cordless_double,2,"[24, 30, 36, 42, 48, 54, 60, 66, 72, 84, 96, 108, 120]",48,"[333, 373, 397, 440, 501, 515, 545, 658, 698, 775, 852, 1018, 1352]",norman-retail-guide-2026-09,11,11,MATCH,Exact width header and height/price row on cited program page
honeycomb,honeycomb_1_2in_cordless_double,3,"[24, 30, 36, 42, 48, 54, 60, 66, 72, 84, 96, 108, 120]",54,"[346, 388, 411, 460, 519, 541, 573, 695, 736, 818, 900, 1073, 1417]",norman-retail-guide-2026-09,11,11,MATCH,Exact width header and height/price row on cited program page
honeycomb,honeycomb_1_2in_cordless_double,4,"[24, 30, 36, 42, 48, 54, 60, 66, 72, 84, 96, 108, 120]",60,"[356, 407, 430, 483, 545, 567, 601, 733, 772, 874, 955, 1139, 1500]",norman-retail-guide-2026-09,11,11,MATCH,Exact width header and height/price row on cited program page
honeycomb,honeycomb_1_2in_cordless_double,5,"[24, 30, 36, 42, 48, 54, 60, 66, 72, 84, 96, 108, 120]",66,"[382, 439, 460, 499, 549, 587, 628, 767, 810, 904, 1004, 1192, 1572]",norman-retail-guide-2026-09,11,11,MATCH,Exact width header and height/price row on cited program page
honeycomb,honeycomb_1_2in_cordless_double,6,"[24, 30, 36, 42, 48, 54, 60, 66, 72, 84, 96, 108, 120]",72,"[390, 450, 472, 522, 563, 616, 659, 800, 849, 963, 1055, 1253, 1652]",norman-retail-guide-2026-09,11,11,MATCH,Exact width header and height/price row on cited program page
honeycomb,honeycomb_1_2in_cordless_double,7,"[24, 30, 36, 42, 48, 54, 60, 66, 72, 84, 96, 108, 120]",78,"[454, 526, 558, 609, 665, 725, 775, 830, 882, 992, 1100, 1309, 1722]",norman-retail-guide-2026-09,11,11,MATCH,Exact width header and height/price row on cited program page
honeycomb,honeycomb_1_2in_cordless_double,8,"[24, 30, 36, 42, 48, 54, 60, 66, 72, 84, 96, 108, 120]",84,"[465, 542, 574, 630, 690, 752, 810, 863, 921, 1037, 1149, 1365, 1795]",norman-retail-guide-2026-09,11,11,MATCH,Exact width header and height/price row on cited program page
honeycomb,honeycomb_1_2in_cordless_double,9,"[24, 30, 36, 42, 48, 54, 60, 66, 72, 84, 96, 108, 120]",90,"[483, 558, 595, 652, 712, 780, 840, 898, 960, 1081, 1200, 1422, 1867]",norman-retail-guide-2026-09,11,11,MATCH,Exact width header and height/price row on cited program page
honeycomb,honeycomb_1_2in_cordless_double,10,"[24, 30, 36, 42, 48, 54, 60, 66, 72, 84, 96, 108, 120]",96,"[493, 573, 613, 674, 739, 811, 871, 933, 998, 1123, 1251, 1479, 1945]",norman-retail-guide-2026-09,11,11,MATCH,Exact width header and height/price row on cited program page
honeycomb,honeycomb_1_2in_cordless_double,11,"[24, 30, 36, 42, 48, 54, 60, 66, 72, 84, 96, 108, 120]",108,"[527, 617, 665, 733, 809, 882, 953, 1022, 1095, 1243, 1383, 1635, 2144]",norman-retail-guide-2026-09,11,11,MATCH,Exact width header and height/price row on cited program page
honeycomb,honeycomb_1_2in_cordless_double,12,"[24, 30, 36, 42, 48, 54, 60, 66, 72, 84, 96, 108, 120]",120,"[563, 660, 712, 793, 873, 956, 1037, 1116, 1193, 1361, 1516, 1793, 2341]",norman-retail-guide-2026-09,11,11,MATCH,Exact width header and height/price row on cited program page
honeycomb,honeycomb_1_2in_cordless_double,13,"[24, 30, 36, 42, 48, 54, 60, 66, 72, 84, 96, 108, 120]",144,"[594, 690, 766, 849, 939, 1035, 1120, 1206, 1295, 1475, 1650, 1946, 2543]",norman-retail-guide-2026-09,11,11,MATCH,Exact width header and height/price row on cited program page
honeycomb,honeycomb_3_4in_cordless_double_and_1_1_4in_single,0,"[24, 30, 36, 42, 48, 54, 60, 66, 72, 84, 96, 108, 120]",36,"[336, 416, 436, 483, 519, 555, 591, 707, 746, 827, 903, 1080, 1437]",norman-retail-guide-2026-09,11,11,MATCH,Exact width header and height/price row on cited program page
honeycomb,honeycomb_3_4in_cordless_double_and_1_1_4in_single,1,"[24, 30, 36, 42, 48, 54, 60, 66, 72, 84, 96, 108, 120]",42,"[387, 432, 457, 503, 544, 586, 625, 747, 792, 878, 960, 1152, 1529]",norman-retail-guide-2026-09,11,11,MATCH,Exact width header and height/price row on cited program page
honeycomb,honeycomb_3_4in_cordless_double_and_1_1_4in_single,2,"[24, 30, 36, 42, 48, 54, 60, 66, 72, 84, 96, 108, 120]",48,"[399, 446, 474, 529, 602, 620, 655, 789, 839, 932, 1021, 1220, 1622]",norman-retail-guide-2026-09,11,11,MATCH,Exact width header and height/price row on cited program page
honeycomb,honeycomb_3_4in_cordless_double_and_1_1_4in_single,3,"[24, 30, 36, 42, 48, 54, 60, 66, 72, 84, 96, 108, 120]",54,"[415, 465, 494, 549, 624, 648, 689, 831, 879, 983, 1080, 1288, 1700]",norman-retail-guide-2026-09,11,11,MATCH,Exact width header and height/price row on cited program page
honeycomb,honeycomb_3_4in_cordless_double_and_1_1_4in_single,4,"[24, 30, 36, 42, 48, 54, 60, 66, 72, 84, 96, 108, 120]",60,"[429, 490, 517, 577, 655, 680, 721, 878, 925, 1049, 1146, 1366, 1801]",norman-retail-guide-2026-09,11,11,MATCH,Exact width header and height/price row on cited program page
honeycomb,honeycomb_3_4in_cordless_double_and_1_1_4in_single,5,"[24, 30, 36, 42, 48, 54, 60, 66, 72, 84, 96, 108, 120]",66,"[457, 527, 549, 600, 660, 704, 753, 920, 970, 1088, 1204, 1430, 1885]",norman-retail-guide-2026-09,11,11,MATCH,Exact width header and height/price row on cited program page
honeycomb,honeycomb_3_4in_cordless_double_and_1_1_4in_single,6,"[24, 30, 36, 42, 48, 54, 60, 66, 72, 84, 96, 108, 120]",72,"[469, 541, 569, 626, 675, 739, 792, 960, 1020, 1154, 1265, 1503, 1981]",norman-retail-guide-2026-09,11,11,MATCH,Exact width header and height/price row on cited program page
honeycomb,honeycomb_3_4in_cordless_double_and_1_1_4in_single,7,"[24, 30, 36, 42, 48, 54, 60, 66, 72, 84, 96, 108, 120]",78,"[545, 629, 669, 733, 797, 871, 932, 995, 1058, 1190, 1320, 1570, 2067]",norman-retail-guide-2026-09,11,11,MATCH,Exact width header and height/price row on cited program page
honeycomb,honeycomb_3_4in_cordless_double_and_1_1_4in_single,8,"[24, 30, 36, 42, 48, 54, 60, 66, 72, 84, 96, 108, 120]",84,"[561, 649, 690, 759, 827, 903, 970, 1036, 1105, 1243, 1380, 1637, 2153]",norman-retail-guide-2026-09,11,11,MATCH,Exact width header and height/price row on cited program page
honeycomb,honeycomb_3_4in_cordless_double_and_1_1_4in_single,9,"[24, 30, 36, 42, 48, 54, 60, 66, 72, 84, 96, 108, 120]",90,"[577, 669, 713, 786, 854, 938, 1007, 1079, 1152, 1298, 1439, 1705, 2238]",norman-retail-guide-2026-09,11,11,MATCH,Exact width header and height/price row on cited program page
honeycomb,honeycomb_3_4in_cordless_double_and_1_1_4in_single,10,"[24, 30, 36, 42, 48, 54, 60, 66, 72, 84, 96, 108, 120]",96,"[592, 689, 736, 811, 887, 971, 1046, 1120, 1196, 1348, 1499, 1774, 2333]",norman-retail-guide-2026-09,11,11,MATCH,Exact width header and height/price row on cited program page
honeycomb,honeycomb_3_4in_cordless_double_and_1_1_4in_single,11,"[24, 30, 36, 42, 48, 54, 60, 66, 72, 84, 96, 108, 120]",108,"[630, 740, 797, 878, 969, 1058, 1145, 1228, 1316, 1490, 1658, 1963, 2571]",norman-retail-guide-2026-09,11,11,MATCH,Exact width header and height/price row on cited program page
honeycomb,honeycomb_3_4in_cordless_double_and_1_1_4in_single,12,"[24, 30, 36, 42, 48, 54, 60, 66, 72, 84, 96, 108, 120]",120,"[675, 793, 854, 951, 1047, 1148, 1243, 1341, 1431, 1632, 1818, 2149, 2809]",norman-retail-guide-2026-09,11,11,MATCH,Exact width header and height/price row on cited program page
honeycomb,honeycomb_3_4in_cordless_double_and_1_1_4in_single,13,"[24, 30, 36, 42, 48, 54, 60, 66, 72, 84, 96, 108, 120]",144,"[712, 810, 918, 1020, 1126, 1241, 1343, 1447, 1553, 1769, 1978, 2334, 3048]",norman-retail-guide-2026-09,11,11,MATCH,Exact width header and height/price row on cited program page
honeycomb,honeycomb_flame_resistant_fabrics,0,"[24, 30, 36, 42, 48, 54, 60, 66, 72, 84, 96, 108, 120]",36,"[471, 587, 611, 676, 730, 780, 826, 992, 1048, 1162, 1268, 1518, 1766]",norman-retail-guide-2026-09,11,11,MATCH,Exact width header and height/price row on cited program page
honeycomb,honeycomb_flame_resistant_fabrics,1,"[24, 30, 36, 42, 48, 54, 60, 66, 72, 84, 96, 108, 120]",42,"[543, 605, 641, 705, 765, 823, 875, 1049, 1111, 1233, 1348, 1618, 1887]",norman-retail-guide-2026-09,11,11,MATCH,Exact width header and height/price row on cited program page
honeycomb,honeycomb_flame_resistant_fabrics,2,"[24, 30, 36, 42, 48, 54, 60, 66, 72, 84, 96, 108, 120]",48,"[558, 629, 667, 742, 846, 868, 920, 1108, 1176, 1309, 1433, 1713, 1993]",norman-retail-guide-2026-09,11,11,MATCH,Exact width header and height/price row on cited program page
honeycomb,honeycomb_flame_resistant_fabrics,3,"[24, 30, 36, 42, 48, 54, 60, 66, 72, 84, 96, 108, 120]",54,"[581, 651, 695, 772, 873, 911, 966, 1169, 1238, 1381, 1518, 1810, 2104]",norman-retail-guide-2026-09,11,11,MATCH,Exact width header and height/price row on cited program page
honeycomb,honeycomb_flame_resistant_fabrics,4,"[24, 30, 36, 42, 48, 54, 60, 66, 72, 84, 96, 108, 120]",60,"[600, 689, 725, 813, 920, 956, 1010, 1233, 1300, 1475, 1609, 1919, 2231]",norman-retail-guide-2026-09,11,11,MATCH,Exact width header and height/price row on cited program page
honeycomb,honeycomb_flame_resistant_fabrics,5,"[24, 30, 36, 42, 48, 54, 60, 66, 72, 84, 96, 108, 120]",66,"[641, 739, 772, 842, 932, 989, 1058, 1291, 1363, 1525, 1693, 2009, 2325]",norman-retail-guide-2026-09,11,11,MATCH,Exact width header and height/price row on cited program page
honeycomb,honeycomb_flame_resistant_fabrics,6,"[24, 30, 36, 42, 48, 54, 60, 66, 72, 84, 96, 108, 120]",72,"[658, 759, 798, 877, 949, 1039, 1111, 1348, 1432, 1619, 1777, 2109, 2440]",norman-retail-guide-2026-09,11,11,MATCH,Exact width header and height/price row on cited program page
honeycomb,honeycomb_flame_resistant_fabrics,7,"[24, 30, 36, 42, 48, 54, 60, 66, 72, 84, 96, 108, 120]",78,"[767, 882, 939, 1029, 1116, 1221, 1309, 1399, 1487, 1672, 1854, 2202, 2548]",norman-retail-guide-2026-09,11,11,MATCH,Exact width header and height/price row on cited program page
honeycomb,honeycomb_flame_resistant_fabrics,8,"[24, 30, 36, 42, 48, 54, 60, 66, 72, 84, 96, 108, 120]",84,"[782, 913, 968, 1064, 1162, 1268, 1363, 1452, 1552, 1746, 1937, 2303, 2667]",norman-retail-guide-2026-09,11,11,MATCH,Exact width header and height/price row on cited program page
honeycomb,honeycomb_flame_resistant_fabrics,9,"[24, 30, 36, 42, 48, 54, 60, 66, 72, 84, 96, 108, 120]",90,"[813, 939, 1001, 1098, 1200, 1316, 1416, 1515, 1618, 1822, 2019, 2397, 2774]",norman-retail-guide-2026-09,11,11,MATCH,Exact width header and height/price row on cited program page
honeycomb,honeycomb_flame_resistant_fabrics,10,"[24, 30, 36, 42, 48, 54, 60, 66, 72, 84, 96, 108, 120]",96,"[828, 966, 1033, 1138, 1247, 1365, 1471, 1569, 1679, 1892, 2105, 2492, 2879]",norman-retail-guide-2026-09,11,11,MATCH,Exact width header and height/price row on cited program page
honeycomb,honeycomb_flame_resistant_fabrics,11,"[24, 30, 36, 42, 48, 54, 60, 66, 72, 84, 96, 108, 120]",108,"[887, 1041, 1116, 1233, 1361, 1487, 1606, 1726, 1847, 2092, 2329, 2756, 3184]",norman-retail-guide-2026-09,11,11,MATCH,Exact width header and height/price row on cited program page
honeycomb,honeycomb_flame_resistant_fabrics,12,"[24, 30, 36, 42, 48, 54, 60, 66, 72, 84, 96, 108, 120]",120,"[949, 1113, 1200, 1333, 1473, 1612, 1746, 1878, 2011, 2293, 2554, 3019, 3486]",norman-retail-guide-2026-09,11,11,MATCH,Exact width header and height/price row on cited program page
honeycomb,honeycomb_3_4in_cordless_single_and_1_1_4in_single_pg1,0,"[24, 30, 36, 42, 48, 54, 60, 66, 72, 84, 86]",36,"[402, 499, 522, 577, 623, 667, 705, 847, 895, 991, 1083]",norman-retail-guide-2026-09,12,12,MATCH,Exact width header and height/price row on cited program page
honeycomb,honeycomb_3_4in_cordless_single_and_1_1_4in_single_pg1,1,"[24, 30, 36, 42, 48, 54, 60, 66, 72, 84, 86]",42,"[465, 517, 547, 604, 651, 701, 747, 896, 948, 1054, 1152]",norman-retail-guide-2026-09,12,12,MATCH,Exact width header and height/price row on cited program page
honeycomb,honeycomb_3_4in_cordless_single_and_1_1_4in_single_pg1,2,"[24, 30, 36, 42, 48, 54, 60, 66, 72, 84, 86]",48,"[477, 535, 569, 635, 721, 743, 785, 943, 1004, 1116, 1225]",norman-retail-guide-2026-09,12,12,MATCH,Exact width header and height/price row on cited program page
honeycomb,honeycomb_3_4in_cordless_single_and_1_1_4in_single_pg1,3,"[24, 30, 36, 42, 48, 54, 60, 66, 72, 84, 86]",54,"[498, 558, 591, 661, 746, 776, 824, 997, 1055, 1177, 1294]",norman-retail-guide-2026-09,12,12,MATCH,Exact width header and height/price row on cited program page
honeycomb,honeycomb_3_4in_cordless_single_and_1_1_4in_single_pg1,4,"[24, 30, 36, 42, 48, 54, 60, 66, 72, 84, 86]",60,"[512, 587, 618, 695, 785, 815, 865, 1054, 1111, 1257, 1373]",norman-retail-guide-2026-09,12,12,MATCH,Exact width header and height/price row on cited program page
honeycomb,honeycomb_3_4in_cordless_single_and_1_1_4in_single_pg1,5,"[24, 30, 36, 42, 48, 54, 60, 66, 72, 84, 86]",66,"[547, 633, 661, 717, 793, 844, 903, 1102, 1162, 1301, 1445]",norman-retail-guide-2026-09,12,12,MATCH,Exact width header and height/price row on cited program page
honeycomb,honeycomb_3_4in_cordless_single_and_1_1_4in_single_pg1,6,"[24, 30, 36, 42, 48, 54, 60, 66, 72, 84, 86]",72,"[563, 647, 679, 749, 811, 888, 948, 1152, 1222, 1383, 1518]",norman-retail-guide-2026-09,12,12,MATCH,Exact width header and height/price row on cited program page
honeycomb,honeycomb_3_4in_cordless_single_and_1_1_4in_single_pg1,7,"[24, 30, 36, 42, 48, 54, 60, 66, 72, 84, 86]",78,"[652, 753, 800, 877, 955, 1044, 1116, 1192, 1267, 1426, 1583]",norman-retail-guide-2026-09,12,12,MATCH,Exact width header and height/price row on cited program page
honeycomb,honeycomb_3_4in_cordless_single_and_1_1_4in_single_pg1,8,"[24, 30, 36, 42, 48, 54, 60, 66, 72, 84, 86]",84,"[671, 777, 827, 909, 991, 1083, 1162, 1241, 1325, 1490, 1653]",norman-retail-guide-2026-09,12,12,MATCH,Exact width header and height/price row on cited program page
honeycomb,honeycomb_3_4in_cordless_single_and_1_1_4in_single_pg1,9,"[24, 30, 36, 42, 48, 54, 60, 66, 72, 84, 86]",90,"[692, 800, 847, 941, 1016, 1127, 1208, 1291, 1379, 1557, 1725]",norman-retail-guide-2026-09,12,12,MATCH,Exact width header and height/price row on cited program page
honeycomb,honeycomb_3_4in_cordless_single_and_1_1_4in_single_pg1,10,"[24, 30, 36, 42, 48, 54, 60, 66, 72, 84, 86]",96,"[712, 822, 868, 973, 1041, 1172, 1253, 1342, 1432, 1624, 1797]",norman-retail-guide-2026-09,12,12,MATCH,Exact width header and height/price row on cited program page
honeycomb,honeycomb_3_4in_cordless_single_and_1_1_4in_single_pg1,11,"[24, 30, 36, 42, 48, 54, 60, 66, 72, 84, 86]",108,"[728, 837, 886, 1005, 1059, 1216, 1298, 1392, 1492, 1705, 1870]",norman-retail-guide-2026-09,12,12,MATCH,Exact width header and height/price row on cited program page
honeycomb,honeycomb_3_4in_cordless_single_and_1_1_4in_single_pg1,12,"[24, 30, 36, 42, 48, 54, 60, 66, 72, 84, 86]",120,"[743, 851, 905, 1037, 1078, 1260, 1344, 1442, 1552, 1787, 1943]",norman-retail-guide-2026-09,12,12,MATCH,Exact width header and height/price row on cited program page
honeycomb,honeycomb_3_4in_cordless_single_and_1_1_4in_single_pg2,0,"[24, 30, 36, 42, 48, 54, 60, 66, 72, 84, 86]",36,"[463, 573, 601, 666, 716, 767, 812, 975, 1029, 1140, 1244]",norman-retail-guide-2026-09,12,12,MATCH,Exact width header and height/price row on cited program page
honeycomb,honeycomb_3_4in_cordless_single_and_1_1_4in_single_pg2,1,"[24, 30, 36, 42, 48, 54, 60, 66, 72, 84, 86]",42,"[534, 595, 630, 696, 749, 806, 862, 1030, 1091, 1212, 1323]",norman-retail-guide-2026-09,12,12,MATCH,Exact width header and height/price row on cited program page
honeycomb,honeycomb_3_4in_cordless_single_and_1_1_4in_single_pg2,2,"[24, 30, 36, 42, 48, 54, 60, 66, 72, 84, 86]",48,"[548, 616, 651, 730, 830, 854, 902, 1086, 1155, 1283, 1410]",norman-retail-guide-2026-09,12,12,MATCH,Exact width header and height/price row on cited program page
honeycomb,honeycomb_3_4in_cordless_single_and_1_1_4in_single_pg2,3,"[24, 30, 36, 42, 48, 54, 60, 66, 72, 84, 86]",54,"[572, 641, 677, 762, 861, 894, 948, 1145, 1215, 1353, 1489]",norman-retail-guide-2026-09,12,12,MATCH,Exact width header and height/price row on cited program page
honeycomb,honeycomb_3_4in_cordless_single_and_1_1_4in_single_pg2,4,"[24, 30, 36, 42, 48, 54, 60, 66, 72, 84, 86]",60,"[591, 675, 712, 798, 902, 939, 994, 1212, 1278, 1447, 1579]",norman-retail-guide-2026-09,12,12,MATCH,Exact width header and height/price row on cited program page
honeycomb,honeycomb_3_4in_cordless_single_and_1_1_4in_single_pg2,5,"[24, 30, 36, 42, 48, 54, 60, 66, 72, 84, 86]",66,"[630, 728, 762, 827, 910, 971, 1039, 1267, 1336, 1498, 1659]",norman-retail-guide-2026-09,12,12,MATCH,Exact width header and height/price row on cited program page
honeycomb,honeycomb_3_4in_cordless_single_and_1_1_4in_single_pg2,6,"[24, 30, 36, 42, 48, 54, 60, 66, 72, 84, 86]",72,"[647, 744, 780, 864, 933, 1020, 1091, 1323, 1405, 1592, 1744]",norman-retail-guide-2026-09,12,12,MATCH,Exact width header and height/price row on cited program page
honeycomb,honeycomb_3_4in_cordless_single_and_1_1_4in_single_pg2,7,"[24, 30, 36, 42, 48, 54, 60, 66, 72, 84, 86]",78,"[750, 869, 921, 1011, 1097, 1201, 1283, 1372, 1458, 1642, 1821]",norman-retail-guide-2026-09,12,12,MATCH,Exact width header and height/price row on cited program page
honeycomb,honeycomb_3_4in_cordless_single_and_1_1_4in_single_pg2,8,"[24, 30, 36, 42, 48, 54, 60, 66, 72, 84, 86]",84,"[771, 895, 950, 1044, 1140, 1244, 1336, 1427, 1523, 1714, 1902]",norman-retail-guide-2026-09,12,12,MATCH,Exact width header and height/price row on cited program page
honeycomb,honeycomb_3_4in_cordless_single_and_1_1_4in_single_pg2,9,"[24, 30, 36, 42, 48, 54, 60, 66, 72, 84, 86]",90,"[799, 930, 988, 1086, 1189, 1296, 1397, 1483, 1587, 1787, 1984]",norman-retail-guide-2026-09,12,12,MATCH,Exact width header and height/price row on cited program page
honeycomb,honeycomb_3_4in_cordless_single_and_1_1_4in_single_pg2,10,"[24, 30, 36, 42, 48, 54, 60, 66, 72, 84, 86]",96,"[826, 964, 1025, 1127, 1239, 1349, 1458, 1538, 1650, 1859, 2067]",norman-retail-guide-2026-09,12,12,MATCH,Exact width header and height/price row on cited program page
honeycomb,honeycomb_3_4in_cordless_single_and_1_1_4in_single_pg2,11,"[24, 30, 36, 42, 48, 54, 60, 66, 72, 84, 86]",108,"[860, 1007, 1072, 1178, 1295, 1412, 1526, 1595, 1711, 1931, 2150]",norman-retail-guide-2026-09,12,12,MATCH,Exact width header and height/price row on cited program page
honeycomb,honeycomb_3_4in_cordless_single_and_1_1_4in_single_pg2,12,"[24, 30, 36, 42, 48, 54, 60, 66, 72, 84, 86]",120,"[880, 1033, 1101, 1211, 1337, 1454, 1579, 1650, 1776, 2003, 2189]",norman-retail-guide-2026-09,12,12,MATCH,Exact width header and height/price row on cited program page
palladian_shelf,palladian_shelf_palladian_shelf_with_product,0,"[24, 32, 36, 42, 48, 54, 60, 66, 72, 78, 84, 90, 96]",,"[122, 161, 180, 211, 242, 270, 301, 328, 361, 389, 420, 450, 479]",norman-retail-guide-2026-09,37,37,MATCH,Exact width header and width-only price row on cited program page
palladian_shelf,palladian_shelf_palladian_shelf_without_product,0,"[24, 32, 36, 42, 48, 54, 60, 66, 72, 78, 84, 90, 96]",,"[302, 401, 450, 526, 603, 673, 750, 820, 901, 971, 1048, 1121, 1195]",norman-retail-guide-2026-09,37,37,MATCH,Exact width header and width-only price row on cited program page
perfectsheer,perfectsheer_perfectsheer_shades_light_filtering,0,"[24, 30, 36, 42, 48, 54, 60, 66, 72, 78, 84, 90, 98, 104, 110]",36,"[624, 698, 774, 846, 921, 1005, 1074, 1155, 1342, 1425, 1502, 1581, 1653, 1726, 1800]",norman-retail-guide-2026-09,22,22,MATCH,Exact width header and height/price row on cited program page
perfectsheer,perfectsheer_perfectsheer_shades_light_filtering,1,"[24, 30, 36, 42, 48, 54, 60, 66, 72, 78, 84, 90, 98, 104, 110]",42,"[651, 727, 793, 873, 951, 1039, 1118, 1196, 1388, 1470, 1553, 1629, 1713, 1797, 1879]",norman-retail-guide-2026-09,22,22,MATCH,Exact width header and height/price row on cited program page
perfectsheer,perfectsheer_perfectsheer_shades_light_filtering,2,"[24, 30, 36, 42, 48, 54, 60, 66, 72, 78, 84, 90, 98, 104, 110]",48,"[693, 762, 838, 922, 1010, 1105, 1195, 1288, 1475, 1557, 1651, 1740, 1829, 1916, 2004]",norman-retail-guide-2026-09,22,22,MATCH,Exact width header and height/price row on cited program page
perfectsheer,perfectsheer_perfectsheer_shades_light_filtering,3,"[24, 30, 36, 42, 48, 54, 60, 66, 72, 78, 84, 90, 98, 104, 110]",54,"[715, 799, 879, 983, 1074, 1171, 1275, 1372, 1557, 1657, 1746, 1852, 1950, 2050, 2149]",norman-retail-guide-2026-09,22,22,MATCH,Exact width header and height/price row on cited program page
perfectsheer,perfectsheer_perfectsheer_shades_light_filtering,4,"[24, 30, 36, 42, 48, 54, 60, 66, 72, 78, 84, 90, 98, 104, 110]",60,"[750, 841, 927, 1029, 1128, 1243, 1348, 1461, 1644, 1751, 1862, 1974, 2081, 2187, 2294]",norman-retail-guide-2026-09,22,22,MATCH,Exact width header and height/price row on cited program page
perfectsheer,perfectsheer_perfectsheer_shades_light_filtering,5,"[24, 30, 36, 42, 48, 54, 60, 66, 72, 78, 84, 90, 98, 104, 110]",66,"[785, 878, 976, 1083, 1195, 1313, 1433, 1555, 1732, 1856, 1976, 2094, 2211, 2329, 2448]",norman-retail-guide-2026-09,22,22,MATCH,Exact width header and height/price row on cited program page
perfectsheer,perfectsheer_perfectsheer_shades_light_filtering,6,"[24, 30, 36, 42, 48, 54, 60, 66, 72, 78, 84, 90, 98, 104, 110]",72,"[815, 918, 1021, 1137, 1261, 1392, 1518, 1644, 1829, 1950, 2084, 2211, 2337, 2462, 2587]",norman-retail-guide-2026-09,22,22,MATCH,Exact width header and height/price row on cited program page
perfectsheer,perfectsheer_perfectsheer_shades_light_filtering,7,"[24, 30, 36, 42, 48, 54, 60, 66, 72, 78, 84, 90, 98, 104, 110]",78,"[837, 943, 1055, 1188, 1315, 1453, 1582, 1722, 1914, 2051, 2183, 2321, 2455, 2590, 2726]",norman-retail-guide-2026-09,22,22,MATCH,Exact width header and height/price row on cited program page
perfectsheer,perfectsheer_perfectsheer_shades_light_filtering,8,"[24, 30, 36, 42, 48, 54, 60, 66, 72, 78, 84, 90, 98, 104, 110]",84,"[870, 988, 1102, 1247, 1383, 1525, 1672, 1810, 2011, 2157, 2303, 2445, 2584, 2724, 2863]",norman-retail-guide-2026-09,22,22,MATCH,Exact width header and height/price row on cited program page
perfectsheer,perfectsheer_perfectsheer_shades_light_filtering,9,"[24, 30, 36, 42, 48, 54, 60, 66, 72, 78, 84, 90, 98, 104, 110]",90,"[905, 1019, 1147, 1301, 1453, 1605, 1749, 1901, 2105, 2260, 2413, 2564, 2719, 2872, 3025]",norman-retail-guide-2026-09,22,22,MATCH,Exact width header and height/price row on cited program page
perfectsheer,perfectsheer_perfectsheer_shades_light_filtering,10,"[24, 30, 36, 42, 48, 54, 60, 66, 72, 78, 84, 90, 98, 104, 110]",98,"[943, 1062, 1196, 1361, 1518, 1674, 1832, 1994, 2203, 2367, 2528, 2686, 2845, 3003, 3161]",norman-retail-guide-2026-09,22,22,MATCH,Exact width header and height/price row on cited program page
perfectsheer,perfectsheer_perfectsheer_shades_light_filtering,11,"[24, 30, 36, 42, 48, 54, 60, 66, 72, 78, 84, 90, 98, 104, 110]",102,"[983, 1103, 1249, 1421, 1579, 1741, 1915, 2083, 2302, 2475, 2645, 2808, 2972, 3136, 3299]",norman-retail-guide-2026-09,22,22,MATCH,Exact width header and height/price row on cited program page
perfectsheer,perfectsheer_perfectsheer_shades_light_filtering,12,"[24, 30, 36, 42, 48, 54, 60, 66, 72, 78, 84, 90, 98, 104, 110]",108,"[1020, 1146, 1298, 1479, 1644, 1807, 1998, 2175, 2398, 2581, 2758, 2928, 3099, 3267, 3437]",norman-retail-guide-2026-09,22,22,MATCH,Exact width header and height/price row on cited program page
perfectsheer,perfectsheer_perfectsheer_shades_light_filtering,13,"[24, 30, 36, 42, 48, 54, 60, 66, 72, 78, 84, 90, 98, 104, 110]",120,"[1058, 1188, 1348, 1539, 1706, 1874, 2081, 2265, 2496, 2687, 2873, 3050, 3225, 3399, 3574]",norman-retail-guide-2026-09,22,22,MATCH,Exact width header and height/price row on cited program page
roller,roller_cordless_fabric_price_group_1_pg1,0,"[24, 30, 36, 42, 48, 54, 60, 66, 72, 78, 84, 90, 96, 108, 120]",36,"[254, 273, 291, 312, 333, 351, 371, 401, 429, 474, 500, 526, 551, 601, 652]",norman-retail-guide-2026-09,18,18,MATCH,Exact width header and height/price row on cited program page
roller,roller_cordless_fabric_price_group_1_pg1,1,"[24, 30, 36, 42, 48, 54, 60, 66, 72, 78, 84, 90, 96, 108, 120]",48,"[274, 298, 318, 345, 368, 397, 422, 464, 495, 547, 576, 608, 639, 697, 750]",norman-retail-guide-2026-09,18,18,MATCH,Exact width header and height/price row on cited program page
roller,roller_cordless_fabric_price_group_1_pg1,2,"[24, 30, 36, 42, 48, 54, 60, 66, 72, 78, 84, 90, 96, 108, 120]",60,"[296, 318, 346, 377, 414, 448, 482, 526, 566, 620, 655, 690, 717, 774, 826]",norman-retail-guide-2026-09,18,18,MATCH,Exact width header and height/price row on cited program page
roller,roller_cordless_fabric_price_group_1_pg1,3,"[24, 30, 36, 42, 48, 54, 60, 66, 72, 78, 84, 90, 96, 108, 120]",72,"[313, 345, 382, 420, 457, 497, 538, 591, 628, 689, 717, 749, 779, 841, 903]",norman-retail-guide-2026-09,18,18,MATCH,Exact width header and height/price row on cited program page
roller,roller_cordless_fabric_price_group_1_pg1,4,"[24, 30, 36, 42, 48, 54, 60, 66, 72, 78, 84, 90, 96, 108, 120]",84,"[336, 375, 418, 462, 503, 546, 592, 648, 683, 737, 774, 806, 841, 909, 982]",norman-retail-guide-2026-09,18,18,MATCH,Exact width header and height/price row on cited program page
roller,roller_cordless_fabric_price_group_1_pg1,5,"[24, 30, 36, 42, 48, 54, 60, 66, 72, 78, 84, 90, 96, 108, 120]",96,"[357, 406, 453, 501, 549, 598, 639, 696, 730, 791, 828, 866, 903, 982, 1055]",norman-retail-guide-2026-09,18,18,MATCH,Exact width header and height/price row on cited program page
roller,roller_cordless_fabric_price_group_1_pg1,6,"[24, 30, 36, 42, 48, 54, 60, 66, 72, 78, 84, 90, 96, 108, 120]",108,"[383, 437, 488, 544, 594, 640, 677, 737, 779, 842, 885, 923, 968, 1048, 1130]",norman-retail-guide-2026-09,18,18,MATCH,Exact width header and height/price row on cited program page
roller,roller_cordless_fabric_price_group_1_pg1,7,"[24, 30, 36, 42, 48, 54, 60, 66, 72, 78, 84, 90, 96, 108, 120]",120,"[409, 469, 526, 582, 636, 676, 719, 782, 828, 895, 941, 987, 1030, 1121, 1207]",norman-retail-guide-2026-09,18,18,MATCH,Exact width header and height/price row on cited program page
roller,roller_cordless_fabric_price_group_1_pg1,8,"[24, 30, 36, 42, 48, 54, 60, 66, 72, 78, 84, 90, 96, 108, 120]",132,"[435, 500, 560, 623, 670, 714, 762, 828, 873, 945, 995, 1042, 1092, 1188, 1286]",norman-retail-guide-2026-09,18,18,MATCH,Exact width header and height/price row on cited program page
roller,roller_cordless_fabric_price_group_1_pg1,9,"[24, 30, 36, 42, 48, 54, 60, 66, 72, 78, 84, 90, 96, 108, 120]",144,"[462, 530, 596, 649, 701, 750, 802, 871, 923, 997, 1050, 1103, 1155, 1255, 1362]",norman-retail-guide-2026-09,18,18,MATCH,Exact width header and height/price row on cited program page
roller,roller_cordless_fabric_price_group_2_pg2,0,"[24, 30, 36, 42, 48, 54, 60, 66, 72, 78, 84, 90, 96, 108, 120]",36,"[278, 299, 323, 341, 367, 389, 412, 446, 476, 529, 558, 587, 617, 672, 731]",norman-retail-guide-2026-09,18,18,MATCH,Exact width header and height/price row on cited program page
roller,roller_cordless_fabric_price_group_2_pg2,1,"[24, 30, 36, 42, 48, 54, 60, 66, 72, 78, 84, 90, 96, 108, 120]",48,"[301, 328, 353, 377, 406, 440, 471, 518, 549, 609, 647, 679, 713, 780, 843]",norman-retail-guide-2026-09,18,18,MATCH,Exact width header and height/price row on cited program page
roller,roller_cordless_fabric_price_group_2_pg2,2,"[24, 30, 36, 42, 48, 54, 60, 66, 72, 78, 84, 90, 96, 108, 120]",60,"[325, 353, 384, 420, 462, 497, 537, 587, 628, 692, 733, 772, 803, 868, 927]",norman-retail-guide-2026-09,18,18,MATCH,Exact width header and height/price row on cited program page
roller,roller_cordless_fabric_price_group_2_pg2,3,"[24, 30, 36, 42, 48, 54, 60, 66, 72, 78, 84, 90, 96, 108, 120]",72,"[349, 383, 422, 467, 509, 555, 600, 659, 703, 770, 803, 842, 873, 944, 1017]",norman-retail-guide-2026-09,18,18,MATCH,Exact width header and height/price row on cited program page
roller,roller_cordless_fabric_price_group_2_pg2,4,"[24, 30, 36, 42, 48, 54, 60, 66, 72, 78, 84, 90, 96, 108, 120]",84,"[370, 415, 465, 513, 562, 611, 661, 727, 765, 829, 868, 907, 944, 1023, 1103]",norman-retail-guide-2026-09,18,18,MATCH,Exact width header and height/price row on cited program page
roller,roller_cordless_fabric_price_group_2_pg2,5,"[24, 30, 36, 42, 48, 54, 60, 66, 72, 78, 84, 90, 96, 108, 120]",96,"[396, 449, 503, 561, 613, 670, 714, 777, 820, 887, 932, 973, 1017, 1103, 1189]",norman-retail-guide-2026-09,18,18,MATCH,Exact width header and height/price row on cited program page
roller,roller_cordless_fabric_price_group_2_pg2,6,"[24, 30, 36, 42, 48, 54, 60, 66, 72, 78, 84, 90, 96, 108, 120]",108,"[423, 486, 543, 605, 667, 717, 763, 829, 873, 945, 994, 1042, 1091, 1181, 1276]",norman-retail-guide-2026-09,18,18,MATCH,Exact width header and height/price row on cited program page
roller,roller_cordless_fabric_price_group_2_pg2,7,"[24, 30, 36, 42, 48, 54, 60, 66, 72, 78, 84, 90, 96, 108, 120]",120,"[454, 520, 591, 650, 708, 759, 809, 878, 932, 1005, 1055, 1107, 1157, 1261, 1359]",norman-retail-guide-2026-09,18,18,MATCH,Exact width header and height/price row on cited program page
roller,roller_cordless_fabric_price_group_2_pg2,8,"[24, 30, 36, 42, 48, 54, 60, 66, 72, 78, 84, 90, 96, 108, 120]",132,"[485, 558, 627, 697, 748, 801, 854, 932, 985, 1066, 1122, 1173, 1230, 1341, 1449]",norman-retail-guide-2026-09,18,18,MATCH,Exact width header and height/price row on cited program page
roller,roller_cordless_fabric_price_group_2_pg2,9,"[24, 30, 36, 42, 48, 54, 60, 66, 72, 78, 84, 90, 96, 108, 120]",144,"[513, 593, 668, 730, 785, 842, 898, 983, 1042, 1123, 1183, 1243, 1299, 1417, 1537]",norman-retail-guide-2026-09,18,18,MATCH,Exact width header and height/price row on cited program page
roller,roller_cordless_fabric_price_group_3_pg3,0,"[24, 30, 36, 42, 48, 54, 60, 66, 72, 78, 84, 90, 96, 108, 120]",36,"[307, 337, 365, 396, 424, 454, 485, 517, 552, 609, 645, 680, 719, 786, 856]",norman-retail-guide-2026-09,19,19,MATCH,Exact width header and height/price row on cited program page
roller,roller_cordless_fabric_price_group_3_pg3,1,"[24, 30, 36, 42, 48, 54, 60, 66, 72, 78, 84, 90, 96, 108, 120]",48,"[337, 372, 407, 443, 482, 522, 563, 605, 648, 715, 755, 800, 841, 927, 1002]",norman-retail-guide-2026-09,19,19,MATCH,Exact width header and height/price row on cited program page
roller,roller_cordless_fabric_price_group_3_pg3,2,"[24, 30, 36, 42, 48, 54, 60, 66, 72, 78, 84, 90, 96, 108, 120]",60,"[366, 407, 449, 497, 545, 594, 643, 693, 745, 817, 868, 918, 957, 1044, 1126]",norman-retail-guide-2026-09,19,19,MATCH,Exact width header and height/price row on cited program page
roller,roller_cordless_fabric_price_group_3_pg3,3,"[24, 30, 36, 42, 48, 54, 60, 66, 72, 78, 84, 90, 96, 108, 120]",72,"[398, 444, 498, 554, 613, 671, 725, 782, 839, 917, 964, 1011, 1054, 1153, 1247]",norman-retail-guide-2026-09,19,19,MATCH,Exact width header and height/price row on cited program page
roller,roller_cordless_fabric_price_group_3_pg3,4,"[24, 30, 36, 42, 48, 54, 60, 66, 72, 78, 84, 90, 96, 108, 120]",84,"[428, 487, 549, 617, 677, 740, 809, 869, 920, 999, 1049, 1103, 1154, 1261, 1366]",norman-retail-guide-2026-09,19,19,MATCH,Exact width header and height/price row on cited program page
roller,roller_cordless_fabric_price_group_3_pg3,5,"[24, 30, 36, 42, 48, 54, 60, 66, 72, 78, 84, 90, 96, 108, 120]",96,"[462, 530, 602, 674, 745, 817, 879, 940, 995, 1081, 1137, 1195, 1254, 1367, 1489]",norman-retail-guide-2026-09,19,19,MATCH,Exact width header and height/price row on cited program page
roller,roller_cordless_fabric_price_group_3_pg3,6,"[24, 30, 36, 42, 48, 54, 60, 66, 72, 78, 84, 90, 96, 108, 120]",108,"[497, 575, 656, 734, 813, 879, 944, 1005, 1071, 1160, 1226, 1289, 1352, 1480, 1608]",norman-retail-guide-2026-09,19,19,MATCH,Exact width header and height/price row on cited program page
roller,roller_cordless_fabric_price_group_3_pg3,7,"[24, 30, 36, 42, 48, 54, 60, 66, 72, 78, 84, 90, 96, 108, 120]",120,"[534, 622, 707, 792, 871, 940, 1011, 1079, 1148, 1242, 1314, 1382, 1451, 1592, 1731]",norman-retail-guide-2026-09,19,19,MATCH,Exact width header and height/price row on cited program page
roller,roller_cordless_fabric_price_group_3_pg3,8,"[24, 30, 36, 42, 48, 54, 60, 66, 72, 78, 84, 90, 96, 108, 120]",132,"[572, 667, 759, 846, 921, 999, 1071, 1148, 1225, 1325, 1398, 1473, 1549, 1704, 1852]",norman-retail-guide-2026-09,19,19,MATCH,Exact width header and height/price row on cited program page
roller,roller_cordless_fabric_price_group_3_pg3,9,"[24, 30, 36, 42, 48, 54, 60, 66, 72, 78, 84, 90, 96, 108, 120]",144,"[607, 708, 811, 897, 976, 1054, 1138, 1219, 1301, 1407, 1485, 1569, 1647, 1812, 1974]",norman-retail-guide-2026-09,19,19,MATCH,Exact width header and height/price row on cited program page
roller,roller_cordless_solar_screen_price_group_1_pg1,0,"[24, 30, 36, 42, 48, 54, 60, 66, 72, 78, 84, 90, 96, 108, 120]",36,"[240, 258, 278, 296, 314, 331, 362, 382, 406, 450, 474, 507, 533, 577, 628]",norman-retail-guide-2026-09,15,15,MATCH,Exact width header and height/price row on cited program page
roller,roller_cordless_solar_screen_price_group_1_pg1,1,"[24, 30, 36, 42, 48, 54, 60, 66, 72, 78, 84, 90, 96, 108, 120]",48,"[259, 282, 302, 325, 350, 372, 412, 439, 468, 519, 545, 587, 614, 671, 723]",norman-retail-guide-2026-09,15,15,MATCH,Exact width header and height/price row on cited program page
roller,roller_cordless_solar_screen_price_group_1_pg1,2,"[24, 30, 36, 42, 48, 54, 60, 66, 72, 78, 84, 90, 96, 108, 120]",60,"[281, 302, 326, 357, 390, 421, 467, 497, 535, 586, 618, 666, 692, 745, 795]",norman-retail-guide-2026-09,15,15,MATCH,Exact width header and height/price row on cited program page
roller,roller_cordless_solar_screen_price_group_1_pg1,3,"[24, 30, 36, 42, 48, 54, 60, 66, 72, 78, 84, 90, 96, 108, 120]",72,"[297, 325, 359, 397, 430, 468, 522, 558, 595, 650, 677, 721, 749, 809, 870]",norman-retail-guide-2026-09,15,15,MATCH,Exact width header and height/price row on cited program page
roller,roller_cordless_solar_screen_price_group_1_pg1,4,"[24, 30, 36, 42, 48, 54, 60, 66, 72, 78, 84, 90, 96, 108, 120]",84,"[318, 354, 394, 434, 474, 513, 573, 614, 645, 697, 745, 776, 809, 874, 941]",norman-retail-guide-2026-09,15,15,MATCH,Exact width header and height/price row on cited program page
roller,roller_cordless_solar_screen_price_group_1_pg1,5,"[24, 30, 36, 42, 48, 54, 60, 66, 72, 78, 84, 90, 96, 108, 120]",96,"[336, 383, 428, 471, 518, 563, 618, 656, 690, 745, 797, 831, 870, 941, 1015]",norman-retail-guide-2026-09,15,15,MATCH,Exact width header and height/price row on cited program page
roller,roller_cordless_solar_screen_price_group_1_pg1,6,"[24, 30, 36, 42, 48, 54, 60, 66, 72, 78, 84, 90, 96, 108, 120]",108,"[361, 411, 461, 511, 558, 600, 659, 697, 737, 795, 850, 890, 932, 1007, 1088]",norman-retail-guide-2026-09,15,15,MATCH,Exact width header and height/price row on cited program page
roller,roller_cordless_solar_screen_price_group_1_pg1,7,"[24, 30, 36, 42, 48, 54, 60, 66, 72, 78, 84, 90, 96, 108, 120]",120,"[387, 440, 495, 546, 597, 635, 697, 739, 780, 844, 903, 949, 990, 1078, 1160]",norman-retail-guide-2026-09,15,15,MATCH,Exact width header and height/price row on cited program page
roller,roller_cordless_solar_screen_price_group_1_pg1,8,"[24, 30, 36, 42, 48, 54, 60, 66, 72, 78, 84, 90, 96, 108, 120]",132,"[408, 470, 526, 582, 627, 670, 737, 780, 826, 894, 956, 1002, 1049, 1141, 1235]",norman-retail-guide-2026-09,15,15,MATCH,Exact width header and height/price row on cited program page
roller,roller_cordless_solar_screen_price_group_1_pg1,9,"[24, 30, 36, 42, 48, 54, 60, 66, 72, 78, 84, 90, 96, 108, 120]",144,"[434, 498, 561, 609, 659, 703, 777, 823, 872, 940, 1010, 1061, 1111, 1206, 1309]",norman-retail-guide-2026-09,15,15,MATCH,Exact width header and height/price row on cited program page
roller,roller_cordless_solar_screen_price_group_2_pg2,0,"[24, 30, 36, 42, 48, 54, 60, 66, 72, 78, 84, 90, 96, 108, 120]",36,"[261, 283, 306, 325, 346, 367, 406, 428, 454, 503, 530, 571, 600, 652, 711]",norman-retail-guide-2026-09,16,16,MATCH,Exact width header and height/price row on cited program page
roller,roller_cordless_solar_screen_price_group_2_pg2,1,"[24, 30, 36, 42, 48, 54, 60, 66, 72, 78, 84, 90, 96, 108, 120]",48,"[284, 309, 334, 357, 384, 416, 462, 495, 526, 581, 617, 660, 692, 761, 818]",norman-retail-guide-2026-09,16,16,MATCH,Exact width header and height/price row on cited program page
roller,roller_cordless_solar_screen_price_group_2_pg2,2,"[24, 30, 36, 42, 48, 54, 60, 66, 72, 78, 84, 90, 96, 108, 120]",60,"[307, 334, 361, 396, 434, 468, 525, 561, 600, 658, 699, 748, 779, 842, 898]",norman-retail-guide-2026-09,16,16,MATCH,Exact width header and height/price row on cited program page
roller,roller_cordless_solar_screen_price_group_2_pg2,3,"[24, 30, 36, 42, 48, 54, 60, 66, 72, 78, 84, 90, 96, 108, 120]",72,"[328, 359, 398, 439, 477, 522, 587, 627, 671, 733, 766, 817, 846, 918, 986]",norman-retail-guide-2026-09,16,16,MATCH,Exact width header and height/price row on cited program page
roller,roller_cordless_solar_screen_price_group_2_pg2,4,"[24, 30, 36, 42, 48, 54, 60, 66, 72, 78, 84, 90, 96, 108, 120]",84,"[351, 390, 437, 483, 527, 574, 645, 693, 728, 791, 842, 877, 918, 992, 1069]",norman-retail-guide-2026-09,16,16,MATCH,Exact width header and height/price row on cited program page
roller,roller_cordless_solar_screen_price_group_2_pg2,5,"[24, 30, 36, 42, 48, 54, 60, 66, 72, 78, 84, 90, 96, 108, 120]",96,"[372, 422, 474, 526, 575, 628, 699, 740, 778, 843, 902, 945, 986, 1069, 1153]",norman-retail-guide-2026-09,16,16,MATCH,Exact width header and height/price row on cited program page
roller,roller_cordless_solar_screen_price_group_2_pg2,6,"[24, 30, 36, 42, 48, 54, 60, 66, 72, 78, 84, 90, 96, 108, 120]",108,"[399, 456, 510, 571, 624, 672, 745, 791, 831, 902, 966, 1010, 1055, 1145, 1235]",norman-retail-guide-2026-09,16,16,MATCH,Exact width header and height/price row on cited program page
roller,roller_cordless_solar_screen_price_group_2_pg2,7,"[24, 30, 36, 42, 48, 54, 60, 66, 72, 78, 84, 90, 96, 108, 120]",120,"[428, 490, 551, 611, 667, 711, 791, 837, 887, 957, 1023, 1073, 1123, 1220, 1317]",norman-retail-guide-2026-09,16,16,MATCH,Exact width header and height/price row on cited program page
roller,roller_cordless_solar_screen_price_group_2_pg2,8,"[24, 30, 36, 42, 48, 54, 60, 66, 72, 78, 84, 90, 96, 108, 120]",132,"[454, 523, 591, 650, 701, 749, 835, 887, 936, 1014, 1086, 1139, 1190, 1297, 1400]",norman-retail-guide-2026-09,16,16,MATCH,Exact width header and height/price row on cited program page
roller,roller_cordless_solar_screen_price_group_2_pg2,9,"[24, 30, 36, 42, 48, 54, 60, 66, 72, 78, 84, 90, 96, 108, 120]",144,"[483, 554, 626, 684, 737, 789, 877, 935, 990, 1067, 1146, 1204, 1258, 1373, 1488]",norman-retail-guide-2026-09,16,16,MATCH,Exact width header and height/price row on cited program page
roller,roller_cordless_solar_screen_price_group_3_pg3,0,"[24, 30, 36, 42, 48, 54, 60, 66, 72, 78, 84, 90, 96, 108, 120]",36,"[290, 322, 346, 374, 404, 430, 460, 488, 522, 575, 608, 655, 690, 754, 822]",norman-retail-guide-2026-09,16,16,MATCH,Exact width header and height/price row on cited program page
roller,roller_cordless_solar_screen_price_group_3_pg3,1,"[24, 30, 36, 42, 48, 54, 60, 66, 72, 78, 84, 90, 96, 108, 120]",48,"[322, 354, 385, 419, 454, 495, 533, 573, 611, 673, 713, 768, 805, 891, 963]",norman-retail-guide-2026-09,16,16,MATCH,Exact width header and height/price row on cited program page
roller,roller_cordless_solar_screen_price_group_3_pg3,2,"[24, 30, 36, 42, 48, 54, 60, 66, 72, 78, 84, 90, 96, 108, 120]",60,"[349, 385, 423, 469, 515, 561, 605, 651, 701, 770, 815, 879, 918, 1000, 1079]",norman-retail-guide-2026-09,16,16,MATCH,Exact width header and height/price row on cited program page
roller,roller_cordless_solar_screen_price_group_3_pg3,3,"[24, 30, 36, 42, 48, 54, 60, 66, 72, 78, 84, 90, 96, 108, 120]",72,"[376, 420, 470, 525, 577, 633, 683, 738, 791, 863, 905, 969, 1013, 1105, 1194]",norman-retail-guide-2026-09,16,16,MATCH,Exact width header and height/price row on cited program page
roller,roller_cordless_solar_screen_price_group_3_pg3,4,"[24, 30, 36, 42, 48, 54, 60, 66, 72, 78, 84, 90, 96, 108, 120]",84,"[406, 462, 519, 579, 641, 699, 762, 818, 868, 940, 1006, 1057, 1106, 1206, 1312]",norman-retail-guide-2026-09,16,16,MATCH,Exact width header and height/price row on cited program page
roller,roller_cordless_solar_screen_price_group_3_pg3,5,"[24, 30, 36, 42, 48, 54, 60, 66, 72, 78, 84, 90, 96, 108, 120]",96,"[436, 501, 570, 636, 701, 770, 829, 885, 938, 1017, 1090, 1146, 1200, 1313, 1426]",norman-retail-guide-2026-09,16,16,MATCH,Exact width header and height/price row on cited program page
roller,roller_cordless_solar_screen_price_group_3_pg3,6,"[24, 30, 36, 42, 48, 54, 60, 66, 72, 78, 84, 90, 96, 108, 120]",108,"[469, 544, 620, 693, 766, 829, 890, 945, 1010, 1091, 1173, 1236, 1294, 1417, 1541]",norman-retail-guide-2026-09,16,16,MATCH,Exact width header and height/price row on cited program page
roller,roller_cordless_solar_screen_price_group_3_pg3,7,"[24, 30, 36, 42, 48, 54, 60, 66, 72, 78, 84, 90, 96, 108, 120]",120,"[503, 587, 668, 745, 821, 885, 950, 1015, 1080, 1169, 1256, 1325, 1389, 1523, 1657]",norman-retail-guide-2026-09,16,16,MATCH,Exact width header and height/price row on cited program page
roller,roller_cordless_solar_screen_price_group_3_pg3,8,"[24, 30, 36, 42, 48, 54, 60, 66, 72, 78, 84, 90, 96, 108, 120]",132,"[541, 627, 714, 799, 869, 940, 1010, 1080, 1152, 1246, 1341, 1413, 1482, 1628, 1772]",norman-retail-guide-2026-09,16,16,MATCH,Exact width header and height/price row on cited program page
roller,roller_cordless_solar_screen_price_group_3_pg3,9,"[24, 30, 36, 42, 48, 54, 60, 66, 72, 78, 84, 90, 96, 108, 120]",144,"[574, 669, 764, 844, 920, 992, 1070, 1146, 1222, 1320, 1422, 1499, 1576, 1732, 1888]",norman-retail-guide-2026-09,16,16,MATCH,Exact width header and height/price row on cited program page
roller,roller_cordless_fabric_price_group_4_pg4,0,"[24, 30, 36, 42, 48, 54, 60, 66, 72, 78, 84, 90, 96, 108, 120]",36,"[354, 388, 420, 456, 488, 523, 558, 595, 635, 701, 742, 782, 827, 904, 985]",norman-retail-guide-2026-09,19,19,MATCH,Exact width header and height/price row on cited program page
roller,roller_cordless_fabric_price_group_4_pg4,1,"[24, 30, 36, 42, 48, 54, 60, 66, 72, 78, 84, 90, 96, 108, 120]",48,"[388, 428, 469, 510, 555, 601, 648, 696, 746, 823, 869, 920, 968, 1067, 1153]",norman-retail-guide-2026-09,19,19,MATCH,Exact width header and height/price row on cited program page
roller,roller_cordless_fabric_price_group_4_pg4,2,"[24, 30, 36, 42, 48, 54, 60, 66, 72, 78, 84, 90, 96, 108, 120]",60,"[421, 469, 517, 572, 627, 684, 740, 797, 857, 940, 999, 1056, 1101, 1201, 1295]",norman-retail-guide-2026-09,19,19,MATCH,Exact width header and height/price row on cited program page
roller,roller_cordless_fabric_price_group_4_pg4,3,"[24, 30, 36, 42, 48, 54, 60, 66, 72, 78, 84, 90, 96, 108, 120]",72,"[458, 511, 573, 638, 705, 772, 834, 900, 965, 1055, 1109, 1163, 1213, 1326, 1435]",norman-retail-guide-2026-09,19,19,MATCH,Exact width header and height/price row on cited program page
roller,roller_cordless_fabric_price_group_4_pg4,4,"[24, 30, 36, 42, 48, 54, 60, 66, 72, 78, 84, 90, 96, 108, 120]",84,"[493, 561, 632, 710, 779, 851, 931, 1000, 1058, 1149, 1207, 1269, 1328, 1451, 1571]",norman-retail-guide-2026-09,19,19,MATCH,Exact width header and height/price row on cited program page
roller,roller_cordless_fabric_price_group_4_pg4,5,"[24, 30, 36, 42, 48, 54, 60, 66, 72, 78, 84, 90, 96, 108, 120]",96,"[532, 610, 693, 776, 857, 940, 1011, 1081, 1145, 1244, 1308, 1375, 1443, 1573, 1713]",norman-retail-guide-2026-09,19,19,MATCH,Exact width header and height/price row on cited program page
roller,roller_cordless_fabric_price_group_4_pg4,6,"[24, 30, 36, 42, 48, 54, 60, 66, 72, 78, 84, 90, 96, 108, 120]",108,"[572, 662, 755, 845, 935, 1011, 1086, 1156, 1232, 1334, 1410, 1483, 1555, 1702, 1850]",norman-retail-guide-2026-09,19,19,MATCH,Exact width header and height/price row on cited program page
roller,roller_cordless_fabric_price_group_4_pg4,7,"[24, 30, 36, 42, 48, 54, 60, 66, 72, 78, 84, 90, 96, 108, 120]",120,"[615, 716, 814, 911, 1002, 1081, 1163, 1241, 1321, 1429, 1512, 1590, 1669, 1831, 1991]",norman-retail-guide-2026-09,19,19,MATCH,Exact width header and height/price row on cited program page
roller,roller_cordless_fabric_price_group_4_pg4,8,"[24, 30, 36, 42, 48, 54, 60, 66, 72, 78, 84, 90, 96, 108, 120]",132,"[658, 768, 873, 973, 1060, 1149, 1232, 1321, 1409, 1524, 1608, 1694, 1782, 1960, 2130]",norman-retail-guide-2026-09,19,19,MATCH,Exact width header and height/price row on cited program page
roller,roller_cordless_fabric_price_group_4_pg4,9,"[24, 30, 36, 42, 48, 54, 60, 66, 72, 78, 84, 90, 96, 108, 120]",144,"[699, 815, 933, 1032, 1123, 1213, 1309, 1402, 1497, 1619, 1708, 1805, 1895, 2084, 2271]",norman-retail-guide-2026-09,19,19,MATCH,Exact width header and height/price row on cited program page
roller,roller_cordless_fabric_price_group_1_pg1_fall_2026,0,"[24, 30, 36, 42, 48, 54, 60, 66, 72, 78, 84, 90, 96, 108, 120]",36,"[254, 273, 291, 312, 333, 351, 371, 401, 429, 474, 500, 526, 551, 601, 652]",norman-retail-guide-2026-09,18,18,MATCH,Exact width header and height/price row on cited program page
roller,roller_cordless_fabric_price_group_1_pg1_fall_2026,1,"[24, 30, 36, 42, 48, 54, 60, 66, 72, 78, 84, 90, 96, 108, 120]",48,"[274, 298, 318, 345, 368, 397, 422, 464, 495, 547, 576, 608, 639, 697, 750]",norman-retail-guide-2026-09,18,18,MATCH,Exact width header and height/price row on cited program page
roller,roller_cordless_fabric_price_group_1_pg1_fall_2026,2,"[24, 30, 36, 42, 48, 54, 60, 66, 72, 78, 84, 90, 96, 108, 120]",60,"[296, 318, 346, 377, 414, 448, 482, 526, 566, 620, 655, 690, 717, 774, 826]",norman-retail-guide-2026-09,18,18,MATCH,Exact width header and height/price row on cited program page
roller,roller_cordless_fabric_price_group_1_pg1_fall_2026,3,"[24, 30, 36, 42, 48, 54, 60, 66, 72, 78, 84, 90, 96, 108, 120]",72,"[313, 345, 382, 420, 457, 497, 538, 591, 628, 689, 717, 749, 779, 841, 903]",norman-retail-guide-2026-09,18,18,MATCH,Exact width header and height/price row on cited program page
roller,roller_cordless_fabric_price_group_1_pg1_fall_2026,4,"[24, 30, 36, 42, 48, 54, 60, 66, 72, 78, 84, 90, 96, 108, 120]",84,"[336, 375, 418, 462, 503, 546, 592, 648, 683, 737, 774, 806, 841, 909, 982]",norman-retail-guide-2026-09,18,18,MATCH,Exact width header and height/price row on cited program page
roller,roller_cordless_fabric_price_group_1_pg1_fall_2026,5,"[24, 30, 36, 42, 48, 54, 60, 66, 72, 78, 84, 90, 96, 108, 120]",96,"[357, 406, 453, 501, 549, 598, 639, 696, 730, 791, 828, 866, 903, 982, 1055]",norman-retail-guide-2026-09,18,18,MATCH,Exact width header and height/price row on cited program page
roller,roller_cordless_fabric_price_group_1_pg1_fall_2026,6,"[24, 30, 36, 42, 48, 54, 60, 66, 72, 78, 84, 90, 96, 108, 120]",108,"[383, 437, 488, 544, 594, 640, 677, 737, 779, 842, 885, 923, 968, 1048, 1130]",norman-retail-guide-2026-09,18,18,MATCH,Exact width header and height/price row on cited program page
roller,roller_cordless_fabric_price_group_1_pg1_fall_2026,7,"[24, 30, 36, 42, 48, 54, 60, 66, 72, 78, 84, 90, 96, 108, 120]",120,"[409, 469, 526, 582, 636, 676, 719, 782, 828, 895, 941, 987, 1030, 1121, 1207]",norman-retail-guide-2026-09,18,18,MATCH,Exact width header and height/price row on cited program page
roller,roller_cordless_fabric_price_group_1_pg1_fall_2026,8,"[24, 30, 36, 42, 48, 54, 60, 66, 72, 78, 84, 90, 96, 108, 120]",132,"[435, 500, 560, 623, 670, 714, 762, 828, 873, 945, 995, 1042, 1092, 1188, 1286]",norman-retail-guide-2026-09,18,18,MATCH,Exact width header and height/price row on cited program page
roller,roller_cordless_fabric_price_group_1_pg1_fall_2026,9,"[24, 30, 36, 42, 48, 54, 60, 66, 72, 78, 84, 90, 96, 108, 120]",144,"[462, 530, 596, 649, 701, 750, 802, 871, 923, 997, 1050, 1103, 1155, 1255, 1362]",norman-retail-guide-2026-09,18,18,MATCH,Exact width header and height/price row on cited program page
roller,roller_cordless_fabric_price_group_2_pg2_fall_2026,0,"[24, 30, 36, 42, 48, 54, 60, 66, 72, 78, 84, 90, 96, 108, 120]",36,"[278, 299, 323, 341, 367, 389, 412, 446, 476, 529, 558, 587, 617, 672, 731]",norman-retail-guide-2026-09,18,18,MATCH,Exact width header and height/price row on cited program page
roller,roller_cordless_fabric_price_group_2_pg2_fall_2026,1,"[24, 30, 36, 42, 48, 54, 60, 66, 72, 78, 84, 90, 96, 108, 120]",48,"[301, 328, 353, 377, 406, 440, 471, 518, 549, 609, 647, 679, 713, 780, 843]",norman-retail-guide-2026-09,18,18,MATCH,Exact width header and height/price row on cited program page
roller,roller_cordless_fabric_price_group_2_pg2_fall_2026,2,"[24, 30, 36, 42, 48, 54, 60, 66, 72, 78, 84, 90, 96, 108, 120]",60,"[325, 353, 384, 420, 462, 497, 537, 587, 628, 692, 733, 772, 803, 868, 927]",norman-retail-guide-2026-09,18,18,MATCH,Exact width header and height/price row on cited program page
roller,roller_cordless_fabric_price_group_2_pg2_fall_2026,3,"[24, 30, 36, 42, 48, 54, 60, 66, 72, 78, 84, 90, 96, 108, 120]",72,"[349, 383, 422, 467, 509, 555, 600, 659, 703, 770, 803, 842, 873, 944, 1017]",norman-retail-guide-2026-09,18,18,MATCH,Exact width header and height/price row on cited program page
roller,roller_cordless_fabric_price_group_2_pg2_fall_2026,4,"[24, 30, 36, 42, 48, 54, 60, 66, 72, 78, 84, 90, 96, 108, 120]",84,"[370, 415, 465, 513, 562, 611, 661, 727, 765, 829, 868, 907, 944, 1023, 1103]",norman-retail-guide-2026-09,18,18,MATCH,Exact width header and height/price row on cited program page
roller,roller_cordless_fabric_price_group_2_pg2_fall_2026,5,"[24, 30, 36, 42, 48, 54, 60, 66, 72, 78, 84, 90, 96, 108, 120]",96,"[396, 449, 503, 561, 613, 670, 714, 777, 820, 887, 932, 973, 1017, 1103, 1189]",norman-retail-guide-2026-09,18,18,MATCH,Exact width header and height/price row on cited program page
roller,roller_cordless_fabric_price_group_2_pg2_fall_2026,6,"[24, 30, 36, 42, 48, 54, 60, 66, 72, 78, 84, 90, 96, 108, 120]",108,"[423, 486, 543, 605, 667, 717, 763, 829, 873, 945, 994, 1042, 1091, 1181, 1276]",norman-retail-guide-2026-09,18,18,MATCH,Exact width header and height/price row on cited program page
roller,roller_cordless_fabric_price_group_2_pg2_fall_2026,7,"[24, 30, 36, 42, 48, 54, 60, 66, 72, 78, 84, 90, 96, 108, 120]",120,"[454, 520, 591, 650, 708, 759, 809, 878, 932, 1005, 1055, 1107, 1157, 1261, 1359]",norman-retail-guide-2026-09,18,18,MATCH,Exact width header and height/price row on cited program page
roller,roller_cordless_fabric_price_group_2_pg2_fall_2026,8,"[24, 30, 36, 42, 48, 54, 60, 66, 72, 78, 84, 90, 96, 108, 120]",132,"[485, 558, 627, 697, 748, 801, 854, 932, 985, 1066, 1122, 1173, 1230, 1341, 1449]",norman-retail-guide-2026-09,18,18,MATCH,Exact width header and height/price row on cited program page
roller,roller_cordless_fabric_price_group_2_pg2_fall_2026,9,"[24, 30, 36, 42, 48, 54, 60, 66, 72, 78, 84, 90, 96, 108, 120]",144,"[513, 593, 668, 730, 785, 842, 898, 983, 1042, 1123, 1183, 1243, 1299, 1417, 1537]",norman-retail-guide-2026-09,18,18,MATCH,Exact width header and height/price row on cited program page
roller,roller_cordless_fabric_price_group_3_pg3_fall_2026,0,"[24, 30, 36, 42, 48, 54, 60, 66, 72, 78, 84, 90, 96, 108, 120]",36,"[307, 337, 365, 396, 424, 454, 485, 517, 552, 609, 645, 680, 719, 786, 856]",norman-retail-guide-2026-09,19,19,MATCH,Exact width header and height/price row on cited program page
roller,roller_cordless_fabric_price_group_3_pg3_fall_2026,1,"[24, 30, 36, 42, 48, 54, 60, 66, 72, 78, 84, 90, 96, 108, 120]",48,"[337, 372, 407, 443, 482, 522, 563, 605, 648, 715, 755, 800, 841, 927, 1002]",norman-retail-guide-2026-09,19,19,MATCH,Exact width header and height/price row on cited program page
roller,roller_cordless_fabric_price_group_3_pg3_fall_2026,2,"[24, 30, 36, 42, 48, 54, 60, 66, 72, 78, 84, 90, 96, 108, 120]",60,"[366, 407, 449, 497, 545, 594, 643, 693, 745, 817, 868, 918, 957, 1044, 1126]",norman-retail-guide-2026-09,19,19,MATCH,Exact width header and height/price row on cited program page
roller,roller_cordless_fabric_price_group_3_pg3_fall_2026,3,"[24, 30, 36, 42, 48, 54, 60, 66, 72, 78, 84, 90, 96, 108, 120]",72,"[398, 444, 498, 554, 613, 671, 725, 782, 839, 917, 964, 1011, 1054, 1153, 1247]",norman-retail-guide-2026-09,19,19,MATCH,Exact width header and height/price row on cited program page
roller,roller_cordless_fabric_price_group_3_pg3_fall_2026,4,"[24, 30, 36, 42, 48, 54, 60, 66, 72, 78, 84, 90, 96, 108, 120]",84,"[428, 487, 549, 617, 677, 740, 809, 869, 920, 999, 1049, 1103, 1154, 1261, 1366]",norman-retail-guide-2026-09,19,19,MATCH,Exact width header and height/price row on cited program page
roller,roller_cordless_fabric_price_group_3_pg3_fall_2026,5,"[24, 30, 36, 42, 48, 54, 60, 66, 72, 78, 84, 90, 96, 108, 120]",96,"[462, 530, 602, 674, 745, 817, 879, 940, 995, 1081, 1137, 1195, 1254, 1367, 1489]",norman-retail-guide-2026-09,19,19,MATCH,Exact width header and height/price row on cited program page
roller,roller_cordless_fabric_price_group_3_pg3_fall_2026,6,"[24, 30, 36, 42, 48, 54, 60, 66, 72, 78, 84, 90, 96, 108, 120]",108,"[497, 575, 656, 734, 813, 879, 944, 1005, 1071, 1160, 1226, 1289, 1352, 1480, 1608]",norman-retail-guide-2026-09,19,19,MATCH,Exact width header and height/price row on cited program page
roller,roller_cordless_fabric_price_group_3_pg3_fall_2026,7,"[24, 30, 36, 42, 48, 54, 60, 66, 72, 78, 84, 90, 96, 108, 120]",120,"[534, 622, 707, 792, 871, 940, 1011, 1079, 1148, 1242, 1314, 1382, 1451, 1592, 1731]",norman-retail-guide-2026-09,19,19,MATCH,Exact width header and height/price row on cited program page
roller,roller_cordless_fabric_price_group_3_pg3_fall_2026,8,"[24, 30, 36, 42, 48, 54, 60, 66, 72, 78, 84, 90, 96, 108, 120]",132,"[572, 667, 759, 846, 921, 999, 1071, 1148, 1225, 1325, 1398, 1473, 1549, 1704, 1852]",norman-retail-guide-2026-09,19,19,MATCH,Exact width header and height/price row on cited program page
roller,roller_cordless_fabric_price_group_3_pg3_fall_2026,9,"[24, 30, 36, 42, 48, 54, 60, 66, 72, 78, 84, 90, 96, 108, 120]",144,"[607, 708, 811, 897, 976, 1054, 1138, 1219, 1301, 1407, 1485, 1569, 1647, 1812, 1974]",norman-retail-guide-2026-09,19,19,MATCH,Exact width header and height/price row on cited program page
roller,roller_cordless_fabric_price_group_4_pg4_fall_2026,0,"[24, 30, 36, 42, 48, 54, 60, 66, 72, 78, 84, 90, 96, 108, 120]",36,"[354, 388, 420, 456, 488, 523, 558, 595, 635, 701, 742, 782, 827, 904, 985]",norman-retail-guide-2026-09,19,19,MATCH,Exact width header and height/price row on cited program page
roller,roller_cordless_fabric_price_group_4_pg4_fall_2026,1,"[24, 30, 36, 42, 48, 54, 60, 66, 72, 78, 84, 90, 96, 108, 120]",48,"[388, 428, 469, 510, 555, 601, 648, 696, 746, 823, 869, 920, 968, 1067, 1153]",norman-retail-guide-2026-09,19,19,MATCH,Exact width header and height/price row on cited program page
roller,roller_cordless_fabric_price_group_4_pg4_fall_2026,2,"[24, 30, 36, 42, 48, 54, 60, 66, 72, 78, 84, 90, 96, 108, 120]",60,"[421, 469, 517, 572, 627, 684, 740, 797, 857, 940, 999, 1056, 1101, 1201, 1295]",norman-retail-guide-2026-09,19,19,MATCH,Exact width header and height/price row on cited program page
roller,roller_cordless_fabric_price_group_4_pg4_fall_2026,3,"[24, 30, 36, 42, 48, 54, 60, 66, 72, 78, 84, 90, 96, 108, 120]",72,"[458, 511, 573, 638, 705, 772, 834, 900, 965, 1055, 1109, 1163, 1213, 1326, 1435]",norman-retail-guide-2026-09,19,19,MATCH,Exact width header and height/price row on cited program page
roller,roller_cordless_fabric_price_group_4_pg4_fall_2026,4,"[24, 30, 36, 42, 48, 54, 60, 66, 72, 78, 84, 90, 96, 108, 120]",84,"[493, 561, 632, 710, 779, 851, 931, 1000, 1058, 1149, 1207, 1269, 1328, 1451, 1571]",norman-retail-guide-2026-09,19,19,MATCH,Exact width header and height/price row on cited program page
roller,roller_cordless_fabric_price_group_4_pg4_fall_2026,5,"[24, 30, 36, 42, 48, 54, 60, 66, 72, 78, 84, 90, 96, 108, 120]",96,"[532, 610, 693, 776, 857, 940, 1011, 1081, 1145, 1244, 1308, 1375, 1443, 1573, 1713]",norman-retail-guide-2026-09,19,19,MATCH,Exact width header and height/price row on cited program page
roller,roller_cordless_fabric_price_group_4_pg4_fall_2026,6,"[24, 30, 36, 42, 48, 54, 60, 66, 72, 78, 84, 90, 96, 108, 120]",108,"[572, 662, 755, 845, 935, 1011, 1086, 1156, 1232, 1334, 1410, 1483, 1555, 1702, 1850]",norman-retail-guide-2026-09,19,19,MATCH,Exact width header and height/price row on cited program page
roller,roller_cordless_fabric_price_group_4_pg4_fall_2026,7,"[24, 30, 36, 42, 48, 54, 60, 66, 72, 78, 84, 90, 96, 108, 120]",120,"[615, 716, 814, 911, 1002, 1081, 1163, 1241, 1321, 1429, 1512, 1590, 1669, 1831, 1991]",norman-retail-guide-2026-09,19,19,MATCH,Exact width header and height/price row on cited program page
roller,roller_cordless_fabric_price_group_4_pg4_fall_2026,8,"[24, 30, 36, 42, 48, 54, 60, 66, 72, 78, 84, 90, 96, 108, 120]",132,"[658, 768, 873, 973, 1060, 1149, 1232, 1321, 1409, 1524, 1608, 1694, 1782, 1960, 2130]",norman-retail-guide-2026-09,19,19,MATCH,Exact width header and height/price row on cited program page
roller,roller_cordless_fabric_price_group_4_pg4_fall_2026,9,"[24, 30, 36, 42, 48, 54, 60, 66, 72, 78, 84, 90, 96, 108, 120]",144,"[699, 815, 933, 1032, 1123, 1213, 1309, 1402, 1497, 1619, 1708, 1805, 1895, 2084, 2271]",norman-retail-guide-2026-09,19,19,MATCH,Exact width header and height/price row on cited program page
roman,roman_cordless_usa_price_group_1_pg1,0,"[24, 31, 36, 42, 48, 54, 60, 66, 72, 84, 96]",36,"[404, 453, 587, 655, 685, 765, 938, 988, 1062, 1120, 1410]",norman-retail-guide-2026-09,26,26,MATCH,Exact width header and height/price row on cited program page
roman,roman_cordless_usa_price_group_1_pg1,1,"[24, 31, 36, 42, 48, 54, 60, 66, 72, 84, 96]",42,"[430, 626, 715, 792, 863, 951, 983, 1047, 1102, 1301, 1568]",norman-retail-guide-2026-09,26,26,MATCH,Exact width header and height/price row on cited program page
roman,roman_cordless_usa_price_group_1_pg1,2,"[24, 31, 36, 42, 48, 54, 60, 66, 72, 84, 96]",48,"[499, 693, 775, 858, 940, 1029, 1038, 1080, 1156, 1380, 1662]",norman-retail-guide-2026-09,26,26,MATCH,Exact width header and height/price row on cited program page
roman,roman_cordless_usa_price_group_1_pg1,3,"[24, 31, 36, 42, 48, 54, 60, 66, 72, 84, 96]",54,"[574, 743, 824, 916, 1014, 1074, 1113, 1154, 1220, 1532, 1803]",norman-retail-guide-2026-09,26,26,MATCH,Exact width header and height/price row on cited program page
roman,roman_cordless_usa_price_group_1_pg1,4,"[24, 31, 36, 42, 48, 54, 60, 66, 72, 84, 96]",60,"[627, 824, 861, 1003, 1052, 1130, 1147, 1215, 1269, 1659, 2098]",norman-retail-guide-2026-09,26,26,MATCH,Exact width header and height/price row on cited program page
roman,roman_cordless_usa_price_group_1_pg1,5,"[24, 31, 36, 42, 48, 54, 60, 66, 72, 84, 96]",66,"[655, 858, 951, 1042, 1106, 1173, 1204, 1264, 1321, 1854, 2166]",norman-retail-guide-2026-09,26,26,MATCH,Exact width header and height/price row on cited program page
roman,roman_cordless_usa_price_group_1_pg1,6,"[24, 31, 36, 42, 48, 54, 60, 66, 72, 84, 96]",72,"[740, 923, 1014, 1094, 1154, 1230, 1254, 1317, 1419, 1962, 2306]",norman-retail-guide-2026-09,26,26,MATCH,Exact width header and height/price row on cited program page
roman,roman_cordless_usa_price_group_1_pg1,7,"[24, 31, 36, 42, 48, 54, 60, 66, 72, 84, 96]",78,"[793, 965, 1080, 1151, 1224, 1290, 1316, 1399, 1582, 2034, 2390]",norman-retail-guide-2026-09,26,26,MATCH,Exact width header and height/price row on cited program page
roman,roman_cordless_usa_price_group_1_pg1,8,"[24, 31, 36, 42, 48, 54, 60, 66, 72, 84, 96]",90,"[840, 1029, 1130, 1222, 1283, 1357, 1385, 1564, 1641, 2089, 2538]",norman-retail-guide-2026-09,26,26,MATCH,Exact width header and height/price row on cited program page
roman,roman_cordless_usa_price_group_1_pg1,9,"[24, 31, 36, 42, 48, 54, 60, 66, 72, 84, 96]",102,"[888, 1093, 1184, 1291, 1343, 1423, 1454, 1730, 1702, 2146, 2688]",norman-retail-guide-2026-09,26,26,MATCH,Exact width header and height/price row on cited program page
roman,roman_cordless_usa_price_group_2_pg2,0,"[24, 31, 36, 42, 48, 54, 60, 66, 72, 84, 96]",36,"[492, 613, 698, 807, 916, 1021, 1092, 1191, 1283, 1379, 1699]",norman-retail-guide-2026-09,26,26,MATCH,Exact width header and height/price row on cited program page
roman,roman_cordless_usa_price_group_2_pg2,1,"[24, 31, 36, 42, 48, 54, 60, 66, 72, 84, 96]",42,"[566, 697, 793, 897, 1043, 1147, 1185, 1264, 1328, 1444, 1894]",norman-retail-guide-2026-09,26,26,MATCH,Exact width header and height/price row on cited program page
roman,roman_cordless_usa_price_group_2_pg2,2,"[24, 31, 36, 42, 48, 54, 60, 66, 72, 84, 96]",48,"[609, 792, 863, 985, 1140, 1246, 1297, 1357, 1448, 1596, 2008]",norman-retail-guide-2026-09,26,26,MATCH,Exact width header and height/price row on cited program page
roman,roman_cordless_usa_price_group_2_pg2,3,"[24, 31, 36, 42, 48, 54, 60, 66, 72, 84, 96]",54,"[684, 901, 995, 1111, 1219, 1299, 1344, 1444, 1502, 1711, 2179]",norman-retail-guide-2026-09,26,26,MATCH,Exact width header and height/price row on cited program page
roman,roman_cordless_usa_price_group_2_pg2,4,"[24, 31, 36, 42, 48, 54, 60, 66, 72, 84, 96]",60,"[760, 995, 1038, 1211, 1268, 1364, 1432, 1535, 1650, 1824, 2528]",norman-retail-guide-2026-09,26,26,MATCH,Exact width header and height/price row on cited program page
roman,roman_cordless_usa_price_group_2_pg2,5,"[24, 31, 36, 42, 48, 54, 60, 66, 72, 84, 96]",66,"[807, 1029, 1147, 1259, 1329, 1416, 1510, 1693, 1817, 1973, 2616]",norman-retail-guide-2026-09,26,26,MATCH,Exact width header and height/price row on cited program page
roman,roman_cordless_usa_price_group_2_pg2,6,"[24, 31, 36, 42, 48, 54, 60, 66, 72, 84, 96]",72,"[876, 1112, 1219, 1320, 1398, 1489, 1653, 1845, 1979, 2166, 2784]",norman-retail-guide-2026-09,26,26,MATCH,Exact width header and height/price row on cited program page
roman,roman_cordless_usa_price_group_2_pg2,7,"[24, 31, 36, 42, 48, 54, 60, 66, 72, 84, 96]",78,"[959, 1167, 1301, 1392, 1475, 1627, 1797, 2035, 2154, 2329, 2886]",norman-retail-guide-2026-09,26,26,MATCH,Exact width header and height/price row on cited program page
roman,roman_cordless_usa_price_group_2_pg2,8,"[24, 31, 36, 42, 48, 54, 60, 66, 72, 84, 96]",90,"[1037, 1246, 1364, 1474, 1551, 1724, 1934, 2138, 2241, 2436, 3064]",norman-retail-guide-2026-09,26,26,MATCH,Exact width header and height/price row on cited program page
roman,roman_cordless_usa_price_group_2_pg2,9,"[24, 31, 36, 42, 48, 54, 60, 66, 72, 84, 96]",102,"[1115, 1322, 1428, 1555, 1627, 1821, 2072, 2241, 2327, 2543, 3242]",norman-retail-guide-2026-09,26,26,MATCH,Exact width header and height/price row on cited program page
roman,roman_cordless_usa_price_group_3_pg3,0,"[24, 31, 36, 42, 48, 54, 60, 66, 72, 84, 96]",36,"[593, 740, 840, 971, 1103, 1228, 1316, 1433, 1547, 1661, 2047]",norman-retail-guide-2026-09,27,27,MATCH,Exact width header and height/price row on cited program page
roman,roman_cordless_usa_price_group_3_pg3,1,"[24, 31, 36, 42, 48, 54, 60, 66, 72, 84, 96]",42,"[682, 839, 954, 1081, 1256, 1382, 1427, 1522, 1601, 1740, 2280]",norman-retail-guide-2026-09,27,27,MATCH,Exact width header and height/price row on cited program page
roman,roman_cordless_usa_price_group_3_pg3,2,"[24, 31, 36, 42, 48, 54, 60, 66, 72, 84, 96]",48,"[734, 953, 1041, 1187, 1372, 1500, 1562, 1635, 1744, 1924, 2418]",norman-retail-guide-2026-09,27,27,MATCH,Exact width header and height/price row on cited program page
roman,roman_cordless_usa_price_group_3_pg3,3,"[24, 31, 36, 42, 48, 54, 60, 66, 72, 84, 96]",54,"[824, 1085, 1198, 1338, 1467, 1564, 1617, 1740, 1809, 2062, 2624]",norman-retail-guide-2026-09,27,27,MATCH,Exact width header and height/price row on cited program page
roman,roman_cordless_usa_price_group_3_pg3,4,"[24, 31, 36, 42, 48, 54, 60, 66, 72, 84, 96]",60,"[913, 1198, 1251, 1459, 1526, 1643, 1727, 1848, 1987, 2199, 3046]",norman-retail-guide-2026-09,27,27,MATCH,Exact width header and height/price row on cited program page
roman,roman_cordless_usa_price_group_3_pg3,5,"[24, 31, 36, 42, 48, 54, 60, 66, 72, 84, 96]",66,"[971, 1239, 1382, 1518, 1602, 1705, 1819, 2040, 2190, 2376, 3151]",norman-retail-guide-2026-09,27,27,MATCH,Exact width header and height/price row on cited program page
roman,roman_cordless_usa_price_group_3_pg3,6,"[24, 31, 36, 42, 48, 54, 60, 66, 72, 84, 96]",72,"[1055, 1341, 1467, 1590, 1685, 1793, 1991, 2222, 2385, 2607, 3353]",norman-retail-guide-2026-09,27,27,MATCH,Exact width header and height/price row on cited program page
roman,roman_cordless_usa_price_group_3_pg3,7,"[24, 31, 36, 42, 48, 54, 60, 66, 72, 84, 96]",78,"[1157, 1406, 1568, 1676, 1778, 1962, 2166, 2452, 2595, 2806, 3476]",norman-retail-guide-2026-09,27,27,MATCH,Exact width header and height/price row on cited program page
roman,roman_cordless_usa_price_group_3_pg3,8,"[24, 31, 36, 42, 48, 54, 60, 66, 72, 84, 96]",90,"[1250, 1500, 1643, 1776, 1869, 2078, 2328, 2575, 2699, 2934, 3692]",norman-retail-guide-2026-09,27,27,MATCH,Exact width header and height/price row on cited program page
roman,roman_cordless_usa_price_group_3_pg3,9,"[24, 31, 36, 42, 48, 54, 60, 66, 72, 84, 96]",102,"[1344, 1594, 1721, 1873, 1962, 2194, 2496, 2699, 2802, 3064, 3904]",norman-retail-guide-2026-09,27,27,MATCH,Exact width header and height/price row on cited program page
roman,roman_fabric_valance_surcharge,0,"[24, 31, 36, 42, 48, 54, 60, 66, 72, 84, 96, 108, 120, 132, 144]",0,"[128, 133, 145, 155, 161, 178, 188, 204, 221, 255, 293, 326, 359, 387, 408]",norman-retail-guide-2026-09,27,27,MATCH,Exact width header and width-only price row on cited program page
smartdrape,smartdrape_smartdrape_lakeshore_stripe,0,"[36, 48, 54, 60, 66, 72, 78, 84, 90, 96, 108, 120, 132, 148, 160, 172, 184]",48,"[643, 760, 809, 862, 941, 997, 1051, 1111, 1191, 1262, 1364, 1549, 1744, 1961, 2195, 2411, 2626]",norman-retail-guide-2026-09,24,24,MATCH,Exact width header and height/price row on cited program page
smartdrape,smartdrape_smartdrape_lakeshore_stripe,1,"[36, 48, 54, 60, 66, 72, 78, 84, 90, 96, 108, 120, 132, 148, 160, 172, 184]",60,"[716, 849, 920, 984, 1081, 1140, 1204, 1276, 1367, 1451, 1567, 1760, 1968, 2191, 2453, 2675, 2897]",norman-retail-guide-2026-09,24,24,MATCH,Exact width header and height/price row on cited program page
smartdrape,smartdrape_smartdrape_lakeshore_stripe,2,"[36, 48, 54, 60, 66, 72, 78, 84, 90, 96, 108, 120, 132, 148, 160, 172, 184]",72,"[809, 974, 1054, 1140, 1242, 1322, 1397, 1484, 1588, 1688, 1936, 2156, 2395, 2646, 2963, 3214, 3463]",norman-retail-guide-2026-09,24,24,MATCH,Exact width header and height/price row on cited program page
smartdrape,smartdrape_smartdrape_lakeshore_stripe,3,"[36, 48, 54, 60, 66, 72, 78, 84, 90, 96, 108, 120, 132, 148, 160, 172, 184]",84,"[873, 1089, 1176, 1268, 1381, 1471, 1559, 1648, 1768, 1873, 2025, 2254, 2500, 2762, 3094, 3356, 3617]",norman-retail-guide-2026-09,24,24,MATCH,Exact width header and height/price row on cited program page
smartdrape,smartdrape_smartdrape_lakeshore_stripe,4,"[36, 48, 54, 60, 66, 72, 78, 84, 90, 96, 108, 120, 132, 148, 160, 172, 184]",100,"[949, 1146, 1242, 1341, 1458, 1555, 1651, 1745, 1873, 1986, 2200, 2436, 2694, 2964, 3319, 3590, 3861]",norman-retail-guide-2026-09,24,24,MATCH,Exact width header and height/price row on cited program page
smartdrape,smartdrape_smartdrape_lakeshore_stripe,5,"[36, 48, 54, 60, 66, 72, 78, 84, 90, 96, 108, 120, 132, 148, 160, 172, 184]",120,"[1074, 1236, 1353, 1462, 1587, 1697, 1806, 1909, 2050, 2176, 2491, 2743, 3014, 3306, 3703, 3995, 4287]",norman-retail-guide-2026-09,24,24,MATCH,Exact width header and height/price row on cited program page
smartdrape,smartdrape_smartdrape_lakeshore_stripe,6,"[36, 48, 54, 60, 66, 72, 78, 84, 90, 96, 108, 120, 132, 148, 160, 172, 184]",132,"[1138, 1351, 1474, 1592, 1726, 1845, 1968, 2074, 2229, 2361, 2580, 2840, 3120, 3422, 3834, 4137, 4442]",norman-retail-guide-2026-09,24,24,MATCH,Exact width header and height/price row on cited program page
smartdrape,smartdrape_smartdrape_lakeshore_stripe,7,"[36, 48, 54, 60, 66, 72, 78, 84, 90, 96, 108, 120, 132, 148, 160, 172, 184]",144,"[1201, 1464, 1595, 1721, 1866, 1994, 2131, 2240, 2408, 2548, 2668, 2937, 3225, 3539, 3965, 4280, 4594]",norman-retail-guide-2026-09,24,24,MATCH,Exact width header and height/price row on cited program page
smartdrape,smartdrape_smartdrape_light_filtering,0,"[36, 48, 54, 60, 66, 72, 78, 84, 90, 96, 108, 120, 132, 148, 160, 172, 184]",48,"[758, 892, 951, 1013, 1107, 1171, 1235, 1306, 1400, 1484, 1604, 1821, 2051, 2305, 2582, 2834, 3088]",norman-retail-guide-2026-09,24,24,MATCH,Exact width header and height/price row on cited program page
smartdrape,smartdrape_smartdrape_light_filtering,1,"[36, 48, 54, 60, 66, 72, 78, 84, 90, 96, 108, 120, 132, 148, 160, 172, 184]",60,"[842, 998, 1082, 1156, 1269, 1342, 1415, 1499, 1609, 1705, 1842, 2071, 2314, 2575, 2886, 3146, 3408]",norman-retail-guide-2026-09,24,24,MATCH,Exact width header and height/price row on cited program page
smartdrape,smartdrape_smartdrape_light_filtering,2,"[36, 48, 54, 60, 66, 72, 78, 84, 90, 96, 108, 120, 132, 148, 160, 172, 184]",72,"[951, 1146, 1239, 1342, 1459, 1555, 1643, 1744, 1868, 1983, 2277, 2535, 2817, 3111, 3485, 3779, 4073]",norman-retail-guide-2026-09,24,24,MATCH,Exact width header and height/price row on cited program page
smartdrape,smartdrape_smartdrape_light_filtering,3,"[36, 48, 54, 60, 66, 72, 78, 84, 90, 96, 108, 120, 132, 148, 160, 172, 184]",84,"[1026, 1281, 1382, 1491, 1624, 1730, 1835, 1939, 2078, 2203, 2382, 2651, 2941, 3249, 3639, 3947, 4255]",norman-retail-guide-2026-09,24,24,MATCH,Exact width header and height/price row on cited program page
smartdrape,smartdrape_smartdrape_light_filtering,4,"[36, 48, 54, 60, 66, 72, 78, 84, 90, 96, 108, 120, 132, 148, 160, 172, 184]",100,"[1115, 1347, 1459, 1576, 1714, 1830, 1942, 2052, 2203, 2337, 2587, 2865, 3169, 3486, 3904, 4223, 4542]",norman-retail-guide-2026-09,24,24,MATCH,Exact width header and height/price row on cited program page
smartdrape,smartdrape_smartdrape_light_filtering,5,"[36, 48, 54, 60, 66, 72, 78, 84, 90, 96, 108, 120, 132, 148, 160, 172, 184]",120,"[1262, 1455, 1590, 1720, 1867, 1996, 2124, 2244, 2411, 2559, 2928, 3225, 3546, 3889, 4355, 4699, 5042]",norman-retail-guide-2026-09,24,24,MATCH,Exact width header and height/price row on cited program page
smartdrape,smartdrape_smartdrape_light_filtering,6,"[36, 48, 54, 60, 66, 72, 78, 84, 90, 96, 108, 120, 132, 148, 160, 172, 184]",132,"[1310, 1554, 1695, 1832, 1984, 2122, 2263, 2386, 2563, 2717, 2966, 3267, 3589, 3935, 4409, 4758, 5107]",norman-retail-guide-2026-09,24,24,MATCH,Exact width header and height/price row on cited program page
smartdrape,smartdrape_smartdrape_light_filtering,7,"[36, 48, 54, 60, 66, 72, 78, 84, 90, 96, 108, 120, 132, 148, 160, 172, 184]",144,"[1382, 1685, 1835, 1979, 2146, 2292, 2450, 2575, 2769, 2929, 3069, 3377, 3711, 4070, 4560, 4922, 5285]",norman-retail-guide-2026-09,24,24,MATCH,Exact width header and height/price row on cited program page
smartfold,smartfold_smartfold_shades,0,"[24, 30, 36, 42, 48, 54, 60, 66, 72, 78, 84, 90, 96]",36,"[416, 456, 493, 535, 572, 612, 655, 698, 745, 822, 872, 918, 972]",norman-retail-guide-2026-09,21,21,MATCH,Exact width header and height/price row on cited program page
smartfold,smartfold_smartfold_shades,1,"[24, 30, 36, 42, 48, 54, 60, 66, 72, 78, 84, 90, 96]",48,"[456, 503, 551, 599, 650, 705, 761, 817, 876, 966, 1020, 1080, 1136]",norman-retail-guide-2026-09,21,21,MATCH,Exact width header and height/price row on cited program page
smartfold,smartfold_smartfold_shades,2,"[24, 30, 36, 42, 48, 54, 60, 66, 72, 78, 84, 90, 96]",60,"[495, 551, 606, 671, 737, 802, 869, 936, 1007, 1104, 1172, 1240, 1293]",norman-retail-guide-2026-09,21,21,MATCH,Exact width header and height/price row on cited program page
smartfold,smartfold_smartfold_shades,3,"[24, 30, 36, 42, 48, 54, 60, 66, 72, 78, 84, 90, 96]",72,"[538, 600, 673, 747, 829, 906, 979, 1056, 1132, 1239, 1301, 1365, 1424]",norman-retail-guide-2026-09,21,21,MATCH,Exact width header and height/price row on cited program page
smartfold,smartfold_smartfold_shades,4,"[24, 30, 36, 42, 48, 54, 60, 66, 72, 78, 84, 90, 96]",84,"[578, 658, 742, 834, 914, 1000, 1092, 1174, 1243, 1349, 1417, 1489, 1558]",norman-retail-guide-2026-09,21,21,MATCH,Exact width header and height/price row on cited program page
smartfold,smartfold_smartfold_shades,5,"[24, 30, 36, 42, 48, 54, 60, 66, 72, 78, 84, 90, 96]",96,"[624, 715, 813, 910, 1007, 1104, 1187, 1269, 1345, 1460, 1535, 1613, 1693]",norman-retail-guide-2026-09,21,21,MATCH,Exact width header and height/price row on cited program page
smartfold,smartfold_fascia_wood_valance,0,"[24, 30, 36, 42, 48, 54, 60, 66, 72, 78, 84, 90, 96]",0,"[117, 122, 133, 139, 150, 161, 171, 188, 204, 216, 232, 249, 265]",norman-retail-guide-2026-09,21,21,MATCH,Exact width header and width-only price row on cited program page
smartfold,smartfold_3_1_2in_4_1_2in_and_6in_fabric_valance,0,"[24, 30, 36, 42, 48, 54, 60, 66, 72, 78, 84, 90, 96]",0,"[133, 139, 155, 161, 171, 183, 199, 216, 232, 249, 271, 288, 304]",norman-retail-guide-2026-09,21,21,MATCH,Exact width header and width-only price row on cited program page
smartfold,smartfold_8in_fabric_valance,0,"[24, 30, 36, 42, 48, 54, 60, 66, 72, 78, 84, 90, 96]",0,"[188, 199, 216, 227, 244, 260, 282, 304, 331, 354, 382, 408, 431]",norman-retail-guide-2026-09,21,21,MATCH,Exact width header and width-only price row on cited program page
smartprivacy_faux,smartprivacy_faux_2in_and_2_1_2in_slats_cordless,0,"[24, 28, 32, 36, 42, 48, 54, 60, 66, 72]",30,"[134, 146, 156, 176, 186, 201, 218, 255, 272, 291]",norman-retail-guide-2026-09,31,31,MATCH,Exact width header and height/price row on cited program page
smartprivacy_faux,smartprivacy_faux_2in_and_2_1_2in_slats_cordless,1,"[24, 28, 32, 36, 42, 48, 54, 60, 66, 72]",36,"[140, 153, 163, 185, 199, 213, 238, 272, 289, 321]",norman-retail-guide-2026-09,31,31,MATCH,Exact width header and height/price row on cited program page
smartprivacy_faux,smartprivacy_faux_2in_and_2_1_2in_slats_cordless,2,"[24, 28, 32, 36, 42, 48, 54, 60, 66, 72]",42,"[152, 163, 179, 196, 212, 233, 257, 290, 314, 342]",norman-retail-guide-2026-09,31,31,MATCH,Exact width header and height/price row on cited program page
smartprivacy_faux,smartprivacy_faux_2in_and_2_1_2in_slats_cordless,3,"[24, 28, 32, 36, 42, 48, 54, 60, 66, 72]",48,"[161, 176, 186, 209, 227, 249, 274, 309, 336, 367]",norman-retail-guide-2026-09,31,31,MATCH,Exact width header and height/price row on cited program page
smartprivacy_faux,smartprivacy_faux_2in_and_2_1_2in_slats_cordless,4,"[24, 28, 32, 36, 42, 48, 54, 60, 66, 72]",54,"[176, 194, 203, 229, 250, 274, 299, 342, 367, 399]",norman-retail-guide-2026-09,31,31,MATCH,Exact width header and height/price row on cited program page
smartprivacy_faux,smartprivacy_faux_2in_and_2_1_2in_slats_cordless,5,"[24, 28, 32, 36, 42, 48, 54, 60, 66, 72]",60,"[186, 200, 217, 246, 266, 288, 319, 365, 389, 424]",norman-retail-guide-2026-09,31,31,MATCH,Exact width header and height/price row on cited program page
smartprivacy_faux,smartprivacy_faux_2in_and_2_1_2in_slats_cordless,6,"[24, 28, 32, 36, 42, 48, 54, 60, 66, 72]",66,"[196, 211, 229, 258, 279, 307, 337, 387, 414, 460]",norman-retail-guide-2026-09,31,31,MATCH,Exact width header and height/price row on cited program page
smartprivacy_faux,smartprivacy_faux_2in_and_2_1_2in_slats_cordless,7,"[24, 28, 32, 36, 42, 48, 54, 60, 66, 72]",73,"[208, 226, 244, 278, 299, 328, 361, 414, 445, 483]",norman-retail-guide-2026-09,31,31,MATCH,Exact width header and height/price row on cited program page
smartprivacy_faux,smartprivacy_faux_2in_and_2_1_2in_slats_cordless,8,"[24, 28, 32, 36, 42, 48, 54, 60, 66, 72]",78,"[213, 235, 257, 284, 312, 342, 376, 435, 467, 513]",norman-retail-guide-2026-09,31,31,MATCH,Exact width header and height/price row on cited program page
smartprivacy_faux,smartprivacy_faux_2in_and_2_1_2in_slats_cordless,9,"[24, 28, 32, 36, 42, 48, 54, 60, 66, 72]",84,"[226, 246, 269, 304, 328, 361, 401, 456, 494, 546]",norman-retail-guide-2026-09,31,31,MATCH,Exact width header and height/price row on cited program page
smartprivacy_faux,smartprivacy_faux_2in_and_2_1_2in_slats_cordless,10,"[24, 28, 32, 36, 42, 48, 54, 60, 66, 72]",90,"[235, 257, 279, 319, 342, 376, 416, 476, 513, 566]",norman-retail-guide-2026-09,31,31,MATCH,Exact width header and height/price row on cited program page
smartprivacy_faux,smartprivacy_faux_2in_and_2_1_2in_slats_cordless,11,"[24, 28, 32, 36, 42, 48, 54, 60, 66, 72]",96,"[244, 270, 291, 329, 361, 401, 443, 501, 542, 596]",norman-retail-guide-2026-09,31,31,MATCH,Exact width header and height/price row on cited program page
synchrony_vertical,synchrony_vertical_synchrony_vertical_blind_price_group_1_pg1,0,"[24, 36, 48, 60, 72, 84, 92, 100]",48,"[204, 251, 303, 346, 398, 434, 492, 559]",norman-retail-guide-2026-09,34,34,MATCH,Exact width header and height/price row on cited program page
synchrony_vertical,synchrony_vertical_synchrony_vertical_blind_price_group_1_pg1,1,"[24, 36, 48, 60, 72, 84, 92, 100]",60,"[217, 261, 321, 366, 417, 460, 519, 590]",norman-retail-guide-2026-09,34,34,MATCH,Exact width header and height/price row on cited program page
synchrony_vertical,synchrony_vertical_synchrony_vertical_blind_price_group_1_pg1,2,"[24, 36, 48, 60, 72, 84, 92, 100]",72,"[224, 279, 341, 386, 440, 477, 546, 623]",norman-retail-guide-2026-09,34,34,MATCH,Exact width header and height/price row on cited program page
synchrony_vertical,synchrony_vertical_synchrony_vertical_blind_price_group_1_pg1,3,"[24, 36, 48, 60, 72, 84, 92, 100]",84,"[240, 294, 361, 404, 463, 501, 572, 651]",norman-retail-guide-2026-09,34,34,MATCH,Exact width header and height/price row on cited program page
synchrony_vertical,synchrony_vertical_synchrony_vertical_blind_price_group_1_pg1,4,"[24, 36, 48, 60, 72, 84, 92, 100]",96,"[247, 304, 376, 428, 486, 534, 601, 682]",norman-retail-guide-2026-09,34,34,MATCH,Exact width header and height/price row on cited program page
synchrony_vertical,synchrony_vertical_synchrony_vertical_blind_price_group_1_pg1,5,"[24, 36, 48, 60, 72, 84, 92, 100]",108,"[255, 319, 396, 446, 511, 557, 632, 714]",norman-retail-guide-2026-09,34,34,MATCH,Exact width header and height/price row on cited program page
synchrony_vertical,synchrony_vertical_synchrony_vertical_blind_price_group_2_pg2,0,"[24, 36, 48, 60, 72, 84, 92, 100]",48,"[244, 301, 365, 417, 477, 522, 594, 674]",norman-retail-guide-2026-09,34,34,MATCH,Exact width header and height/price row on cited program page
synchrony_vertical,synchrony_vertical_synchrony_vertical_blind_price_group_2_pg2,1,"[24, 36, 48, 60, 72, 84, 92, 100]",60,"[260, 319, 391, 440, 501, 549, 624, 708]",norman-retail-guide-2026-09,34,34,MATCH,Exact width header and height/price row on cited program page
synchrony_vertical,synchrony_vertical_synchrony_vertical_blind_price_group_2_pg2,2,"[24, 36, 48, 60, 72, 84, 92, 100]",72,"[271, 335, 412, 465, 529, 580, 659, 746]",norman-retail-guide-2026-09,34,34,MATCH,Exact width header and height/price row on cited program page
synchrony_vertical,synchrony_vertical_synchrony_vertical_blind_price_group_2_pg2,3,"[24, 36, 48, 60, 72, 84, 92, 100]",84,"[288, 351, 433, 488, 559, 609, 685, 787]",norman-retail-guide-2026-09,34,34,MATCH,Exact width header and height/price row on cited program page
synchrony_vertical,synchrony_vertical_synchrony_vertical_blind_price_group_2_pg2,4,"[24, 36, 48, 60, 72, 84, 92, 100]",96,"[298, 367, 454, 511, 585, 636, 724, 823]",norman-retail-guide-2026-09,34,34,MATCH,Exact width header and height/price row on cited program page
synchrony_vertical,synchrony_vertical_synchrony_vertical_blind_price_group_2_pg2,5,"[24, 36, 48, 60, 72, 84, 92, 100]",108,"[307, 386, 472, 539, 614, 668, 760, 862]",norman-retail-guide-2026-09,34,34,MATCH,Exact width header and height/price row on cited program page
synchrony_vertical,synchrony_vertical_synchrony_vertical_blind_price_group_3_pg3,0,"[24, 36, 48, 60, 72, 84, 92, 100]",48,"[272, 347, 421, 462, 532, 581, 661, 747]",norman-retail-guide-2026-09,34,34,MATCH,Exact width header and height/price row on cited program page
synchrony_vertical,synchrony_vertical_synchrony_vertical_blind_price_group_3_pg3,1,"[24, 36, 48, 60, 72, 84, 92, 100]",60,"[288, 354, 435, 488, 560, 612, 697, 789]",norman-retail-guide-2026-09,34,34,MATCH,Exact width header and height/price row on cited program page
synchrony_vertical,synchrony_vertical_synchrony_vertical_blind_price_group_3_pg3,2,"[24, 36, 48, 60, 72, 84, 92, 100]",72,"[299, 375, 454, 517, 586, 643, 735, 829]",norman-retail-guide-2026-09,34,34,MATCH,Exact width header and height/price row on cited program page
synchrony_vertical,synchrony_vertical_synchrony_vertical_blind_price_group_3_pg3,3,"[24, 36, 48, 60, 72, 84, 92, 100]",84,"[318, 389, 482, 543, 617, 675, 766, 874]",norman-retail-guide-2026-09,34,34,MATCH,Exact width header and height/price row on cited program page
synchrony_vertical,synchrony_vertical_synchrony_vertical_blind_price_group_3_pg3,4,"[24, 36, 48, 60, 72, 84, 92, 100]",96,"[328, 404, 507, 573, 655, 708, 808, 913]",norman-retail-guide-2026-09,34,34,MATCH,Exact width header and height/price row on cited program page
synchrony_vertical,synchrony_vertical_synchrony_vertical_blind_price_group_3_pg3,5,"[24, 36, 48, 60, 72, 84, 92, 100]",108,"[346, 428, 529, 601, 681, 744, 845, 965]",norman-retail-guide-2026-09,34,34,MATCH,Exact width header and height/price row on cited program page
synchrony_vertical,synchrony_vertical_synchrony_vertical_blind_price_group_4_pg4,0,"[24, 36, 48, 60, 72, 84, 92, 100]",48,"[319, 394, 480, 549, 633, 692, 781, 888]",norman-retail-guide-2026-09,34,34,MATCH,Exact width header and height/price row on cited program page
synchrony_vertical,synchrony_vertical_synchrony_vertical_blind_price_group_4_pg4,1,"[24, 36, 48, 60, 72, 84, 92, 100]",60,"[338, 423, 514, 580, 664, 730, 829, 938]",norman-retail-guide-2026-09,34,34,MATCH,Exact width header and height/price row on cited program page
synchrony_vertical,synchrony_vertical_synchrony_vertical_blind_price_group_4_pg4,2,"[24, 36, 48, 60, 72, 84, 92, 100]",72,"[359, 441, 543, 614, 696, 764, 866, 988]",norman-retail-guide-2026-09,34,34,MATCH,Exact width header and height/price row on cited program page
synchrony_vertical,synchrony_vertical_synchrony_vertical_blind_price_group_4_pg4,3,"[24, 36, 48, 60, 72, 84, 92, 100]",84,"[374, 463, 573, 649, 736, 800, 911, 1037]",norman-retail-guide-2026-09,34,34,MATCH,Exact width header and height/price row on cited program page
synchrony_vertical,synchrony_vertical_synchrony_vertical_blind_price_group_4_pg4,4,"[24, 36, 48, 60, 72, 84, 92, 100]",96,"[394, 486, 598, 679, 776, 842, 958, 1089]",norman-retail-guide-2026-09,34,34,MATCH,Exact width header and height/price row on cited program page
synchrony_vertical,synchrony_vertical_synchrony_vertical_blind_price_group_4_pg4,5,"[24, 36, 48, 60, 72, 84, 92, 100]",108,"[406, 510, 629, 710, 811, 888, 1001, 1141]",norman-retail-guide-2026-09,34,34,MATCH,Exact width header and height/price row on cited program page
vertical_honeycomb,vertical_honeycomb_3_4in_single_and_1_1_4in_single_vertical,0,"[24, 32, 36, 42, 48, 54, 60, 66, 72, 78, 84, 96, 108, 120, 132, 146]",36,"[565, 609, 667, 714, 762, 809, 861, 905, 956, 1005, 1048, 1140, 1226, 1307, 1392, 1476]",norman-retail-guide-2026-09,14,14,MATCH,Exact width header and height/price row on cited program page
vertical_honeycomb,vertical_honeycomb_3_4in_single_and_1_1_4in_single_vertical,1,"[24, 32, 36, 42, 48, 54, 60, 66, 72, 78, 84, 96, 108, 120, 132, 146]",42,"[602, 658, 715, 774, 824, 879, 940, 990, 1044, 1100, 1147, 1236, 1322, 1422, 1525, 1629]",norman-retail-guide-2026-09,14,14,MATCH,Exact width header and height/price row on cited program page
vertical_honeycomb,vertical_honeycomb_3_4in_single_and_1_1_4in_single_vertical,2,"[24, 32, 36, 42, 48, 54, 60, 66, 72, 78, 84, 96, 108, 120, 132, 146]",48,"[644, 701, 767, 830, 886, 945, 1007, 1078, 1126, 1180, 1239, 1338, 1426, 1555, 1692, 1830]",norman-retail-guide-2026-09,14,14,MATCH,Exact width header and height/price row on cited program page
vertical_honeycomb,vertical_honeycomb_3_4in_single_and_1_1_4in_single_vertical,3,"[24, 32, 36, 42, 48, 54, 60, 66, 72, 78, 84, 96, 108, 120, 132, 146]",54,"[673, 748, 817, 888, 948, 1005, 1068, 1130, 1190, 1243, 1307, 1409, 1520, 1632, 1753, 1872]",norman-retail-guide-2026-09,14,14,MATCH,Exact width header and height/price row on cited program page
vertical_honeycomb,vertical_honeycomb_3_4in_single_and_1_1_4in_single_vertical,4,"[24, 32, 36, 42, 48, 54, 60, 66, 72, 78, 84, 96, 108, 120, 132, 146]",60,"[714, 792, 869, 943, 1005, 1068, 1137, 1200, 1265, 1329, 1389, 1509, 1629, 1751, 1880, 2010]",norman-retail-guide-2026-09,14,14,MATCH,Exact width header and height/price row on cited program page
vertical_honeycomb,vertical_honeycomb_3_4in_single_and_1_1_4in_single_vertical,5,"[24, 32, 36, 42, 48, 54, 60, 66, 72, 78, 84, 96, 108, 120, 132, 146]",66,"[753, 835, 918, 1002, 1073, 1137, 1205, 1281, 1343, 1416, 1479, 1612, 1741, 1871, 2010, 2147]",norman-retail-guide-2026-09,14,14,MATCH,Exact width header and height/price row on cited program page
vertical_honeycomb,vertical_honeycomb_3_4in_single_and_1_1_4in_single_vertical,6,"[24, 32, 36, 42, 48, 54, 60, 66, 72, 78, 84, 96, 108, 120, 132, 146]",73,"[798, 882, 972, 1061, 1131, 1196, 1266, 1359, 1423, 1496, 1572, 1713, 1847, 1993, 2144, 2294]",norman-retail-guide-2026-09,14,14,MATCH,Exact width header and height/price row on cited program page
vertical_honeycomb,vertical_honeycomb_3_4in_single_and_1_1_4in_single_vertical,7,"[24, 32, 36, 42, 48, 54, 60, 66, 72, 78, 84, 96, 108, 120, 132, 146]",78,"[838, 927, 1025, 1108, 1187, 1251, 1329, 1422, 1488, 1574, 1645, 1804, 1941, 2092, 2251, 2409]",norman-retail-guide-2026-09,14,14,MATCH,Exact width header and height/price row on cited program page
vertical_honeycomb,vertical_honeycomb_3_4in_single_and_1_1_4in_single_vertical,8,"[24, 32, 36, 42, 48, 54, 60, 66, 72, 78, 84, 96, 108, 120, 132, 146]",84,"[879, 973, 1075, 1163, 1249, 1322, 1406, 1499, 1571, 1663, 1737, 1904, 2057, 2212, 2377, 2543]",norman-retail-guide-2026-09,14,14,MATCH,Exact width header and height/price row on cited program page
vertical_honeycomb,vertical_honeycomb_3_4in_single_and_1_1_4in_single_vertical,9,"[24, 32, 36, 42, 48, 54, 60, 66, 72, 78, 84, 96, 108, 120, 132, 146]",90,"[916, 1022, 1122, 1216, 1306, 1389, 1475, 1576, 1657, 1749, 1832, 2008, 2173, 2339, 2514, 2687]",norman-retail-guide-2026-09,14,14,MATCH,Exact width header and height/price row on cited program page
vertical_honeycomb,vertical_honeycomb_3_4in_single_and_1_1_4in_single_vertical,10,"[24, 32, 36, 42, 48, 54, 60, 66, 72, 78, 84, 96, 108, 120, 132, 146]",96,"[956, 1064, 1163, 1262, 1356, 1441, 1532, 1643, 1725, 1823, 1908, 2094, 2259, 2443, 2634, 2828]",norman-retail-guide-2026-09,14,14,MATCH,Exact width header and height/price row on cited program page
vertical_honeycomb,vertical_honeycomb_3_4in_single_and_1_1_4in_single_vertical,11,"[24, 32, 36, 42, 48, 54, 60, 66, 72, 78, 84, 96, 108, 120, 132, 146]",108,"[1036, 1152, 1263, 1366, 1470, 1568, 1681, 1798, 1895, 1998, 2092, 2302, 2490, 2683, 2887, 3088]",norman-retail-guide-2026-09,14,14,MATCH,Exact width header and height/price row on cited program page
vertical_honeycomb,vertical_honeycomb_3_4in_single_and_1_1_4in_single_vertical,12,"[24, 32, 36, 42, 48, 54, 60, 66, 72, 78, 84, 96, 108, 120, 132, 146]",120,"[1108, 1239, 1406, 1522, 1628, 1739, 1867, 1995, 2101, 2219, 2305, 2545, 2752, 2962, 3183, 3404]",norman-retail-guide-2026-09,14,14,MATCH,Exact width header and height/price row on cited program page
vertical_honeycomb,vertical_honeycomb_flame_resistant_fabrics_3_4in_single_only,0,"[24, 32, 36, 42, 48, 54, 60, 66, 72, 78, 84, 96, 108, 120, 132, 146]",36,"[987, 1066, 1164, 1250, 1330, 1414, 1504, 1584, 1672, 1757, 1833, 1995, 2145, 2286, 2435, 2582]",norman-retail-guide-2026-09,14,14,MATCH,Exact width header and height/price row on cited program page
vertical_honeycomb,vertical_honeycomb_flame_resistant_fabrics_3_4in_single_only,1,"[24, 32, 36, 42, 48, 54, 60, 66, 72, 78, 84, 96, 108, 120, 132, 146]",42,"[1051, 1149, 1251, 1353, 1441, 1539, 1644, 1732, 1826, 1926, 2007, 2163, 2312, 2486, 2668, 2849]",norman-retail-guide-2026-09,14,14,MATCH,Exact width header and height/price row on cited program page
vertical_honeycomb,vertical_honeycomb_flame_resistant_fabrics_3_4in_single_only,2,"[24, 32, 36, 42, 48, 54, 60, 66, 72, 78, 84, 96, 108, 120, 132, 146]",48,"[1127, 1225, 1342, 1452, 1549, 1654, 1762, 1883, 1970, 2063, 2168, 2341, 2495, 2721, 2959, 3201]",norman-retail-guide-2026-09,14,14,MATCH,Exact width header and height/price row on cited program page
vertical_honeycomb,vertical_honeycomb_flame_resistant_fabrics_3_4in_single_only,3,"[24, 32, 36, 42, 48, 54, 60, 66, 72, 78, 84, 96, 108, 120, 132, 146]",54,"[1178, 1310, 1428, 1552, 1657, 1757, 1869, 1977, 2082, 2173, 2286, 2463, 2657, 2855, 3067, 3277]",norman-retail-guide-2026-09,14,14,MATCH,Exact width header and height/price row on cited program page
vertical_honeycomb,vertical_honeycomb_flame_resistant_fabrics_3_4in_single_only,4,"[24, 32, 36, 42, 48, 54, 60, 66, 72, 78, 84, 96, 108, 120, 132, 146]",60,"[1250, 1383, 1519, 1651, 1757, 1869, 1987, 2099, 2213, 2325, 2430, 2640, 2849, 3064, 3289, 3516]",norman-retail-guide-2026-09,14,14,MATCH,Exact width header and height/price row on cited program page
vertical_honeycomb,vertical_honeycomb_flame_resistant_fabrics_3_4in_single_only,5,"[24, 32, 36, 42, 48, 54, 60, 66, 72, 78, 84, 96, 108, 120, 132, 146]",66,"[1317, 1459, 1604, 1753, 1877, 1987, 2107, 2239, 2348, 2478, 2587, 2822, 3045, 3273, 3516, 3757]",norman-retail-guide-2026-09,14,14,MATCH,Exact width header and height/price row on cited program page
vertical_honeycomb,vertical_honeycomb_flame_resistant_fabrics_3_4in_single_only,6,"[24, 32, 36, 42, 48, 54, 60, 66, 72, 78, 84, 96, 108, 120, 132, 146]",73,"[1395, 1542, 1702, 1854, 1978, 2094, 2215, 2377, 2488, 2619, 2750, 2997, 3233, 3485, 3752, 4014]",norman-retail-guide-2026-09,14,14,MATCH,Exact width header and height/price row on cited program page
vertical_honeycomb,vertical_honeycomb_flame_resistant_fabrics_3_4in_single_only,7,"[24, 32, 36, 42, 48, 54, 60, 66, 72, 78, 84, 96, 108, 120, 132, 146]",78,"[1463, 1624, 1793, 1937, 2075, 2187, 2325, 2486, 2603, 2754, 2877, 3156, 3394, 3661, 3938, 4215]",norman-retail-guide-2026-09,14,14,MATCH,Exact width header and height/price row on cited program page
vertical_honeycomb,vertical_honeycomb_flame_resistant_fabrics_3_4in_single_only,8,"[24, 32, 36, 42, 48, 54, 60, 66, 72, 78, 84, 96, 108, 120, 132, 146]",84,"[1539, 1703, 1880, 2037, 2182, 2312, 2459, 2623, 2749, 2909, 3037, 3333, 3598, 3870, 4160, 4449]",norman-retail-guide-2026-09,14,14,MATCH,Exact width header and height/price row on cited program page
vertical_honeycomb,vertical_honeycomb_flame_resistant_fabrics_3_4in_single_only,9,"[24, 32, 36, 42, 48, 54, 60, 66, 72, 78, 84, 96, 108, 120, 132, 146]",90,"[1601, 1789, 1963, 2125, 2282, 2430, 2581, 2756, 2899, 3060, 3205, 3511, 3803, 4092, 4399, 4701]",norman-retail-guide-2026-09,14,14,MATCH,Exact width header and height/price row on cited program page
vertical_honeycomb,vertical_honeycomb_flame_resistant_fabrics_3_4in_single_only,10,"[24, 32, 36, 42, 48, 54, 60, 66, 72, 78, 84, 96, 108, 120, 132, 146]",96,"[1672, 1863, 2037, 2208, 2372, 2523, 2682, 2874, 3017, 3189, 3336, 3664, 3952, 4274, 4609, 4949]",norman-retail-guide-2026-09,14,14,MATCH,Exact width header and height/price row on cited program page
wood_blinds,wood_blinds_2in_and_2_1_2in_slats,0,"[24, 28, 32, 36, 42, 48, 54, 60, 66, 72, 78, 84, 90, 96]",30,"[297, 318, 339, 364, 394, 425, 472, 526, 563, 609, 655, 709, 748, 796]",norman-retail-guide-2026-09,33,33,MATCH,Exact width header and height/price row on cited program page
wood_blinds,wood_blinds_2in_and_2_1_2in_slats,1,"[24, 28, 32, 36, 42, 48, 54, 60, 66, 72, 78, 84, 90, 96]",36,"[327, 343, 361, 389, 429, 461, 501, 574, 612, 664, 714, 775, 816, 876]",norman-retail-guide-2026-09,33,33,MATCH,Exact width header and height/price row on cited program page
wood_blinds,wood_blinds_2in_and_2_1_2in_slats,2,"[24, 28, 32, 36, 42, 48, 54, 60, 66, 72, 78, 84, 90, 96]",42,"[345, 369, 389, 421, 464, 501, 557, 627, 678, 735, 788, 864, 913, 982]",norman-retail-guide-2026-09,33,33,MATCH,Exact width header and height/price row on cited program page
wood_blinds,wood_blinds_2in_and_2_1_2in_slats,3,"[24, 28, 32, 36, 42, 48, 54, 60, 66, 72, 78, 84, 90, 96]",48,"[376, 389, 418, 451, 500, 536, 598, 680, 732, 794, 856, 938, 994, 1063]",norman-retail-guide-2026-09,33,33,MATCH,Exact width header and height/price row on cited program page
wood_blinds,wood_blinds_2in_and_2_1_2in_slats,4,"[24, 28, 32, 36, 42, 48, 54, 60, 66, 72, 78, 84, 90, 96]",54,"[390, 424, 464, 505, 557, 604, 666, 760, 815, 888, 956, 1053, 1111, 1191]",norman-retail-guide-2026-09,33,33,MATCH,Exact width header and height/price row on cited program page
wood_blinds,wood_blinds_2in_and_2_1_2in_slats,5,"[24, 28, 32, 36, 42, 48, 54, 60, 66, 72, 78, 84, 90, 96]",60,"[420, 464, 494, 535, 598, 641, 714, 813, 875, 956, 1035, 1133, 1191, 1289]",norman-retail-guide-2026-09,33,33,MATCH,Exact width header and height/price row on cited program page
wood_blinds,wood_blinds_2in_and_2_1_2in_slats,6,"[24, 28, 32, 36, 42, 48, 54, 60, 66, 72, 78, 84, 90, 96]",66,"[448, 493, 523, 568, 633, 691, 767, 870, 937, 1020, 1111, 1223, 1289, 1407]",norman-retail-guide-2026-09,33,33,MATCH,Exact width header and height/price row on cited program page
wood_blinds,wood_blinds_2in_and_2_1_2in_slats,7,"[24, 28, 32, 36, 42, 48, 54, 60, 66, 72, 78, 84, 90, 96]",73,"[479, 522, 560, 604, 682, 739, 822, 939, 1022, 1115, 1218, 1329, 1412, 1531]",norman-retail-guide-2026-09,33,33,MATCH,Exact width header and height/price row on cited program page
wood_blinds,wood_blinds_2in_and_2_1_2in_slats,8,"[24, 28, 32, 36, 42, 48, 54, 60, 66, 72, 78, 84, 90, 96]",78,"[487, 542, 581, 635, 709, 769, 884, 1008, 1084, 1167, 1261, 1433, 1515, 1655]",norman-retail-guide-2026-09,33,33,MATCH,Exact width header and height/price row on cited program page
wood_blinds,wood_blinds_2in_and_2_1_2in_slats,9,"[24, 28, 32, 36, 42, 48, 54, 60, 66, 72, 78, 84, 90, 96]",84,"[522, 561, 621, 673, 751, 820, 943, 1059, 1147, 1223, 1342, 1505, 1619, 1698]",norman-retail-guide-2026-09,33,33,MATCH,Exact width header and height/price row on cited program page
wood_blinds,wood_blinds_2in_and_2_1_2in_slats,10,"[24, 28, 32, 36, 42, 48, 54, 60, 66, 72, 78, 84, 90, 96]",90,"[548, 585, 649, 704, 788, 862, 986, 1106, 1187, 1307, 1378, 1578, 1667, 1774]",norman-retail-guide-2026-09,33,33,MATCH,Exact width header and height/price row on cited program page
wood_blinds,wood_blinds_2in_and_2_1_2in_slats,11,"[24, 28, 32, 36, 42, 48, 54, 60, 66, 72, 78, 84, 90, 96]",96,"[561, 616, 684, 746, 834, 913, 1035, 1156, 1266, 1369, 1414, 1600, 1703, 1799]",norman-retail-guide-2026-09,33,33,MATCH,Exact width header and height/price row on cited program page
