collection,code,color,cell,programId,status
Sheer,C5004,Cloud White,"3/8"" Single Cell",honeycomb_3_8in_cordless_single_and_3_4in_single,GRID MAPPED; CONFIGURATION/PORTAL VERIFICATION PENDING
Sheer,C5004,Cloud White,"9/16"" Single Cell",honeycomb_9_16in_cordless_single_cell,GRID MAPPED; CONFIGURATION/PORTAL VERIFICATION PENDING
Sheer,C5004,Cloud White,"3/4"" Single Cell",honeycomb_3_8in_cordless_single_and_3_4in_single,GRID MAPPED; CONFIGURATION/PORTAL VERIFICATION PENDING
Sheer,C5004,Cloud White,"1 1/4"" Single Cell",honeycomb_3_4in_cordless_double_and_1_1_4in_single,GRID MAPPED; CONFIGURATION/PORTAL VERIFICATION PENDING
Sheer,C5001,Seapearl,"3/8"" Single Cell",honeycomb_3_8in_cordless_single_and_3_4in_single,GRID MAPPED; CONFIGURATION/PORTAL VERIFICATION PENDING
Sheer,C5001,Seapearl,"9/16"" Single Cell",honeycomb_9_16in_cordless_single_cell,GRID MAPPED; CONFIGURATION/PORTAL VERIFICATION PENDING
Sheer,C5001,Seapearl,"3/4"" Single Cell",honeycomb_3_8in_cordless_single_and_3_4in_single,GRID MAPPED; CONFIGURATION/PORTAL VERIFICATION PENDING
Sheer,C5001,Seapearl,"1 1/4"" Single Cell",honeycomb_3_4in_cordless_double_and_1_1_4in_single,GRID MAPPED; CONFIGURATION/PORTAL VERIFICATION PENDING
Sheer,C5002,Cloudy Chiffon,"3/8"" Single Cell",honeycomb_3_8in_cordless_single_and_3_4in_single,GRID MAPPED; CONFIGURATION/PORTAL VERIFICATION PENDING
Sheer,C5002,Cloudy Chiffon,"9/16"" Single Cell",honeycomb_9_16in_cordless_single_cell,GRID MAPPED; CONFIGURATION/PORTAL VERIFICATION PENDING
Sheer,C5002,Cloudy Chiffon,"3/4"" Single Cell",honeycomb_3_8in_cordless_single_and_3_4in_single,GRID MAPPED; CONFIGURATION/PORTAL VERIFICATION PENDING
Sheer,C5002,Cloudy Chiffon,"1 1/4"" Single Cell",honeycomb_3_4in_cordless_double_and_1_1_4in_single,GRID MAPPED; CONFIGURATION/PORTAL VERIFICATION PENDING
Sheer,C5501,Jersey Cream,"3/8"" Single Cell",honeycomb_3_8in_cordless_single_and_3_4in_single,GRID MAPPED; CONFIGURATION/PORTAL VERIFICATION PENDING
Sheer,C5501,Jersey Cream,"9/16"" Single Cell",honeycomb_9_16in_cordless_single_cell,GRID MAPPED; CONFIGURATION/PORTAL VERIFICATION PENDING
Sheer,C5501,Jersey Cream,"3/4"" Single Cell",honeycomb_3_8in_cordless_single_and_3_4in_single,GRID MAPPED; CONFIGURATION/PORTAL VERIFICATION PENDING
Sheer,C5501,Jersey Cream,"1 1/4"" Single Cell",honeycomb_3_4in_cordless_double_and_1_1_4in_single,GRID MAPPED; CONFIGURATION/PORTAL VERIFICATION PENDING
Sheer,C5201,Nightfall,"3/8"" Single Cell",honeycomb_3_8in_cordless_single_and_3_4in_single,GRID MAPPED; CONFIGURATION/PORTAL VERIFICATION PENDING
Sheer,C5201,Nightfall,"9/16"" Single Cell",honeycomb_9_16in_cordless_single_cell,GRID MAPPED; CONFIGURATION/PORTAL VERIFICATION PENDING
Sheer,C5201,Nightfall,"3/4"" Single Cell",honeycomb_3_8in_cordless_single_and_3_4in_single,GRID MAPPED; CONFIGURATION/PORTAL VERIFICATION PENDING
Sheer,C5201,Nightfall,"1 1/4"" Single Cell",honeycomb_3_4in_cordless_double_and_1_1_4in_single,GRID MAPPED; CONFIGURATION/PORTAL VERIFICATION PENDING
Light Filtering,C7015K,Brilliant White,"3/8"" Single Cell",honeycomb_3_8in_cordless_single_and_3_4in_single,GRID MAPPED; CONFIGURATION/PORTAL VERIFICATION PENDING
Light Filtering,C7015K,Brilliant White,"9/16"" Single Cell",honeycomb_9_16in_cordless_single_cell,GRID MAPPED; CONFIGURATION/PORTAL VERIFICATION PENDING
Light Filtering,C7015K,Brilliant White,"1/2"" Double Cell",honeycomb_1_2in_cordless_double,GRID MAPPED; CONFIGURATION/PORTAL VERIFICATION PENDING
Light Filtering,C7015K,Brilliant White,"3/4"" Single Cell",honeycomb_3_8in_cordless_single_and_3_4in_single,GRID MAPPED; CONFIGURATION/PORTAL VERIFICATION PENDING
Light Filtering,C7015K,Brilliant White,"3/4"" Double Cell",honeycomb_3_4in_cordless_double_and_1_1_4in_single,GRID MAPPED; CONFIGURATION/PORTAL VERIFICATION PENDING
Light Filtering,C7015K,Brilliant White,"1 1/4"" Single Cell",honeycomb_3_4in_cordless_double_and_1_1_4in_single,GRID MAPPED; CONFIGURATION/PORTAL VERIFICATION PENDING
Light Filtering,C7016K,Cotton Cloud,"3/8"" Single Cell",honeycomb_3_8in_cordless_single_and_3_4in_single,GRID MAPPED; CONFIGURATION/PORTAL VERIFICATION PENDING
Light Filtering,C7016K,Cotton Cloud,"9/16"" Single Cell",honeycomb_9_16in_cordless_single_cell,GRID MAPPED; CONFIGURATION/PORTAL VERIFICATION PENDING
Light Filtering,C7016K,Cotton Cloud,"1/2"" Double Cell",honeycomb_1_2in_cordless_double,GRID MAPPED; CONFIGURATION/PORTAL VERIFICATION PENDING
Light Filtering,C7016K,Cotton Cloud,"3/4"" Single Cell",honeycomb_3_8in_cordless_single_and_3_4in_single,GRID MAPPED; CONFIGURATION/PORTAL VERIFICATION PENDING
Light Filtering,C7016K,Cotton Cloud,"3/4"" Double Cell",honeycomb_3_4in_cordless_double_and_1_1_4in_single,GRID MAPPED; CONFIGURATION/PORTAL VERIFICATION PENDING
Light Filtering,C7016K,Cotton Cloud,"1 1/4"" Single Cell",honeycomb_3_4in_cordless_double_and_1_1_4in_single,GRID MAPPED; CONFIGURATION/PORTAL VERIFICATION PENDING
Light Filtering,C7017K,Gardenia,"3/8"" Single Cell",honeycomb_3_8in_cordless_single_and_3_4in_single,GRID MAPPED; CONFIGURATION/PORTAL VERIFICATION PENDING
Light Filtering,C7017K,Gardenia,"9/16"" Single Cell",honeycomb_9_16in_cordless_single_cell,GRID MAPPED; CONFIGURATION/PORTAL VERIFICATION PENDING
Light Filtering,C7017K,Gardenia,"1/2"" Double Cell",honeycomb_1_2in_cordless_double,GRID MAPPED; CONFIGURATION/PORTAL VERIFICATION PENDING
Light Filtering,C7017K,Gardenia,"3/4"" Single Cell",honeycomb_3_8in_cordless_single_and_3_4in_single,GRID MAPPED; CONFIGURATION/PORTAL VERIFICATION PENDING
Light Filtering,C7017K,Gardenia,"3/4"" Double Cell",honeycomb_3_4in_cordless_double_and_1_1_4in_single,GRID MAPPED; CONFIGURATION/PORTAL VERIFICATION PENDING
Light Filtering,C7017K,Gardenia,"1 1/4"" Single Cell",honeycomb_3_4in_cordless_double_and_1_1_4in_single,GRID MAPPED; CONFIGURATION/PORTAL VERIFICATION PENDING
Light Filtering,C7427K,Wheat,"3/8"" Single Cell",honeycomb_3_8in_cordless_single_and_3_4in_single,GRID MAPPED; CONFIGURATION/PORTAL VERIFICATION PENDING
Light Filtering,C7427K,Wheat,"9/16"" Single Cell",honeycomb_9_16in_cordless_single_cell,GRID MAPPED; CONFIGURATION/PORTAL VERIFICATION PENDING
Light Filtering,C7427K,Wheat,"1/2"" Double Cell",honeycomb_1_2in_cordless_double,GRID MAPPED; CONFIGURATION/PORTAL VERIFICATION PENDING
Light Filtering,C7427K,Wheat,"3/4"" Single Cell",honeycomb_3_8in_cordless_single_and_3_4in_single,GRID MAPPED; CONFIGURATION/PORTAL VERIFICATION PENDING
Light Filtering,C7427K,Wheat,"3/4"" Double Cell",honeycomb_3_4in_cordless_double_and_1_1_4in_single,GRID MAPPED; CONFIGURATION/PORTAL VERIFICATION PENDING
Light Filtering,C7427K,Wheat,"1 1/4"" Single Cell",honeycomb_3_4in_cordless_double_and_1_1_4in_single,GRID MAPPED; CONFIGURATION/PORTAL VERIFICATION PENDING
Light Filtering,C7139K,Seal Gray,"3/8"" Single Cell",honeycomb_3_8in_cordless_single_and_3_4in_single,GRID MAPPED; CONFIGURATION/PORTAL VERIFICATION PENDING
Light Filtering,C7139K,Seal Gray,"1/2"" Double Cell",honeycomb_1_2in_cordless_double,GRID MAPPED; CONFIGURATION/PORTAL VERIFICATION PENDING
Light Filtering,C7139K,Seal Gray,"3/4"" Single Cell",honeycomb_3_8in_cordless_single_and_3_4in_single,GRID MAPPED; CONFIGURATION/PORTAL VERIFICATION PENDING
Light Filtering,C7139K,Seal Gray,"3/4"" Double Cell",honeycomb_3_4in_cordless_double_and_1_1_4in_single,GRID MAPPED; CONFIGURATION/PORTAL VERIFICATION PENDING
Light Filtering,C7139K,Seal Gray,"1 1/4"" Single Cell",honeycomb_3_4in_cordless_double_and_1_1_4in_single,GRID MAPPED; CONFIGURATION/PORTAL VERIFICATION PENDING
Light Filtering,C7133K,Daisy,"3/8"" Single Cell",honeycomb_3_8in_cordless_single_and_3_4in_single,GRID MAPPED; CONFIGURATION/PORTAL VERIFICATION PENDING
Light Filtering,C7133K,Daisy,"1/2"" Double Cell",honeycomb_1_2in_cordless_double,GRID MAPPED; CONFIGURATION/PORTAL VERIFICATION PENDING
Light Filtering,C7133K,Daisy,"3/4"" Single Cell",honeycomb_3_8in_cordless_single_and_3_4in_single,GRID MAPPED; CONFIGURATION/PORTAL VERIFICATION PENDING
Light Filtering,C7133K,Daisy,"3/4"" Double Cell",honeycomb_3_4in_cordless_double_and_1_1_4in_single,GRID MAPPED; CONFIGURATION/PORTAL VERIFICATION PENDING
Light Filtering,C7133K,Daisy,"1 1/4"" Single Cell",honeycomb_3_4in_cordless_double_and_1_1_4in_single,GRID MAPPED; CONFIGURATION/PORTAL VERIFICATION PENDING
Light Filtering,C7134K,Silver Satin,"3/8"" Single Cell",honeycomb_3_8in_cordless_single_and_3_4in_single,GRID MAPPED; CONFIGURATION/PORTAL VERIFICATION PENDING
Light Filtering,C7134K,Silver Satin,"1/2"" Double Cell",honeycomb_1_2in_cordless_double,GRID MAPPED; CONFIGURATION/PORTAL VERIFICATION PENDING
Light Filtering,C7134K,Silver Satin,"3/4"" Single Cell",honeycomb_3_8in_cordless_single_and_3_4in_single,GRID MAPPED; CONFIGURATION/PORTAL VERIFICATION PENDING
Light Filtering,C7134K,Silver Satin,"3/4"" Double Cell",honeycomb_3_4in_cordless_double_and_1_1_4in_single,GRID MAPPED; CONFIGURATION/PORTAL VERIFICATION PENDING
Light Filtering,C7134K,Silver Satin,"1 1/4"" Single Cell",honeycomb_3_4in_cordless_double_and_1_1_4in_single,GRID MAPPED; CONFIGURATION/PORTAL VERIFICATION PENDING
Light Filtering,C7135K,French Silver,"3/8"" Single Cell",honeycomb_3_8in_cordless_single_and_3_4in_single,GRID MAPPED; CONFIGURATION/PORTAL VERIFICATION PENDING
Light Filtering,C7135K,French Silver,"9/16"" Single Cell",honeycomb_9_16in_cordless_single_cell,GRID MAPPED; CONFIGURATION/PORTAL VERIFICATION PENDING
Light Filtering,C7135K,French Silver,"1/2"" Double Cell",honeycomb_1_2in_cordless_double,GRID MAPPED; CONFIGURATION/PORTAL VERIFICATION PENDING
Light Filtering,C7135K,French Silver,"3/4"" Single Cell",honeycomb_3_8in_cordless_single_and_3_4in_single,GRID MAPPED; CONFIGURATION/PORTAL VERIFICATION PENDING
Light Filtering,C7135K,French Silver,"3/4"" Double Cell",honeycomb_3_4in_cordless_double_and_1_1_4in_single,GRID MAPPED; CONFIGURATION/PORTAL VERIFICATION PENDING
Light Filtering,C7135K,French Silver,"1 1/4"" Single Cell",honeycomb_3_4in_cordless_double_and_1_1_4in_single,GRID MAPPED; CONFIGURATION/PORTAL VERIFICATION PENDING
Light Filtering,C7136K,Classic Silver,"3/8"" Single Cell",honeycomb_3_8in_cordless_single_and_3_4in_single,GRID MAPPED; CONFIGURATION/PORTAL VERIFICATION PENDING
Light Filtering,C7136K,Classic Silver,"1/2"" Double Cell",honeycomb_1_2in_cordless_double,GRID MAPPED; CONFIGURATION/PORTAL VERIFICATION PENDING
Light Filtering,C7136K,Classic Silver,"3/4"" Single Cell",honeycomb_3_8in_cordless_single_and_3_4in_single,GRID MAPPED; CONFIGURATION/PORTAL VERIFICATION PENDING
Light Filtering,C7136K,Classic Silver,"3/4"" Double Cell",honeycomb_3_4in_cordless_double_and_1_1_4in_single,GRID MAPPED; CONFIGURATION/PORTAL VERIFICATION PENDING
Light Filtering,C7136K,Classic Silver,"1 1/4"" Single Cell",honeycomb_3_4in_cordless_double_and_1_1_4in_single,GRID MAPPED; CONFIGURATION/PORTAL VERIFICATION PENDING
Light Filtering,C7137K,Power Gray,"3/8"" Single Cell",honeycomb_3_8in_cordless_single_and_3_4in_single,GRID MAPPED; CONFIGURATION/PORTAL VERIFICATION PENDING
Light Filtering,C7137K,Power Gray,"1/2"" Double Cell",honeycomb_1_2in_cordless_double,GRID MAPPED; CONFIGURATION/PORTAL VERIFICATION PENDING
Light Filtering,C7137K,Power Gray,"3/4"" Single Cell",honeycomb_3_8in_cordless_single_and_3_4in_single,GRID MAPPED; CONFIGURATION/PORTAL VERIFICATION PENDING
Light Filtering,C7137K,Power Gray,"3/4"" Double Cell",honeycomb_3_4in_cordless_double_and_1_1_4in_single,GRID MAPPED; CONFIGURATION/PORTAL VERIFICATION PENDING
Light Filtering,C7137K,Power Gray,"1 1/4"" Single Cell",honeycomb_3_4in_cordless_double_and_1_1_4in_single,GRID MAPPED; CONFIGURATION/PORTAL VERIFICATION PENDING
Light Filtering,C7138K,Iron Mountain,"3/8"" Single Cell",honeycomb_3_8in_cordless_single_and_3_4in_single,GRID MAPPED; CONFIGURATION/PORTAL VERIFICATION PENDING
Light Filtering,C7138K,Iron Mountain,"9/16"" Single Cell",honeycomb_9_16in_cordless_single_cell,GRID MAPPED; CONFIGURATION/PORTAL VERIFICATION PENDING
Light Filtering,C7138K,Iron Mountain,"1/2"" Double Cell",honeycomb_1_2in_cordless_double,GRID MAPPED; CONFIGURATION/PORTAL VERIFICATION PENDING
Light Filtering,C7138K,Iron Mountain,"3/4"" Single Cell",honeycomb_3_8in_cordless_single_and_3_4in_single,GRID MAPPED; CONFIGURATION/PORTAL VERIFICATION PENDING
Light Filtering,C7138K,Iron Mountain,"3/4"" Double Cell",honeycomb_3_4in_cordless_double_and_1_1_4in_single,GRID MAPPED; CONFIGURATION/PORTAL VERIFICATION PENDING
Light Filtering,C7138K,Iron Mountain,"1 1/4"" Single Cell",honeycomb_3_4in_cordless_double_and_1_1_4in_single,GRID MAPPED; CONFIGURATION/PORTAL VERIFICATION PENDING
Light Filtering,C7140K,Orion Gray,"3/8"" Single Cell",honeycomb_3_8in_cordless_single_and_3_4in_single,GRID MAPPED; CONFIGURATION/PORTAL VERIFICATION PENDING
Light Filtering,C7140K,Orion Gray,"1/2"" Double Cell",honeycomb_1_2in_cordless_double,GRID MAPPED; CONFIGURATION/PORTAL VERIFICATION PENDING
Light Filtering,C7140K,Orion Gray,"3/4"" Single Cell",honeycomb_3_8in_cordless_single_and_3_4in_single,GRID MAPPED; CONFIGURATION/PORTAL VERIFICATION PENDING
Light Filtering,C7140K,Orion Gray,"3/4"" Double Cell",honeycomb_3_4in_cordless_double_and_1_1_4in_single,GRID MAPPED; CONFIGURATION/PORTAL VERIFICATION PENDING
Light Filtering,C7140K,Orion Gray,"1 1/4"" Single Cell",honeycomb_3_4in_cordless_double_and_1_1_4in_single,GRID MAPPED; CONFIGURATION/PORTAL VERIFICATION PENDING
Light Filtering,C7515K,White Cream,"3/8"" Single Cell",honeycomb_3_8in_cordless_single_and_3_4in_single,GRID MAPPED; CONFIGURATION/PORTAL VERIFICATION PENDING
Light Filtering,C7515K,White Cream,"1/2"" Double Cell",honeycomb_1_2in_cordless_double,GRID MAPPED; CONFIGURATION/PORTAL VERIFICATION PENDING
Light Filtering,C7515K,White Cream,"3/4"" Single Cell",honeycomb_3_8in_cordless_single_and_3_4in_single,GRID MAPPED; CONFIGURATION/PORTAL VERIFICATION PENDING
Light Filtering,C7515K,White Cream,"3/4"" Double Cell",honeycomb_3_4in_cordless_double_and_1_1_4in_single,GRID MAPPED; CONFIGURATION/PORTAL VERIFICATION PENDING
Light Filtering,C7515K,White Cream,"1 1/4"" Single Cell",honeycomb_3_4in_cordless_double_and_1_1_4in_single,GRID MAPPED; CONFIGURATION/PORTAL VERIFICATION PENDING
Light Filtering,C7423K,Natural Tan,"3/8"" Single Cell",honeycomb_3_8in_cordless_single_and_3_4in_single,GRID MAPPED; CONFIGURATION/PORTAL VERIFICATION PENDING
Light Filtering,C7423K,Natural Tan,"9/16"" Single Cell",honeycomb_9_16in_cordless_single_cell,GRID MAPPED; CONFIGURATION/PORTAL VERIFICATION PENDING
Light Filtering,C7423K,Natural Tan,"1/2"" Double Cell",honeycomb_1_2in_cordless_double,GRID MAPPED; CONFIGURATION/PORTAL VERIFICATION PENDING
Light Filtering,C7423K,Natural Tan,"3/4"" Single Cell",honeycomb_3_8in_cordless_single_and_3_4in_single,GRID MAPPED; CONFIGURATION/PORTAL VERIFICATION PENDING
Light Filtering,C7423K,Natural Tan,"3/4"" Double Cell",honeycomb_3_4in_cordless_double_and_1_1_4in_single,GRID MAPPED; CONFIGURATION/PORTAL VERIFICATION PENDING
Light Filtering,C7423K,Natural Tan,"1 1/4"" Single Cell",honeycomb_3_4in_cordless_double_and_1_1_4in_single,GRID MAPPED; CONFIGURATION/PORTAL VERIFICATION PENDING
Light Filtering,C7424K,Pale Oak,"3/8"" Single Cell",honeycomb_3_8in_cordless_single_and_3_4in_single,GRID MAPPED; CONFIGURATION/PORTAL VERIFICATION PENDING
Light Filtering,C7424K,Pale Oak,"9/16"" Single Cell",honeycomb_9_16in_cordless_single_cell,GRID MAPPED; CONFIGURATION/PORTAL VERIFICATION PENDING
Light Filtering,C7424K,Pale Oak,"1/2"" Double Cell",honeycomb_1_2in_cordless_double,GRID MAPPED; CONFIGURATION/PORTAL VERIFICATION PENDING
Light Filtering,C7424K,Pale Oak,"3/4"" Single Cell",honeycomb_3_8in_cordless_single_and_3_4in_single,GRID MAPPED; CONFIGURATION/PORTAL VERIFICATION PENDING
Light Filtering,C7424K,Pale Oak,"3/4"" Double Cell",honeycomb_3_4in_cordless_double_and_1_1_4in_single,GRID MAPPED; CONFIGURATION/PORTAL VERIFICATION PENDING
Light Filtering,C7424K,Pale Oak,"1 1/4"" Single Cell",honeycomb_3_4in_cordless_double_and_1_1_4in_single,GRID MAPPED; CONFIGURATION/PORTAL VERIFICATION PENDING
Light Filtering,C7425K,Whipped Mocha,"3/8"" Single Cell",honeycomb_3_8in_cordless_single_and_3_4in_single,GRID MAPPED; CONFIGURATION/PORTAL VERIFICATION PENDING
Light Filtering,C7425K,Whipped Mocha,"9/16"" Single Cell",honeycomb_9_16in_cordless_single_cell,GRID MAPPED; CONFIGURATION/PORTAL VERIFICATION PENDING
Light Filtering,C7425K,Whipped Mocha,"1/2"" Double Cell",honeycomb_1_2in_cordless_double,GRID MAPPED; CONFIGURATION/PORTAL VERIFICATION PENDING
Light Filtering,C7425K,Whipped Mocha,"3/4"" Single Cell",honeycomb_3_8in_cordless_single_and_3_4in_single,GRID MAPPED; CONFIGURATION/PORTAL VERIFICATION PENDING
Light Filtering,C7425K,Whipped Mocha,"3/4"" Double Cell",honeycomb_3_4in_cordless_double_and_1_1_4in_single,GRID MAPPED; CONFIGURATION/PORTAL VERIFICATION PENDING
Light Filtering,C7425K,Whipped Mocha,"1 1/4"" Single Cell",honeycomb_3_4in_cordless_double_and_1_1_4in_single,GRID MAPPED; CONFIGURATION/PORTAL VERIFICATION PENDING
Light Filtering,C7426K,Rue Bourbon,"3/8"" Single Cell",honeycomb_3_8in_cordless_single_and_3_4in_single,GRID MAPPED; CONFIGURATION/PORTAL VERIFICATION PENDING
Light Filtering,C7426K,Rue Bourbon,"1/2"" Double Cell",honeycomb_1_2in_cordless_double,GRID MAPPED; CONFIGURATION/PORTAL VERIFICATION PENDING
Light Filtering,C7426K,Rue Bourbon,"3/4"" Single Cell",honeycomb_3_8in_cordless_single_and_3_4in_single,GRID MAPPED; CONFIGURATION/PORTAL VERIFICATION PENDING
Light Filtering,C7426K,Rue Bourbon,"3/4"" Double Cell",honeycomb_3_4in_cordless_double_and_1_1_4in_single,GRID MAPPED; CONFIGURATION/PORTAL VERIFICATION PENDING
Light Filtering,C7426K,Rue Bourbon,"1 1/4"" Single Cell",honeycomb_3_4in_cordless_double_and_1_1_4in_single,GRID MAPPED; CONFIGURATION/PORTAL VERIFICATION PENDING
Light Filtering,C7142K,Dew,"9/16"" Single Cell",honeycomb_9_16in_cordless_single_cell,GRID MAPPED; CONFIGURATION/PORTAL VERIFICATION PENDING
Light Filtering,C7208K,Space Gray,"9/16"" Single Cell",honeycomb_9_16in_cordless_single_cell,GRID MAPPED; CONFIGURATION/PORTAL VERIFICATION PENDING
Light Filtering,C7143K,Silver Dusk,"9/16"" Single Cell",honeycomb_9_16in_cordless_single_cell,GRID MAPPED; CONFIGURATION/PORTAL VERIFICATION PENDING
Light Filtering,C7516K,New Camel,"3/8"" Single Cell",honeycomb_3_8in_cordless_single_and_3_4in_single,GRID MAPPED; CONFIGURATION/PORTAL VERIFICATION PENDING
Light Filtering,C7516K,New Camel,"9/16"" Single Cell",honeycomb_9_16in_cordless_single_cell,GRID MAPPED; CONFIGURATION/PORTAL VERIFICATION PENDING
Light Filtering,C7516K,New Camel,"1/2"" Double Cell",honeycomb_1_2in_cordless_double,GRID MAPPED; CONFIGURATION/PORTAL VERIFICATION PENDING
Light Filtering,C7516K,New Camel,"3/4"" Single Cell",honeycomb_3_8in_cordless_single_and_3_4in_single,GRID MAPPED; CONFIGURATION/PORTAL VERIFICATION PENDING
Light Filtering,C7516K,New Camel,"3/4"" Double Cell",honeycomb_3_4in_cordless_double_and_1_1_4in_single,GRID MAPPED; CONFIGURATION/PORTAL VERIFICATION PENDING
Light Filtering,C7516K,New Camel,"1 1/4"" Single Cell",honeycomb_3_4in_cordless_double_and_1_1_4in_single,GRID MAPPED; CONFIGURATION/PORTAL VERIFICATION PENDING
Light Filtering,C7617K,Florida Keys,"9/16"" Single Cell",honeycomb_9_16in_cordless_single_cell,GRID MAPPED; CONFIGURATION/PORTAL VERIFICATION PENDING
Light Filtering,C7715K,Bella Blue,"9/16"" Single Cell",honeycomb_9_16in_cordless_single_cell,GRID MAPPED; CONFIGURATION/PORTAL VERIFICATION PENDING
Light Filtering,C7510K,Yellow Bliss,"3/8"" Single Cell",honeycomb_3_8in_cordless_single_and_3_4in_single,GRID MAPPED; CONFIGURATION/PORTAL VERIFICATION PENDING
Light Filtering,C7510K,Yellow Bliss,"1/2"" Double Cell",honeycomb_1_2in_cordless_double,GRID MAPPED; CONFIGURATION/PORTAL VERIFICATION PENDING
Light Filtering,C7510K,Yellow Bliss,"3/4"" Single Cell",honeycomb_3_8in_cordless_single_and_3_4in_single,GRID MAPPED; CONFIGURATION/PORTAL VERIFICATION PENDING
Light Filtering,C7510K,Yellow Bliss,"3/4"" Double Cell",honeycomb_3_4in_cordless_double_and_1_1_4in_single,GRID MAPPED; CONFIGURATION/PORTAL VERIFICATION PENDING
Light Filtering,C7510K,Yellow Bliss,"1 1/4"" Single Cell",honeycomb_3_4in_cordless_double_and_1_1_4in_single,GRID MAPPED; CONFIGURATION/PORTAL VERIFICATION PENDING
Light Filtering,C7506K,Autumn Gold,"3/8"" Single Cell",honeycomb_3_8in_cordless_single_and_3_4in_single,GRID MAPPED; CONFIGURATION/PORTAL VERIFICATION PENDING
Light Filtering,C7506K,Autumn Gold,"1/2"" Double Cell",honeycomb_1_2in_cordless_double,GRID MAPPED; CONFIGURATION/PORTAL VERIFICATION PENDING
Light Filtering,C7506K,Autumn Gold,"3/4"" Single Cell",honeycomb_3_8in_cordless_single_and_3_4in_single,GRID MAPPED; CONFIGURATION/PORTAL VERIFICATION PENDING
Light Filtering,C7506K,Autumn Gold,"3/4"" Double Cell",honeycomb_3_4in_cordless_double_and_1_1_4in_single,GRID MAPPED; CONFIGURATION/PORTAL VERIFICATION PENDING
Light Filtering,C7506K,Autumn Gold,"1 1/4"" Single Cell",honeycomb_3_4in_cordless_double_and_1_1_4in_single,GRID MAPPED; CONFIGURATION/PORTAL VERIFICATION PENDING
Light Filtering,C7433K,Cabin,"3/8"" Single Cell",honeycomb_3_8in_cordless_single_and_3_4in_single,GRID MAPPED; CONFIGURATION/PORTAL VERIFICATION PENDING
Light Filtering,C7433K,Cabin,"1/2"" Double Cell",honeycomb_1_2in_cordless_double,GRID MAPPED; CONFIGURATION/PORTAL VERIFICATION PENDING
Light Filtering,C7433K,Cabin,"3/4"" Single Cell",honeycomb_3_8in_cordless_single_and_3_4in_single,GRID MAPPED; CONFIGURATION/PORTAL VERIFICATION PENDING
Light Filtering,C7433K,Cabin,"3/4"" Double Cell",honeycomb_3_4in_cordless_double_and_1_1_4in_single,GRID MAPPED; CONFIGURATION/PORTAL VERIFICATION PENDING
Light Filtering,C7433K,Cabin,"1 1/4"" Single Cell",honeycomb_3_4in_cordless_double_and_1_1_4in_single,GRID MAPPED; CONFIGURATION/PORTAL VERIFICATION PENDING
Light Filtering,C7417K,Provence Cream,"3/8"" Single Cell",honeycomb_3_8in_cordless_single_and_3_4in_single,GRID MAPPED; CONFIGURATION/PORTAL VERIFICATION PENDING
Light Filtering,C7417K,Provence Cream,"1/2"" Double Cell",honeycomb_1_2in_cordless_double,GRID MAPPED; CONFIGURATION/PORTAL VERIFICATION PENDING
Light Filtering,C7417K,Provence Cream,"3/4"" Single Cell",honeycomb_3_8in_cordless_single_and_3_4in_single,GRID MAPPED; CONFIGURATION/PORTAL VERIFICATION PENDING
Light Filtering,C7417K,Provence Cream,"3/4"" Double Cell",honeycomb_3_4in_cordless_double_and_1_1_4in_single,GRID MAPPED; CONFIGURATION/PORTAL VERIFICATION PENDING
Light Filtering,C7417K,Provence Cream,"1 1/4"" Single Cell",honeycomb_3_4in_cordless_double_and_1_1_4in_single,GRID MAPPED; CONFIGURATION/PORTAL VERIFICATION PENDING
Light Filtering,C7145K,Reflections,"3/8"" Single Cell",honeycomb_3_8in_cordless_single_and_3_4in_single,GRID MAPPED; CONFIGURATION/PORTAL VERIFICATION PENDING
Light Filtering,C7145K,Reflections,"1/2"" Double Cell",honeycomb_1_2in_cordless_double,GRID MAPPED; CONFIGURATION/PORTAL VERIFICATION PENDING
Light Filtering,C7145K,Reflections,"3/4"" Single Cell",honeycomb_3_8in_cordless_single_and_3_4in_single,GRID MAPPED; CONFIGURATION/PORTAL VERIFICATION PENDING
Light Filtering,C7145K,Reflections,"3/4"" Double Cell",honeycomb_3_4in_cordless_double_and_1_1_4in_single,GRID MAPPED; CONFIGURATION/PORTAL VERIFICATION PENDING
Light Filtering,C7145K,Reflections,"1 1/4"" Single Cell",honeycomb_3_4in_cordless_double_and_1_1_4in_single,GRID MAPPED; CONFIGURATION/PORTAL VERIFICATION PENDING
Light Filtering,C7507K,River Rock,"3/8"" Single Cell",honeycomb_3_8in_cordless_single_and_3_4in_single,GRID MAPPED; CONFIGURATION/PORTAL VERIFICATION PENDING
Light Filtering,C7507K,River Rock,"1/2"" Double Cell",honeycomb_1_2in_cordless_double,GRID MAPPED; CONFIGURATION/PORTAL VERIFICATION PENDING
Light Filtering,C7507K,River Rock,"3/4"" Single Cell",honeycomb_3_8in_cordless_single_and_3_4in_single,GRID MAPPED; CONFIGURATION/PORTAL VERIFICATION PENDING
Light Filtering,C7507K,River Rock,"3/4"" Double Cell",honeycomb_3_4in_cordless_double_and_1_1_4in_single,GRID MAPPED; CONFIGURATION/PORTAL VERIFICATION PENDING
Light Filtering,C7507K,River Rock,"1 1/4"" Single Cell",honeycomb_3_4in_cordless_double_and_1_1_4in_single,GRID MAPPED; CONFIGURATION/PORTAL VERIFICATION PENDING
Light Filtering,C7434K,Coffee Beans,"3/8"" Single Cell",honeycomb_3_8in_cordless_single_and_3_4in_single,GRID MAPPED; CONFIGURATION/PORTAL VERIFICATION PENDING
Light Filtering,C7434K,Coffee Beans,"1/2"" Double Cell",honeycomb_1_2in_cordless_double,GRID MAPPED; CONFIGURATION/PORTAL VERIFICATION PENDING
Light Filtering,C7434K,Coffee Beans,"3/4"" Single Cell",honeycomb_3_8in_cordless_single_and_3_4in_single,GRID MAPPED; CONFIGURATION/PORTAL VERIFICATION PENDING
Light Filtering,C7434K,Coffee Beans,"3/4"" Double Cell",honeycomb_3_4in_cordless_double_and_1_1_4in_single,GRID MAPPED; CONFIGURATION/PORTAL VERIFICATION PENDING
Light Filtering,C7434K,Coffee Beans,"1 1/4"" Single Cell",honeycomb_3_4in_cordless_double_and_1_1_4in_single,GRID MAPPED; CONFIGURATION/PORTAL VERIFICATION PENDING
Light Filtering,C7408K,Pashmina,"3/8"" Single Cell",honeycomb_3_8in_cordless_single_and_3_4in_single,GRID MAPPED; CONFIGURATION/PORTAL VERIFICATION PENDING
Light Filtering,C7408K,Pashmina,"1/2"" Double Cell",honeycomb_1_2in_cordless_double,GRID MAPPED; CONFIGURATION/PORTAL VERIFICATION PENDING
Light Filtering,C7408K,Pashmina,"3/4"" Single Cell",honeycomb_3_8in_cordless_single_and_3_4in_single,GRID MAPPED; CONFIGURATION/PORTAL VERIFICATION PENDING
Light Filtering,C7408K,Pashmina,"3/4"" Double Cell",honeycomb_3_4in_cordless_double_and_1_1_4in_single,GRID MAPPED; CONFIGURATION/PORTAL VERIFICATION PENDING
Light Filtering,C7408K,Pashmina,"1 1/4"" Single Cell",honeycomb_3_4in_cordless_double_and_1_1_4in_single,GRID MAPPED; CONFIGURATION/PORTAL VERIFICATION PENDING
Light Filtering,C7121K,Morning Mist,"3/8"" Single Cell",honeycomb_3_8in_cordless_single_and_3_4in_single,GRID MAPPED; CONFIGURATION/PORTAL VERIFICATION PENDING
Light Filtering,C7121K,Morning Mist,"1/2"" Double Cell",honeycomb_1_2in_cordless_double,GRID MAPPED; CONFIGURATION/PORTAL VERIFICATION PENDING
Light Filtering,C7121K,Morning Mist,"3/4"" Single Cell",honeycomb_3_8in_cordless_single_and_3_4in_single,GRID MAPPED; CONFIGURATION/PORTAL VERIFICATION PENDING
Light Filtering,C7121K,Morning Mist,"3/4"" Double Cell",honeycomb_3_4in_cordless_double_and_1_1_4in_single,GRID MAPPED; CONFIGURATION/PORTAL VERIFICATION PENDING
Light Filtering,C7121K,Morning Mist,"1 1/4"" Single Cell",honeycomb_3_4in_cordless_double_and_1_1_4in_single,GRID MAPPED; CONFIGURATION/PORTAL VERIFICATION PENDING
Light Filtering,C7105K,Annapolis Gray,"3/8"" Single Cell",honeycomb_3_8in_cordless_single_and_3_4in_single,GRID MAPPED; CONFIGURATION/PORTAL VERIFICATION PENDING
Light Filtering,C7105K,Annapolis Gray,"1/2"" Double Cell",honeycomb_1_2in_cordless_double,GRID MAPPED; CONFIGURATION/PORTAL VERIFICATION PENDING
Light Filtering,C7105K,Annapolis Gray,"3/4"" Single Cell",honeycomb_3_8in_cordless_single_and_3_4in_single,GRID MAPPED; CONFIGURATION/PORTAL VERIFICATION PENDING
Light Filtering,C7105K,Annapolis Gray,"3/4"" Double Cell",honeycomb_3_4in_cordless_double_and_1_1_4in_single,GRID MAPPED; CONFIGURATION/PORTAL VERIFICATION PENDING
Light Filtering,C7105K,Annapolis Gray,"1 1/4"" Single Cell",honeycomb_3_4in_cordless_double_and_1_1_4in_single,GRID MAPPED; CONFIGURATION/PORTAL VERIFICATION PENDING
Light Filtering,C7201K,Black Olive,"3/8"" Single Cell",honeycomb_3_8in_cordless_single_and_3_4in_single,GRID MAPPED; CONFIGURATION/PORTAL VERIFICATION PENDING
Light Filtering,C7201K,Black Olive,"1/2"" Double Cell",honeycomb_1_2in_cordless_double,GRID MAPPED; CONFIGURATION/PORTAL VERIFICATION PENDING
Light Filtering,C7201K,Black Olive,"3/4"" Single Cell",honeycomb_3_8in_cordless_single_and_3_4in_single,GRID MAPPED; CONFIGURATION/PORTAL VERIFICATION PENDING
Light Filtering,C7201K,Black Olive,"3/4"" Double Cell",honeycomb_3_4in_cordless_double_and_1_1_4in_single,GRID MAPPED; CONFIGURATION/PORTAL VERIFICATION PENDING
Light Filtering,C7201K,Black Olive,"1 1/4"" Single Cell",honeycomb_3_4in_cordless_double_and_1_1_4in_single,GRID MAPPED; CONFIGURATION/PORTAL VERIFICATION PENDING
Light Filtering,C7705K,Ocean Air,"3/8"" Single Cell",honeycomb_3_8in_cordless_single_and_3_4in_single,GRID MAPPED; CONFIGURATION/PORTAL VERIFICATION PENDING
Light Filtering,C7705K,Ocean Air,"1/2"" Double Cell",honeycomb_1_2in_cordless_double,GRID MAPPED; CONFIGURATION/PORTAL VERIFICATION PENDING
Light Filtering,C7705K,Ocean Air,"3/4"" Single Cell",honeycomb_3_8in_cordless_single_and_3_4in_single,GRID MAPPED; CONFIGURATION/PORTAL VERIFICATION PENDING
Light Filtering,C7705K,Ocean Air,"3/4"" Double Cell",honeycomb_3_4in_cordless_double_and_1_1_4in_single,GRID MAPPED; CONFIGURATION/PORTAL VERIFICATION PENDING
Light Filtering,C7705K,Ocean Air,"1 1/4"" Single Cell",honeycomb_3_4in_cordless_double_and_1_1_4in_single,GRID MAPPED; CONFIGURATION/PORTAL VERIFICATION PENDING
Light Filtering,C7704K,Seaside Blue,"3/8"" Single Cell",honeycomb_3_8in_cordless_single_and_3_4in_single,GRID MAPPED; CONFIGURATION/PORTAL VERIFICATION PENDING
Light Filtering,C7704K,Seaside Blue,"1/2"" Double Cell",honeycomb_1_2in_cordless_double,GRID MAPPED; CONFIGURATION/PORTAL VERIFICATION PENDING
Light Filtering,C7704K,Seaside Blue,"3/4"" Single Cell",honeycomb_3_8in_cordless_single_and_3_4in_single,GRID MAPPED; CONFIGURATION/PORTAL VERIFICATION PENDING
Light Filtering,C7704K,Seaside Blue,"3/4"" Double Cell",honeycomb_3_4in_cordless_double_and_1_1_4in_single,GRID MAPPED; CONFIGURATION/PORTAL VERIFICATION PENDING
Light Filtering,C7704K,Seaside Blue,"1 1/4"" Single Cell",honeycomb_3_4in_cordless_double_and_1_1_4in_single,GRID MAPPED; CONFIGURATION/PORTAL VERIFICATION PENDING
Light Filtering,C7706K,Blue Flower,"3/8"" Single Cell",honeycomb_3_8in_cordless_single_and_3_4in_single,GRID MAPPED; CONFIGURATION/PORTAL VERIFICATION PENDING
Light Filtering,C7706K,Blue Flower,"1/2"" Double Cell",honeycomb_1_2in_cordless_double,GRID MAPPED; CONFIGURATION/PORTAL VERIFICATION PENDING
Light Filtering,C7706K,Blue Flower,"3/4"" Single Cell",honeycomb_3_8in_cordless_single_and_3_4in_single,GRID MAPPED; CONFIGURATION/PORTAL VERIFICATION PENDING
Light Filtering,C7706K,Blue Flower,"3/4"" Double Cell",honeycomb_3_4in_cordless_double_and_1_1_4in_single,GRID MAPPED; CONFIGURATION/PORTAL VERIFICATION PENDING
Light Filtering,C7706K,Blue Flower,"1 1/4"" Single Cell",honeycomb_3_4in_cordless_double_and_1_1_4in_single,GRID MAPPED; CONFIGURATION/PORTAL VERIFICATION PENDING
Light Filtering,C7702K,Lakeside,"3/8"" Single Cell",honeycomb_3_8in_cordless_single_and_3_4in_single,GRID MAPPED; CONFIGURATION/PORTAL VERIFICATION PENDING
Light Filtering,C7702K,Lakeside,"1/2"" Double Cell",honeycomb_1_2in_cordless_double,GRID MAPPED; CONFIGURATION/PORTAL VERIFICATION PENDING
Light Filtering,C7702K,Lakeside,"3/4"" Single Cell",honeycomb_3_8in_cordless_single_and_3_4in_single,GRID MAPPED; CONFIGURATION/PORTAL VERIFICATION PENDING
Light Filtering,C7702K,Lakeside,"3/4"" Double Cell",honeycomb_3_4in_cordless_double_and_1_1_4in_single,GRID MAPPED; CONFIGURATION/PORTAL VERIFICATION PENDING
Light Filtering,C7702K,Lakeside,"1 1/4"" Single Cell",honeycomb_3_4in_cordless_double_and_1_1_4in_single,GRID MAPPED; CONFIGURATION/PORTAL VERIFICATION PENDING
Light Filtering,C7709K,Smokey Blue,"3/8"" Single Cell",honeycomb_3_8in_cordless_single_and_3_4in_single,GRID MAPPED; CONFIGURATION/PORTAL VERIFICATION PENDING
Light Filtering,C7709K,Smokey Blue,"1/2"" Double Cell",honeycomb_1_2in_cordless_double,GRID MAPPED; CONFIGURATION/PORTAL VERIFICATION PENDING
Light Filtering,C7709K,Smokey Blue,"3/4"" Single Cell",honeycomb_3_8in_cordless_single_and_3_4in_single,GRID MAPPED; CONFIGURATION/PORTAL VERIFICATION PENDING
Light Filtering,C7709K,Smokey Blue,"3/4"" Double Cell",honeycomb_3_4in_cordless_double_and_1_1_4in_single,GRID MAPPED; CONFIGURATION/PORTAL VERIFICATION PENDING
Light Filtering,C7709K,Smokey Blue,"1 1/4"" Single Cell",honeycomb_3_4in_cordless_double_and_1_1_4in_single,GRID MAPPED; CONFIGURATION/PORTAL VERIFICATION PENDING
Light Filtering,C7107K,Spring Sky,"3/8"" Single Cell",honeycomb_3_8in_cordless_single_and_3_4in_single,GRID MAPPED; CONFIGURATION/PORTAL VERIFICATION PENDING
Light Filtering,C7107K,Spring Sky,"1/2"" Double Cell",honeycomb_1_2in_cordless_double,GRID MAPPED; CONFIGURATION/PORTAL VERIFICATION PENDING
Light Filtering,C7107K,Spring Sky,"3/4"" Single Cell",honeycomb_3_8in_cordless_single_and_3_4in_single,GRID MAPPED; CONFIGURATION/PORTAL VERIFICATION PENDING
Light Filtering,C7107K,Spring Sky,"3/4"" Double Cell",honeycomb_3_4in_cordless_double_and_1_1_4in_single,GRID MAPPED; CONFIGURATION/PORTAL VERIFICATION PENDING
Light Filtering,C7107K,Spring Sky,"1 1/4"" Single Cell",honeycomb_3_4in_cordless_double_and_1_1_4in_single,GRID MAPPED; CONFIGURATION/PORTAL VERIFICATION PENDING
Light Filtering,C7703K,White Rain,"3/8"" Single Cell",honeycomb_3_8in_cordless_single_and_3_4in_single,GRID MAPPED; CONFIGURATION/PORTAL VERIFICATION PENDING
Light Filtering,C7703K,White Rain,"1/2"" Double Cell",honeycomb_1_2in_cordless_double,GRID MAPPED; CONFIGURATION/PORTAL VERIFICATION PENDING
Light Filtering,C7703K,White Rain,"3/4"" Single Cell",honeycomb_3_8in_cordless_single_and_3_4in_single,GRID MAPPED; CONFIGURATION/PORTAL VERIFICATION PENDING
Light Filtering,C7703K,White Rain,"3/4"" Double Cell",honeycomb_3_4in_cordless_double_and_1_1_4in_single,GRID MAPPED; CONFIGURATION/PORTAL VERIFICATION PENDING
Light Filtering,C7703K,White Rain,"1 1/4"" Single Cell",honeycomb_3_4in_cordless_double_and_1_1_4in_single,GRID MAPPED; CONFIGURATION/PORTAL VERIFICATION PENDING
Light Filtering,C7603K,Catalina Blue,"3/8"" Single Cell",honeycomb_3_8in_cordless_single_and_3_4in_single,GRID MAPPED; CONFIGURATION/PORTAL VERIFICATION PENDING
Light Filtering,C7603K,Catalina Blue,"1/2"" Double Cell",honeycomb_1_2in_cordless_double,GRID MAPPED; CONFIGURATION/PORTAL VERIFICATION PENDING
Light Filtering,C7603K,Catalina Blue,"3/4"" Single Cell",honeycomb_3_8in_cordless_single_and_3_4in_single,GRID MAPPED; CONFIGURATION/PORTAL VERIFICATION PENDING
Light Filtering,C7603K,Catalina Blue,"3/4"" Double Cell",honeycomb_3_4in_cordless_double_and_1_1_4in_single,GRID MAPPED; CONFIGURATION/PORTAL VERIFICATION PENDING
Light Filtering,C7603K,Catalina Blue,"1 1/4"" Single Cell",honeycomb_3_4in_cordless_double_and_1_1_4in_single,GRID MAPPED; CONFIGURATION/PORTAL VERIFICATION PENDING
Light Filtering,C7604K,Fernwood,"3/8"" Single Cell",honeycomb_3_8in_cordless_single_and_3_4in_single,GRID MAPPED; CONFIGURATION/PORTAL VERIFICATION PENDING
Light Filtering,C7604K,Fernwood,"1/2"" Double Cell",honeycomb_1_2in_cordless_double,GRID MAPPED; CONFIGURATION/PORTAL VERIFICATION PENDING
Light Filtering,C7604K,Fernwood,"3/4"" Single Cell",honeycomb_3_8in_cordless_single_and_3_4in_single,GRID MAPPED; CONFIGURATION/PORTAL VERIFICATION PENDING
Light Filtering,C7604K,Fernwood,"3/4"" Double Cell",honeycomb_3_4in_cordless_double_and_1_1_4in_single,GRID MAPPED; CONFIGURATION/PORTAL VERIFICATION PENDING
Light Filtering,C7604K,Fernwood,"1 1/4"" Single Cell",honeycomb_3_4in_cordless_double_and_1_1_4in_single,GRID MAPPED; CONFIGURATION/PORTAL VERIFICATION PENDING
Light Filtering,C7612K,Meadows,"3/8"" Single Cell",honeycomb_3_8in_cordless_single_and_3_4in_single,GRID MAPPED; CONFIGURATION/PORTAL VERIFICATION PENDING
Light Filtering,C7612K,Meadows,"1/2"" Double Cell",honeycomb_1_2in_cordless_double,GRID MAPPED; CONFIGURATION/PORTAL VERIFICATION PENDING
Light Filtering,C7612K,Meadows,"3/4"" Single Cell",honeycomb_3_8in_cordless_single_and_3_4in_single,GRID MAPPED; CONFIGURATION/PORTAL VERIFICATION PENDING
Light Filtering,C7612K,Meadows,"3/4"" Double Cell",honeycomb_3_4in_cordless_double_and_1_1_4in_single,GRID MAPPED; CONFIGURATION/PORTAL VERIFICATION PENDING
Light Filtering,C7612K,Meadows,"1 1/4"" Single Cell",honeycomb_3_4in_cordless_double_and_1_1_4in_single,GRID MAPPED; CONFIGURATION/PORTAL VERIFICATION PENDING
Light Filtering,C7802K,Mulberry,"3/8"" Single Cell",honeycomb_3_8in_cordless_single_and_3_4in_single,GRID MAPPED; CONFIGURATION/PORTAL VERIFICATION PENDING
Light Filtering,C7802K,Mulberry,"1/2"" Double Cell",honeycomb_1_2in_cordless_double,GRID MAPPED; CONFIGURATION/PORTAL VERIFICATION PENDING
Light Filtering,C7802K,Mulberry,"3/4"" Single Cell",honeycomb_3_8in_cordless_single_and_3_4in_single,GRID MAPPED; CONFIGURATION/PORTAL VERIFICATION PENDING
Light Filtering,C7802K,Mulberry,"3/4"" Double Cell",honeycomb_3_4in_cordless_double_and_1_1_4in_single,GRID MAPPED; CONFIGURATION/PORTAL VERIFICATION PENDING
Light Filtering,C7802K,Mulberry,"1 1/4"" Single Cell",honeycomb_3_4in_cordless_double_and_1_1_4in_single,GRID MAPPED; CONFIGURATION/PORTAL VERIFICATION PENDING
Light Filtering,C7104K,Eggplant,"3/8"" Single Cell",honeycomb_3_8in_cordless_single_and_3_4in_single,GRID MAPPED; CONFIGURATION/PORTAL VERIFICATION PENDING
Light Filtering,C7104K,Eggplant,"1/2"" Double Cell",honeycomb_1_2in_cordless_double,GRID MAPPED; CONFIGURATION/PORTAL VERIFICATION PENDING
Light Filtering,C7104K,Eggplant,"3/4"" Single Cell",honeycomb_3_8in_cordless_single_and_3_4in_single,GRID MAPPED; CONFIGURATION/PORTAL VERIFICATION PENDING
Light Filtering,C7104K,Eggplant,"3/4"" Double Cell",honeycomb_3_4in_cordless_double_and_1_1_4in_single,GRID MAPPED; CONFIGURATION/PORTAL VERIFICATION PENDING
Light Filtering,C7104K,Eggplant,"1 1/4"" Single Cell",honeycomb_3_4in_cordless_double_and_1_1_4in_single,GRID MAPPED; CONFIGURATION/PORTAL VERIFICATION PENDING
Light Filtering,C7303K,Morning Blush,"3/8"" Single Cell",honeycomb_3_8in_cordless_single_and_3_4in_single,GRID MAPPED; CONFIGURATION/PORTAL VERIFICATION PENDING
Light Filtering,C7303K,Morning Blush,"1/2"" Double Cell",honeycomb_1_2in_cordless_double,GRID MAPPED; CONFIGURATION/PORTAL VERIFICATION PENDING
Light Filtering,C7303K,Morning Blush,"3/4"" Single Cell",honeycomb_3_8in_cordless_single_and_3_4in_single,GRID MAPPED; CONFIGURATION/PORTAL VERIFICATION PENDING
Light Filtering,C7303K,Morning Blush,"3/4"" Double Cell",honeycomb_3_4in_cordless_double_and_1_1_4in_single,GRID MAPPED; CONFIGURATION/PORTAL VERIFICATION PENDING
Light Filtering,C7303K,Morning Blush,"1 1/4"" Single Cell",honeycomb_3_4in_cordless_double_and_1_1_4in_single,GRID MAPPED; CONFIGURATION/PORTAL VERIFICATION PENDING
Light Filtering,C7305K,Pacific Cove,"3/8"" Single Cell",honeycomb_3_8in_cordless_single_and_3_4in_single,GRID MAPPED; CONFIGURATION/PORTAL VERIFICATION PENDING
Light Filtering,C7305K,Pacific Cove,"1/2"" Double Cell",honeycomb_1_2in_cordless_double,GRID MAPPED; CONFIGURATION/PORTAL VERIFICATION PENDING
Light Filtering,C7305K,Pacific Cove,"3/4"" Single Cell",honeycomb_3_8in_cordless_single_and_3_4in_single,GRID MAPPED; CONFIGURATION/PORTAL VERIFICATION PENDING
Light Filtering,C7305K,Pacific Cove,"3/4"" Double Cell",honeycomb_3_4in_cordless_double_and_1_1_4in_single,GRID MAPPED; CONFIGURATION/PORTAL VERIFICATION PENDING
Light Filtering,C7305K,Pacific Cove,"1 1/4"" Single Cell",honeycomb_3_4in_cordless_double_and_1_1_4in_single,GRID MAPPED; CONFIGURATION/PORTAL VERIFICATION PENDING
Light Filtering,C7306K,Roasted Pumpkin,"3/8"" Single Cell",honeycomb_3_8in_cordless_single_and_3_4in_single,GRID MAPPED; CONFIGURATION/PORTAL VERIFICATION PENDING
Light Filtering,C7306K,Roasted Pumpkin,"1/2"" Double Cell",honeycomb_1_2in_cordless_double,GRID MAPPED; CONFIGURATION/PORTAL VERIFICATION PENDING
Light Filtering,C7306K,Roasted Pumpkin,"3/4"" Single Cell",honeycomb_3_8in_cordless_single_and_3_4in_single,GRID MAPPED; CONFIGURATION/PORTAL VERIFICATION PENDING
Light Filtering,C7306K,Roasted Pumpkin,"3/4"" Double Cell",honeycomb_3_4in_cordless_double_and_1_1_4in_single,GRID MAPPED; CONFIGURATION/PORTAL VERIFICATION PENDING
Light Filtering,C7306K,Roasted Pumpkin,"1 1/4"" Single Cell",honeycomb_3_4in_cordless_double_and_1_1_4in_single,GRID MAPPED; CONFIGURATION/PORTAL VERIFICATION PENDING
Room Darkening,C4008T,Brilliant White RD,"3/8"" Single Cell",honeycomb_3_8in_cordless_single_and_3_4in_single,GRID MAPPED; CONFIGURATION/PORTAL VERIFICATION PENDING
Room Darkening,C4008T,Brilliant White RD,"9/16"" Single Cell",honeycomb_9_16in_cordless_single_cell,GRID MAPPED; CONFIGURATION/PORTAL VERIFICATION PENDING
Room Darkening,C4008T,Brilliant White RD,"1/2"" Double Cell",honeycomb_1_2in_cordless_double,GRID MAPPED; CONFIGURATION/PORTAL VERIFICATION PENDING
Room Darkening,C4008T,Brilliant White RD,"3/4"" Single Cell",honeycomb_3_8in_cordless_single_and_3_4in_single,GRID MAPPED; CONFIGURATION/PORTAL VERIFICATION PENDING
Room Darkening,C4008T,Brilliant White RD,"3/4"" Double Cell",honeycomb_3_4in_cordless_double_and_1_1_4in_single,GRID MAPPED; CONFIGURATION/PORTAL VERIFICATION PENDING
Room Darkening,C4008T,Brilliant White RD,"1 1/4"" Single Cell",honeycomb_3_4in_cordless_double_and_1_1_4in_single,GRID MAPPED; CONFIGURATION/PORTAL VERIFICATION PENDING
Room Darkening,C4009T,Cotton Cloud RD,"3/8"" Single Cell",honeycomb_3_8in_cordless_single_and_3_4in_single,GRID MAPPED; CONFIGURATION/PORTAL VERIFICATION PENDING
Room Darkening,C4009T,Cotton Cloud RD,"9/16"" Single Cell",honeycomb_9_16in_cordless_single_cell,GRID MAPPED; CONFIGURATION/PORTAL VERIFICATION PENDING
Room Darkening,C4009T,Cotton Cloud RD,"1/2"" Double Cell",honeycomb_1_2in_cordless_double,GRID MAPPED; CONFIGURATION/PORTAL VERIFICATION PENDING
Room Darkening,C4009T,Cotton Cloud RD,"3/4"" Single Cell",honeycomb_3_8in_cordless_single_and_3_4in_single,GRID MAPPED; CONFIGURATION/PORTAL VERIFICATION PENDING
Room Darkening,C4009T,Cotton Cloud RD,"3/4"" Double Cell",honeycomb_3_4in_cordless_double_and_1_1_4in_single,GRID MAPPED; CONFIGURATION/PORTAL VERIFICATION PENDING
Room Darkening,C4009T,Cotton Cloud RD,"1 1/4"" Single Cell",honeycomb_3_4in_cordless_double_and_1_1_4in_single,GRID MAPPED; CONFIGURATION/PORTAL VERIFICATION PENDING
Room Darkening,C4010T,Gardenia RD,"3/8"" Single Cell",honeycomb_3_8in_cordless_single_and_3_4in_single,GRID MAPPED; CONFIGURATION/PORTAL VERIFICATION PENDING
Room Darkening,C4010T,Gardenia RD,"9/16"" Single Cell",honeycomb_9_16in_cordless_single_cell,GRID MAPPED; CONFIGURATION/PORTAL VERIFICATION PENDING
Room Darkening,C4010T,Gardenia RD,"1/2"" Double Cell",honeycomb_1_2in_cordless_double,GRID MAPPED; CONFIGURATION/PORTAL VERIFICATION PENDING
Room Darkening,C4010T,Gardenia RD,"3/4"" Single Cell",honeycomb_3_8in_cordless_single_and_3_4in_single,GRID MAPPED; CONFIGURATION/PORTAL VERIFICATION PENDING
Room Darkening,C4010T,Gardenia RD,"3/4"" Double Cell",honeycomb_3_4in_cordless_double_and_1_1_4in_single,GRID MAPPED; CONFIGURATION/PORTAL VERIFICATION PENDING
Room Darkening,C4010T,Gardenia RD,"1 1/4"" Single Cell",honeycomb_3_4in_cordless_double_and_1_1_4in_single,GRID MAPPED; CONFIGURATION/PORTAL VERIFICATION PENDING
Room Darkening,C4011T,Soft Stone RD,"3/8"" Single Cell",honeycomb_3_8in_cordless_single_and_3_4in_single,GRID MAPPED; CONFIGURATION/PORTAL VERIFICATION PENDING
Room Darkening,C4011T,Soft Stone RD,"9/16"" Single Cell",honeycomb_9_16in_cordless_single_cell,GRID MAPPED; CONFIGURATION/PORTAL VERIFICATION PENDING
Room Darkening,C4011T,Soft Stone RD,"1/2"" Double Cell",honeycomb_1_2in_cordless_double,GRID MAPPED; CONFIGURATION/PORTAL VERIFICATION PENDING
Room Darkening,C4011T,Soft Stone RD,"3/4"" Single Cell",honeycomb_3_8in_cordless_single_and_3_4in_single,GRID MAPPED; CONFIGURATION/PORTAL VERIFICATION PENDING
Room Darkening,C4011T,Soft Stone RD,"3/4"" Double Cell",honeycomb_3_4in_cordless_double_and_1_1_4in_single,GRID MAPPED; CONFIGURATION/PORTAL VERIFICATION PENDING
Room Darkening,C4011T,Soft Stone RD,"1 1/4"" Single Cell",honeycomb_3_4in_cordless_double_and_1_1_4in_single,GRID MAPPED; CONFIGURATION/PORTAL VERIFICATION PENDING
Room Darkening,C4427T,Wheat RD,"3/8"" Single Cell",honeycomb_3_8in_cordless_single_and_3_4in_single,GRID MAPPED; CONFIGURATION/PORTAL VERIFICATION PENDING
Room Darkening,C4427T,Wheat RD,"9/16"" Single Cell",honeycomb_9_16in_cordless_single_cell,GRID MAPPED; CONFIGURATION/PORTAL VERIFICATION PENDING
Room Darkening,C4427T,Wheat RD,"1/2"" Double Cell",honeycomb_1_2in_cordless_double,GRID MAPPED; CONFIGURATION/PORTAL VERIFICATION PENDING
Room Darkening,C4427T,Wheat RD,"3/4"" Single Cell",honeycomb_3_8in_cordless_single_and_3_4in_single,GRID MAPPED; CONFIGURATION/PORTAL VERIFICATION PENDING
Room Darkening,C4427T,Wheat RD,"3/4"" Double Cell",honeycomb_3_4in_cordless_double_and_1_1_4in_single,GRID MAPPED; CONFIGURATION/PORTAL VERIFICATION PENDING
Room Darkening,C4427T,Wheat RD,"1 1/4"" Single Cell",honeycomb_3_4in_cordless_double_and_1_1_4in_single,GRID MAPPED; CONFIGURATION/PORTAL VERIFICATION PENDING
Room Darkening,C4129T,Seal Gray RD,"3/8"" Single Cell",honeycomb_3_8in_cordless_single_and_3_4in_single,GRID MAPPED; CONFIGURATION/PORTAL VERIFICATION PENDING
Room Darkening,C4129T,Seal Gray RD,"1/2"" Double Cell",honeycomb_1_2in_cordless_double,GRID MAPPED; CONFIGURATION/PORTAL VERIFICATION PENDING
Room Darkening,C4129T,Seal Gray RD,"3/4"" Single Cell",honeycomb_3_8in_cordless_single_and_3_4in_single,GRID MAPPED; CONFIGURATION/PORTAL VERIFICATION PENDING
Room Darkening,C4129T,Seal Gray RD,"3/4"" Double Cell",honeycomb_3_4in_cordless_double_and_1_1_4in_single,GRID MAPPED; CONFIGURATION/PORTAL VERIFICATION PENDING
Room Darkening,C4129T,Seal Gray RD,"1 1/4"" Single Cell",honeycomb_3_4in_cordless_double_and_1_1_4in_single,GRID MAPPED; CONFIGURATION/PORTAL VERIFICATION PENDING
Room Darkening,C4121T,Daisy RD,"3/8"" Single Cell",honeycomb_3_8in_cordless_single_and_3_4in_single,GRID MAPPED; CONFIGURATION/PORTAL VERIFICATION PENDING
Room Darkening,C4121T,Daisy RD,"1/2"" Double Cell",honeycomb_1_2in_cordless_double,GRID MAPPED; CONFIGURATION/PORTAL VERIFICATION PENDING
Room Darkening,C4121T,Daisy RD,"3/4"" Single Cell",honeycomb_3_8in_cordless_single_and_3_4in_single,GRID MAPPED; CONFIGURATION/PORTAL VERIFICATION PENDING
Room Darkening,C4121T,Daisy RD,"3/4"" Double Cell",honeycomb_3_4in_cordless_double_and_1_1_4in_single,GRID MAPPED; CONFIGURATION/PORTAL VERIFICATION PENDING
Room Darkening,C4121T,Daisy RD,"1 1/4"" Single Cell",honeycomb_3_4in_cordless_double_and_1_1_4in_single,GRID MAPPED; CONFIGURATION/PORTAL VERIFICATION PENDING
Room Darkening,C4122T,Silver Satin RD,"3/8"" Single Cell",honeycomb_3_8in_cordless_single_and_3_4in_single,GRID MAPPED; CONFIGURATION/PORTAL VERIFICATION PENDING
Room Darkening,C4122T,Silver Satin RD,"1/2"" Double Cell",honeycomb_1_2in_cordless_double,GRID MAPPED; CONFIGURATION/PORTAL VERIFICATION PENDING
Room Darkening,C4122T,Silver Satin RD,"3/4"" Single Cell",honeycomb_3_8in_cordless_single_and_3_4in_single,GRID MAPPED; CONFIGURATION/PORTAL VERIFICATION PENDING
Room Darkening,C4122T,Silver Satin RD,"3/4"" Double Cell",honeycomb_3_4in_cordless_double_and_1_1_4in_single,GRID MAPPED; CONFIGURATION/PORTAL VERIFICATION PENDING
Room Darkening,C4122T,Silver Satin RD,"1 1/4"" Single Cell",honeycomb_3_4in_cordless_double_and_1_1_4in_single,GRID MAPPED; CONFIGURATION/PORTAL VERIFICATION PENDING
Room Darkening,C4123T,French Silver RD,"3/8"" Single Cell",honeycomb_3_8in_cordless_single_and_3_4in_single,GRID MAPPED; CONFIGURATION/PORTAL VERIFICATION PENDING
Room Darkening,C4123T,French Silver RD,"9/16"" Single Cell",honeycomb_9_16in_cordless_single_cell,GRID MAPPED; CONFIGURATION/PORTAL VERIFICATION PENDING
Room Darkening,C4123T,French Silver RD,"1/2"" Double Cell",honeycomb_1_2in_cordless_double,GRID MAPPED; CONFIGURATION/PORTAL VERIFICATION PENDING
Room Darkening,C4123T,French Silver RD,"3/4"" Single Cell",honeycomb_3_8in_cordless_single_and_3_4in_single,GRID MAPPED; CONFIGURATION/PORTAL VERIFICATION PENDING
Room Darkening,C4123T,French Silver RD,"3/4"" Double Cell",honeycomb_3_4in_cordless_double_and_1_1_4in_single,GRID MAPPED; CONFIGURATION/PORTAL VERIFICATION PENDING
Room Darkening,C4123T,French Silver RD,"1 1/4"" Single Cell",honeycomb_3_4in_cordless_double_and_1_1_4in_single,GRID MAPPED; CONFIGURATION/PORTAL VERIFICATION PENDING
Room Darkening,C4124T,Classic Silver RD,"3/8"" Single Cell",honeycomb_3_8in_cordless_single_and_3_4in_single,GRID MAPPED; CONFIGURATION/PORTAL VERIFICATION PENDING
Room Darkening,C4124T,Classic Silver RD,"1/2"" Double Cell",honeycomb_1_2in_cordless_double,GRID MAPPED; CONFIGURATION/PORTAL VERIFICATION PENDING
Room Darkening,C4124T,Classic Silver RD,"3/4"" Single Cell",honeycomb_3_8in_cordless_single_and_3_4in_single,GRID MAPPED; CONFIGURATION/PORTAL VERIFICATION PENDING
Room Darkening,C4124T,Classic Silver RD,"3/4"" Double Cell",honeycomb_3_4in_cordless_double_and_1_1_4in_single,GRID MAPPED; CONFIGURATION/PORTAL VERIFICATION PENDING
Room Darkening,C4124T,Classic Silver RD,"1 1/4"" Single Cell",honeycomb_3_4in_cordless_double_and_1_1_4in_single,GRID MAPPED; CONFIGURATION/PORTAL VERIFICATION PENDING
Room Darkening,C4125T,Power Gray RD,"3/8"" Single Cell",honeycomb_3_8in_cordless_single_and_3_4in_single,GRID MAPPED; CONFIGURATION/PORTAL VERIFICATION PENDING
Room Darkening,C4125T,Power Gray RD,"1/2"" Double Cell",honeycomb_1_2in_cordless_double,GRID MAPPED; CONFIGURATION/PORTAL VERIFICATION PENDING
Room Darkening,C4125T,Power Gray RD,"3/4"" Single Cell",honeycomb_3_8in_cordless_single_and_3_4in_single,GRID MAPPED; CONFIGURATION/PORTAL VERIFICATION PENDING
Room Darkening,C4125T,Power Gray RD,"3/4"" Double Cell",honeycomb_3_4in_cordless_double_and_1_1_4in_single,GRID MAPPED; CONFIGURATION/PORTAL VERIFICATION PENDING
Room Darkening,C4125T,Power Gray RD,"1 1/4"" Single Cell",honeycomb_3_4in_cordless_double_and_1_1_4in_single,GRID MAPPED; CONFIGURATION/PORTAL VERIFICATION PENDING
Room Darkening,C4126T,Iron Mountain RD,"3/8"" Single Cell",honeycomb_3_8in_cordless_single_and_3_4in_single,GRID MAPPED; CONFIGURATION/PORTAL VERIFICATION PENDING
Room Darkening,C4126T,Iron Mountain RD,"9/16"" Single Cell",honeycomb_9_16in_cordless_single_cell,GRID MAPPED; CONFIGURATION/PORTAL VERIFICATION PENDING
Room Darkening,C4126T,Iron Mountain RD,"1/2"" Double Cell",honeycomb_1_2in_cordless_double,GRID MAPPED; CONFIGURATION/PORTAL VERIFICATION PENDING
Room Darkening,C4126T,Iron Mountain RD,"3/4"" Single Cell",honeycomb_3_8in_cordless_single_and_3_4in_single,GRID MAPPED; CONFIGURATION/PORTAL VERIFICATION PENDING
Room Darkening,C4126T,Iron Mountain RD,"3/4"" Double Cell",honeycomb_3_4in_cordless_double_and_1_1_4in_single,GRID MAPPED; CONFIGURATION/PORTAL VERIFICATION PENDING
Room Darkening,C4126T,Iron Mountain RD,"1 1/4"" Single Cell",honeycomb_3_4in_cordless_double_and_1_1_4in_single,GRID MAPPED; CONFIGURATION/PORTAL VERIFICATION PENDING
Room Darkening,C4127T,Orion Gray RD,"3/8"" Single Cell",honeycomb_3_8in_cordless_single_and_3_4in_single,GRID MAPPED; CONFIGURATION/PORTAL VERIFICATION PENDING
Room Darkening,C4127T,Orion Gray RD,"1/2"" Double Cell",honeycomb_1_2in_cordless_double,GRID MAPPED; CONFIGURATION/PORTAL VERIFICATION PENDING
Room Darkening,C4127T,Orion Gray RD,"3/4"" Single Cell",honeycomb_3_8in_cordless_single_and_3_4in_single,GRID MAPPED; CONFIGURATION/PORTAL VERIFICATION PENDING
Room Darkening,C4127T,Orion Gray RD,"3/4"" Double Cell",honeycomb_3_4in_cordless_double_and_1_1_4in_single,GRID MAPPED; CONFIGURATION/PORTAL VERIFICATION PENDING
Room Darkening,C4127T,Orion Gray RD,"1 1/4"" Single Cell",honeycomb_3_4in_cordless_double_and_1_1_4in_single,GRID MAPPED; CONFIGURATION/PORTAL VERIFICATION PENDING
Room Darkening,C4517T,White Cream RD,"3/8"" Single Cell",honeycomb_3_8in_cordless_single_and_3_4in_single,GRID MAPPED; CONFIGURATION/PORTAL VERIFICATION PENDING
Room Darkening,C4517T,White Cream RD,"1/2"" Double Cell",honeycomb_1_2in_cordless_double,GRID MAPPED; CONFIGURATION/PORTAL VERIFICATION PENDING
Room Darkening,C4517T,White Cream RD,"3/4"" Single Cell",honeycomb_3_8in_cordless_single_and_3_4in_single,GRID MAPPED; CONFIGURATION/PORTAL VERIFICATION PENDING
Room Darkening,C4517T,White Cream RD,"3/4"" Double Cell",honeycomb_3_4in_cordless_double_and_1_1_4in_single,GRID MAPPED; CONFIGURATION/PORTAL VERIFICATION PENDING
Room Darkening,C4517T,White Cream RD,"1 1/4"" Single Cell",honeycomb_3_4in_cordless_double_and_1_1_4in_single,GRID MAPPED; CONFIGURATION/PORTAL VERIFICATION PENDING
Room Darkening,C4420T,Natural Tan RD,"3/8"" Single Cell",honeycomb_3_8in_cordless_single_and_3_4in_single,GRID MAPPED; CONFIGURATION/PORTAL VERIFICATION PENDING
Room Darkening,C4420T,Natural Tan RD,"9/16"" Single Cell",honeycomb_9_16in_cordless_single_cell,GRID MAPPED; CONFIGURATION/PORTAL VERIFICATION PENDING
Room Darkening,C4420T,Natural Tan RD,"1/2"" Double Cell",honeycomb_1_2in_cordless_double,GRID MAPPED; CONFIGURATION/PORTAL VERIFICATION PENDING
Room Darkening,C4420T,Natural Tan RD,"3/4"" Single Cell",honeycomb_3_8in_cordless_single_and_3_4in_single,GRID MAPPED; CONFIGURATION/PORTAL VERIFICATION PENDING
Room Darkening,C4420T,Natural Tan RD,"3/4"" Double Cell",honeycomb_3_4in_cordless_double_and_1_1_4in_single,GRID MAPPED; CONFIGURATION/PORTAL VERIFICATION PENDING
Room Darkening,C4420T,Natural Tan RD,"1 1/4"" Single Cell",honeycomb_3_4in_cordless_double_and_1_1_4in_single,GRID MAPPED; CONFIGURATION/PORTAL VERIFICATION PENDING
Room Darkening,C4421T,Pale Oak RD,"3/8"" Single Cell",honeycomb_3_8in_cordless_single_and_3_4in_single,GRID MAPPED; CONFIGURATION/PORTAL VERIFICATION PENDING
Room Darkening,C4421T,Pale Oak RD,"9/16"" Single Cell",honeycomb_9_16in_cordless_single_cell,GRID MAPPED; CONFIGURATION/PORTAL VERIFICATION PENDING
Room Darkening,C4421T,Pale Oak RD,"1/2"" Double Cell",honeycomb_1_2in_cordless_double,GRID MAPPED; CONFIGURATION/PORTAL VERIFICATION PENDING
Room Darkening,C4421T,Pale Oak RD,"3/4"" Single Cell",honeycomb_3_8in_cordless_single_and_3_4in_single,GRID MAPPED; CONFIGURATION/PORTAL VERIFICATION PENDING
Room Darkening,C4421T,Pale Oak RD,"3/4"" Double Cell",honeycomb_3_4in_cordless_double_and_1_1_4in_single,GRID MAPPED; CONFIGURATION/PORTAL VERIFICATION PENDING
Room Darkening,C4421T,Pale Oak RD,"1 1/4"" Single Cell",honeycomb_3_4in_cordless_double_and_1_1_4in_single,GRID MAPPED; CONFIGURATION/PORTAL VERIFICATION PENDING
Room Darkening,C4422T,Whipped Mocha RD,"3/8"" Single Cell",honeycomb_3_8in_cordless_single_and_3_4in_single,GRID MAPPED; CONFIGURATION/PORTAL VERIFICATION PENDING
Room Darkening,C4422T,Whipped Mocha RD,"9/16"" Single Cell",honeycomb_9_16in_cordless_single_cell,GRID MAPPED; CONFIGURATION/PORTAL VERIFICATION PENDING
Room Darkening,C4422T,Whipped Mocha RD,"1/2"" Double Cell",honeycomb_1_2in_cordless_double,GRID MAPPED; CONFIGURATION/PORTAL VERIFICATION PENDING
Room Darkening,C4422T,Whipped Mocha RD,"3/4"" Single Cell",honeycomb_3_8in_cordless_single_and_3_4in_single,GRID MAPPED; CONFIGURATION/PORTAL VERIFICATION PENDING
Room Darkening,C4422T,Whipped Mocha RD,"3/4"" Double Cell",honeycomb_3_4in_cordless_double_and_1_1_4in_single,GRID MAPPED; CONFIGURATION/PORTAL VERIFICATION PENDING
Room Darkening,C4422T,Whipped Mocha RD,"1 1/4"" Single Cell",honeycomb_3_4in_cordless_double_and_1_1_4in_single,GRID MAPPED; CONFIGURATION/PORTAL VERIFICATION PENDING
Room Darkening,C4423T,Rue Bourbon RD,"3/8"" Single Cell",honeycomb_3_8in_cordless_single_and_3_4in_single,GRID MAPPED; CONFIGURATION/PORTAL VERIFICATION PENDING
Room Darkening,C4423T,Rue Bourbon RD,"1/2"" Double Cell",honeycomb_1_2in_cordless_double,GRID MAPPED; CONFIGURATION/PORTAL VERIFICATION PENDING
Room Darkening,C4423T,Rue Bourbon RD,"3/4"" Single Cell",honeycomb_3_8in_cordless_single_and_3_4in_single,GRID MAPPED; CONFIGURATION/PORTAL VERIFICATION PENDING
Room Darkening,C4423T,Rue Bourbon RD,"3/4"" Double Cell",honeycomb_3_4in_cordless_double_and_1_1_4in_single,GRID MAPPED; CONFIGURATION/PORTAL VERIFICATION PENDING
Room Darkening,C4423T,Rue Bourbon RD,"1 1/4"" Single Cell",honeycomb_3_4in_cordless_double_and_1_1_4in_single,GRID MAPPED; CONFIGURATION/PORTAL VERIFICATION PENDING
Room Darkening,C4131T,Dew RD,"9/16"" Single Cell",honeycomb_9_16in_cordless_single_cell,GRID MAPPED; CONFIGURATION/PORTAL VERIFICATION PENDING
Room Darkening,C4205T,Space Gray RD,"9/16"" Single Cell",honeycomb_9_16in_cordless_single_cell,GRID MAPPED; CONFIGURATION/PORTAL VERIFICATION PENDING
Room Darkening,C4130T,Silver Dusk RD,"9/16"" Single Cell",honeycomb_9_16in_cordless_single_cell,GRID MAPPED; CONFIGURATION/PORTAL VERIFICATION PENDING
Room Darkening,C4518T,New Camel RD,"3/8"" Single Cell",honeycomb_3_8in_cordless_single_and_3_4in_single,GRID MAPPED; CONFIGURATION/PORTAL VERIFICATION PENDING
Room Darkening,C4518T,New Camel RD,"9/16"" Single Cell",honeycomb_9_16in_cordless_single_cell,GRID MAPPED; CONFIGURATION/PORTAL VERIFICATION PENDING
Room Darkening,C4518T,New Camel RD,"1/2"" Double Cell",honeycomb_1_2in_cordless_double,GRID MAPPED; CONFIGURATION/PORTAL VERIFICATION PENDING
Room Darkening,C4518T,New Camel RD,"3/4"" Single Cell",honeycomb_3_8in_cordless_single_and_3_4in_single,GRID MAPPED; CONFIGURATION/PORTAL VERIFICATION PENDING
Room Darkening,C4518T,New Camel RD,"3/4"" Double Cell",honeycomb_3_4in_cordless_double_and_1_1_4in_single,GRID MAPPED; CONFIGURATION/PORTAL VERIFICATION PENDING
Room Darkening,C4518T,New Camel RD,"1 1/4"" Single Cell",honeycomb_3_4in_cordless_double_and_1_1_4in_single,GRID MAPPED; CONFIGURATION/PORTAL VERIFICATION PENDING
Room Darkening,C4609T,Florida Keys RD,"9/16"" Single Cell",honeycomb_9_16in_cordless_single_cell,GRID MAPPED; CONFIGURATION/PORTAL VERIFICATION PENDING
Room Darkening,C4708T,Bella Blue RD,"9/16"" Single Cell",honeycomb_9_16in_cordless_single_cell,GRID MAPPED; CONFIGURATION/PORTAL VERIFICATION PENDING
Room Darkening,C4519T,Yellow Bliss RD,"3/8"" Single Cell",honeycomb_3_8in_cordless_single_and_3_4in_single,GRID MAPPED; CONFIGURATION/PORTAL VERIFICATION PENDING
Room Darkening,C4519T,Yellow Bliss RD,"1/2"" Double Cell",honeycomb_1_2in_cordless_double,GRID MAPPED; CONFIGURATION/PORTAL VERIFICATION PENDING
Room Darkening,C4519T,Yellow Bliss RD,"3/4"" Single Cell",honeycomb_3_8in_cordless_single_and_3_4in_single,GRID MAPPED; CONFIGURATION/PORTAL VERIFICATION PENDING
Room Darkening,C4519T,Yellow Bliss RD,"3/4"" Double Cell",honeycomb_3_4in_cordless_double_and_1_1_4in_single,GRID MAPPED; CONFIGURATION/PORTAL VERIFICATION PENDING
Room Darkening,C4519T,Yellow Bliss RD,"1 1/4"" Single Cell",honeycomb_3_4in_cordless_double_and_1_1_4in_single,GRID MAPPED; CONFIGURATION/PORTAL VERIFICATION PENDING
Room Darkening,C4520T,Autumn Gold RD,"3/8"" Single Cell",honeycomb_3_8in_cordless_single_and_3_4in_single,GRID MAPPED; CONFIGURATION/PORTAL VERIFICATION PENDING
Room Darkening,C4520T,Autumn Gold RD,"1/2"" Double Cell",honeycomb_1_2in_cordless_double,GRID MAPPED; CONFIGURATION/PORTAL VERIFICATION PENDING
Room Darkening,C4520T,Autumn Gold RD,"3/4"" Single Cell",honeycomb_3_8in_cordless_single_and_3_4in_single,GRID MAPPED; CONFIGURATION/PORTAL VERIFICATION PENDING
Room Darkening,C4520T,Autumn Gold RD,"3/4"" Double Cell",honeycomb_3_4in_cordless_double_and_1_1_4in_single,GRID MAPPED; CONFIGURATION/PORTAL VERIFICATION PENDING
Room Darkening,C4520T,Autumn Gold RD,"1 1/4"" Single Cell",honeycomb_3_4in_cordless_double_and_1_1_4in_single,GRID MAPPED; CONFIGURATION/PORTAL VERIFICATION PENDING
Room Darkening,C4430T,Cabin RD,"3/8"" Single Cell",honeycomb_3_8in_cordless_single_and_3_4in_single,GRID MAPPED; CONFIGURATION/PORTAL VERIFICATION PENDING
Room Darkening,C4430T,Cabin RD,"1/2"" Double Cell",honeycomb_1_2in_cordless_double,GRID MAPPED; CONFIGURATION/PORTAL VERIFICATION PENDING
Room Darkening,C4430T,Cabin RD,"3/4"" Single Cell",honeycomb_3_8in_cordless_single_and_3_4in_single,GRID MAPPED; CONFIGURATION/PORTAL VERIFICATION PENDING
Room Darkening,C4430T,Cabin RD,"3/4"" Double Cell",honeycomb_3_4in_cordless_double_and_1_1_4in_single,GRID MAPPED; CONFIGURATION/PORTAL VERIFICATION PENDING
Room Darkening,C4430T,Cabin RD,"1 1/4"" Single Cell",honeycomb_3_4in_cordless_double_and_1_1_4in_single,GRID MAPPED; CONFIGURATION/PORTAL VERIFICATION PENDING
Room Darkening,C4431T,Provence Cream RD,"3/8"" Single Cell",honeycomb_3_8in_cordless_single_and_3_4in_single,GRID MAPPED; CONFIGURATION/PORTAL VERIFICATION PENDING
Room Darkening,C4431T,Provence Cream RD,"1/2"" Double Cell",honeycomb_1_2in_cordless_double,GRID MAPPED; CONFIGURATION/PORTAL VERIFICATION PENDING
Room Darkening,C4431T,Provence Cream RD,"3/4"" Single Cell",honeycomb_3_8in_cordless_single_and_3_4in_single,GRID MAPPED; CONFIGURATION/PORTAL VERIFICATION PENDING
Room Darkening,C4431T,Provence Cream RD,"3/4"" Double Cell",honeycomb_3_4in_cordless_double_and_1_1_4in_single,GRID MAPPED; CONFIGURATION/PORTAL VERIFICATION PENDING
Room Darkening,C4431T,Provence Cream RD,"1 1/4"" Single Cell",honeycomb_3_4in_cordless_double_and_1_1_4in_single,GRID MAPPED; CONFIGURATION/PORTAL VERIFICATION PENDING
Room Darkening,C4135T,Reflections RD,"3/8"" Single Cell",honeycomb_3_8in_cordless_single_and_3_4in_single,GRID MAPPED; CONFIGURATION/PORTAL VERIFICATION PENDING
Room Darkening,C4135T,Reflections RD,"1/2"" Double Cell",honeycomb_1_2in_cordless_double,GRID MAPPED; CONFIGURATION/PORTAL VERIFICATION PENDING
Room Darkening,C4135T,Reflections RD,"3/4"" Single Cell",honeycomb_3_8in_cordless_single_and_3_4in_single,GRID MAPPED; CONFIGURATION/PORTAL VERIFICATION PENDING
Room Darkening,C4135T,Reflections RD,"3/4"" Double Cell",honeycomb_3_4in_cordless_double_and_1_1_4in_single,GRID MAPPED; CONFIGURATION/PORTAL VERIFICATION PENDING
Room Darkening,C4135T,Reflections RD,"1 1/4"" Single Cell",honeycomb_3_4in_cordless_double_and_1_1_4in_single,GRID MAPPED; CONFIGURATION/PORTAL VERIFICATION PENDING
Room Darkening,C4521T,River Rock RD,"3/8"" Single Cell",honeycomb_3_8in_cordless_single_and_3_4in_single,GRID MAPPED; CONFIGURATION/PORTAL VERIFICATION PENDING
Room Darkening,C4521T,River Rock RD,"1/2"" Double Cell",honeycomb_1_2in_cordless_double,GRID MAPPED; CONFIGURATION/PORTAL VERIFICATION PENDING
Room Darkening,C4521T,River Rock RD,"3/4"" Single Cell",honeycomb_3_8in_cordless_single_and_3_4in_single,GRID MAPPED; CONFIGURATION/PORTAL VERIFICATION PENDING
Room Darkening,C4521T,River Rock RD,"3/4"" Double Cell",honeycomb_3_4in_cordless_double_and_1_1_4in_single,GRID MAPPED; CONFIGURATION/PORTAL VERIFICATION PENDING
Room Darkening,C4521T,River Rock RD,"1 1/4"" Single Cell",honeycomb_3_4in_cordless_double_and_1_1_4in_single,GRID MAPPED; CONFIGURATION/PORTAL VERIFICATION PENDING
Room Darkening,C4432B,Coffee Beans RD,"3/8"" Single Cell",honeycomb_3_8in_cordless_single_and_3_4in_single,GRID MAPPED; CONFIGURATION/PORTAL VERIFICATION PENDING
Room Darkening,C4432B,Coffee Beans RD,"1/2"" Double Cell",honeycomb_1_2in_cordless_double,GRID MAPPED; CONFIGURATION/PORTAL VERIFICATION PENDING
Room Darkening,C4432B,Coffee Beans RD,"3/4"" Single Cell",honeycomb_3_8in_cordless_single_and_3_4in_single,GRID MAPPED; CONFIGURATION/PORTAL VERIFICATION PENDING
Room Darkening,C4432B,Coffee Beans RD,"3/4"" Double Cell",honeycomb_3_4in_cordless_double_and_1_1_4in_single,GRID MAPPED; CONFIGURATION/PORTAL VERIFICATION PENDING
Room Darkening,C4432B,Coffee Beans RD,"1 1/4"" Single Cell",honeycomb_3_4in_cordless_double_and_1_1_4in_single,GRID MAPPED; CONFIGURATION/PORTAL VERIFICATION PENDING
Room Darkening,C4433T,Pashmina RD,"3/8"" Single Cell",honeycomb_3_8in_cordless_single_and_3_4in_single,GRID MAPPED; CONFIGURATION/PORTAL VERIFICATION PENDING
Room Darkening,C4433T,Pashmina RD,"1/2"" Double Cell",honeycomb_1_2in_cordless_double,GRID MAPPED; CONFIGURATION/PORTAL VERIFICATION PENDING
Room Darkening,C4433T,Pashmina RD,"3/4"" Single Cell",honeycomb_3_8in_cordless_single_and_3_4in_single,GRID MAPPED; CONFIGURATION/PORTAL VERIFICATION PENDING
Room Darkening,C4433T,Pashmina RD,"3/4"" Double Cell",honeycomb_3_4in_cordless_double_and_1_1_4in_single,GRID MAPPED; CONFIGURATION/PORTAL VERIFICATION PENDING
Room Darkening,C4433T,Pashmina RD,"1 1/4"" Single Cell",honeycomb_3_4in_cordless_double_and_1_1_4in_single,GRID MAPPED; CONFIGURATION/PORTAL VERIFICATION PENDING
Room Darkening,C4133T,Morning Mist RD,"3/8"" Single Cell",honeycomb_3_8in_cordless_single_and_3_4in_single,GRID MAPPED; CONFIGURATION/PORTAL VERIFICATION PENDING
Room Darkening,C4133T,Morning Mist RD,"1/2"" Double Cell",honeycomb_1_2in_cordless_double,GRID MAPPED; CONFIGURATION/PORTAL VERIFICATION PENDING
Room Darkening,C4133T,Morning Mist RD,"3/4"" Single Cell",honeycomb_3_8in_cordless_single_and_3_4in_single,GRID MAPPED; CONFIGURATION/PORTAL VERIFICATION PENDING
Room Darkening,C4133T,Morning Mist RD,"3/4"" Double Cell",honeycomb_3_4in_cordless_double_and_1_1_4in_single,GRID MAPPED; CONFIGURATION/PORTAL VERIFICATION PENDING
Room Darkening,C4133T,Morning Mist RD,"1 1/4"" Single Cell",honeycomb_3_4in_cordless_double_and_1_1_4in_single,GRID MAPPED; CONFIGURATION/PORTAL VERIFICATION PENDING
Room Darkening,C4102T,Annapolis Gray RD,"3/8"" Single Cell",honeycomb_3_8in_cordless_single_and_3_4in_single,GRID MAPPED; CONFIGURATION/PORTAL VERIFICATION PENDING
Room Darkening,C4102T,Annapolis Gray RD,"1/2"" Double Cell",honeycomb_1_2in_cordless_double,GRID MAPPED; CONFIGURATION/PORTAL VERIFICATION PENDING
Room Darkening,C4102T,Annapolis Gray RD,"3/4"" Single Cell",honeycomb_3_8in_cordless_single_and_3_4in_single,GRID MAPPED; CONFIGURATION/PORTAL VERIFICATION PENDING
Room Darkening,C4102T,Annapolis Gray RD,"3/4"" Double Cell",honeycomb_3_4in_cordless_double_and_1_1_4in_single,GRID MAPPED; CONFIGURATION/PORTAL VERIFICATION PENDING
Room Darkening,C4102T,Annapolis Gray RD,"1 1/4"" Single Cell",honeycomb_3_4in_cordless_double_and_1_1_4in_single,GRID MAPPED; CONFIGURATION/PORTAL VERIFICATION PENDING
Room Darkening,C4201B,Black Olive RD,"3/8"" Single Cell",honeycomb_3_8in_cordless_single_and_3_4in_single,GRID MAPPED; CONFIGURATION/PORTAL VERIFICATION PENDING
Room Darkening,C4201B,Black Olive RD,"1/2"" Double Cell",honeycomb_1_2in_cordless_double,GRID MAPPED; CONFIGURATION/PORTAL VERIFICATION PENDING
Room Darkening,C4201B,Black Olive RD,"3/4"" Single Cell",honeycomb_3_8in_cordless_single_and_3_4in_single,GRID MAPPED; CONFIGURATION/PORTAL VERIFICATION PENDING
Room Darkening,C4201B,Black Olive RD,"3/4"" Double Cell",honeycomb_3_4in_cordless_double_and_1_1_4in_single,GRID MAPPED; CONFIGURATION/PORTAL VERIFICATION PENDING
Room Darkening,C4201B,Black Olive RD,"1 1/4"" Single Cell",honeycomb_3_4in_cordless_double_and_1_1_4in_single,GRID MAPPED; CONFIGURATION/PORTAL VERIFICATION PENDING
Room Darkening,C4709T,Ocean Air RD,"3/8"" Single Cell",honeycomb_3_8in_cordless_single_and_3_4in_single,GRID MAPPED; CONFIGURATION/PORTAL VERIFICATION PENDING
Room Darkening,C4709T,Ocean Air RD,"1/2"" Double Cell",honeycomb_1_2in_cordless_double,GRID MAPPED; CONFIGURATION/PORTAL VERIFICATION PENDING
Room Darkening,C4709T,Ocean Air RD,"3/4"" Single Cell",honeycomb_3_8in_cordless_single_and_3_4in_single,GRID MAPPED; CONFIGURATION/PORTAL VERIFICATION PENDING
Room Darkening,C4709T,Ocean Air RD,"3/4"" Double Cell",honeycomb_3_4in_cordless_double_and_1_1_4in_single,GRID MAPPED; CONFIGURATION/PORTAL VERIFICATION PENDING
Room Darkening,C4709T,Ocean Air RD,"1 1/4"" Single Cell",honeycomb_3_4in_cordless_double_and_1_1_4in_single,GRID MAPPED; CONFIGURATION/PORTAL VERIFICATION PENDING
Room Darkening,C4705T,Seaside Blue RD,"3/8"" Single Cell",honeycomb_3_8in_cordless_single_and_3_4in_single,GRID MAPPED; CONFIGURATION/PORTAL VERIFICATION PENDING
Room Darkening,C4705T,Seaside Blue RD,"1/2"" Double Cell",honeycomb_1_2in_cordless_double,GRID MAPPED; CONFIGURATION/PORTAL VERIFICATION PENDING
Room Darkening,C4705T,Seaside Blue RD,"3/4"" Single Cell",honeycomb_3_8in_cordless_single_and_3_4in_single,GRID MAPPED; CONFIGURATION/PORTAL VERIFICATION PENDING
Room Darkening,C4705T,Seaside Blue RD,"3/4"" Double Cell",honeycomb_3_4in_cordless_double_and_1_1_4in_single,GRID MAPPED; CONFIGURATION/PORTAL VERIFICATION PENDING
Room Darkening,C4705T,Seaside Blue RD,"1 1/4"" Single Cell",honeycomb_3_4in_cordless_double_and_1_1_4in_single,GRID MAPPED; CONFIGURATION/PORTAL VERIFICATION PENDING
Room Darkening,C4710T,Blue Flower RD,"3/8"" Single Cell",honeycomb_3_8in_cordless_single_and_3_4in_single,GRID MAPPED; CONFIGURATION/PORTAL VERIFICATION PENDING
Room Darkening,C4710T,Blue Flower RD,"1/2"" Double Cell",honeycomb_1_2in_cordless_double,GRID MAPPED; CONFIGURATION/PORTAL VERIFICATION PENDING
Room Darkening,C4710T,Blue Flower RD,"3/4"" Single Cell",honeycomb_3_8in_cordless_single_and_3_4in_single,GRID MAPPED; CONFIGURATION/PORTAL VERIFICATION PENDING
Room Darkening,C4710T,Blue Flower RD,"3/4"" Double Cell",honeycomb_3_4in_cordless_double_and_1_1_4in_single,GRID MAPPED; CONFIGURATION/PORTAL VERIFICATION PENDING
Room Darkening,C4710T,Blue Flower RD,"1 1/4"" Single Cell",honeycomb_3_4in_cordless_double_and_1_1_4in_single,GRID MAPPED; CONFIGURATION/PORTAL VERIFICATION PENDING
Room Darkening,C4711T,Lakeside RD,"3/8"" Single Cell",honeycomb_3_8in_cordless_single_and_3_4in_single,GRID MAPPED; CONFIGURATION/PORTAL VERIFICATION PENDING
Room Darkening,C4711T,Lakeside RD,"1/2"" Double Cell",honeycomb_1_2in_cordless_double,GRID MAPPED; CONFIGURATION/PORTAL VERIFICATION PENDING
Room Darkening,C4711T,Lakeside RD,"3/4"" Single Cell",honeycomb_3_8in_cordless_single_and_3_4in_single,GRID MAPPED; CONFIGURATION/PORTAL VERIFICATION PENDING
Room Darkening,C4711T,Lakeside RD,"3/4"" Double Cell",honeycomb_3_4in_cordless_double_and_1_1_4in_single,GRID MAPPED; CONFIGURATION/PORTAL VERIFICATION PENDING
Room Darkening,C4711T,Lakeside RD,"1 1/4"" Single Cell",honeycomb_3_4in_cordless_double_and_1_1_4in_single,GRID MAPPED; CONFIGURATION/PORTAL VERIFICATION PENDING
Room Darkening,C4108T,Smokey Blue RD,"3/8"" Single Cell",honeycomb_3_8in_cordless_single_and_3_4in_single,GRID MAPPED; CONFIGURATION/PORTAL VERIFICATION PENDING
Room Darkening,C4108T,Smokey Blue RD,"1/2"" Double Cell",honeycomb_1_2in_cordless_double,GRID MAPPED; CONFIGURATION/PORTAL VERIFICATION PENDING
Room Darkening,C4108T,Smokey Blue RD,"3/4"" Single Cell",honeycomb_3_8in_cordless_single_and_3_4in_single,GRID MAPPED; CONFIGURATION/PORTAL VERIFICATION PENDING
Room Darkening,C4108T,Smokey Blue RD,"3/4"" Double Cell",honeycomb_3_4in_cordless_double_and_1_1_4in_single,GRID MAPPED; CONFIGURATION/PORTAL VERIFICATION PENDING
Room Darkening,C4108T,Smokey Blue RD,"1 1/4"" Single Cell",honeycomb_3_4in_cordless_double_and_1_1_4in_single,GRID MAPPED; CONFIGURATION/PORTAL VERIFICATION PENDING
Room Darkening,C4104T,Spring Sky RD,"3/8"" Single Cell",honeycomb_3_8in_cordless_single_and_3_4in_single,GRID MAPPED; CONFIGURATION/PORTAL VERIFICATION PENDING
Room Darkening,C4104T,Spring Sky RD,"1/2"" Double Cell",honeycomb_1_2in_cordless_double,GRID MAPPED; CONFIGURATION/PORTAL VERIFICATION PENDING
Room Darkening,C4104T,Spring Sky RD,"3/4"" Single Cell",honeycomb_3_8in_cordless_single_and_3_4in_single,GRID MAPPED; CONFIGURATION/PORTAL VERIFICATION PENDING
Room Darkening,C4104T,Spring Sky RD,"3/4"" Double Cell",honeycomb_3_4in_cordless_double_and_1_1_4in_single,GRID MAPPED; CONFIGURATION/PORTAL VERIFICATION PENDING
Room Darkening,C4104T,Spring Sky RD,"1 1/4"" Single Cell",honeycomb_3_4in_cordless_double_and_1_1_4in_single,GRID MAPPED; CONFIGURATION/PORTAL VERIFICATION PENDING
Room Darkening,C4712T,White Rain RD,"3/8"" Single Cell",honeycomb_3_8in_cordless_single_and_3_4in_single,GRID MAPPED; CONFIGURATION/PORTAL VERIFICATION PENDING
Room Darkening,C4712T,White Rain RD,"1/2"" Double Cell",honeycomb_1_2in_cordless_double,GRID MAPPED; CONFIGURATION/PORTAL VERIFICATION PENDING
Room Darkening,C4712T,White Rain RD,"3/4"" Single Cell",honeycomb_3_8in_cordless_single_and_3_4in_single,GRID MAPPED; CONFIGURATION/PORTAL VERIFICATION PENDING
Room Darkening,C4712T,White Rain RD,"3/4"" Double Cell",honeycomb_3_4in_cordless_double_and_1_1_4in_single,GRID MAPPED; CONFIGURATION/PORTAL VERIFICATION PENDING
Room Darkening,C4712T,White Rain RD,"1 1/4"" Single Cell",honeycomb_3_4in_cordless_double_and_1_1_4in_single,GRID MAPPED; CONFIGURATION/PORTAL VERIFICATION PENDING
Room Darkening,C4610T,Catalina Blue RD,"3/8"" Single Cell",honeycomb_3_8in_cordless_single_and_3_4in_single,GRID MAPPED; CONFIGURATION/PORTAL VERIFICATION PENDING
Room Darkening,C4610T,Catalina Blue RD,"1/2"" Double Cell",honeycomb_1_2in_cordless_double,GRID MAPPED; CONFIGURATION/PORTAL VERIFICATION PENDING
Room Darkening,C4610T,Catalina Blue RD,"3/4"" Single Cell",honeycomb_3_8in_cordless_single_and_3_4in_single,GRID MAPPED; CONFIGURATION/PORTAL VERIFICATION PENDING
Room Darkening,C4610T,Catalina Blue RD,"3/4"" Double Cell",honeycomb_3_4in_cordless_double_and_1_1_4in_single,GRID MAPPED; CONFIGURATION/PORTAL VERIFICATION PENDING
Room Darkening,C4610T,Catalina Blue RD,"1 1/4"" Single Cell",honeycomb_3_4in_cordless_double_and_1_1_4in_single,GRID MAPPED; CONFIGURATION/PORTAL VERIFICATION PENDING
Room Darkening,C4601T,Fernwood RD,"3/8"" Single Cell",honeycomb_3_8in_cordless_single_and_3_4in_single,GRID MAPPED; CONFIGURATION/PORTAL VERIFICATION PENDING
Room Darkening,C4601T,Fernwood RD,"1/2"" Double Cell",honeycomb_1_2in_cordless_double,GRID MAPPED; CONFIGURATION/PORTAL VERIFICATION PENDING
Room Darkening,C4601T,Fernwood RD,"3/4"" Single Cell",honeycomb_3_8in_cordless_single_and_3_4in_single,GRID MAPPED; CONFIGURATION/PORTAL VERIFICATION PENDING
Room Darkening,C4601T,Fernwood RD,"3/4"" Double Cell",honeycomb_3_4in_cordless_double_and_1_1_4in_single,GRID MAPPED; CONFIGURATION/PORTAL VERIFICATION PENDING
Room Darkening,C4601T,Fernwood RD,"1 1/4"" Single Cell",honeycomb_3_4in_cordless_double_and_1_1_4in_single,GRID MAPPED; CONFIGURATION/PORTAL VERIFICATION PENDING
Room Darkening,C4611T,Meadows RD,"3/8"" Single Cell",honeycomb_3_8in_cordless_single_and_3_4in_single,GRID MAPPED; CONFIGURATION/PORTAL VERIFICATION PENDING
Room Darkening,C4611T,Meadows RD,"1/2"" Double Cell",honeycomb_1_2in_cordless_double,GRID MAPPED; CONFIGURATION/PORTAL VERIFICATION PENDING
Room Darkening,C4611T,Meadows RD,"3/4"" Single Cell",honeycomb_3_8in_cordless_single_and_3_4in_single,GRID MAPPED; CONFIGURATION/PORTAL VERIFICATION PENDING
Room Darkening,C4611T,Meadows RD,"3/4"" Double Cell",honeycomb_3_4in_cordless_double_and_1_1_4in_single,GRID MAPPED; CONFIGURATION/PORTAL VERIFICATION PENDING
Room Darkening,C4611T,Meadows RD,"1 1/4"" Single Cell",honeycomb_3_4in_cordless_double_and_1_1_4in_single,GRID MAPPED; CONFIGURATION/PORTAL VERIFICATION PENDING
Room Darkening,C4804T,Mulberry RD,"3/8"" Single Cell",honeycomb_3_8in_cordless_single_and_3_4in_single,GRID MAPPED; CONFIGURATION/PORTAL VERIFICATION PENDING
Room Darkening,C4804T,Mulberry RD,"1/2"" Double Cell",honeycomb_1_2in_cordless_double,GRID MAPPED; CONFIGURATION/PORTAL VERIFICATION PENDING
Room Darkening,C4804T,Mulberry RD,"3/4"" Single Cell",honeycomb_3_8in_cordless_single_and_3_4in_single,GRID MAPPED; CONFIGURATION/PORTAL VERIFICATION PENDING
Room Darkening,C4804T,Mulberry RD,"3/4"" Double Cell",honeycomb_3_4in_cordless_double_and_1_1_4in_single,GRID MAPPED; CONFIGURATION/PORTAL VERIFICATION PENDING
Room Darkening,C4804T,Mulberry RD,"1 1/4"" Single Cell",honeycomb_3_4in_cordless_double_and_1_1_4in_single,GRID MAPPED; CONFIGURATION/PORTAL VERIFICATION PENDING
Room Darkening,C4134T,Eggplant RD,"3/8"" Single Cell",honeycomb_3_8in_cordless_single_and_3_4in_single,GRID MAPPED; CONFIGURATION/PORTAL VERIFICATION PENDING
Room Darkening,C4134T,Eggplant RD,"1/2"" Double Cell",honeycomb_1_2in_cordless_double,GRID MAPPED; CONFIGURATION/PORTAL VERIFICATION PENDING
Room Darkening,C4134T,Eggplant RD,"3/4"" Single Cell",honeycomb_3_8in_cordless_single_and_3_4in_single,GRID MAPPED; CONFIGURATION/PORTAL VERIFICATION PENDING
Room Darkening,C4134T,Eggplant RD,"3/4"" Double Cell",honeycomb_3_4in_cordless_double_and_1_1_4in_single,GRID MAPPED; CONFIGURATION/PORTAL VERIFICATION PENDING
Room Darkening,C4134T,Eggplant RD,"1 1/4"" Single Cell",honeycomb_3_4in_cordless_double_and_1_1_4in_single,GRID MAPPED; CONFIGURATION/PORTAL VERIFICATION PENDING
Room Darkening,C4305T,Morning Blush RD,"3/8"" Single Cell",honeycomb_3_8in_cordless_single_and_3_4in_single,GRID MAPPED; CONFIGURATION/PORTAL VERIFICATION PENDING
Room Darkening,C4305T,Morning Blush RD,"1/2"" Double Cell",honeycomb_1_2in_cordless_double,GRID MAPPED; CONFIGURATION/PORTAL VERIFICATION PENDING
Room Darkening,C4305T,Morning Blush RD,"3/4"" Single Cell",honeycomb_3_8in_cordless_single_and_3_4in_single,GRID MAPPED; CONFIGURATION/PORTAL VERIFICATION PENDING
Room Darkening,C4305T,Morning Blush RD,"3/4"" Double Cell",honeycomb_3_4in_cordless_double_and_1_1_4in_single,GRID MAPPED; CONFIGURATION/PORTAL VERIFICATION PENDING
Room Darkening,C4305T,Morning Blush RD,"1 1/4"" Single Cell",honeycomb_3_4in_cordless_double_and_1_1_4in_single,GRID MAPPED; CONFIGURATION/PORTAL VERIFICATION PENDING
Room Darkening,C4306T,Pacific Cove RD,"3/8"" Single Cell",honeycomb_3_8in_cordless_single_and_3_4in_single,GRID MAPPED; CONFIGURATION/PORTAL VERIFICATION PENDING
Room Darkening,C4306T,Pacific Cove RD,"1/2"" Double Cell",honeycomb_1_2in_cordless_double,GRID MAPPED; CONFIGURATION/PORTAL VERIFICATION PENDING
Room Darkening,C4306T,Pacific Cove RD,"3/4"" Single Cell",honeycomb_3_8in_cordless_single_and_3_4in_single,GRID MAPPED; CONFIGURATION/PORTAL VERIFICATION PENDING
Room Darkening,C4306T,Pacific Cove RD,"3/4"" Double Cell",honeycomb_3_4in_cordless_double_and_1_1_4in_single,GRID MAPPED; CONFIGURATION/PORTAL VERIFICATION PENDING
Room Darkening,C4306T,Pacific Cove RD,"1 1/4"" Single Cell",honeycomb_3_4in_cordless_double_and_1_1_4in_single,GRID MAPPED; CONFIGURATION/PORTAL VERIFICATION PENDING
Room Darkening,C4307B,Roasted Pumpkin RD,"3/8"" Single Cell",honeycomb_3_8in_cordless_single_and_3_4in_single,GRID MAPPED; CONFIGURATION/PORTAL VERIFICATION PENDING
Room Darkening,C4307B,Roasted Pumpkin RD,"1/2"" Double Cell",honeycomb_1_2in_cordless_double,GRID MAPPED; CONFIGURATION/PORTAL VERIFICATION PENDING
Room Darkening,C4307B,Roasted Pumpkin RD,"3/4"" Single Cell",honeycomb_3_8in_cordless_single_and_3_4in_single,GRID MAPPED; CONFIGURATION/PORTAL VERIFICATION PENDING
Room Darkening,C4307B,Roasted Pumpkin RD,"3/4"" Double Cell",honeycomb_3_4in_cordless_double_and_1_1_4in_single,GRID MAPPED; CONFIGURATION/PORTAL VERIFICATION PENDING
Room Darkening,C4307B,Roasted Pumpkin RD,"1 1/4"" Single Cell",honeycomb_3_4in_cordless_double_and_1_1_4in_single,GRID MAPPED; CONFIGURATION/PORTAL VERIFICATION PENDING
FR Essentials,C6004,Powder,"3/8"" Single Cell",honeycomb_flame_resistant_fabrics,GRID MAPPED; CONFIGURATION/PORTAL VERIFICATION PENDING
FR Essentials,C6004,Powder,"3/4"" Single Cell",honeycomb_flame_resistant_fabrics,GRID MAPPED; CONFIGURATION/PORTAL VERIFICATION PENDING
FR Essentials,C6505,Eggshell Cream,"3/8"" Single Cell",honeycomb_flame_resistant_fabrics,GRID MAPPED; CONFIGURATION/PORTAL VERIFICATION PENDING
FR Essentials,C6505,Eggshell Cream,"3/4"" Single Cell",honeycomb_flame_resistant_fabrics,GRID MAPPED; CONFIGURATION/PORTAL VERIFICATION PENDING
FR Essentials,C6005,Icicle,"3/8"" Single Cell",honeycomb_flame_resistant_fabrics,GRID MAPPED; CONFIGURATION/PORTAL VERIFICATION PENDING
FR Essentials,C6005,Icicle,"3/4"" Single Cell",honeycomb_flame_resistant_fabrics,GRID MAPPED; CONFIGURATION/PORTAL VERIFICATION PENDING
Flame Resistant (LF),C6001,Ice mist,"3/8"" Single Cell",honeycomb_flame_resistant_fabrics,GRID MAPPED; CONFIGURATION/PORTAL VERIFICATION PENDING
Flame Resistant (LF),C6001,Ice mist,"3/4"" Single Cell",honeycomb_flame_resistant_fabrics,GRID MAPPED; CONFIGURATION/PORTAL VERIFICATION PENDING
Flame Resistant (LF),C6002,Cotton,"3/8"" Single Cell",honeycomb_flame_resistant_fabrics,GRID MAPPED; CONFIGURATION/PORTAL VERIFICATION PENDING
Flame Resistant (LF),C6002,Cotton,"3/4"" Single Cell",honeycomb_flame_resistant_fabrics,GRID MAPPED; CONFIGURATION/PORTAL VERIFICATION PENDING
Flame Resistant (LF),C6501,Mascarpone,"3/8"" Single Cell",honeycomb_flame_resistant_fabrics,GRID MAPPED; CONFIGURATION/PORTAL VERIFICATION PENDING
Flame Resistant (LF),C6501,Mascarpone,"3/4"" Single Cell",honeycomb_flame_resistant_fabrics,GRID MAPPED; CONFIGURATION/PORTAL VERIFICATION PENDING
Flame Resistant (LF),C6502,Calla Lily,"3/8"" Single Cell",honeycomb_flame_resistant_fabrics,GRID MAPPED; CONFIGURATION/PORTAL VERIFICATION PENDING
Flame Resistant (LF),C6502,Calla Lily,"3/4"" Single Cell",honeycomb_flame_resistant_fabrics,GRID MAPPED; CONFIGURATION/PORTAL VERIFICATION PENDING
Flame Resistant (LF),C6101,Ashley Gray,"3/8"" Single Cell",honeycomb_flame_resistant_fabrics,GRID MAPPED; CONFIGURATION/PORTAL VERIFICATION PENDING
Flame Resistant (LF),C6101,Ashley Gray,"3/4"" Single Cell",honeycomb_flame_resistant_fabrics,GRID MAPPED; CONFIGURATION/PORTAL VERIFICATION PENDING
Flame Resistant (LF),C6401,Earth,"3/8"" Single Cell",honeycomb_flame_resistant_fabrics,GRID MAPPED; CONFIGURATION/PORTAL VERIFICATION PENDING
Flame Resistant (LF),C6401,Earth,"3/4"" Single Cell",honeycomb_flame_resistant_fabrics,GRID MAPPED; CONFIGURATION/PORTAL VERIFICATION PENDING
Flame Resistant (LF),C6503,Toasted beige,"3/8"" Single Cell",honeycomb_flame_resistant_fabrics,GRID MAPPED; CONFIGURATION/PORTAL VERIFICATION PENDING
Flame Resistant (LF),C6503,Toasted beige,"3/4"" Single Cell",honeycomb_flame_resistant_fabrics,GRID MAPPED; CONFIGURATION/PORTAL VERIFICATION PENDING
Flame Resistant (LF),C6003,Moonshine,"3/8"" Single Cell",honeycomb_flame_resistant_fabrics,GRID MAPPED; CONFIGURATION/PORTAL VERIFICATION PENDING
Flame Resistant (LF),C6003,Moonshine,"3/4"" Single Cell",honeycomb_flame_resistant_fabrics,GRID MAPPED; CONFIGURATION/PORTAL VERIFICATION PENDING
Flame Resistant (LF),C6102,Silvery Blue,"3/8"" Single Cell",honeycomb_flame_resistant_fabrics,GRID MAPPED; CONFIGURATION/PORTAL VERIFICATION PENDING
Flame Resistant (LF),C6102,Silvery Blue,"3/4"" Single Cell",honeycomb_flame_resistant_fabrics,GRID MAPPED; CONFIGURATION/PORTAL VERIFICATION PENDING
Flame Resistant (LF),C6402,Travertine,"3/8"" Single Cell",honeycomb_flame_resistant_fabrics,GRID MAPPED; CONFIGURATION/PORTAL VERIFICATION PENDING
Flame Resistant (LF),C6402,Travertine,"3/4"" Single Cell",honeycomb_flame_resistant_fabrics,GRID MAPPED; CONFIGURATION/PORTAL VERIFICATION PENDING
Flame Resistant (RD),C8001,White Ice,"3/8"" Single Cell",honeycomb_flame_resistant_fabrics,GRID MAPPED; CONFIGURATION/PORTAL VERIFICATION PENDING
Flame Resistant (RD),C8001,White Ice,"3/4"" Single Cell",honeycomb_flame_resistant_fabrics,GRID MAPPED; CONFIGURATION/PORTAL VERIFICATION PENDING
Flame Resistant (RD),C8002,Blizzard Fog,"3/8"" Single Cell",honeycomb_flame_resistant_fabrics,GRID MAPPED; CONFIGURATION/PORTAL VERIFICATION PENDING
Flame Resistant (RD),C8002,Blizzard Fog,"3/4"" Single Cell",honeycomb_flame_resistant_fabrics,GRID MAPPED; CONFIGURATION/PORTAL VERIFICATION PENDING
Flame Resistant (RD),C8501,Sweet Custard,"3/8"" Single Cell",honeycomb_flame_resistant_fabrics,GRID MAPPED; CONFIGURATION/PORTAL VERIFICATION PENDING
Flame Resistant (RD),C8501,Sweet Custard,"3/4"" Single Cell",honeycomb_flame_resistant_fabrics,GRID MAPPED; CONFIGURATION/PORTAL VERIFICATION PENDING
Flame Resistant (RD),C8101,Pale Gray,"3/8"" Single Cell",honeycomb_flame_resistant_fabrics,GRID MAPPED; CONFIGURATION/PORTAL VERIFICATION PENDING
Flame Resistant (RD),C8101,Pale Gray,"3/4"" Single Cell",honeycomb_flame_resistant_fabrics,GRID MAPPED; CONFIGURATION/PORTAL VERIFICATION PENDING
Flame Resistant (RD),C8401,Rustic Taupe,"3/8"" Single Cell",honeycomb_flame_resistant_fabrics,GRID MAPPED; CONFIGURATION/PORTAL VERIFICATION PENDING
Flame Resistant (RD),C8401,Rustic Taupe,"3/4"" Single Cell",honeycomb_flame_resistant_fabrics,GRID MAPPED; CONFIGURATION/PORTAL VERIFICATION PENDING
Designer Fabric (LF) (Langley),C7114,Winter Solstice,"3/8"" Single Cell",honeycomb_3_8in_cordless_single_and_3_4in_single,GRID MAPPED; CONFIGURATION/PORTAL VERIFICATION PENDING
Designer Fabric (LF) (Langley),C7114,Winter Solstice,"3/4"" Single Cell",honeycomb_3_8in_cordless_single_and_3_4in_single,GRID MAPPED; CONFIGURATION/PORTAL VERIFICATION PENDING
Designer Fabric (LF) (Langley),C7114,Winter Solstice,"1 1/4"" Single Cell",honeycomb_3_4in_cordless_double_and_1_1_4in_single,GRID MAPPED; CONFIGURATION/PORTAL VERIFICATION PENDING
Designer Fabric (LF) (Langley),C7403,Fresh Brew,"3/8"" Single Cell",honeycomb_3_8in_cordless_single_and_3_4in_single,GRID MAPPED; CONFIGURATION/PORTAL VERIFICATION PENDING
Designer Fabric (LF) (Langley),C7403,Fresh Brew,"3/4"" Single Cell",honeycomb_3_8in_cordless_single_and_3_4in_single,GRID MAPPED; CONFIGURATION/PORTAL VERIFICATION PENDING
Designer Fabric (LF) (Langley),C7403,Fresh Brew,"1 1/4"" Single Cell",honeycomb_3_4in_cordless_double_and_1_1_4in_single,GRID MAPPED; CONFIGURATION/PORTAL VERIFICATION PENDING
Designer Fabric (LF) (Langley),C7410,Canvas,"3/8"" Single Cell",honeycomb_3_8in_cordless_single_and_3_4in_single,GRID MAPPED; CONFIGURATION/PORTAL VERIFICATION PENDING
Designer Fabric (LF) (Langley),C7410,Canvas,"3/4"" Single Cell",honeycomb_3_8in_cordless_single_and_3_4in_single,GRID MAPPED; CONFIGURATION/PORTAL VERIFICATION PENDING
Designer Fabric (LF) (Langley),C7410,Canvas,"1 1/4"" Single Cell",honeycomb_3_4in_cordless_double_and_1_1_4in_single,GRID MAPPED; CONFIGURATION/PORTAL VERIFICATION PENDING
Designer Fabric (LF) (Langley),C7115,Sterling,"3/8"" Single Cell",honeycomb_3_8in_cordless_single_and_3_4in_single,GRID MAPPED; CONFIGURATION/PORTAL VERIFICATION PENDING
Designer Fabric (LF) (Langley),C7115,Sterling,"3/4"" Single Cell",honeycomb_3_8in_cordless_single_and_3_4in_single,GRID MAPPED; CONFIGURATION/PORTAL VERIFICATION PENDING
Designer Fabric (LF) (Langley),C7115,Sterling,"1 1/4"" Single Cell",honeycomb_3_4in_cordless_double_and_1_1_4in_single,GRID MAPPED; CONFIGURATION/PORTAL VERIFICATION PENDING
Designer Fabric (RD) (Langley),C4106,Winter Solstice,"3/4"" Single Cell",honeycomb_3_8in_cordless_single_and_3_4in_single,GRID MAPPED; CONFIGURATION/PORTAL VERIFICATION PENDING
Designer Fabric (RD) (Langley),C4106,Winter Solstice,"1 1/4"" Single Cell",honeycomb_3_4in_cordless_double_and_1_1_4in_single,GRID MAPPED; CONFIGURATION/PORTAL VERIFICATION PENDING
Designer Fabric (RD) (Langley),C4413,Fresh Brew,"3/4"" Single Cell",honeycomb_3_8in_cordless_single_and_3_4in_single,GRID MAPPED; CONFIGURATION/PORTAL VERIFICATION PENDING
Designer Fabric (RD) (Langley),C4413,Fresh Brew,"1 1/4"" Single Cell",honeycomb_3_4in_cordless_double_and_1_1_4in_single,GRID MAPPED; CONFIGURATION/PORTAL VERIFICATION PENDING
Designer Fabric (RD) (Langley),C4414,Canvas,"3/4"" Single Cell",honeycomb_3_8in_cordless_single_and_3_4in_single,GRID MAPPED; CONFIGURATION/PORTAL VERIFICATION PENDING
Designer Fabric (RD) (Langley),C4414,Canvas,"1 1/4"" Single Cell",honeycomb_3_4in_cordless_double_and_1_1_4in_single,GRID MAPPED; CONFIGURATION/PORTAL VERIFICATION PENDING
Designer Fabric (RD) (Langley),C4116,Sterling,"3/4"" Single Cell",honeycomb_3_8in_cordless_single_and_3_4in_single,GRID MAPPED; CONFIGURATION/PORTAL VERIFICATION PENDING
Designer Fabric (RD) (Langley),C4116,Sterling,"1 1/4"" Single Cell",honeycomb_3_4in_cordless_double_and_1_1_4in_single,GRID MAPPED; CONFIGURATION/PORTAL VERIFICATION PENDING
Designer Fabric (LF) (Portola),C7117,Smokey Violet,"3/8"" Single Cell",honeycomb_3_8in_cordless_single_and_3_4in_single,GRID MAPPED; CONFIGURATION/PORTAL VERIFICATION PENDING
Designer Fabric (LF) (Portola),C7117,Smokey Violet,"3/4"" Single Cell",honeycomb_3_8in_cordless_single_and_3_4in_single,GRID MAPPED; CONFIGURATION/PORTAL VERIFICATION PENDING
Designer Fabric (LF) (Portola),C7117,Smokey Violet,"1 1/4"" Single Cell",honeycomb_3_4in_cordless_double_and_1_1_4in_single,GRID MAPPED; CONFIGURATION/PORTAL VERIFICATION PENDING
Designer Fabric (LF) (Portola),C7120,Urban Gray,"3/8"" Single Cell",honeycomb_3_8in_cordless_single_and_3_4in_single,GRID MAPPED; CONFIGURATION/PORTAL VERIFICATION PENDING
Designer Fabric (LF) (Portola),C7120,Urban Gray,"3/4"" Single Cell",honeycomb_3_8in_cordless_single_and_3_4in_single,GRID MAPPED; CONFIGURATION/PORTAL VERIFICATION PENDING
Designer Fabric (LF) (Portola),C7120,Urban Gray,"1 1/4"" Single Cell",honeycomb_3_4in_cordless_double_and_1_1_4in_single,GRID MAPPED; CONFIGURATION/PORTAL VERIFICATION PENDING
Designer Fabric (LF) (Portola),C7119,Quarry,"3/8"" Single Cell",honeycomb_3_8in_cordless_single_and_3_4in_single,GRID MAPPED; CONFIGURATION/PORTAL VERIFICATION PENDING
Designer Fabric (LF) (Portola),C7119,Quarry,"3/4"" Single Cell",honeycomb_3_8in_cordless_single_and_3_4in_single,GRID MAPPED; CONFIGURATION/PORTAL VERIFICATION PENDING
Designer Fabric (LF) (Portola),C7119,Quarry,"1 1/4"" Single Cell",honeycomb_3_4in_cordless_double_and_1_1_4in_single,GRID MAPPED; CONFIGURATION/PORTAL VERIFICATION PENDING
Designer Fabric (LF) (Portola),C7118,Silver Coin,"3/8"" Single Cell",honeycomb_3_8in_cordless_single_and_3_4in_single,GRID MAPPED; CONFIGURATION/PORTAL VERIFICATION PENDING
Designer Fabric (LF) (Portola),C7118,Silver Coin,"3/4"" Single Cell",honeycomb_3_8in_cordless_single_and_3_4in_single,GRID MAPPED; CONFIGURATION/PORTAL VERIFICATION PENDING
Designer Fabric (LF) (Portola),C7118,Silver Coin,"1 1/4"" Single Cell",honeycomb_3_4in_cordless_double_and_1_1_4in_single,GRID MAPPED; CONFIGURATION/PORTAL VERIFICATION PENDING
Designer Fabric (RD) (Portola),C4107,Storm Cloud,"3/4"" Single Cell",honeycomb_3_8in_cordless_single_and_3_4in_single,GRID MAPPED; CONFIGURATION/PORTAL VERIFICATION PENDING
Designer Fabric (RD) (Portola),C4107,Storm Cloud,"1 1/4"" Single Cell",honeycomb_3_4in_cordless_double_and_1_1_4in_single,GRID MAPPED; CONFIGURATION/PORTAL VERIFICATION PENDING
Designer Fabric (RD) (Portola),C4112,Titanium,"3/4"" Single Cell",honeycomb_3_8in_cordless_single_and_3_4in_single,GRID MAPPED; CONFIGURATION/PORTAL VERIFICATION PENDING
Designer Fabric (RD) (Portola),C4112,Titanium,"1 1/4"" Single Cell",honeycomb_3_4in_cordless_double_and_1_1_4in_single,GRID MAPPED; CONFIGURATION/PORTAL VERIFICATION PENDING
Designer Fabric (RD) (Portola),C4113,Dawn,"3/4"" Single Cell",honeycomb_3_8in_cordless_single_and_3_4in_single,GRID MAPPED; CONFIGURATION/PORTAL VERIFICATION PENDING
Designer Fabric (RD) (Portola),C4113,Dawn,"1 1/4"" Single Cell",honeycomb_3_4in_cordless_double_and_1_1_4in_single,GRID MAPPED; CONFIGURATION/PORTAL VERIFICATION PENDING
Designer Fabric (RD) (Portola),C4114,Magnetic Gray,"3/4"" Single Cell",honeycomb_3_8in_cordless_single_and_3_4in_single,GRID MAPPED; CONFIGURATION/PORTAL VERIFICATION PENDING
Designer Fabric (RD) (Portola),C4114,Magnetic Gray,"1 1/4"" Single Cell",honeycomb_3_4in_cordless_double_and_1_1_4in_single,GRID MAPPED; CONFIGURATION/PORTAL VERIFICATION PENDING
Designer Fabric (LF) (Silverbrook),C7141K,Fog,"3/4"" Single Cell",honeycomb_3_8in_cordless_single_and_3_4in_single,GRID MAPPED; CONFIGURATION/PORTAL VERIFICATION PENDING
Designer Fabric (LF) (Silverbrook),C7141K,Fog,"1 1/4"" Single Cell",honeycomb_3_4in_cordless_double_and_1_1_4in_single,GRID MAPPED; CONFIGURATION/PORTAL VERIFICATION PENDING
Designer Fabric (LF) (Silverbrook),C7428K,Tawny,"3/4"" Single Cell",honeycomb_3_8in_cordless_single_and_3_4in_single,GRID MAPPED; CONFIGURATION/PORTAL VERIFICATION PENDING
Designer Fabric (LF) (Silverbrook),C7428K,Tawny,"1 1/4"" Single Cell",honeycomb_3_4in_cordless_double_and_1_1_4in_single,GRID MAPPED; CONFIGURATION/PORTAL VERIFICATION PENDING
Designer Fabric (LF) (Silverbrook),C7429K,Toffee,"3/4"" Single Cell",honeycomb_3_8in_cordless_single_and_3_4in_single,GRID MAPPED; CONFIGURATION/PORTAL VERIFICATION PENDING
Designer Fabric (LF) (Silverbrook),C7429K,Toffee,"1 1/4"" Single Cell",honeycomb_3_4in_cordless_double_and_1_1_4in_single,GRID MAPPED; CONFIGURATION/PORTAL VERIFICATION PENDING
Designer Fabric (LF) (Silverbrook),C7713K,Azure Blue,"3/4"" Single Cell",honeycomb_3_8in_cordless_single_and_3_4in_single,GRID MAPPED; CONFIGURATION/PORTAL VERIFICATION PENDING
Designer Fabric (LF) (Silverbrook),C7713K,Azure Blue,"1 1/4"" Single Cell",honeycomb_3_4in_cordless_double_and_1_1_4in_single,GRID MAPPED; CONFIGURATION/PORTAL VERIFICATION PENDING
Designer Fabric (LF) (Silverbrook),C7207K,Soft Black,"3/4"" Single Cell",honeycomb_3_8in_cordless_single_and_3_4in_single,GRID MAPPED; CONFIGURATION/PORTAL VERIFICATION PENDING
Designer Fabric (LF) (Silverbrook),C7207K,Soft Black,"1 1/4"" Single Cell",honeycomb_3_4in_cordless_double_and_1_1_4in_single,GRID MAPPED; CONFIGURATION/PORTAL VERIFICATION PENDING
Designer Fabric (LF) (Silverbrook),C7019K,White Dawn,"3/4"" Single Cell",honeycomb_3_8in_cordless_single_and_3_4in_single,GRID MAPPED; CONFIGURATION/PORTAL VERIFICATION PENDING
Designer Fabric (LF) (Silverbrook),C7019K,White Dawn,"1 1/4"" Single Cell",honeycomb_3_4in_cordless_double_and_1_1_4in_single,GRID MAPPED; CONFIGURATION/PORTAL VERIFICATION PENDING
Designer Fabric (LF) (Silverbrook),C7430K,Shady Lane,"3/4"" Single Cell",honeycomb_3_8in_cordless_single_and_3_4in_single,GRID MAPPED; CONFIGURATION/PORTAL VERIFICATION PENDING
Designer Fabric (LF) (Silverbrook),C7430K,Shady Lane,"1 1/4"" Single Cell",honeycomb_3_4in_cordless_double_and_1_1_4in_single,GRID MAPPED; CONFIGURATION/PORTAL VERIFICATION PENDING
Designer Fabric (RD) (Silverbrook),C4128T,Fog RD,"3/4"" Single Cell",honeycomb_3_8in_cordless_single_and_3_4in_single,GRID MAPPED; CONFIGURATION/PORTAL VERIFICATION PENDING
Designer Fabric (RD) (Silverbrook),C4128T,Fog RD,"1 1/4"" Single Cell",honeycomb_3_4in_cordless_double_and_1_1_4in_single,GRID MAPPED; CONFIGURATION/PORTAL VERIFICATION PENDING
Designer Fabric (RD) (Silverbrook),C4424T,Tawny RD,"3/4"" Single Cell",honeycomb_3_8in_cordless_single_and_3_4in_single,GRID MAPPED; CONFIGURATION/PORTAL VERIFICATION PENDING
Designer Fabric (RD) (Silverbrook),C4424T,Tawny RD,"1 1/4"" Single Cell",honeycomb_3_4in_cordless_double_and_1_1_4in_single,GRID MAPPED; CONFIGURATION/PORTAL VERIFICATION PENDING
Designer Fabric (RD) (Silverbrook),C4425T,Toffee RD,"3/4"" Single Cell",honeycomb_3_8in_cordless_single_and_3_4in_single,GRID MAPPED; CONFIGURATION/PORTAL VERIFICATION PENDING
Designer Fabric (RD) (Silverbrook),C4425T,Toffee RD,"1 1/4"" Single Cell",honeycomb_3_4in_cordless_double_and_1_1_4in_single,GRID MAPPED; CONFIGURATION/PORTAL VERIFICATION PENDING
Designer Fabric (RD) (Silverbrook),C4706T,Azure Blue RD,"3/4"" Single Cell",honeycomb_3_8in_cordless_single_and_3_4in_single,GRID MAPPED; CONFIGURATION/PORTAL VERIFICATION PENDING
Designer Fabric (RD) (Silverbrook),C4706T,Azure Blue RD,"1 1/4"" Single Cell",honeycomb_3_4in_cordless_double_and_1_1_4in_single,GRID MAPPED; CONFIGURATION/PORTAL VERIFICATION PENDING
Designer Fabric (RD) (Silverbrook),C4204T,Soft Black RD,"3/4"" Single Cell",honeycomb_3_8in_cordless_single_and_3_4in_single,GRID MAPPED; CONFIGURATION/PORTAL VERIFICATION PENDING
Designer Fabric (RD) (Silverbrook),C4204T,Soft Black RD,"1 1/4"" Single Cell",honeycomb_3_4in_cordless_double_and_1_1_4in_single,GRID MAPPED; CONFIGURATION/PORTAL VERIFICATION PENDING
Designer Fabric (RD) (Silverbrook),C4007T,White Dawn RD,"3/4"" Single Cell",honeycomb_3_8in_cordless_single_and_3_4in_single,GRID MAPPED; CONFIGURATION/PORTAL VERIFICATION PENDING
Designer Fabric (RD) (Silverbrook),C4007T,White Dawn RD,"1 1/4"" Single Cell",honeycomb_3_4in_cordless_double_and_1_1_4in_single,GRID MAPPED; CONFIGURATION/PORTAL VERIFICATION PENDING
Designer Fabric (RD) (Silverbrook),C4426T,Shady Lane RD,"3/4"" Single Cell",honeycomb_3_8in_cordless_single_and_3_4in_single,GRID MAPPED; CONFIGURATION/PORTAL VERIFICATION PENDING
Designer Fabric (RD) (Silverbrook),C4426T,Shady Lane RD,"1 1/4"" Single Cell",honeycomb_3_4in_cordless_double_and_1_1_4in_single,GRID MAPPED; CONFIGURATION/PORTAL VERIFICATION PENDING
Designer Fabric (LF) (Ashton),C9001K,Eggshell White,"3/4"" Single Cell",honeycomb_3_4in_cordless_single_and_1_1_4in_single_pg2,GRID MAPPED; CONFIGURATION/PORTAL VERIFICATION PENDING
Designer Fabric (LF) (Ashton),C9001K,Eggshell White,"1 1/4"" Single Cell",honeycomb_3_4in_cordless_single_and_1_1_4in_single_pg2,GRID MAPPED; CONFIGURATION/PORTAL VERIFICATION PENDING
Designer Fabric (LF) (Ashton),C9002K,Ballet White,"3/4"" Single Cell",honeycomb_3_4in_cordless_single_and_1_1_4in_single_pg2,GRID MAPPED; CONFIGURATION/PORTAL VERIFICATION PENDING
Designer Fabric (LF) (Ashton),C9002K,Ballet White,"1 1/4"" Single Cell",honeycomb_3_4in_cordless_single_and_1_1_4in_single_pg2,GRID MAPPED; CONFIGURATION/PORTAL VERIFICATION PENDING
Designer Fabric (LF) (Ashton),C9701K,Country Sky,"3/4"" Single Cell",honeycomb_3_4in_cordless_single_and_1_1_4in_single_pg2,GRID MAPPED; CONFIGURATION/PORTAL VERIFICATION PENDING
Designer Fabric (LF) (Ashton),C9701K,Country Sky,"1 1/4"" Single Cell",honeycomb_3_4in_cordless_single_and_1_1_4in_single_pg2,GRID MAPPED; CONFIGURATION/PORTAL VERIFICATION PENDING
Designer Fabric (LF) (Ashton),C9401K,Toasted Pecan,"3/4"" Single Cell",honeycomb_3_4in_cordless_single_and_1_1_4in_single_pg2,GRID MAPPED; CONFIGURATION/PORTAL VERIFICATION PENDING
Designer Fabric (LF) (Ashton),C9401K,Toasted Pecan,"1 1/4"" Single Cell",honeycomb_3_4in_cordless_single_and_1_1_4in_single_pg2,GRID MAPPED; CONFIGURATION/PORTAL VERIFICATION PENDING
Designer Fabric (LF) (Ashton),C9301K,Dreamy White,"3/4"" Single Cell",honeycomb_3_4in_cordless_single_and_1_1_4in_single_pg2,GRID MAPPED; CONFIGURATION/PORTAL VERIFICATION PENDING
Designer Fabric (LF) (Ashton),C9301K,Dreamy White,"1 1/4"" Single Cell",honeycomb_3_4in_cordless_single_and_1_1_4in_single_pg2,GRID MAPPED; CONFIGURATION/PORTAL VERIFICATION PENDING
Designer Fabric (LF) (Ashton),C9402K,Dark Champagne,"3/4"" Single Cell",honeycomb_3_4in_cordless_single_and_1_1_4in_single_pg2,GRID MAPPED; CONFIGURATION/PORTAL VERIFICATION PENDING
Designer Fabric (LF) (Ashton),C9402K,Dark Champagne,"1 1/4"" Single Cell",honeycomb_3_4in_cordless_single_and_1_1_4in_single_pg2,GRID MAPPED; CONFIGURATION/PORTAL VERIFICATION PENDING
Designer Fabric (LF) (Ashton),C9101K,Moonlight,"3/4"" Single Cell",honeycomb_3_4in_cordless_single_and_1_1_4in_single_pg2,GRID MAPPED; CONFIGURATION/PORTAL VERIFICATION PENDING
Designer Fabric (LF) (Ashton),C9101K,Moonlight,"1 1/4"" Single Cell",honeycomb_3_4in_cordless_single_and_1_1_4in_single_pg2,GRID MAPPED; CONFIGURATION/PORTAL VERIFICATION PENDING
Designer Fabric (RD) (Ashton),C0001T,Eggshell White RD,"3/4"" Single Cell",honeycomb_3_4in_cordless_single_and_1_1_4in_single_pg2,GRID MAPPED; CONFIGURATION/PORTAL VERIFICATION PENDING
Designer Fabric (RD) (Ashton),C0001T,Eggshell White RD,"1 1/4"" Single Cell",honeycomb_3_4in_cordless_single_and_1_1_4in_single_pg2,GRID MAPPED; CONFIGURATION/PORTAL VERIFICATION PENDING
Designer Fabric (RD) (Ashton),C0002T,Ballet White RD,"3/4"" Single Cell",honeycomb_3_4in_cordless_single_and_1_1_4in_single_pg2,GRID MAPPED; CONFIGURATION/PORTAL VERIFICATION PENDING
Designer Fabric (RD) (Ashton),C0002T,Ballet White RD,"1 1/4"" Single Cell",honeycomb_3_4in_cordless_single_and_1_1_4in_single_pg2,GRID MAPPED; CONFIGURATION/PORTAL VERIFICATION PENDING
Designer Fabric (RD) (Ashton),C0701T,Country Sky RD,"3/4"" Single Cell",honeycomb_3_4in_cordless_single_and_1_1_4in_single_pg2,GRID MAPPED; CONFIGURATION/PORTAL VERIFICATION PENDING
Designer Fabric (RD) (Ashton),C0701T,Country Sky RD,"1 1/4"" Single Cell",honeycomb_3_4in_cordless_single_and_1_1_4in_single_pg2,GRID MAPPED; CONFIGURATION/PORTAL VERIFICATION PENDING
Designer Fabric (RD) (Ashton),C0401T,Toasted Pecan RD,"3/4"" Single Cell",honeycomb_3_4in_cordless_single_and_1_1_4in_single_pg2,GRID MAPPED; CONFIGURATION/PORTAL VERIFICATION PENDING
Designer Fabric (RD) (Ashton),C0401T,Toasted Pecan RD,"1 1/4"" Single Cell",honeycomb_3_4in_cordless_single_and_1_1_4in_single_pg2,GRID MAPPED; CONFIGURATION/PORTAL VERIFICATION PENDING
Designer Fabric (RD) (Ashton),C0301T,Dreamy White RD,"3/4"" Single Cell",honeycomb_3_4in_cordless_single_and_1_1_4in_single_pg2,GRID MAPPED; CONFIGURATION/PORTAL VERIFICATION PENDING
Designer Fabric (RD) (Ashton),C0301T,Dreamy White RD,"1 1/4"" Single Cell",honeycomb_3_4in_cordless_single_and_1_1_4in_single_pg2,GRID MAPPED; CONFIGURATION/PORTAL VERIFICATION PENDING
Designer Fabric (RD) (Ashton),C0402T,Dark Champagne RD,"3/4"" Single Cell",honeycomb_3_4in_cordless_single_and_1_1_4in_single_pg2,GRID MAPPED; CONFIGURATION/PORTAL VERIFICATION PENDING
Designer Fabric (RD) (Ashton),C0402T,Dark Champagne RD,"1 1/4"" Single Cell",honeycomb_3_4in_cordless_single_and_1_1_4in_single_pg2,GRID MAPPED; CONFIGURATION/PORTAL VERIFICATION PENDING
Designer Fabric (RD) (Ashton),C0101T,Moonlight RD,"3/4"" Single Cell",honeycomb_3_4in_cordless_single_and_1_1_4in_single_pg2,GRID MAPPED; CONFIGURATION/PORTAL VERIFICATION PENDING
Designer Fabric (RD) (Ashton),C0101T,Moonlight RD,"1 1/4"" Single Cell",honeycomb_3_4in_cordless_single_and_1_1_4in_single_pg2,GRID MAPPED; CONFIGURATION/PORTAL VERIFICATION PENDING
Breeze AB0658,F1299,Almond Milk,"3/4"" Single Cell",honeycomb_3_4in_cordless_single_and_1_1_4in_single_pg2,GRID MAPPED; CONFIGURATION/PORTAL VERIFICATION PENDING
Breeze AB0658,F1299,Almond Milk,"1 1/4"" Single Cell",honeycomb_3_4in_cordless_single_and_1_1_4in_single_pg2,GRID MAPPED; CONFIGURATION/PORTAL VERIFICATION PENDING
Breeze AB0658,F1300,Flax,"3/4"" Single Cell",honeycomb_3_4in_cordless_single_and_1_1_4in_single_pg2,GRID MAPPED; CONFIGURATION/PORTAL VERIFICATION PENDING
Breeze AB0658,F1300,Flax,"1 1/4"" Single Cell",honeycomb_3_4in_cordless_single_and_1_1_4in_single_pg2,GRID MAPPED; CONFIGURATION/PORTAL VERIFICATION PENDING
Breeze AB0658,F1301,Sand,"3/4"" Single Cell",honeycomb_3_4in_cordless_single_and_1_1_4in_single_pg2,GRID MAPPED; CONFIGURATION/PORTAL VERIFICATION PENDING
Breeze AB0658,F1301,Sand,"1 1/4"" Single Cell",honeycomb_3_4in_cordless_single_and_1_1_4in_single_pg2,GRID MAPPED; CONFIGURATION/PORTAL VERIFICATION PENDING
Breeze AB0658,F1302,Khaki,"3/4"" Single Cell",honeycomb_3_4in_cordless_single_and_1_1_4in_single_pg2,GRID MAPPED; CONFIGURATION/PORTAL VERIFICATION PENDING
Breeze AB0658,F1302,Khaki,"1 1/4"" Single Cell",honeycomb_3_4in_cordless_single_and_1_1_4in_single_pg2,GRID MAPPED; CONFIGURATION/PORTAL VERIFICATION PENDING
Breeze AB0658,F1303,Dune,"3/4"" Single Cell",honeycomb_3_4in_cordless_single_and_1_1_4in_single_pg2,GRID MAPPED; CONFIGURATION/PORTAL VERIFICATION PENDING
Breeze AB0658,F1303,Dune,"1 1/4"" Single Cell",honeycomb_3_4in_cordless_single_and_1_1_4in_single_pg2,GRID MAPPED; CONFIGURATION/PORTAL VERIFICATION PENDING
Windsong AB0632,F0908,Linen Weave,"3/4"" Single Cell",honeycomb_3_4in_cordless_single_and_1_1_4in_single_pg1,GRID MAPPED; CONFIGURATION/PORTAL VERIFICATION PENDING
Windsong AB0632,F0908,Linen Weave,"1 1/4"" Single Cell",honeycomb_3_4in_cordless_single_and_1_1_4in_single_pg1,GRID MAPPED; CONFIGURATION/PORTAL VERIFICATION PENDING
Windsong AB0632,F1531,Dawn,"3/4"" Single Cell",honeycomb_3_4in_cordless_single_and_1_1_4in_single_pg1,GRID MAPPED; CONFIGURATION/PORTAL VERIFICATION PENDING
Windsong AB0632,F1531,Dawn,"1 1/4"" Single Cell",honeycomb_3_4in_cordless_single_and_1_1_4in_single_pg1,GRID MAPPED; CONFIGURATION/PORTAL VERIFICATION PENDING
Windsong AB0632,F1283,Coffee,"3/4"" Single Cell",honeycomb_3_4in_cordless_single_and_1_1_4in_single_pg1,GRID MAPPED; CONFIGURATION/PORTAL VERIFICATION PENDING
Windsong AB0632,F1283,Coffee,"1 1/4"" Single Cell",honeycomb_3_4in_cordless_single_and_1_1_4in_single_pg1,GRID MAPPED; CONFIGURATION/PORTAL VERIFICATION PENDING
Windsong AB0632,F1284,Burnt Ember,"3/4"" Single Cell",honeycomb_3_4in_cordless_single_and_1_1_4in_single_pg1,GRID MAPPED; CONFIGURATION/PORTAL VERIFICATION PENDING
Windsong AB0632,F1284,Burnt Ember,"1 1/4"" Single Cell",honeycomb_3_4in_cordless_single_and_1_1_4in_single_pg1,GRID MAPPED; CONFIGURATION/PORTAL VERIFICATION PENDING
Windsong AB0632,F1285,Black Magic,"3/4"" Single Cell",honeycomb_3_4in_cordless_single_and_1_1_4in_single_pg1,GRID MAPPED; CONFIGURATION/PORTAL VERIFICATION PENDING
Windsong AB0632,F1285,Black Magic,"1 1/4"" Single Cell",honeycomb_3_4in_cordless_single_and_1_1_4in_single_pg1,GRID MAPPED; CONFIGURATION/PORTAL VERIFICATION PENDING
Windsong AB0632,F1526,Cotton,"3/4"" Single Cell",honeycomb_3_4in_cordless_single_and_1_1_4in_single_pg1,GRID MAPPED; CONFIGURATION/PORTAL VERIFICATION PENDING
Windsong AB0632,F1526,Cotton,"1 1/4"" Single Cell",honeycomb_3_4in_cordless_single_and_1_1_4in_single_pg1,GRID MAPPED; CONFIGURATION/PORTAL VERIFICATION PENDING
Windsong AB0632,F1527,Toasted Wheat,"3/4"" Single Cell",honeycomb_3_4in_cordless_single_and_1_1_4in_single_pg1,GRID MAPPED; CONFIGURATION/PORTAL VERIFICATION PENDING
Windsong AB0632,F1527,Toasted Wheat,"1 1/4"" Single Cell",honeycomb_3_4in_cordless_single_and_1_1_4in_single_pg1,GRID MAPPED; CONFIGURATION/PORTAL VERIFICATION PENDING
Windsong AB0632,F1528,Glazed Pecan,"3/4"" Single Cell",honeycomb_3_4in_cordless_single_and_1_1_4in_single_pg1,GRID MAPPED; CONFIGURATION/PORTAL VERIFICATION PENDING
Windsong AB0632,F1528,Glazed Pecan,"1 1/4"" Single Cell",honeycomb_3_4in_cordless_single_and_1_1_4in_single_pg1,GRID MAPPED; CONFIGURATION/PORTAL VERIFICATION PENDING
Solus,C7012,White Lace,"3/4"" Single Cell",honeycomb_3_8in_cordless_single_and_3_4in_single,GRID MAPPED; CONFIGURATION/PORTAL VERIFICATION PENDING
Solus,C7012,White Lace,"1 1/4"" Single Cell",honeycomb_3_4in_cordless_double_and_1_1_4in_single,GRID MAPPED; CONFIGURATION/PORTAL VERIFICATION PENDING
Solus,C7010,Modern White,"3/4"" Single Cell",honeycomb_3_8in_cordless_single_and_3_4in_single,GRID MAPPED; CONFIGURATION/PORTAL VERIFICATION PENDING
Solus,C7010,Modern White,"1 1/4"" Single Cell",honeycomb_3_4in_cordless_double_and_1_1_4in_single,GRID MAPPED; CONFIGURATION/PORTAL VERIFICATION PENDING
Solus,C7514,Sweet Cream,"3/4"" Single Cell",honeycomb_3_8in_cordless_single_and_3_4in_single,GRID MAPPED; CONFIGURATION/PORTAL VERIFICATION PENDING
Solus,C7514,Sweet Cream,"1 1/4"" Single Cell",honeycomb_3_4in_cordless_double_and_1_1_4in_single,GRID MAPPED; CONFIGURATION/PORTAL VERIFICATION PENDING
Solus,C7011,Pearl Sand,"3/4"" Single Cell",honeycomb_3_8in_cordless_single_and_3_4in_single,GRID MAPPED; CONFIGURATION/PORTAL VERIFICATION PENDING
Solus,C7011,Pearl Sand,"1 1/4"" Single Cell",honeycomb_3_4in_cordless_double_and_1_1_4in_single,GRID MAPPED; CONFIGURATION/PORTAL VERIFICATION PENDING
Solus,C7615,Serene,"3/4"" Single Cell",honeycomb_3_8in_cordless_single_and_3_4in_single,GRID MAPPED; CONFIGURATION/PORTAL VERIFICATION PENDING
Solus,C7615,Serene,"1 1/4"" Single Cell",honeycomb_3_4in_cordless_double_and_1_1_4in_single,GRID MAPPED; CONFIGURATION/PORTAL VERIFICATION PENDING
Solus,C7804,Dusty Lilac,"3/4"" Single Cell",honeycomb_3_8in_cordless_single_and_3_4in_single,GRID MAPPED; CONFIGURATION/PORTAL VERIFICATION PENDING
Solus,C7804,Dusty Lilac,"1 1/4"" Single Cell",honeycomb_3_4in_cordless_double_and_1_1_4in_single,GRID MAPPED; CONFIGURATION/PORTAL VERIFICATION PENDING
Solus,C7419,Modern Tan,"3/4"" Single Cell",honeycomb_3_8in_cordless_single_and_3_4in_single,GRID MAPPED; CONFIGURATION/PORTAL VERIFICATION PENDING
Solus,C7419,Modern Tan,"1 1/4"" Single Cell",honeycomb_3_4in_cordless_double_and_1_1_4in_single,GRID MAPPED; CONFIGURATION/PORTAL VERIFICATION PENDING
Solus,C7122,Steel,"3/4"" Single Cell",honeycomb_3_8in_cordless_single_and_3_4in_single,GRID MAPPED; CONFIGURATION/PORTAL VERIFICATION PENDING
Solus,C7122,Steel,"1 1/4"" Single Cell",honeycomb_3_4in_cordless_double_and_1_1_4in_single,GRID MAPPED; CONFIGURATION/PORTAL VERIFICATION PENDING
Solus,C7123,Dim Gray,"3/4"" Single Cell",honeycomb_3_8in_cordless_single_and_3_4in_single,GRID MAPPED; CONFIGURATION/PORTAL VERIFICATION PENDING
Solus,C7123,Dim Gray,"1 1/4"" Single Cell",honeycomb_3_4in_cordless_double_and_1_1_4in_single,GRID MAPPED; CONFIGURATION/PORTAL VERIFICATION PENDING
Solus,C7203,Midnight,"3/4"" Single Cell",honeycomb_3_8in_cordless_single_and_3_4in_single,GRID MAPPED; CONFIGURATION/PORTAL VERIFICATION PENDING
Solus,C7203,Midnight,"1 1/4"" Single Cell",honeycomb_3_4in_cordless_double_and_1_1_4in_single,GRID MAPPED; CONFIGURATION/PORTAL VERIFICATION PENDING
Solus,C7712,Denim,"3/4"" Single Cell",honeycomb_3_8in_cordless_single_and_3_4in_single,GRID MAPPED; CONFIGURATION/PORTAL VERIFICATION PENDING
Solus,C7712,Denim,"1 1/4"" Single Cell",honeycomb_3_4in_cordless_double_and_1_1_4in_single,GRID MAPPED; CONFIGURATION/PORTAL VERIFICATION PENDING
Solus,C7204,Warm Black,"3/4"" Single Cell",honeycomb_3_8in_cordless_single_and_3_4in_single,GRID MAPPED; CONFIGURATION/PORTAL VERIFICATION PENDING
Solus,C7204,Warm Black,"1 1/4"" Single Cell",honeycomb_3_4in_cordless_double_and_1_1_4in_single,GRID MAPPED; CONFIGURATION/PORTAL VERIFICATION PENDING
