product,field,field_label,choice_value,choice_label,source_pages,effective_date,status,exception
citylights_aluminum,mount_type,Mount,inside,Inside mount,,,UNRESOLVED EXCEPTION,"Choice inventoried from exported detail fields. Source, conditional visibility, authoritative validation, and production persistence are not individually certified."
citylights_aluminum,mount_type,Mount,outside,Outside mount,,,UNRESOLVED EXCEPTION,"Choice inventoried from exported detail fields. Source, conditional visibility, authoritative validation, and production persistence are not individually certified."
citylights_aluminum,mount_type,Mount,ceiling,Ceiling mount,,,UNRESOLVED EXCEPTION,"Choice inventoried from exported detail fields. Source, conditional visibility, authoritative validation, and production persistence are not individually certified."
citylights_aluminum,mount_type,Mount,side,Side mount,,,UNRESOLVED EXCEPTION,"Choice inventoried from exported detail fields. Source, conditional visibility, authoritative validation, and production persistence are not individually certified."
citylights_aluminum,slat_size,Slat size,1,1 in,,,UNRESOLVED EXCEPTION,"Choice inventoried from exported detail fields. Source, conditional visibility, authoritative validation, and production persistence are not individually certified."
citylights_aluminum,slat_size,Slat size,2,2 in,,,UNRESOLVED EXCEPTION,"Choice inventoried from exported detail fields. Source, conditional visibility, authoritative validation, and production persistence are not individually certified."
citylights_aluminum,slat_finish,Slat finish,standard,Standard,,,UNRESOLVED EXCEPTION,"Choice inventoried from exported detail fields. Source, conditional visibility, authoritative validation, and production persistence are not individually certified."
citylights_aluminum,slat_finish,Slat finish,metallic,Metallic,,,UNRESOLVED EXCEPTION,"Choice inventoried from exported detail fields. Source, conditional visibility, authoritative validation, and production persistence are not individually certified."
citylights_aluminum,slat_finish,Slat finish,matte,Matte,,,UNRESOLVED EXCEPTION,"Choice inventoried from exported detail fields. Source, conditional visibility, authoritative validation, and production persistence are not individually certified."
citylights_aluminum,slat_finish,Slat finish,perforated,Perforated,,,UNRESOLVED EXCEPTION,"Choice inventoried from exported detail fields. Source, conditional visibility, authoritative validation, and production persistence are not individually certified."
citylights_aluminum,control_side,Control side,left,Left,,,UNRESOLVED EXCEPTION,"Choice inventoried from exported detail fields. Source, conditional visibility, authoritative validation, and production persistence are not individually certified."
citylights_aluminum,control_side,Control side,right,Right,,,UNRESOLVED EXCEPTION,"Choice inventoried from exported detail fields. Source, conditional visibility, authoritative validation, and production persistence are not individually certified."
citylights_aluminum,control_side,Control side,center,Center,,,UNRESOLVED EXCEPTION,"Choice inventoried from exported detail fields. Source, conditional visibility, authoritative validation, and production persistence are not individually certified."
citylights_aluminum,control_side,Control side,na,N/A,,,UNRESOLVED EXCEPTION,"Choice inventoried from exported detail fields. Source, conditional visibility, authoritative validation, and production persistence are not individually certified."
citylights_aluminum,lift_system,Lift / control,cordless,Cordless,,,UNRESOLVED EXCEPTION,"Choice inventoried from exported detail fields. Source, conditional visibility, authoritative validation, and production persistence are not individually certified."
citylights_aluminum,lift_system,Lift / control,continuous_cord_loop,Continuous cord loop,,,UNRESOLVED EXCEPTION,"Choice inventoried from exported detail fields. Source, conditional visibility, authoritative validation, and production persistence are not individually certified."
citylights_aluminum,lift_system,Lift / control,wand,Wand,,,UNRESOLVED EXCEPTION,"Choice inventoried from exported detail fields. Source, conditional visibility, authoritative validation, and production persistence are not individually certified."
citylights_aluminum,lift_system,Lift / control,motorized,Motorized,,,UNRESOLVED EXCEPTION,"Choice inventoried from exported detail fields. Source, conditional visibility, authoritative validation, and production persistence are not individually certified."
citylights_aluminum,lift_system,Lift / control,smartrelease,SmartRelease,,,UNRESOLVED EXCEPTION,"Choice inventoried from exported detail fields. Source, conditional visibility, authoritative validation, and production persistence are not individually certified."
faux_wood,mount_type,Mount,inside,Inside mount,,,UNRESOLVED EXCEPTION,"Choice inventoried from exported detail fields. Source, conditional visibility, authoritative validation, and production persistence are not individually certified."
faux_wood,mount_type,Mount,outside,Outside mount,,,UNRESOLVED EXCEPTION,"Choice inventoried from exported detail fields. Source, conditional visibility, authoritative validation, and production persistence are not individually certified."
faux_wood,mount_type,Mount,ceiling,Ceiling mount,,,UNRESOLVED EXCEPTION,"Choice inventoried from exported detail fields. Source, conditional visibility, authoritative validation, and production persistence are not individually certified."
faux_wood,mount_type,Mount,side,Side mount,,,UNRESOLVED EXCEPTION,"Choice inventoried from exported detail fields. Source, conditional visibility, authoritative validation, and production persistence are not individually certified."
faux_wood,slat_size,Slat size,2,2 in,,,UNRESOLVED EXCEPTION,"Choice inventoried from exported detail fields. Source, conditional visibility, authoritative validation, and production persistence are not individually certified."
faux_wood,slat_size,Slat size,2_1_2,2 1/2 in,,,UNRESOLVED EXCEPTION,"Choice inventoried from exported detail fields. Source, conditional visibility, authoritative validation, and production persistence are not individually certified."
faux_wood,color,Color,white,White,,,UNRESOLVED EXCEPTION,"Choice inventoried from exported detail fields. Source, conditional visibility, authoritative validation, and production persistence are not individually certified."
faux_wood,color,Color,printed,Printed color,,,UNRESOLVED EXCEPTION,"Choice inventoried from exported detail fields. Source, conditional visibility, authoritative validation, and production persistence are not individually certified."
faux_wood,color,Color,stained,Stained look,,,UNRESOLVED EXCEPTION,"Choice inventoried from exported detail fields. Source, conditional visibility, authoritative validation, and production persistence are not individually certified."
faux_wood,valance,Valance,none,None,,,UNRESOLVED EXCEPTION,"Choice inventoried from exported detail fields. Source, conditional visibility, authoritative validation, and production persistence are not individually certified."
faux_wood,valance,Valance,designer_crown,Designer Crown Valance*,,,UNRESOLVED EXCEPTION,"Choice inventoried from exported detail fields. Source, conditional visibility, authoritative validation, and production persistence are not individually certified."
faux_wood,valance,Valance,modern_curved,Modern Curved Valance*,,,UNRESOLVED EXCEPTION,"Choice inventoried from exported detail fields. Source, conditional visibility, authoritative validation, and production persistence are not individually certified."
faux_wood,cut_out_sides,Cut-out,none,None,,,UNRESOLVED EXCEPTION,"Choice inventoried from exported detail fields. Source, conditional visibility, authoritative validation, and production persistence are not individually certified."
faux_wood,cut_out_sides,Cut-out,one,One side,,,UNRESOLVED EXCEPTION,"Choice inventoried from exported detail fields. Source, conditional visibility, authoritative validation, and production persistence are not individually certified."
faux_wood,cut_out_sides,Cut-out,two,Two sides,,,UNRESOLVED EXCEPTION,"Choice inventoried from exported detail fields. Source, conditional visibility, authoritative validation, and production persistence are not individually certified."
faux_wood,control_side,Control side,left,Left,,,UNRESOLVED EXCEPTION,"Choice inventoried from exported detail fields. Source, conditional visibility, authoritative validation, and production persistence are not individually certified."
faux_wood,control_side,Control side,right,Right,,,UNRESOLVED EXCEPTION,"Choice inventoried from exported detail fields. Source, conditional visibility, authoritative validation, and production persistence are not individually certified."
faux_wood,control_side,Control side,center,Center,,,UNRESOLVED EXCEPTION,"Choice inventoried from exported detail fields. Source, conditional visibility, authoritative validation, and production persistence are not individually certified."
faux_wood,control_side,Control side,na,N/A,,,UNRESOLVED EXCEPTION,"Choice inventoried from exported detail fields. Source, conditional visibility, authoritative validation, and production persistence are not individually certified."
faux_wood,lift_system,Lift / control,cordless,Cordless,,,UNRESOLVED EXCEPTION,"Choice inventoried from exported detail fields. Source, conditional visibility, authoritative validation, and production persistence are not individually certified."
faux_wood,lift_system,Lift / control,continuous_cord_loop,Continuous cord loop,,,UNRESOLVED EXCEPTION,"Choice inventoried from exported detail fields. Source, conditional visibility, authoritative validation, and production persistence are not individually certified."
faux_wood,lift_system,Lift / control,wand,Wand,,,UNRESOLVED EXCEPTION,"Choice inventoried from exported detail fields. Source, conditional visibility, authoritative validation, and production persistence are not individually certified."
faux_wood,lift_system,Lift / control,motorized,Motorized,,,UNRESOLVED EXCEPTION,"Choice inventoried from exported detail fields. Source, conditional visibility, authoritative validation, and production persistence are not individually certified."
faux_wood,lift_system,Lift / control,smartrelease,SmartRelease,,,UNRESOLVED EXCEPTION,"Choice inventoried from exported detail fields. Source, conditional visibility, authoritative validation, and production persistence are not individually certified."
honeycomb,mount_type,Mount,inside,Inside mount,,,UNRESOLVED EXCEPTION,"Choice inventoried from exported detail fields. Source, conditional visibility, authoritative validation, and production persistence are not individually certified."
honeycomb,mount_type,Mount,outside,Outside mount,,,UNRESOLVED EXCEPTION,"Choice inventoried from exported detail fields. Source, conditional visibility, authoritative validation, and production persistence are not individually certified."
honeycomb,mount_type,Mount,ceiling,Ceiling mount,,,UNRESOLVED EXCEPTION,"Choice inventoried from exported detail fields. Source, conditional visibility, authoritative validation, and production persistence are not individually certified."
honeycomb,mount_type,Mount,side,Side mount,,,UNRESOLVED EXCEPTION,"Choice inventoried from exported detail fields. Source, conditional visibility, authoritative validation, and production persistence are not individually certified."
honeycomb,control_side,Control side,left,Left,,,UNRESOLVED EXCEPTION,"Choice inventoried from exported detail fields. Source, conditional visibility, authoritative validation, and production persistence are not individually certified."
honeycomb,control_side,Control side,right,Right,,,UNRESOLVED EXCEPTION,"Choice inventoried from exported detail fields. Source, conditional visibility, authoritative validation, and production persistence are not individually certified."
honeycomb,control_side,Control side,center,Center,,,UNRESOLVED EXCEPTION,"Choice inventoried from exported detail fields. Source, conditional visibility, authoritative validation, and production persistence are not individually certified."
honeycomb,control_side,Control side,na,N/A,,,UNRESOLVED EXCEPTION,"Choice inventoried from exported detail fields. Source, conditional visibility, authoritative validation, and production persistence are not individually certified."
honeycomb,lift_system,Lift / control,cordless,Cordless,,,UNRESOLVED EXCEPTION,"Choice inventoried from exported detail fields. Source, conditional visibility, authoritative validation, and production persistence are not individually certified."
honeycomb,lift_system,Lift / control,continuous_cord_loop,Continuous Cord Loop*,,,UNRESOLVED EXCEPTION,"Choice inventoried from exported detail fields. Source, conditional visibility, authoritative validation, and production persistence are not individually certified."
honeycomb,lift_system,Lift / control,smartrelease,SmartRelease*,,,UNRESOLVED EXCEPTION,"Choice inventoried from exported detail fields. Source, conditional visibility, authoritative validation, and production persistence are not individually certified."
honeycomb,lift_system,Lift / control,tdbu_td,TDBU / TD*,,,UNRESOLVED EXCEPTION,"Choice inventoried from exported detail fields. Source, conditional visibility, authoritative validation, and production persistence are not individually certified."
honeycomb,lift_system,Lift / control,smartfit,SmartFit*,,,UNRESOLVED EXCEPTION,"Choice inventoried from exported detail fields. Source, conditional visibility, authoritative validation, and production persistence are not individually certified."
honeycomb,lift_system,Lift / control,smartfit_with_frame,SmartFit with Frame*,,,UNRESOLVED EXCEPTION,"Choice inventoried from exported detail fields. Source, conditional visibility, authoritative validation, and production persistence are not individually certified."
honeycomb,lift_system,Lift / control,smartfit_dual_shade,SmartFit Dual Shade*,,,UNRESOLVED EXCEPTION,"Choice inventoried from exported detail fields. Source, conditional visibility, authoritative validation, and production persistence are not individually certified."
honeycomb,lift_system,Lift / control,smartfit_dual_shade_with_frame,SmartFit Dual Shade with Frame*,,,UNRESOLVED EXCEPTION,"Choice inventoried from exported detail fields. Source, conditional visibility, authoritative validation, and production persistence are not individually certified."
honeycomb,lift_system,Lift / control,motorized,Motorized,,,UNRESOLVED EXCEPTION,"Choice inventoried from exported detail fields. Source, conditional visibility, authoritative validation, and production persistence are not individually certified."
honeycomb,light_control,Light control,light_filtering,Light filtering,,,UNRESOLVED EXCEPTION,"Choice inventoried from exported detail fields. Source, conditional visibility, authoritative validation, and production persistence are not individually certified."
honeycomb,light_control,Light control,room_darkening,Room darkening,,,UNRESOLVED EXCEPTION,"Choice inventoried from exported detail fields. Source, conditional visibility, authoritative validation, and production persistence are not individually certified."
honeycomb,light_control,Light control,day_night,Day / night,,,UNRESOLVED EXCEPTION,"Choice inventoried from exported detail fields. Source, conditional visibility, authoritative validation, and production persistence are not individually certified."
honeycomb,cell_size,Cell size,3_8,3/8 in,,,UNRESOLVED EXCEPTION,"Choice inventoried from exported detail fields. Source, conditional visibility, authoritative validation, and production persistence are not individually certified."
honeycomb,cell_size,Cell size,1_2,1/2 in double,,,UNRESOLVED EXCEPTION,"Choice inventoried from exported detail fields. Source, conditional visibility, authoritative validation, and production persistence are not individually certified."
honeycomb,cell_size,Cell size,9_16,9/16 in,,,UNRESOLVED EXCEPTION,"Choice inventoried from exported detail fields. Source, conditional visibility, authoritative validation, and production persistence are not individually certified."
honeycomb,cell_size,Cell size,3_4,3/4 in,,,UNRESOLVED EXCEPTION,"Choice inventoried from exported detail fields. Source, conditional visibility, authoritative validation, and production persistence are not individually certified."
honeycomb,cell_size,Cell size,1_1_4,1 1/4 in single,,,UNRESOLVED EXCEPTION,"Choice inventoried from exported detail fields. Source, conditional visibility, authoritative validation, and production persistence are not individually certified."
palladian_shelf,mount_type,Mount,Inside Mount,Inside mount,,,UNRESOLVED EXCEPTION,"Choice inventoried from exported detail fields. Source, conditional visibility, authoritative validation, and production persistence are not individually certified."
palladian_shelf,shelf_measurement_basis,Shelf measurements,Default,Opening measurements (factory deductions),,,UNRESOLVED EXCEPTION,"Choice inventoried from exported detail fields. Source, conditional visibility, authoritative validation, and production persistence are not individually certified."
palladian_shelf,shelf_measurement_basis,Shelf measurements,Custom,Custom finished measurements,,,UNRESOLVED EXCEPTION,"Choice inventoried from exported detail fields. Source, conditional visibility, authoritative validation, and production persistence are not individually certified."
palladian_shelf,accompanying_product_id,Accompanying product,none,Shelf ordered separately,,,UNRESOLVED EXCEPTION,"Choice inventoried from exported detail fields. Source, conditional visibility, authoritative validation, and production persistence are not individually certified."
palladian_shelf,accompanying_product_id,Accompanying product,honeycomb,Portrait Honeycomb Shades,,,UNRESOLVED EXCEPTION,"Choice inventoried from exported detail fields. Source, conditional visibility, authoritative validation, and production persistence are not individually certified."
palladian_shelf,accompanying_product_id,Accompanying product,roller,Soluna Roller Shades,,,UNRESOLVED EXCEPTION,"Choice inventoried from exported detail fields. Source, conditional visibility, authoritative validation, and production persistence are not individually certified."
palladian_shelf,accompanying_product_id,Accompanying product,roman,Centerpiece Roman Shades,,,UNRESOLVED EXCEPTION,"Choice inventoried from exported detail fields. Source, conditional visibility, authoritative validation, and production persistence are not individually certified."
palladian_shelf,accompanying_product_id,Accompanying product,smartfold,SmartFold Shades,,,UNRESOLVED EXCEPTION,"Choice inventoried from exported detail fields. Source, conditional visibility, authoritative validation, and production persistence are not individually certified."
palladian_shelf,accompanying_product_id,Accompanying product,perfectsheer,PerfectSheer Shades,,,UNRESOLVED EXCEPTION,"Choice inventoried from exported detail fields. Source, conditional visibility, authoritative validation, and production persistence are not individually certified."
palladian_shelf,accompanying_product_id,Accompanying product,citylights_aluminum,CityLights Cordless Aluminum Blinds,,,UNRESOLVED EXCEPTION,"Choice inventoried from exported detail fields. Source, conditional visibility, authoritative validation, and production persistence are not individually certified."
palladian_shelf,accompanying_product_id,Accompanying product,wood_blinds,Ultimate Normandy Cordless Wood Blinds,,,UNRESOLVED EXCEPTION,"Choice inventoried from exported detail fields. Source, conditional visibility, authoritative validation, and production persistence are not individually certified."
palladian_shelf,color,Shelf color,Pure White,Pure White,,,UNRESOLVED EXCEPTION,"Choice inventoried from exported detail fields. Source, conditional visibility, authoritative validation, and production persistence are not individually certified."
palladian_shelf,color,Shelf color,Extra White,Extra White,,,UNRESOLVED EXCEPTION,"Choice inventoried from exported detail fields. Source, conditional visibility, authoritative validation, and production persistence are not individually certified."
palladian_shelf,color,Shelf color,Silk White,Silk White,,,UNRESOLVED EXCEPTION,"Choice inventoried from exported detail fields. Source, conditional visibility, authoritative validation, and production persistence are not individually certified."
palladian_shelf,color,Shelf color,Bright White,Bright White,,,UNRESOLVED EXCEPTION,"Choice inventoried from exported detail fields. Source, conditional visibility, authoritative validation, and production persistence are not individually certified."
palladian_shelf,color,Shelf color,Pearl,Pearl,,,UNRESOLVED EXCEPTION,"Choice inventoried from exported detail fields. Source, conditional visibility, authoritative validation, and production persistence are not individually certified."
palladian_shelf,color,Shelf color,Ivory Lace,Ivory Lace,,,UNRESOLVED EXCEPTION,"Choice inventoried from exported detail fields. Source, conditional visibility, authoritative validation, and production persistence are not individually certified."
palladian_shelf,color,Shelf color,Creamy,Creamy,,,UNRESOLVED EXCEPTION,"Choice inventoried from exported detail fields. Source, conditional visibility, authoritative validation, and production persistence are not individually certified."
palladian_shelf,color,Shelf color,Crisp Linen,Crisp Linen,,,UNRESOLVED EXCEPTION,"Choice inventoried from exported detail fields. Source, conditional visibility, authoritative validation, and production persistence are not individually certified."
palladian_shelf,color,Shelf color,Bisque,Bisque,,,UNRESOLVED EXCEPTION,"Choice inventoried from exported detail fields. Source, conditional visibility, authoritative validation, and production persistence are not individually certified."
palladian_shelf,color,Shelf color,Gray Black,Gray Black,,,UNRESOLVED EXCEPTION,"Choice inventoried from exported detail fields. Source, conditional visibility, authoritative validation, and production persistence are not individually certified."
palladian_shelf,color,Shelf color,String,String,,,UNRESOLVED EXCEPTION,"Choice inventoried from exported detail fields. Source, conditional visibility, authoritative validation, and production persistence are not individually certified."
palladian_shelf,color,Shelf color,Sea Mist,Sea Mist,,,UNRESOLVED EXCEPTION,"Choice inventoried from exported detail fields. Source, conditional visibility, authoritative validation, and production persistence are not individually certified."
palladian_shelf,color,Shelf color,Ice,Ice,,,UNRESOLVED EXCEPTION,"Choice inventoried from exported detail fields. Source, conditional visibility, authoritative validation, and production persistence are not individually certified."
palladian_shelf,color,Shelf color,Clay,Clay,,,UNRESOLVED EXCEPTION,"Choice inventoried from exported detail fields. Source, conditional visibility, authoritative validation, and production persistence are not individually certified."
palladian_shelf,color,Shelf color,Decorator's White,Decorator's White,,,UNRESOLVED EXCEPTION,"Choice inventoried from exported detail fields. Source, conditional visibility, authoritative validation, and production persistence are not individually certified."
palladian_shelf,color,Shelf color,Winchester White 2010,Winchester White 2010,,,UNRESOLVED EXCEPTION,"Choice inventoried from exported detail fields. Source, conditional visibility, authoritative validation, and production persistence are not individually certified."
palladian_shelf,color,Shelf color,Aura White,Aura White,,,UNRESOLVED EXCEPTION,"Choice inventoried from exported detail fields. Source, conditional visibility, authoritative validation, and production persistence are not individually certified."
palladian_shelf,color,Shelf color,Taupe Gray,Taupe Gray,,,UNRESOLVED EXCEPTION,"Choice inventoried from exported detail fields. Source, conditional visibility, authoritative validation, and production persistence are not individually certified."
palladian_shelf,color,Shelf color,TS White,TS White,,,UNRESOLVED EXCEPTION,"Choice inventoried from exported detail fields. Source, conditional visibility, authoritative validation, and production persistence are not individually certified."
palladian_shelf,color,Shelf color,Rustic Gray,Rustic Gray,,,UNRESOLVED EXCEPTION,"Choice inventoried from exported detail fields. Source, conditional visibility, authoritative validation, and production persistence are not individually certified."
palladian_shelf,color,Shelf color,Limed White,Limed White,,,UNRESOLVED EXCEPTION,"Choice inventoried from exported detail fields. Source, conditional visibility, authoritative validation, and production persistence are not individually certified."
palladian_shelf,color,Shelf color,Natural,Natural,,,UNRESOLVED EXCEPTION,"Choice inventoried from exported detail fields. Source, conditional visibility, authoritative validation, and production persistence are not individually certified."
palladian_shelf,color,Shelf color,Golden Oak,Golden Oak,,,UNRESOLVED EXCEPTION,"Choice inventoried from exported detail fields. Source, conditional visibility, authoritative validation, and production persistence are not individually certified."
palladian_shelf,color,Shelf color,Goldenrod,Goldenrod,,,UNRESOLVED EXCEPTION,"Choice inventoried from exported detail fields. Source, conditional visibility, authoritative validation, and production persistence are not individually certified."
palladian_shelf,color,Shelf color,Black Walnut,Black Walnut,,,UNRESOLVED EXCEPTION,"Choice inventoried from exported detail fields. Source, conditional visibility, authoritative validation, and production persistence are not individually certified."
palladian_shelf,color,Shelf color,Red Oak,Red Oak,,,UNRESOLVED EXCEPTION,"Choice inventoried from exported detail fields. Source, conditional visibility, authoritative validation, and production persistence are not individually certified."
palladian_shelf,color,Shelf color,Rich Walnut,Rich Walnut,,,UNRESOLVED EXCEPTION,"Choice inventoried from exported detail fields. Source, conditional visibility, authoritative validation, and production persistence are not individually certified."
palladian_shelf,color,Shelf color,Old Teak,Old Teak,,,UNRESOLVED EXCEPTION,"Choice inventoried from exported detail fields. Source, conditional visibility, authoritative validation, and production persistence are not individually certified."
palladian_shelf,color,Shelf color,Wenge,Wenge,,,UNRESOLVED EXCEPTION,"Choice inventoried from exported detail fields. Source, conditional visibility, authoritative validation, and production persistence are not individually certified."
palladian_shelf,color,Shelf color,Auburn,Auburn,,,UNRESOLVED EXCEPTION,"Choice inventoried from exported detail fields. Source, conditional visibility, authoritative validation, and production persistence are not individually certified."
palladian_shelf,color,Shelf color,Matte Black,Matte Black,,,UNRESOLVED EXCEPTION,"Choice inventoried from exported detail fields. Source, conditional visibility, authoritative validation, and production persistence are not individually certified."
palladian_shelf,color,Shelf color,Pretzel,Pretzel,,,UNRESOLVED EXCEPTION,"Choice inventoried from exported detail fields. Source, conditional visibility, authoritative validation, and production persistence are not individually certified."
palladian_shelf,color,Shelf color,Sumatra,Sumatra,,,UNRESOLVED EXCEPTION,"Choice inventoried from exported detail fields. Source, conditional visibility, authoritative validation, and production persistence are not individually certified."
palladian_shelf,color,Shelf color,Toffee,Toffee,,,UNRESOLVED EXCEPTION,"Choice inventoried from exported detail fields. Source, conditional visibility, authoritative validation, and production persistence are not individually certified."
palladian_shelf,color,Shelf color,Driftwood,Driftwood,,,UNRESOLVED EXCEPTION,"Choice inventoried from exported detail fields. Source, conditional visibility, authoritative validation, and production persistence are not individually certified."
palladian_shelf,color,Shelf color,Silver Gray,Silver Gray,,,UNRESOLVED EXCEPTION,"Choice inventoried from exported detail fields. Source, conditional visibility, authoritative validation, and production persistence are not individually certified."
palladian_shelf,color,Shelf color,True White,True White,,,UNRESOLVED EXCEPTION,"Choice inventoried from exported detail fields. Source, conditional visibility, authoritative validation, and production persistence are not individually certified."
palladian_shelf,color,Shelf color,Chiffon,Chiffon,,,UNRESOLVED EXCEPTION,"Choice inventoried from exported detail fields. Source, conditional visibility, authoritative validation, and production persistence are not individually certified."
palladian_shelf,color,Shelf color,Natural Linen,Natural Linen,,,UNRESOLVED EXCEPTION,"Choice inventoried from exported detail fields. Source, conditional visibility, authoritative validation, and production persistence are not individually certified."
palladian_shelf,color,Shelf color,Chateau Brown,Chateau Brown,,,UNRESOLVED EXCEPTION,"Choice inventoried from exported detail fields. Source, conditional visibility, authoritative validation, and production persistence are not individually certified."
palladian_shelf,color,Shelf color,Classic Black,Classic Black,,,UNRESOLVED EXCEPTION,"Choice inventoried from exported detail fields. Source, conditional visibility, authoritative validation, and production persistence are not individually certified."
palladian_shelf,color,Shelf color,French Oak,French Oak,,,UNRESOLVED EXCEPTION,"Choice inventoried from exported detail fields. Source, conditional visibility, authoritative validation, and production persistence are not individually certified."
perfectsheer,mount_type,Mount,inside,Inside mount,,,UNRESOLVED EXCEPTION,"Choice inventoried from exported detail fields. Source, conditional visibility, authoritative validation, and production persistence are not individually certified."
perfectsheer,mount_type,Mount,outside,Outside mount,,,UNRESOLVED EXCEPTION,"Choice inventoried from exported detail fields. Source, conditional visibility, authoritative validation, and production persistence are not individually certified."
perfectsheer,mount_type,Mount,ceiling,Ceiling mount,,,UNRESOLVED EXCEPTION,"Choice inventoried from exported detail fields. Source, conditional visibility, authoritative validation, and production persistence are not individually certified."
perfectsheer,mount_type,Mount,side,Side mount,,,UNRESOLVED EXCEPTION,"Choice inventoried from exported detail fields. Source, conditional visibility, authoritative validation, and production persistence are not individually certified."
perfectsheer,control_side,Control side,left,Left,,,UNRESOLVED EXCEPTION,"Choice inventoried from exported detail fields. Source, conditional visibility, authoritative validation, and production persistence are not individually certified."
perfectsheer,control_side,Control side,right,Right,,,UNRESOLVED EXCEPTION,"Choice inventoried from exported detail fields. Source, conditional visibility, authoritative validation, and production persistence are not individually certified."
perfectsheer,control_side,Control side,center,Center,,,UNRESOLVED EXCEPTION,"Choice inventoried from exported detail fields. Source, conditional visibility, authoritative validation, and production persistence are not individually certified."
perfectsheer,control_side,Control side,na,N/A,,,UNRESOLVED EXCEPTION,"Choice inventoried from exported detail fields. Source, conditional visibility, authoritative validation, and production persistence are not individually certified."
perfectsheer,lift_system,Lift / control,cordless,Cordless,,,UNRESOLVED EXCEPTION,"Choice inventoried from exported detail fields. Source, conditional visibility, authoritative validation, and production persistence are not individually certified."
perfectsheer,lift_system,Lift / control,continuous_cord_loop,Continuous cord loop,,,UNRESOLVED EXCEPTION,"Choice inventoried from exported detail fields. Source, conditional visibility, authoritative validation, and production persistence are not individually certified."
perfectsheer,lift_system,Lift / control,wand,Wand,,,UNRESOLVED EXCEPTION,"Choice inventoried from exported detail fields. Source, conditional visibility, authoritative validation, and production persistence are not individually certified."
perfectsheer,lift_system,Lift / control,motorized,Motorized,,,UNRESOLVED EXCEPTION,"Choice inventoried from exported detail fields. Source, conditional visibility, authoritative validation, and production persistence are not individually certified."
perfectsheer,lift_system,Lift / control,smartrelease,SmartRelease,,,UNRESOLVED EXCEPTION,"Choice inventoried from exported detail fields. Source, conditional visibility, authoritative validation, and production persistence are not individually certified."
perfectsheer,light_control,Light control,light_filtering,Light filtering,,,UNRESOLVED EXCEPTION,"Choice inventoried from exported detail fields. Source, conditional visibility, authoritative validation, and production persistence are not individually certified."
perfectsheer,light_control,Light control,room_darkening,Room darkening,,,UNRESOLVED EXCEPTION,"Choice inventoried from exported detail fields. Source, conditional visibility, authoritative validation, and production persistence are not individually certified."
perfectsheer,valance,Valance,Curved Fascia with Fabric,Curved Fascia with Fabric,,,UNRESOLVED EXCEPTION,"Choice inventoried from exported detail fields. Source, conditional visibility, authoritative validation, and production persistence are not individually certified."
perfectsheer,valance,Valance,Fabric Valance,Fabric Valance,,,UNRESOLVED EXCEPTION,"Choice inventoried from exported detail fields. Source, conditional visibility, authoritative validation, and production persistence are not individually certified."
perfectsheer,valance,Valance,Modern Wood Valance,Modern Wood Valance,,,UNRESOLVED EXCEPTION,"Choice inventoried from exported detail fields. Source, conditional visibility, authoritative validation, and production persistence are not individually certified."
perfectsheer,perfectsheer_installation,Mounting method,Top Mount,Top Mount,,,UNRESOLVED EXCEPTION,"Choice inventoried from exported detail fields. Source, conditional visibility, authoritative validation, and production persistence are not individually certified."
perfectsheer,perfectsheer_installation,Mounting method,Back Mount,Back Mount,,,UNRESOLVED EXCEPTION,"Choice inventoried from exported detail fields. Source, conditional visibility, authoritative validation, and production persistence are not individually certified."
perfectsheer,perfectsheer_valance_height,Valance height,Default,Default,,,UNRESOLVED EXCEPTION,"Choice inventoried from exported detail fields. Source, conditional visibility, authoritative validation, and production persistence are not individually certified."
perfectsheer,perfectsheer_valance_height,Valance height,3.5,3.5,,,UNRESOLVED EXCEPTION,"Choice inventoried from exported detail fields. Source, conditional visibility, authoritative validation, and production persistence are not individually certified."
perfectsheer,perfectsheer_valance_height,Valance height,4.5,4.5,,,UNRESOLVED EXCEPTION,"Choice inventoried from exported detail fields. Source, conditional visibility, authoritative validation, and production persistence are not individually certified."
perfectsheer,perfectsheer_valance_fabric,Valance fabric override,Default,Default,,,UNRESOLVED EXCEPTION,"Choice inventoried from exported detail fields. Source, conditional visibility, authoritative validation, and production persistence are not individually certified."
perfectsheer,perfectsheer_valance_fabric,Valance fabric override,F1191,F1191,,,UNRESOLVED EXCEPTION,"Choice inventoried from exported detail fields. Source, conditional visibility, authoritative validation, and production persistence are not individually certified."
perfectsheer,perfectsheer_valance_fabric,Valance fabric override,F1192,F1192,,,UNRESOLVED EXCEPTION,"Choice inventoried from exported detail fields. Source, conditional visibility, authoritative validation, and production persistence are not individually certified."
perfectsheer,perfectsheer_valance_fabric,Valance fabric override,F1193,F1193,,,UNRESOLVED EXCEPTION,"Choice inventoried from exported detail fields. Source, conditional visibility, authoritative validation, and production persistence are not individually certified."
perfectsheer,perfectsheer_valance_fabric,Valance fabric override,F1178,F1178,,,UNRESOLVED EXCEPTION,"Choice inventoried from exported detail fields. Source, conditional visibility, authoritative validation, and production persistence are not individually certified."
perfectsheer,perfectsheer_valance_fabric,Valance fabric override,F1179,F1179,,,UNRESOLVED EXCEPTION,"Choice inventoried from exported detail fields. Source, conditional visibility, authoritative validation, and production persistence are not individually certified."
perfectsheer,perfectsheer_valance_fabric,Valance fabric override,F1180,F1180,,,UNRESOLVED EXCEPTION,"Choice inventoried from exported detail fields. Source, conditional visibility, authoritative validation, and production persistence are not individually certified."
perfectsheer,perfectsheer_valance_fabric,Valance fabric override,F1181,F1181,,,UNRESOLVED EXCEPTION,"Choice inventoried from exported detail fields. Source, conditional visibility, authoritative validation, and production persistence are not individually certified."
perfectsheer,perfectsheer_valance_fabric,Valance fabric override,F1182,F1182,,,UNRESOLVED EXCEPTION,"Choice inventoried from exported detail fields. Source, conditional visibility, authoritative validation, and production persistence are not individually certified."
perfectsheer,perfectsheer_valance_fabric,Valance fabric override,F1183,F1183,,,UNRESOLVED EXCEPTION,"Choice inventoried from exported detail fields. Source, conditional visibility, authoritative validation, and production persistence are not individually certified."
perfectsheer,perfectsheer_valance_fabric,Valance fabric override,F1184,F1184,,,UNRESOLVED EXCEPTION,"Choice inventoried from exported detail fields. Source, conditional visibility, authoritative validation, and production persistence are not individually certified."
perfectsheer,perfectsheer_valance_fabric,Valance fabric override,F1185,F1185,,,UNRESOLVED EXCEPTION,"Choice inventoried from exported detail fields. Source, conditional visibility, authoritative validation, and production persistence are not individually certified."
perfectsheer,perfectsheer_valance_fabric,Valance fabric override,F1186,F1186,,,UNRESOLVED EXCEPTION,"Choice inventoried from exported detail fields. Source, conditional visibility, authoritative validation, and production persistence are not individually certified."
perfectsheer,perfectsheer_valance_fabric,Valance fabric override,F1187,F1187,,,UNRESOLVED EXCEPTION,"Choice inventoried from exported detail fields. Source, conditional visibility, authoritative validation, and production persistence are not individually certified."
perfectsheer,perfectsheer_valance_fabric,Valance fabric override,F1188,F1188,,,UNRESOLVED EXCEPTION,"Choice inventoried from exported detail fields. Source, conditional visibility, authoritative validation, and production persistence are not individually certified."
perfectsheer,perfectsheer_valance_fabric,Valance fabric override,F1189,F1189,,,UNRESOLVED EXCEPTION,"Choice inventoried from exported detail fields. Source, conditional visibility, authoritative validation, and production persistence are not individually certified."
perfectsheer,perfectsheer_valance_fabric,Valance fabric override,F1190,F1190,,,UNRESOLVED EXCEPTION,"Choice inventoried from exported detail fields. Source, conditional visibility, authoritative validation, and production persistence are not individually certified."
perfectsheer,perfectsheer_valance_fabric,Valance fabric override,F1194,F1194,,,UNRESOLVED EXCEPTION,"Choice inventoried from exported detail fields. Source, conditional visibility, authoritative validation, and production persistence are not individually certified."
perfectsheer,perfectsheer_valance_fabric,Valance fabric override,F1195,F1195,,,UNRESOLVED EXCEPTION,"Choice inventoried from exported detail fields. Source, conditional visibility, authoritative validation, and production persistence are not individually certified."
perfectsheer,perfectsheer_valance_fabric,Valance fabric override,F1196,F1196,,,UNRESOLVED EXCEPTION,"Choice inventoried from exported detail fields. Source, conditional visibility, authoritative validation, and production persistence are not individually certified."
perfectsheer,perfectsheer_valance_fabric,Valance fabric override,F1197,F1197,,,UNRESOLVED EXCEPTION,"Choice inventoried from exported detail fields. Source, conditional visibility, authoritative validation, and production persistence are not individually certified."
perfectsheer,perfectsheer_valance_fabric,Valance fabric override,F1363,F1363,,,UNRESOLVED EXCEPTION,"Choice inventoried from exported detail fields. Source, conditional visibility, authoritative validation, and production persistence are not individually certified."
perfectsheer,perfectsheer_valance_fabric,Valance fabric override,F1200,F1200,,,UNRESOLVED EXCEPTION,"Choice inventoried from exported detail fields. Source, conditional visibility, authoritative validation, and production persistence are not individually certified."
perfectsheer,perfectsheer_valance_fabric,Valance fabric override,F1201,F1201,,,UNRESOLVED EXCEPTION,"Choice inventoried from exported detail fields. Source, conditional visibility, authoritative validation, and production persistence are not individually certified."
perfectsheer,perfectsheer_valance_fabric,Valance fabric override,F1202,F1202,,,UNRESOLVED EXCEPTION,"Choice inventoried from exported detail fields. Source, conditional visibility, authoritative validation, and production persistence are not individually certified."
perfectsheer,perfectsheer_valance_fabric,Valance fabric override,F1203,F1203,,,UNRESOLVED EXCEPTION,"Choice inventoried from exported detail fields. Source, conditional visibility, authoritative validation, and production persistence are not individually certified."
perfectsheer,perfectsheer_valance_fabric,Valance fabric override,F1204,F1204,,,UNRESOLVED EXCEPTION,"Choice inventoried from exported detail fields. Source, conditional visibility, authoritative validation, and production persistence are not individually certified."
perfectsheer,perfectsheer_valance_fabric,Valance fabric override,F1205,F1205,,,UNRESOLVED EXCEPTION,"Choice inventoried from exported detail fields. Source, conditional visibility, authoritative validation, and production persistence are not individually certified."
perfectsheer,perfectsheer_valance_fabric,Valance fabric override,F1206,F1206,,,UNRESOLVED EXCEPTION,"Choice inventoried from exported detail fields. Source, conditional visibility, authoritative validation, and production persistence are not individually certified."
perfectsheer,perfectsheer_valance_fabric,Valance fabric override,F1207,F1207,,,UNRESOLVED EXCEPTION,"Choice inventoried from exported detail fields. Source, conditional visibility, authoritative validation, and production persistence are not individually certified."
perfectsheer,perfectsheer_valance_fabric,Valance fabric override,F1208,F1208,,,UNRESOLVED EXCEPTION,"Choice inventoried from exported detail fields. Source, conditional visibility, authoritative validation, and production persistence are not individually certified."
perfectsheer,perfectsheer_valance_fabric,Valance fabric override,F1209,F1209,,,UNRESOLVED EXCEPTION,"Choice inventoried from exported detail fields. Source, conditional visibility, authoritative validation, and production persistence are not individually certified."
perfectsheer,perfectsheer_wood_finish,Wood valance finish,001 Pure White,001 Pure White,,,UNRESOLVED EXCEPTION,"Choice inventoried from exported detail fields. Source, conditional visibility, authoritative validation, and production persistence are not individually certified."
perfectsheer,perfectsheer_wood_finish,Wood valance finish,003 Silk White,003 Silk White,,,UNRESOLVED EXCEPTION,"Choice inventoried from exported detail fields. Source, conditional visibility, authoritative validation, and production persistence are not individually certified."
perfectsheer,perfectsheer_wood_finish,Wood valance finish,006 Pearl,006 Pearl,,,UNRESOLVED EXCEPTION,"Choice inventoried from exported detail fields. Source, conditional visibility, authoritative validation, and production persistence are not individually certified."
perfectsheer,perfectsheer_wood_finish,Wood valance finish,012 Crisp Linen,012 Crisp Linen,,,UNRESOLVED EXCEPTION,"Choice inventoried from exported detail fields. Source, conditional visibility, authoritative validation, and production persistence are not individually certified."
perfectsheer,perfectsheer_wood_finish,Wood valance finish,049 Stone Gray,049 Stone Gray,,,UNRESOLVED EXCEPTION,"Choice inventoried from exported detail fields. Source, conditional visibility, authoritative validation, and production persistence are not individually certified."
perfectsheer,perfectsheer_wood_finish,Wood valance finish,053 Clay,053 Clay,,,UNRESOLVED EXCEPTION,"Choice inventoried from exported detail fields. Source, conditional visibility, authoritative validation, and production persistence are not individually certified."
perfectsheer,perfectsheer_wood_finish,Wood valance finish,109 Weathered Teak,109 Weathered Teak,,,UNRESOLVED EXCEPTION,"Choice inventoried from exported detail fields. Source, conditional visibility, authoritative validation, and production persistence are not individually certified."
perfectsheer,perfectsheer_wood_finish,Wood valance finish,110 Limed White,110 Limed White,,,UNRESOLVED EXCEPTION,"Choice inventoried from exported detail fields. Source, conditional visibility, authoritative validation, and production persistence are not individually certified."
perfectsheer,perfectsheer_wood_finish,Wood valance finish,212 Dark Teak,212 Dark Teak,,,UNRESOLVED EXCEPTION,"Choice inventoried from exported detail fields. Source, conditional visibility, authoritative validation, and production persistence are not individually certified."
perfectsheer,perfectsheer_wood_finish,Wood valance finish,221 Black Walnut,221 Black Walnut,,,UNRESOLVED EXCEPTION,"Choice inventoried from exported detail fields. Source, conditional visibility, authoritative validation, and production persistence are not individually certified."
perfectsheer,perfectsheer_wood_finish,Wood valance finish,237 Wenge,237 Wenge,,,UNRESOLVED EXCEPTION,"Choice inventoried from exported detail fields. Source, conditional visibility, authoritative validation, and production persistence are not individually certified."
perfectsheer,perfectsheer_wood_finish,Wood valance finish,246 Matte Black,246 Matte Black,,,UNRESOLVED EXCEPTION,"Choice inventoried from exported detail fields. Source, conditional visibility, authoritative validation, and production persistence are not individually certified."
perfectsheer,perfectsheer_light_guard,Light Guard,None,None,,,UNRESOLVED EXCEPTION,"Choice inventoried from exported detail fields. Source, conditional visibility, authoritative validation, and production persistence are not individually certified."
perfectsheer,perfectsheer_light_guard,Light Guard,Basic Light Guard,Basic Light Guard,,,UNRESOLVED EXCEPTION,"Choice inventoried from exported detail fields. Source, conditional visibility, authoritative validation, and production persistence are not individually certified."
perfectsheer,perfectsheer_light_guard,Light Guard,Premium Wood Light Guard,Premium Wood Light Guard,,,UNRESOLVED EXCEPTION,"Choice inventoried from exported detail fields. Source, conditional visibility, authoritative validation, and production persistence are not individually certified."
perfectsheer,perfectsheer_light_guard_color,Light Guard finish,3058 White,3058 White,,,UNRESOLVED EXCEPTION,"Choice inventoried from exported detail fields. Source, conditional visibility, authoritative validation, and production persistence are not individually certified."
perfectsheer,perfectsheer_light_guard_color,Light Guard finish,3012 Bianca,3012 Bianca,,,UNRESOLVED EXCEPTION,"Choice inventoried from exported detail fields. Source, conditional visibility, authoritative validation, and production persistence are not individually certified."
perfectsheer,perfectsheer_light_guard_color,Light Guard finish,3094 Cottage White,3094 Cottage White,,,UNRESOLVED EXCEPTION,"Choice inventoried from exported detail fields. Source, conditional visibility, authoritative validation, and production persistence are not individually certified."
perfectsheer,perfectsheer_light_guard_color,Light Guard finish,3578 Sahara,3578 Sahara,,,UNRESOLVED EXCEPTION,"Choice inventoried from exported detail fields. Source, conditional visibility, authoritative validation, and production persistence are not individually certified."
perfectsheer,perfectsheer_light_guard_color,Light Guard finish,3463 Chocolate,3463 Chocolate,,,UNRESOLVED EXCEPTION,"Choice inventoried from exported detail fields. Source, conditional visibility, authoritative validation, and production persistence are not individually certified."
perfectsheer,perfectsheer_light_guard_color,Light Guard finish,3129 Silver,3129 Silver,,,UNRESOLVED EXCEPTION,"Choice inventoried from exported detail fields. Source, conditional visibility, authoritative validation, and production persistence are not individually certified."
perfectsheer,perfectsheer_light_guard_color,Light Guard finish,3212 Black Ink,3212 Black Ink,,,UNRESOLVED EXCEPTION,"Choice inventoried from exported detail fields. Source, conditional visibility, authoritative validation, and production persistence are not individually certified."
perfectsheer,perfectsheer_light_guard_color,Light Guard finish,049 Stone Gray,049 Stone Gray,,,UNRESOLVED EXCEPTION,"Choice inventoried from exported detail fields. Source, conditional visibility, authoritative validation, and production persistence are not individually certified."
perfectsheer,perfectsheer_light_guard_color,Light Guard finish,053 Clay,053 Clay,,,UNRESOLVED EXCEPTION,"Choice inventoried from exported detail fields. Source, conditional visibility, authoritative validation, and production persistence are not individually certified."
perfectsheer,perfectsheer_light_guard_color,Light Guard finish,110 Limed White,110 Limed White,,,UNRESOLVED EXCEPTION,"Choice inventoried from exported detail fields. Source, conditional visibility, authoritative validation, and production persistence are not individually certified."
perfectsheer,perfectsheer_light_guard_color,Light Guard finish,212 Dark Teak,212 Dark Teak,,,UNRESOLVED EXCEPTION,"Choice inventoried from exported detail fields. Source, conditional visibility, authoritative validation, and production persistence are not individually certified."
perfectsheer,perfectsheer_light_guard_color,Light Guard finish,109 Weathered Teak,109 Weathered Teak,,,UNRESOLVED EXCEPTION,"Choice inventoried from exported detail fields. Source, conditional visibility, authoritative validation, and production persistence are not individually certified."
perfectsheer,perfectsheer_light_guard_color,Light Guard finish,237 Wenge,237 Wenge,,,UNRESOLVED EXCEPTION,"Choice inventoried from exported detail fields. Source, conditional visibility, authoritative validation, and production persistence are not individually certified."
perfectsheer,perfectsheer_light_guard_color,Light Guard finish,221 Black Walnut,221 Black Walnut,,,UNRESOLVED EXCEPTION,"Choice inventoried from exported detail fields. Source, conditional visibility, authoritative validation, and production persistence are not individually certified."
perfectsheer,perfectsheer_magnetic_hold_down,Magnetic hold-down,No,No,,,UNRESOLVED EXCEPTION,"Choice inventoried from exported detail fields. Source, conditional visibility, authoritative validation, and production persistence are not individually certified."
perfectsheer,perfectsheer_magnetic_hold_down,Magnetic hold-down,Yes,Yes,,,UNRESOLVED EXCEPTION,"Choice inventoried from exported detail fields. Source, conditional visibility, authoritative validation, and production persistence are not individually certified."
perfectsheer,perfectsheer_magnet_color,Magnet catch finish,Nickel-Plated,Nickel-Plated,,,UNRESOLVED EXCEPTION,"Choice inventoried from exported detail fields. Source, conditional visibility, authoritative validation, and production persistence are not individually certified."
perfectsheer,perfectsheer_magnet_color,Magnet catch finish,Pure White,Pure White,,,UNRESOLVED EXCEPTION,"Choice inventoried from exported detail fields. Source, conditional visibility, authoritative validation, and production persistence are not individually certified."
perfectsheer,perfectsheer_magnet_color,Magnet catch finish,Silk White,Silk White,,,UNRESOLVED EXCEPTION,"Choice inventoried from exported detail fields. Source, conditional visibility, authoritative validation, and production persistence are not individually certified."
perfectsheer,perfectsheer_magnet_color,Magnet catch finish,Bisque,Bisque,,,UNRESOLVED EXCEPTION,"Choice inventoried from exported detail fields. Source, conditional visibility, authoritative validation, and production persistence are not individually certified."
perfectsheer,perfectsheer_magnet_color,Magnet catch finish,Pearl,Pearl,,,UNRESOLVED EXCEPTION,"Choice inventoried from exported detail fields. Source, conditional visibility, authoritative validation, and production persistence are not individually certified."
perfectsheer,perfectsheer_magnet_color,Magnet catch finish,Bright Brass,Bright Brass,,,UNRESOLVED EXCEPTION,"Choice inventoried from exported detail fields. Source, conditional visibility, authoritative validation, and production persistence are not individually certified."
perfectsheer,perfectsheer_magnet_color,Magnet catch finish,Antique Brass,Antique Brass,,,UNRESOLVED EXCEPTION,"Choice inventoried from exported detail fields. Source, conditional visibility, authoritative validation, and production persistence are not individually certified."
perfectsheer,perfectsheer_magnet_color,Magnet catch finish,Black,Black,,,UNRESOLVED EXCEPTION,"Choice inventoried from exported detail fields. Source, conditional visibility, authoritative validation, and production persistence are not individually certified."
perfectsheer,perfectsheer_magnet_color,Magnet catch finish,Crisp Linen,Crisp Linen,,,UNRESOLVED EXCEPTION,"Choice inventoried from exported detail fields. Source, conditional visibility, authoritative validation, and production persistence are not individually certified."
perfectsheer,perfectsheer_magnet_color,Magnet catch finish,String,String,,,UNRESOLVED EXCEPTION,"Choice inventoried from exported detail fields. Source, conditional visibility, authoritative validation, and production persistence are not individually certified."
perfectsheer,perfectsheer_magnet_color,Magnet catch finish,Sea Mist,Sea Mist,,,UNRESOLVED EXCEPTION,"Choice inventoried from exported detail fields. Source, conditional visibility, authoritative validation, and production persistence are not individually certified."
perfectsheer,perfectsheer_magnet_color,Magnet catch finish,Stone Gray,Stone Gray,,,UNRESOLVED EXCEPTION,"Choice inventoried from exported detail fields. Source, conditional visibility, authoritative validation, and production persistence are not individually certified."
perfectsheer,perfectsheer_magnet_color,Magnet catch finish,Brown Gray,Brown Gray,,,UNRESOLVED EXCEPTION,"Choice inventoried from exported detail fields. Source, conditional visibility, authoritative validation, and production persistence are not individually certified."
perfectsheer,perfectsheer_magnet_color,Magnet catch finish,Taupe Gray,Taupe Gray,,,UNRESOLVED EXCEPTION,"Choice inventoried from exported detail fields. Source, conditional visibility, authoritative validation, and production persistence are not individually certified."
perfectsheer,perfectsheer_shim_layers,Shim layers,0,0,,,UNRESOLVED EXCEPTION,"Choice inventoried from exported detail fields. Source, conditional visibility, authoritative validation, and production persistence are not individually certified."
perfectsheer,perfectsheer_shim_layers,Shim layers,1,1,,,UNRESOLVED EXCEPTION,"Choice inventoried from exported detail fields. Source, conditional visibility, authoritative validation, and production persistence are not individually certified."
perfectsheer,perfectsheer_shim_layers,Shim layers,2,2,,,UNRESOLVED EXCEPTION,"Choice inventoried from exported detail fields. Source, conditional visibility, authoritative validation, and production persistence are not individually certified."
perfectsheer,perfectsheer_shim_layers,Shim layers,3,3,,,UNRESOLVED EXCEPTION,"Choice inventoried from exported detail fields. Source, conditional visibility, authoritative validation, and production persistence are not individually certified."
perfectsheer,perfectsheer_tube_diameter,Tube diameter,1.75,1.75,,,UNRESOLVED EXCEPTION,"Choice inventoried from exported detail fields. Source, conditional visibility, authoritative validation, and production persistence are not individually certified."
perfectsheer,perfectsheer_tube_diameter,Tube diameter,2,2,,,UNRESOLVED EXCEPTION,"Choice inventoried from exported detail fields. Source, conditional visibility, authoritative validation, and production persistence are not individually certified."
perfectsheer,perfectsheer_valance_returns,Valance returns,None,None,,,UNRESOLVED EXCEPTION,"Choice inventoried from exported detail fields. Source, conditional visibility, authoritative validation, and production persistence are not individually certified."
perfectsheer,perfectsheer_valance_returns,Valance returns,Left,Left,,,UNRESOLVED EXCEPTION,"Choice inventoried from exported detail fields. Source, conditional visibility, authoritative validation, and production persistence are not individually certified."
perfectsheer,perfectsheer_valance_returns,Valance returns,Right,Right,,,UNRESOLVED EXCEPTION,"Choice inventoried from exported detail fields. Source, conditional visibility, authoritative validation, and production persistence are not individually certified."
perfectsheer,perfectsheer_valance_returns,Valance returns,Both,Both,,,UNRESOLVED EXCEPTION,"Choice inventoried from exported detail fields. Source, conditional visibility, authoritative validation, and production persistence are not individually certified."
perfectsheer,perfectsheer_valance_joinery,Valance joinery,Connector,Connector,,,UNRESOLVED EXCEPTION,"Choice inventoried from exported detail fields. Source, conditional visibility, authoritative validation, and production persistence are not individually certified."
perfectsheer,perfectsheer_valance_joinery,Valance joinery,Keystone,Keystone,,,UNRESOLVED EXCEPTION,"Choice inventoried from exported detail fields. Source, conditional visibility, authoritative validation, and production persistence are not individually certified."
perfectsheer,perfectsheer_keystone_count,Keystone quantity,1,1,,,UNRESOLVED EXCEPTION,"Choice inventoried from exported detail fields. Source, conditional visibility, authoritative validation, and production persistence are not individually certified."
perfectsheer,perfectsheer_keystone_count,Keystone quantity,2,2,,,UNRESOLVED EXCEPTION,"Choice inventoried from exported detail fields. Source, conditional visibility, authoritative validation, and production persistence are not individually certified."
perfectsheer,perfectsheer_keystone_count,Keystone quantity,3,3,,,UNRESOLVED EXCEPTION,"Choice inventoried from exported detail fields. Source, conditional visibility, authoritative validation, and production persistence are not individually certified."
perfectsheer,perfectsheer_keystone_count,Keystone quantity,4,4,,,UNRESOLVED EXCEPTION,"Choice inventoried from exported detail fields. Source, conditional visibility, authoritative validation, and production persistence are not individually certified."
perfectsheer,perfectsheer_keystone_count,Keystone quantity,5,5,,,UNRESOLVED EXCEPTION,"Choice inventoried from exported detail fields. Source, conditional visibility, authoritative validation, and production persistence are not individually certified."
perfectsheer,perfectsheer_keystone_layout,Keystone locations,Equally Spaced,Equally Spaced,,,UNRESOLVED EXCEPTION,"Choice inventoried from exported detail fields. Source, conditional visibility, authoritative validation, and production persistence are not individually certified."
perfectsheer,perfectsheer_keystone_layout,Keystone locations,Custom,Custom,,,UNRESOLVED EXCEPTION,"Choice inventoried from exported detail fields. Source, conditional visibility, authoritative validation, and production persistence are not individually certified."
perfectsheer,perfectsheer_wand_length,AutoWand length,8,8,,,UNRESOLVED EXCEPTION,"Choice inventoried from exported detail fields. Source, conditional visibility, authoritative validation, and production persistence are not individually certified."
perfectsheer,perfectsheer_wand_length,AutoWand length,16,16,,,UNRESOLVED EXCEPTION,"Choice inventoried from exported detail fields. Source, conditional visibility, authoritative validation, and production persistence are not individually certified."
perfectsheer,perfectsheer_wand_length,AutoWand length,24,24,,,UNRESOLVED EXCEPTION,"Choice inventoried from exported detail fields. Source, conditional visibility, authoritative validation, and production persistence are not individually certified."
perfectsheer,perfectsheer_wand_length,AutoWand length,36,36,,,UNRESOLVED EXCEPTION,"Choice inventoried from exported detail fields. Source, conditional visibility, authoritative validation, and production persistence are not individually certified."
perfectsheer,perfectsheer_wand_length,AutoWand length,48,48,,,UNRESOLVED EXCEPTION,"Choice inventoried from exported detail fields. Source, conditional visibility, authoritative validation, and production persistence are not individually certified."
perfectsheer,perfectsheer_wand_length,AutoWand length,60,60,,,UNRESOLVED EXCEPTION,"Choice inventoried from exported detail fields. Source, conditional visibility, authoritative validation, and production persistence are not individually certified."
perfectsheer,perfectsheer_wand_length,AutoWand length,72,72,,,UNRESOLVED EXCEPTION,"Choice inventoried from exported detail fields. Source, conditional visibility, authoritative validation, and production persistence are not individually certified."
perfectsheer,perfectsheer_installed_on_door,Installed on door,No,No,,,UNRESOLVED EXCEPTION,"Choice inventoried from exported detail fields. Source, conditional visibility, authoritative validation, and production persistence are not individually certified."
perfectsheer,perfectsheer_installed_on_door,Installed on door,Yes,Yes,,,UNRESOLVED EXCEPTION,"Choice inventoried from exported detail fields. Source, conditional visibility, authoritative validation, and production persistence are not individually certified."
perfectsheer,perfectsheer_solar_panel,Solar panel per shade,No,No,,,UNRESOLVED EXCEPTION,"Choice inventoried from exported detail fields. Source, conditional visibility, authoritative validation, and production persistence are not individually certified."
perfectsheer,perfectsheer_solar_panel,Solar panel per shade,Yes,Yes,,,UNRESOLVED EXCEPTION,"Choice inventoried from exported detail fields. Source, conditional visibility, authoritative validation, and production persistence are not individually certified."
perfectsheer,perfectsheer_extension_color,AutoWand extension color,White,White,,,UNRESOLVED EXCEPTION,"Choice inventoried from exported detail fields. Source, conditional visibility, authoritative validation, and production persistence are not individually certified."
perfectsheer,perfectsheer_extension_color,AutoWand extension color,Black,Black,,,UNRESOLVED EXCEPTION,"Choice inventoried from exported detail fields. Source, conditional visibility, authoritative validation, and production persistence are not individually certified."
perfectsheer,perfectsheer_wand_color,AutoWand color,2208 Black,2208 Black,,,UNRESOLVED EXCEPTION,"Choice inventoried from exported detail fields. Source, conditional visibility, authoritative validation, and production persistence are not individually certified."
perfectsheer,perfectsheer_wand_color,AutoWand color,2058 White,2058 White,,,UNRESOLVED EXCEPTION,"Choice inventoried from exported detail fields. Source, conditional visibility, authoritative validation, and production persistence are not individually certified."
perfectsheer,perfectsheer_wand_color,AutoWand color,2094 Cottage White,2094 Cottage White,,,UNRESOLVED EXCEPTION,"Choice inventoried from exported detail fields. Source, conditional visibility, authoritative validation, and production persistence are not individually certified."
perfectsheer,perfectsheer_chain_unobstructed,Unobstructed below tension device,No,No,,,UNRESOLVED EXCEPTION,"Choice inventoried from exported detail fields. Source, conditional visibility, authoritative validation, and production persistence are not individually certified."
perfectsheer,perfectsheer_chain_unobstructed,Unobstructed below tension device,Yes,Yes,,,UNRESOLVED EXCEPTION,"Choice inventoried from exported detail fields. Source, conditional visibility, authoritative validation, and production persistence are not individually certified."
perfectsheer,light_guard,Light guard,none,None,,,UNRESOLVED EXCEPTION,"Choice inventoried from exported detail fields. Source, conditional visibility, authoritative validation, and production persistence are not individually certified."
perfectsheer,light_guard,Light guard,basic_light_guard,Basic Light Guard,,,UNRESOLVED EXCEPTION,"Choice inventoried from exported detail fields. Source, conditional visibility, authoritative validation, and production persistence are not individually certified."
perfectsheer,light_guard,Light guard,premium_wood_light_guard,Premium Wood Light Guard,,,UNRESOLVED EXCEPTION,"Choice inventoried from exported detail fields. Source, conditional visibility, authoritative validation, and production persistence are not individually certified."
roller,mount_type,Mount,inside,Inside mount,,,UNRESOLVED EXCEPTION,"Choice inventoried from exported detail fields. Source, conditional visibility, authoritative validation, and production persistence are not individually certified."
roller,mount_type,Mount,outside,Outside mount,,,UNRESOLVED EXCEPTION,"Choice inventoried from exported detail fields. Source, conditional visibility, authoritative validation, and production persistence are not individually certified."
roller,mount_type,Mount,ceiling,Ceiling mount,,,UNRESOLVED EXCEPTION,"Choice inventoried from exported detail fields. Source, conditional visibility, authoritative validation, and production persistence are not individually certified."
roller,mount_type,Mount,side,Side mount,,,UNRESOLVED EXCEPTION,"Choice inventoried from exported detail fields. Source, conditional visibility, authoritative validation, and production persistence are not individually certified."
roller,window_type,Window type,single,Single,,,UNRESOLVED EXCEPTION,"Choice inventoried from exported detail fields. Source, conditional visibility, authoritative validation, and production persistence are not individually certified."
roller,window_type,Window type,corner,Corner,,,UNRESOLVED EXCEPTION,"Choice inventoried from exported detail fields. Source, conditional visibility, authoritative validation, and production persistence are not individually certified."
roller,window_type,Window type,bay,Bay,,,UNRESOLVED EXCEPTION,"Choice inventoried from exported detail fields. Source, conditional visibility, authoritative validation, and production persistence are not individually certified."
roller,shade_type,Shade type,standard,Single Shade,,,UNRESOLVED EXCEPTION,"Choice inventoried from exported detail fields. Source, conditional visibility, authoritative validation, and production persistence are not individually certified."
roller,shade_type,Shade type,coupled,Coupled Shades*,,,UNRESOLVED EXCEPTION,"Choice inventoried from exported detail fields. Source, conditional visibility, authoritative validation, and production persistence are not individually certified."
roller,shade_type,Shade type,dual,Dual Shades*,,,UNRESOLVED EXCEPTION,"Choice inventoried from exported detail fields. Source, conditional visibility, authoritative validation, and production persistence are not individually certified."
roller,shade_type,Shade type,common_valance,Common Valance,,,UNRESOLVED EXCEPTION,"Choice inventoried from exported detail fields. Source, conditional visibility, authoritative validation, and production persistence are not individually certified."
roller,shade_type,Shade type,lightguard_360_t_post,LightGuard 360 with T-Post*,,,UNRESOLVED EXCEPTION,"Choice inventoried from exported detail fields. Source, conditional visibility, authoritative validation, and production persistence are not individually certified."
roller,coupled_shade_count,Coupled shade count,2,2 shades,,,UNRESOLVED EXCEPTION,"Choice inventoried from exported detail fields. Source, conditional visibility, authoritative validation, and production persistence are not individually certified."
roller,coupled_shade_count,Coupled shade count,3,3 shades,,,UNRESOLVED EXCEPTION,"Choice inventoried from exported detail fields. Source, conditional visibility, authoritative validation, and production persistence are not individually certified."
roller,coupled_shade_count,Coupled shade count,4,4 shades,,,UNRESOLVED EXCEPTION,"Choice inventoried from exported detail fields. Source, conditional visibility, authoritative validation, and production persistence are not individually certified."
roller,lightguard_360_shade_count,LightGuard 360 shade count,2,2 shades,,,UNRESOLVED EXCEPTION,"Choice inventoried from exported detail fields. Source, conditional visibility, authoritative validation, and production persistence are not individually certified."
roller,lightguard_360_shade_count,LightGuard 360 shade count,3,3 shades,,,UNRESOLVED EXCEPTION,"Choice inventoried from exported detail fields. Source, conditional visibility, authoritative validation, and production persistence are not individually certified."
roller,lightguard_360_shade_count,LightGuard 360 shade count,4,4 shades,,,UNRESOLVED EXCEPTION,"Choice inventoried from exported detail fields. Source, conditional visibility, authoritative validation, and production persistence are not individually certified."
roller,control_side,Control side,left,Left,,,UNRESOLVED EXCEPTION,"Choice inventoried from exported detail fields. Source, conditional visibility, authoritative validation, and production persistence are not individually certified."
roller,control_side,Control side,right,Right,,,UNRESOLVED EXCEPTION,"Choice inventoried from exported detail fields. Source, conditional visibility, authoritative validation, and production persistence are not individually certified."
roller,control_side,Control side,center,Center,,,UNRESOLVED EXCEPTION,"Choice inventoried from exported detail fields. Source, conditional visibility, authoritative validation, and production persistence are not individually certified."
roller,control_side,Control side,na,N/A,,,UNRESOLVED EXCEPTION,"Choice inventoried from exported detail fields. Source, conditional visibility, authoritative validation, and production persistence are not individually certified."
roller,lift_system,Lift system,cordless,PrecisionLift Cordless,,,UNRESOLVED EXCEPTION,"Choice inventoried from exported detail fields. Source, conditional visibility, authoritative validation, and production persistence are not individually certified."
roller,lift_system,Lift system,continuous_cord_loop,Continuous Cord Loop,,,UNRESOLVED EXCEPTION,"Choice inventoried from exported detail fields. Source, conditional visibility, authoritative validation, and production persistence are not individually certified."
roller,lift_system,Lift system,motorized,Motorized*,,,UNRESOLVED EXCEPTION,"Choice inventoried from exported detail fields. Source, conditional visibility, authoritative validation, and production persistence are not individually certified."
roller,lift_system,Lift system,smartrelease,SmartRelease*,,,UNRESOLVED EXCEPTION,"Choice inventoried from exported detail fields. Source, conditional visibility, authoritative validation, and production persistence are not individually certified."
roller,valance,Valance,none,No Valance,,,UNRESOLVED EXCEPTION,"Choice inventoried from exported detail fields. Source, conditional visibility, authoritative validation, and production persistence are not individually certified."
roller,valance,Valance,square_fascia,Square Fascia*,,,UNRESOLVED EXCEPTION,"Choice inventoried from exported detail fields. Source, conditional visibility, authoritative validation, and production persistence are not individually certified."
roller,valance,Valance,plain_curved_fascia,Plain Curved Fascia*,,,UNRESOLVED EXCEPTION,"Choice inventoried from exported detail fields. Source, conditional visibility, authoritative validation, and production persistence are not individually certified."
roller,valance,Valance,curved_fascia_with_fabric,Curved Fascia with Fabric*,,,UNRESOLVED EXCEPTION,"Choice inventoried from exported detail fields. Source, conditional visibility, authoritative validation, and production persistence are not individually certified."
roller,valance,Valance,fabric_valance_3_1_2,"3 1/2"" Fabric Valance*",,,UNRESOLVED EXCEPTION,"Choice inventoried from exported detail fields. Source, conditional visibility, authoritative validation, and production persistence are not individually certified."
roller,valance,Valance,fabric_valance_4_1_2,"4 1/2"" Fabric Valance*",,,UNRESOLVED EXCEPTION,"Choice inventoried from exported detail fields. Source, conditional visibility, authoritative validation, and production persistence are not individually certified."
roller,valance,Valance,fabric_valance_6,"6"" Fabric Valance*",,,UNRESOLVED EXCEPTION,"Choice inventoried from exported detail fields. Source, conditional visibility, authoritative validation, and production persistence are not individually certified."
roller,valance,Valance,fabric_valance_8,"8"" Fabric Valance*",,,UNRESOLVED EXCEPTION,"Choice inventoried from exported detail fields. Source, conditional visibility, authoritative validation, and production persistence are not individually certified."
roller,valance,Valance,modern_wood_valance_4_1_2,"4 1/2"" Modern Wood Valance*",,,UNRESOLVED EXCEPTION,"Choice inventoried from exported detail fields. Source, conditional visibility, authoritative validation, and production persistence are not individually certified."
roller,valance,Valance,cassette,Cassette*,,,UNRESOLVED EXCEPTION,"Choice inventoried from exported detail fields. Source, conditional visibility, authoritative validation, and production persistence are not individually certified."
roller,fabric_roll,Fabric roll,standard,Standard,,,UNRESOLVED EXCEPTION,"Choice inventoried from exported detail fields. Source, conditional visibility, authoritative validation, and production persistence are not individually certified."
roller,fabric_roll,Fabric roll,reverse,Reverse,,,UNRESOLVED EXCEPTION,"Choice inventoried from exported detail fields. Source, conditional visibility, authoritative validation, and production persistence are not individually certified."
roller,raceway,Raceway,yes,Yes,,,UNRESOLVED EXCEPTION,"Choice inventoried from exported detail fields. Source, conditional visibility, authoritative validation, and production persistence are not individually certified."
roller,raceway,Raceway,no,No,,,UNRESOLVED EXCEPTION,"Choice inventoried from exported detail fields. Source, conditional visibility, authoritative validation, and production persistence are not individually certified."
roller,hardware_type,Hardware type,general,General,,,UNRESOLVED EXCEPTION,"Choice inventoried from exported detail fields. Source, conditional visibility, authoritative validation, and production persistence are not individually certified."
roller,hardware_type,Hardware type,premium,Premium*,,,UNRESOLVED EXCEPTION,"Choice inventoried from exported detail fields. Source, conditional visibility, authoritative validation, and production persistence are not individually certified."
roller,hardware_color,Hardware color,default,Default,,,UNRESOLVED EXCEPTION,"Choice inventoried from exported detail fields. Source, conditional visibility, authoritative validation, and production persistence are not individually certified."
roller,hardware_color,Hardware color,white,White,,,UNRESOLVED EXCEPTION,"Choice inventoried from exported detail fields. Source, conditional visibility, authoritative validation, and production persistence are not individually certified."
roller,hardware_color,Hardware color,cottage_white,Cottage White,,,UNRESOLVED EXCEPTION,"Choice inventoried from exported detail fields. Source, conditional visibility, authoritative validation, and production persistence are not individually certified."
roller,hardware_color,Hardware color,black,Black,,,UNRESOLVED EXCEPTION,"Choice inventoried from exported detail fields. Source, conditional visibility, authoritative validation, and production persistence are not individually certified."
roller,hardware_color,Hardware color,bianca,Bianca,,,UNRESOLVED EXCEPTION,"Choice inventoried from exported detail fields. Source, conditional visibility, authoritative validation, and production persistence are not individually certified."
roller,hardware_color,Hardware color,silver,Silver,,,UNRESOLVED EXCEPTION,"Choice inventoried from exported detail fields. Source, conditional visibility, authoritative validation, and production persistence are not individually certified."
roller,hem_bar,Hem bar,plain,Plain,,,UNRESOLVED EXCEPTION,"Choice inventoried from exported detail fields. Source, conditional visibility, authoritative validation, and production persistence are not individually certified."
roller,hem_bar,Hem bar,fabric_wrapped,Fabric-Wrapped,,,UNRESOLVED EXCEPTION,"Choice inventoried from exported detail fields. Source, conditional visibility, authoritative validation, and production persistence are not individually certified."
roller,hem_bar_color,Hem bar color,default,Default,,,UNRESOLVED EXCEPTION,"Choice inventoried from exported detail fields. Source, conditional visibility, authoritative validation, and production persistence are not individually certified."
roller,hem_bar_color,Hem bar color,white,White,,,UNRESOLVED EXCEPTION,"Choice inventoried from exported detail fields. Source, conditional visibility, authoritative validation, and production persistence are not individually certified."
roller,hem_bar_color,Hem bar color,cottage_white,Cottage White,,,UNRESOLVED EXCEPTION,"Choice inventoried from exported detail fields. Source, conditional visibility, authoritative validation, and production persistence are not individually certified."
roller,hem_bar_color,Hem bar color,black,Black,,,UNRESOLVED EXCEPTION,"Choice inventoried from exported detail fields. Source, conditional visibility, authoritative validation, and production persistence are not individually certified."
roller,hem_bar_color,Hem bar color,anodized_silver,Anodized Silver,,,UNRESOLVED EXCEPTION,"Choice inventoried from exported detail fields. Source, conditional visibility, authoritative validation, and production persistence are not individually certified."
roller,hem_bar_color,Hem bar color,bianca,Bianca,,,UNRESOLVED EXCEPTION,"Choice inventoried from exported detail fields. Source, conditional visibility, authoritative validation, and production persistence are not individually certified."
roller,hem_bar_color,Hem bar color,bronze,Bronze*,,,UNRESOLVED EXCEPTION,"Choice inventoried from exported detail fields. Source, conditional visibility, authoritative validation, and production persistence are not individually certified."
roller,hem_bar_color,Hem bar color,brushed_black,Brushed Black*,,,UNRESOLVED EXCEPTION,"Choice inventoried from exported detail fields. Source, conditional visibility, authoritative validation, and production persistence are not individually certified."
roller,hem_bar_color,Hem bar color,brass,Brass*,,,UNRESOLVED EXCEPTION,"Choice inventoried from exported detail fields. Source, conditional visibility, authoritative validation, and production persistence are not individually certified."
roller,hem_bar_color,Hem bar color,matte_silver,Matte Silver*,,,UNRESOLVED EXCEPTION,"Choice inventoried from exported detail fields. Source, conditional visibility, authoritative validation, and production persistence are not individually certified."
roller,bottomrail,Hem bar / bottomrail,yes,Yes,,,UNRESOLVED EXCEPTION,"Choice inventoried from exported detail fields. Source, conditional visibility, authoritative validation, and production persistence are not individually certified."
roller,bottomrail,Hem bar / bottomrail,no,No,,,UNRESOLVED EXCEPTION,"Choice inventoried from exported detail fields. Source, conditional visibility, authoritative validation, and production persistence are not individually certified."
roller,light_guard,Light guard,none,None,,,UNRESOLVED EXCEPTION,"Choice inventoried from exported detail fields. Source, conditional visibility, authoritative validation, and production persistence are not individually certified."
roller,light_guard,Light guard,basic_light_guard,Basic Light Guard,,,UNRESOLVED EXCEPTION,"Choice inventoried from exported detail fields. Source, conditional visibility, authoritative validation, and production persistence are not individually certified."
roller,light_guard,Light guard,premium_wood_light_guard,Premium Wood Light Guard,,,UNRESOLVED EXCEPTION,"Choice inventoried from exported detail fields. Source, conditional visibility, authoritative validation, and production persistence are not individually certified."
roller,light_guard,Light guard,lightguard_360,LightGuard 360,,,UNRESOLVED EXCEPTION,"Choice inventoried from exported detail fields. Source, conditional visibility, authoritative validation, and production persistence are not individually certified."
roman,mount_type,Mount,inside,Inside mount,,,UNRESOLVED EXCEPTION,"Choice inventoried from exported detail fields. Source, conditional visibility, authoritative validation, and production persistence are not individually certified."
roman,mount_type,Mount,outside,Outside mount,,,UNRESOLVED EXCEPTION,"Choice inventoried from exported detail fields. Source, conditional visibility, authoritative validation, and production persistence are not individually certified."
roman,mount_type,Mount,ceiling,Ceiling mount,,,UNRESOLVED EXCEPTION,"Choice inventoried from exported detail fields. Source, conditional visibility, authoritative validation, and production persistence are not individually certified."
roman,mount_type,Mount,side,Side mount,,,UNRESOLVED EXCEPTION,"Choice inventoried from exported detail fields. Source, conditional visibility, authoritative validation, and production persistence are not individually certified."
roman,control_side,Control side,left,Left,,,UNRESOLVED EXCEPTION,"Choice inventoried from exported detail fields. Source, conditional visibility, authoritative validation, and production persistence are not individually certified."
roman,control_side,Control side,right,Right,,,UNRESOLVED EXCEPTION,"Choice inventoried from exported detail fields. Source, conditional visibility, authoritative validation, and production persistence are not individually certified."
roman,control_side,Control side,center,Center,,,UNRESOLVED EXCEPTION,"Choice inventoried from exported detail fields. Source, conditional visibility, authoritative validation, and production persistence are not individually certified."
roman,control_side,Control side,na,N/A,,,UNRESOLVED EXCEPTION,"Choice inventoried from exported detail fields. Source, conditional visibility, authoritative validation, and production persistence are not individually certified."
roman,lift_system,Lift / control,cordless,Cordless,,,UNRESOLVED EXCEPTION,"Choice inventoried from exported detail fields. Source, conditional visibility, authoritative validation, and production persistence are not individually certified."
roman,lift_system,Lift / control,continuous_cord_loop,Continuous cord loop,,,UNRESOLVED EXCEPTION,"Choice inventoried from exported detail fields. Source, conditional visibility, authoritative validation, and production persistence are not individually certified."
roman,lift_system,Lift / control,wand,Wand,,,UNRESOLVED EXCEPTION,"Choice inventoried from exported detail fields. Source, conditional visibility, authoritative validation, and production persistence are not individually certified."
roman,lift_system,Lift / control,motorized,Motorized,,,UNRESOLVED EXCEPTION,"Choice inventoried from exported detail fields. Source, conditional visibility, authoritative validation, and production persistence are not individually certified."
roman,lift_system,Lift / control,smartrelease,SmartRelease,,,UNRESOLVED EXCEPTION,"Choice inventoried from exported detail fields. Source, conditional visibility, authoritative validation, and production persistence are not individually certified."
roman,roman_style,Roman style,flat,Flat,,,UNRESOLVED EXCEPTION,"Choice inventoried from exported detail fields. Source, conditional visibility, authoritative validation, and production persistence are not individually certified."
roman,roman_style,Roman style,soft_fold,Soft fold,,,UNRESOLVED EXCEPTION,"Choice inventoried from exported detail fields. Source, conditional visibility, authoritative validation, and production persistence are not individually certified."
roman,roman_style,Roman style,relaxed,Relaxed,,,UNRESOLVED EXCEPTION,"Choice inventoried from exported detail fields. Source, conditional visibility, authoritative validation, and production persistence are not individually certified."
roman,lining,Lining,privacy,Privacy lining,,,UNRESOLVED EXCEPTION,"Choice inventoried from exported detail fields. Source, conditional visibility, authoritative validation, and production persistence are not individually certified."
roman,lining,Lining,blackout,Blackout lining,,,UNRESOLVED EXCEPTION,"Choice inventoried from exported detail fields. Source, conditional visibility, authoritative validation, and production persistence are not individually certified."
roman,lining,Lining,unlined,Unlined,,,UNRESOLVED EXCEPTION,"Choice inventoried from exported detail fields. Source, conditional visibility, authoritative validation, and production persistence are not individually certified."
roman,valance,Valance,none,None,,,UNRESOLVED EXCEPTION,"Choice inventoried from exported detail fields. Source, conditional visibility, authoritative validation, and production persistence are not individually certified."
roman,valance,Valance,fabric,Fabric valance*,,,UNRESOLVED EXCEPTION,"Choice inventoried from exported detail fields. Source, conditional visibility, authoritative validation, and production persistence are not individually certified."
roman,decorative_trim,Decorative trim,none,None,,,UNRESOLVED EXCEPTION,"Choice inventoried from exported detail fields. Source, conditional visibility, authoritative validation, and production persistence are not individually certified."
roman,decorative_trim,Decorative trim,ribbon_banding,Ribbon banding*,,,UNRESOLVED EXCEPTION,"Choice inventoried from exported detail fields. Source, conditional visibility, authoritative validation, and production persistence are not individually certified."
roman,decorative_trim,Decorative trim,edge_banding_border,Edge banding / border*,,,UNRESOLVED EXCEPTION,"Choice inventoried from exported detail fields. Source, conditional visibility, authoritative validation, and production persistence are not individually certified."
roman,decorative_trim,Decorative trim,piping,Piping*,,,UNRESOLVED EXCEPTION,"Choice inventoried from exported detail fields. Source, conditional visibility, authoritative validation, and production persistence are not individually certified."
roman,decorative_pillow_cover,Decorative pillow cover,none,None,,,UNRESOLVED EXCEPTION,"Choice inventoried from exported detail fields. Source, conditional visibility, authoritative validation, and production persistence are not individually certified."
roman,decorative_pillow_cover,Decorative pillow cover,decorative_pillow_cover_group_a_14inx14in,"Group A - 14"" x 14""",,,UNRESOLVED EXCEPTION,"Choice inventoried from exported detail fields. Source, conditional visibility, authoritative validation, and production persistence are not individually certified."
roman,decorative_pillow_cover,Decorative pillow cover,decorative_pillow_cover_group_a_16inx16in,"Group A - 16"" x 16""",,,UNRESOLVED EXCEPTION,"Choice inventoried from exported detail fields. Source, conditional visibility, authoritative validation, and production persistence are not individually certified."
roman,decorative_pillow_cover,Decorative pillow cover,decorative_pillow_cover_group_a_18inx18in,"Group A - 18"" x 18""",,,UNRESOLVED EXCEPTION,"Choice inventoried from exported detail fields. Source, conditional visibility, authoritative validation, and production persistence are not individually certified."
roman,decorative_pillow_cover,Decorative pillow cover,decorative_pillow_cover_group_a_20inx20in,"Group A - 20"" x 20""",,,UNRESOLVED EXCEPTION,"Choice inventoried from exported detail fields. Source, conditional visibility, authoritative validation, and production persistence are not individually certified."
roman,decorative_pillow_cover,Decorative pillow cover,decorative_pillow_cover_group_a_24inx24in,"Group A - 24"" x 24""",,,UNRESOLVED EXCEPTION,"Choice inventoried from exported detail fields. Source, conditional visibility, authoritative validation, and production persistence are not individually certified."
roman,decorative_pillow_cover,Decorative pillow cover,decorative_pillow_cover_group_a_10inx14in,"Group A - 10"" x 14""",,,UNRESOLVED EXCEPTION,"Choice inventoried from exported detail fields. Source, conditional visibility, authoritative validation, and production persistence are not individually certified."
roman,decorative_pillow_cover,Decorative pillow cover,decorative_pillow_cover_group_a_10inx16in,"Group A - 10"" x 16""",,,UNRESOLVED EXCEPTION,"Choice inventoried from exported detail fields. Source, conditional visibility, authoritative validation, and production persistence are not individually certified."
roman,decorative_pillow_cover,Decorative pillow cover,decorative_pillow_cover_group_a_10inx18in,"Group A - 10"" x 18""",,,UNRESOLVED EXCEPTION,"Choice inventoried from exported detail fields. Source, conditional visibility, authoritative validation, and production persistence are not individually certified."
roman,decorative_pillow_cover,Decorative pillow cover,decorative_pillow_cover_group_a_12inx22in,"Group A - 12"" x 22""",,,UNRESOLVED EXCEPTION,"Choice inventoried from exported detail fields. Source, conditional visibility, authoritative validation, and production persistence are not individually certified."
roman,decorative_pillow_cover,Decorative pillow cover,decorative_pillow_cover_group_a_14inx24in,"Group A - 14"" x 24""",,,UNRESOLVED EXCEPTION,"Choice inventoried from exported detail fields. Source, conditional visibility, authoritative validation, and production persistence are not individually certified."
roman,decorative_pillow_cover,Decorative pillow cover,decorative_pillow_cover_group_a_14inx18in,"Group A - 14"" x 18""",,,UNRESOLVED EXCEPTION,"Choice inventoried from exported detail fields. Source, conditional visibility, authoritative validation, and production persistence are not individually certified."
roman,decorative_pillow_cover,Decorative pillow cover,decorative_pillow_cover_group_b_14inx14in,"Group B - 14"" x 14""",,,UNRESOLVED EXCEPTION,"Choice inventoried from exported detail fields. Source, conditional visibility, authoritative validation, and production persistence are not individually certified."
roman,decorative_pillow_cover,Decorative pillow cover,decorative_pillow_cover_group_b_16inx16in,"Group B - 16"" x 16""",,,UNRESOLVED EXCEPTION,"Choice inventoried from exported detail fields. Source, conditional visibility, authoritative validation, and production persistence are not individually certified."
roman,decorative_pillow_cover,Decorative pillow cover,decorative_pillow_cover_group_b_18inx18in,"Group B - 18"" x 18""",,,UNRESOLVED EXCEPTION,"Choice inventoried from exported detail fields. Source, conditional visibility, authoritative validation, and production persistence are not individually certified."
roman,decorative_pillow_cover,Decorative pillow cover,decorative_pillow_cover_group_b_20inx20in,"Group B - 20"" x 20""",,,UNRESOLVED EXCEPTION,"Choice inventoried from exported detail fields. Source, conditional visibility, authoritative validation, and production persistence are not individually certified."
roman,decorative_pillow_cover,Decorative pillow cover,decorative_pillow_cover_group_b_24inx24in,"Group B - 24"" x 24""",,,UNRESOLVED EXCEPTION,"Choice inventoried from exported detail fields. Source, conditional visibility, authoritative validation, and production persistence are not individually certified."
roman,decorative_pillow_cover,Decorative pillow cover,decorative_pillow_cover_group_b_10inx14in,"Group B - 10"" x 14""",,,UNRESOLVED EXCEPTION,"Choice inventoried from exported detail fields. Source, conditional visibility, authoritative validation, and production persistence are not individually certified."
roman,decorative_pillow_cover,Decorative pillow cover,decorative_pillow_cover_group_b_10inx16in,"Group B - 10"" x 16""",,,UNRESOLVED EXCEPTION,"Choice inventoried from exported detail fields. Source, conditional visibility, authoritative validation, and production persistence are not individually certified."
roman,decorative_pillow_cover,Decorative pillow cover,decorative_pillow_cover_group_b_10inx18in,"Group B - 10"" x 18""",,,UNRESOLVED EXCEPTION,"Choice inventoried from exported detail fields. Source, conditional visibility, authoritative validation, and production persistence are not individually certified."
roman,decorative_pillow_cover,Decorative pillow cover,decorative_pillow_cover_group_b_12inx22in,"Group B - 12"" x 22""",,,UNRESOLVED EXCEPTION,"Choice inventoried from exported detail fields. Source, conditional visibility, authoritative validation, and production persistence are not individually certified."
roman,decorative_pillow_cover,Decorative pillow cover,decorative_pillow_cover_group_b_14inx24in,"Group B - 14"" x 24""",,,UNRESOLVED EXCEPTION,"Choice inventoried from exported detail fields. Source, conditional visibility, authoritative validation, and production persistence are not individually certified."
roman,decorative_pillow_cover,Decorative pillow cover,decorative_pillow_cover_group_b_14inx18in,"Group B - 14"" x 18""",,,UNRESOLVED EXCEPTION,"Choice inventoried from exported detail fields. Source, conditional visibility, authoritative validation, and production persistence are not individually certified."
roman,decorative_pillow_cover,Decorative pillow cover,decorative_pillow_cover_group_c_14inx14in,"Group C - 14"" x 14""",,,UNRESOLVED EXCEPTION,"Choice inventoried from exported detail fields. Source, conditional visibility, authoritative validation, and production persistence are not individually certified."
roman,decorative_pillow_cover,Decorative pillow cover,decorative_pillow_cover_group_c_16inx16in,"Group C - 16"" x 16""",,,UNRESOLVED EXCEPTION,"Choice inventoried from exported detail fields. Source, conditional visibility, authoritative validation, and production persistence are not individually certified."
roman,decorative_pillow_cover,Decorative pillow cover,decorative_pillow_cover_group_c_18inx18in,"Group C - 18"" x 18""",,,UNRESOLVED EXCEPTION,"Choice inventoried from exported detail fields. Source, conditional visibility, authoritative validation, and production persistence are not individually certified."
roman,decorative_pillow_cover,Decorative pillow cover,decorative_pillow_cover_group_c_20inx20in,"Group C - 20"" x 20""",,,UNRESOLVED EXCEPTION,"Choice inventoried from exported detail fields. Source, conditional visibility, authoritative validation, and production persistence are not individually certified."
roman,decorative_pillow_cover,Decorative pillow cover,decorative_pillow_cover_group_c_24inx24in,"Group C - 24"" x 24""",,,UNRESOLVED EXCEPTION,"Choice inventoried from exported detail fields. Source, conditional visibility, authoritative validation, and production persistence are not individually certified."
roman,decorative_pillow_cover,Decorative pillow cover,decorative_pillow_cover_group_c_10inx14in,"Group C - 10"" x 14""",,,UNRESOLVED EXCEPTION,"Choice inventoried from exported detail fields. Source, conditional visibility, authoritative validation, and production persistence are not individually certified."
roman,decorative_pillow_cover,Decorative pillow cover,decorative_pillow_cover_group_c_10inx16in,"Group C - 10"" x 16""",,,UNRESOLVED EXCEPTION,"Choice inventoried from exported detail fields. Source, conditional visibility, authoritative validation, and production persistence are not individually certified."
roman,decorative_pillow_cover,Decorative pillow cover,decorative_pillow_cover_group_c_10inx18in,"Group C - 10"" x 18""",,,UNRESOLVED EXCEPTION,"Choice inventoried from exported detail fields. Source, conditional visibility, authoritative validation, and production persistence are not individually certified."
roman,decorative_pillow_cover,Decorative pillow cover,decorative_pillow_cover_group_c_12inx22in,"Group C - 12"" x 22""",,,UNRESOLVED EXCEPTION,"Choice inventoried from exported detail fields. Source, conditional visibility, authoritative validation, and production persistence are not individually certified."
roman,decorative_pillow_cover,Decorative pillow cover,decorative_pillow_cover_group_c_14inx24in,"Group C - 14"" x 24""",,,UNRESOLVED EXCEPTION,"Choice inventoried from exported detail fields. Source, conditional visibility, authoritative validation, and production persistence are not individually certified."
roman,decorative_pillow_cover,Decorative pillow cover,decorative_pillow_cover_group_c_14inx18in,"Group C - 14"" x 18""",,,UNRESOLVED EXCEPTION,"Choice inventoried from exported detail fields. Source, conditional visibility, authoritative validation, and production persistence are not individually certified."
smartdrape,mount_type,Mount,inside,Inside mount,,,UNRESOLVED EXCEPTION,"Choice inventoried from exported detail fields. Source, conditional visibility, authoritative validation, and production persistence are not individually certified."
smartdrape,mount_type,Mount,outside,Outside mount,,,UNRESOLVED EXCEPTION,"Choice inventoried from exported detail fields. Source, conditional visibility, authoritative validation, and production persistence are not individually certified."
smartdrape,mount_type,Mount,ceiling,Ceiling mount,,,UNRESOLVED EXCEPTION,"Choice inventoried from exported detail fields. Source, conditional visibility, authoritative validation, and production persistence are not individually certified."
smartdrape,mount_type,Mount,side,Side mount,,,UNRESOLVED EXCEPTION,"Choice inventoried from exported detail fields. Source, conditional visibility, authoritative validation, and production persistence are not individually certified."
smartdrape,stack_option,Stack,left,Left stack,,,UNRESOLVED EXCEPTION,"Choice inventoried from exported detail fields. Source, conditional visibility, authoritative validation, and production persistence are not individually certified."
smartdrape,stack_option,Stack,right,Right stack,,,UNRESOLVED EXCEPTION,"Choice inventoried from exported detail fields. Source, conditional visibility, authoritative validation, and production persistence are not individually certified."
smartdrape,stack_option,Stack,split,Split stack,,,UNRESOLVED EXCEPTION,"Choice inventoried from exported detail fields. Source, conditional visibility, authoritative validation, and production persistence are not individually certified."
smartdrape,vane_style,Vane style,standard,Standard,,,UNRESOLVED EXCEPTION,"Choice inventoried from exported detail fields. Source, conditional visibility, authoritative validation, and production persistence are not individually certified."
smartdrape,vane_style,Vane style,alternating,Alternating colors,,,UNRESOLVED EXCEPTION,"Choice inventoried from exported detail fields. Source, conditional visibility, authoritative validation, and production persistence are not individually certified."
smartdrape,vane_style,Vane style,room_darkening,Room darkening,,,UNRESOLVED EXCEPTION,"Choice inventoried from exported detail fields. Source, conditional visibility, authoritative validation, and production persistence are not individually certified."
smartdrape,additional_vanes,Additional vanes,none,None,,,UNRESOLVED EXCEPTION,"Choice inventoried from exported detail fields. Source, conditional visibility, authoritative validation, and production persistence are not individually certified."
smartdrape,additional_vanes,Additional vanes,additional_vanes_pack_of_6_length_48,"Additional vanes pack of 6 - 48""",,,UNRESOLVED EXCEPTION,"Choice inventoried from exported detail fields. Source, conditional visibility, authoritative validation, and production persistence are not individually certified."
smartdrape,additional_vanes,Additional vanes,additional_vanes_pack_of_6_length_60,"Additional vanes pack of 6 - 60""",,,UNRESOLVED EXCEPTION,"Choice inventoried from exported detail fields. Source, conditional visibility, authoritative validation, and production persistence are not individually certified."
smartdrape,additional_vanes,Additional vanes,additional_vanes_pack_of_6_length_72,"Additional vanes pack of 6 - 72""",,,UNRESOLVED EXCEPTION,"Choice inventoried from exported detail fields. Source, conditional visibility, authoritative validation, and production persistence are not individually certified."
smartdrape,additional_vanes,Additional vanes,additional_vanes_pack_of_6_length_84,"Additional vanes pack of 6 - 84""",,,UNRESOLVED EXCEPTION,"Choice inventoried from exported detail fields. Source, conditional visibility, authoritative validation, and production persistence are not individually certified."
smartdrape,additional_vanes,Additional vanes,additional_vanes_pack_of_6_length_100,"Additional vanes pack of 6 - 100""",,,UNRESOLVED EXCEPTION,"Choice inventoried from exported detail fields. Source, conditional visibility, authoritative validation, and production persistence are not individually certified."
smartdrape,additional_vanes,Additional vanes,additional_vanes_pack_of_6_length_120,"Additional vanes pack of 6 - 120""",,,UNRESOLVED EXCEPTION,"Choice inventoried from exported detail fields. Source, conditional visibility, authoritative validation, and production persistence are not individually certified."
smartdrape,additional_vanes,Additional vanes,additional_vanes_pack_of_6_length_132,"Additional vanes pack of 6 - 132""",,,UNRESOLVED EXCEPTION,"Choice inventoried from exported detail fields. Source, conditional visibility, authoritative validation, and production persistence are not individually certified."
smartdrape,additional_vanes,Additional vanes,additional_vanes_pack_of_6_length_144,"Additional vanes pack of 6 - 144""",,,UNRESOLVED EXCEPTION,"Choice inventoried from exported detail fields. Source, conditional visibility, authoritative validation, and production persistence are not individually certified."
smartdrape,control_side,Control side,left,Left,,,UNRESOLVED EXCEPTION,"Choice inventoried from exported detail fields. Source, conditional visibility, authoritative validation, and production persistence are not individually certified."
smartdrape,control_side,Control side,right,Right,,,UNRESOLVED EXCEPTION,"Choice inventoried from exported detail fields. Source, conditional visibility, authoritative validation, and production persistence are not individually certified."
smartdrape,control_side,Control side,center,Center,,,UNRESOLVED EXCEPTION,"Choice inventoried from exported detail fields. Source, conditional visibility, authoritative validation, and production persistence are not individually certified."
smartdrape,control_side,Control side,na,N/A,,,UNRESOLVED EXCEPTION,"Choice inventoried from exported detail fields. Source, conditional visibility, authoritative validation, and production persistence are not individually certified."
smartdrape,lift_system,Lift / control,cordless,Cordless,,,UNRESOLVED EXCEPTION,"Choice inventoried from exported detail fields. Source, conditional visibility, authoritative validation, and production persistence are not individually certified."
smartdrape,lift_system,Lift / control,continuous_cord_loop,Continuous cord loop,,,UNRESOLVED EXCEPTION,"Choice inventoried from exported detail fields. Source, conditional visibility, authoritative validation, and production persistence are not individually certified."
smartdrape,lift_system,Lift / control,wand,Wand,,,UNRESOLVED EXCEPTION,"Choice inventoried from exported detail fields. Source, conditional visibility, authoritative validation, and production persistence are not individually certified."
smartdrape,lift_system,Lift / control,motorized,Motorized,,,UNRESOLVED EXCEPTION,"Choice inventoried from exported detail fields. Source, conditional visibility, authoritative validation, and production persistence are not individually certified."
smartdrape,lift_system,Lift / control,smartrelease,SmartRelease,,,UNRESOLVED EXCEPTION,"Choice inventoried from exported detail fields. Source, conditional visibility, authoritative validation, and production persistence are not individually certified."
smartfold,mount_type,Mount,inside,Inside mount,,,UNRESOLVED EXCEPTION,"Choice inventoried from exported detail fields. Source, conditional visibility, authoritative validation, and production persistence are not individually certified."
smartfold,mount_type,Mount,outside,Outside mount,,,UNRESOLVED EXCEPTION,"Choice inventoried from exported detail fields. Source, conditional visibility, authoritative validation, and production persistence are not individually certified."
smartfold,mount_type,Mount,ceiling,Ceiling mount,,,UNRESOLVED EXCEPTION,"Choice inventoried from exported detail fields. Source, conditional visibility, authoritative validation, and production persistence are not individually certified."
smartfold,mount_type,Mount,side,Side mount,,,UNRESOLVED EXCEPTION,"Choice inventoried from exported detail fields. Source, conditional visibility, authoritative validation, and production persistence are not individually certified."
smartfold,smartfold_installation,Mounting method,Top Mount with Raceway,Top Mount with Raceway,,,UNRESOLVED EXCEPTION,"Choice inventoried from exported detail fields. Source, conditional visibility, authoritative validation, and production persistence are not individually certified."
smartfold,smartfold_installation,Mounting method,Back / Wall Mount with Raceway,Back / Wall Mount with Raceway,,,UNRESOLVED EXCEPTION,"Choice inventoried from exported detail fields. Source, conditional visibility, authoritative validation, and production persistence are not individually certified."
smartfold,smartfold_shim_layers,Shim layers,0,0,,,UNRESOLVED EXCEPTION,"Choice inventoried from exported detail fields. Source, conditional visibility, authoritative validation, and production persistence are not individually certified."
smartfold,smartfold_shim_layers,Shim layers,1,1,,,UNRESOLVED EXCEPTION,"Choice inventoried from exported detail fields. Source, conditional visibility, authoritative validation, and production persistence are not individually certified."
smartfold,smartfold_shim_layers,Shim layers,2,2,,,UNRESOLVED EXCEPTION,"Choice inventoried from exported detail fields. Source, conditional visibility, authoritative validation, and production persistence are not individually certified."
smartfold,smartfold_shim_layers,Shim layers,3,3,,,UNRESOLVED EXCEPTION,"Choice inventoried from exported detail fields. Source, conditional visibility, authoritative validation, and production persistence are not individually certified."
smartfold,fold_size,Fold size,6,6,,,UNRESOLVED EXCEPTION,"Choice inventoried from exported detail fields. Source, conditional visibility, authoritative validation, and production persistence are not individually certified."
smartfold,fold_size,Fold size,7,7,,,UNRESOLVED EXCEPTION,"Choice inventoried from exported detail fields. Source, conditional visibility, authoritative validation, and production persistence are not individually certified."
smartfold,fold_size,Fold size,8,8,,,UNRESOLVED EXCEPTION,"Choice inventoried from exported detail fields. Source, conditional visibility, authoritative validation, and production persistence are not individually certified."
smartfold,smartfold_hold_down,Hold-downs,None,None,,,UNRESOLVED EXCEPTION,"Choice inventoried from exported detail fields. Source, conditional visibility, authoritative validation, and production persistence are not individually certified."
smartfold,smartfold_hold_down,Hold-downs,Traditional,Traditional,,,UNRESOLVED EXCEPTION,"Choice inventoried from exported detail fields. Source, conditional visibility, authoritative validation, and production persistence are not individually certified."
smartfold,smartfold_hold_down,Hold-downs,Magnetic,Magnetic,,,UNRESOLVED EXCEPTION,"Choice inventoried from exported detail fields. Source, conditional visibility, authoritative validation, and production persistence are not individually certified."
smartfold,smartfold_magnet_color,Magnet catch color,Nickel-Plated,Nickel-Plated,,,UNRESOLVED EXCEPTION,"Choice inventoried from exported detail fields. Source, conditional visibility, authoritative validation, and production persistence are not individually certified."
smartfold,smartfold_magnet_color,Magnet catch color,Pure White,Pure White,,,UNRESOLVED EXCEPTION,"Choice inventoried from exported detail fields. Source, conditional visibility, authoritative validation, and production persistence are not individually certified."
smartfold,smartfold_magnet_color,Magnet catch color,Silk White,Silk White,,,UNRESOLVED EXCEPTION,"Choice inventoried from exported detail fields. Source, conditional visibility, authoritative validation, and production persistence are not individually certified."
smartfold,smartfold_magnet_color,Magnet catch color,Bisque,Bisque,,,UNRESOLVED EXCEPTION,"Choice inventoried from exported detail fields. Source, conditional visibility, authoritative validation, and production persistence are not individually certified."
smartfold,smartfold_magnet_color,Magnet catch color,Pearl,Pearl,,,UNRESOLVED EXCEPTION,"Choice inventoried from exported detail fields. Source, conditional visibility, authoritative validation, and production persistence are not individually certified."
smartfold,smartfold_magnet_color,Magnet catch color,Bright Brass,Bright Brass,,,UNRESOLVED EXCEPTION,"Choice inventoried from exported detail fields. Source, conditional visibility, authoritative validation, and production persistence are not individually certified."
smartfold,smartfold_magnet_color,Magnet catch color,Antique Brass,Antique Brass,,,UNRESOLVED EXCEPTION,"Choice inventoried from exported detail fields. Source, conditional visibility, authoritative validation, and production persistence are not individually certified."
smartfold,smartfold_magnet_color,Magnet catch color,Black,Black,,,UNRESOLVED EXCEPTION,"Choice inventoried from exported detail fields. Source, conditional visibility, authoritative validation, and production persistence are not individually certified."
smartfold,smartfold_magnet_color,Magnet catch color,Crisp Linen,Crisp Linen,,,UNRESOLVED EXCEPTION,"Choice inventoried from exported detail fields. Source, conditional visibility, authoritative validation, and production persistence are not individually certified."
smartfold,smartfold_magnet_color,Magnet catch color,String,String,,,UNRESOLVED EXCEPTION,"Choice inventoried from exported detail fields. Source, conditional visibility, authoritative validation, and production persistence are not individually certified."
smartfold,smartfold_magnet_color,Magnet catch color,Sea Mist,Sea Mist,,,UNRESOLVED EXCEPTION,"Choice inventoried from exported detail fields. Source, conditional visibility, authoritative validation, and production persistence are not individually certified."
smartfold,smartfold_magnet_color,Magnet catch color,Stone Gray,Stone Gray,,,UNRESOLVED EXCEPTION,"Choice inventoried from exported detail fields. Source, conditional visibility, authoritative validation, and production persistence are not individually certified."
smartfold,smartfold_magnet_color,Magnet catch color,Brown Gray,Brown Gray,,,UNRESOLVED EXCEPTION,"Choice inventoried from exported detail fields. Source, conditional visibility, authoritative validation, and production persistence are not individually certified."
smartfold,smartfold_magnet_color,Magnet catch color,Taupe Gray,Taupe Gray,,,UNRESOLVED EXCEPTION,"Choice inventoried from exported detail fields. Source, conditional visibility, authoritative validation, and production persistence are not individually certified."
smartfold,smartfold_pole,Additional pole per shade,None,None,,,UNRESOLVED EXCEPTION,"Choice inventoried from exported detail fields. Source, conditional visibility, authoritative validation, and production persistence are not individually certified."
smartfold,smartfold_pole,Additional pole per shade,30-inch Fiberglass Pole,30-inch Fiberglass Pole,,,UNRESOLVED EXCEPTION,"Choice inventoried from exported detail fields. Source, conditional visibility, authoritative validation, and production persistence are not individually certified."
smartfold,smartfold_pole,Additional pole per shade,58-inch Fiberglass Pole,58-inch Fiberglass Pole,,,UNRESOLVED EXCEPTION,"Choice inventoried from exported detail fields. Source, conditional visibility, authoritative validation, and production persistence are not individually certified."
smartfold,smartfold_pole,Additional pole per shade,36-inch Cordless Operating Pole,36-inch Cordless Operating Pole,,,UNRESOLVED EXCEPTION,"Choice inventoried from exported detail fields. Source, conditional visibility, authoritative validation, and production persistence are not individually certified."
smartfold,smartfold_pole,Additional pole per shade,60-inch Cordless Operating Pole,60-inch Cordless Operating Pole,,,UNRESOLVED EXCEPTION,"Choice inventoried from exported detail fields. Source, conditional visibility, authoritative validation, and production persistence are not individually certified."
smartfold,smartfold_pole,Additional pole per shade,Pole Attachment Only,Pole Attachment Only,,,UNRESOLVED EXCEPTION,"Choice inventoried from exported detail fields. Source, conditional visibility, authoritative validation, and production persistence are not individually certified."
smartfold,smartfold_light_guard_recess,Light Guard recess arrangement,Fully Recessed,Fully Recessed,,,UNRESOLVED EXCEPTION,"Choice inventoried from exported detail fields. Source, conditional visibility, authoritative validation, and production persistence are not individually certified."
smartfold,smartfold_light_guard_recess,Light Guard recess arrangement,Partial Projection,Partial Projection,,,UNRESOLVED EXCEPTION,"Choice inventoried from exported detail fields. Source, conditional visibility, authoritative validation, and production persistence are not individually certified."
smartfold,smartfold_light_guard_color,Light Guard color,3058 White,3058 White,,,UNRESOLVED EXCEPTION,"Choice inventoried from exported detail fields. Source, conditional visibility, authoritative validation, and production persistence are not individually certified."
smartfold,smartfold_light_guard_color,Light Guard color,3012 Bianca,3012 Bianca,,,UNRESOLVED EXCEPTION,"Choice inventoried from exported detail fields. Source, conditional visibility, authoritative validation, and production persistence are not individually certified."
smartfold,smartfold_light_guard_color,Light Guard color,3094 Cottage White,3094 Cottage White,,,UNRESOLVED EXCEPTION,"Choice inventoried from exported detail fields. Source, conditional visibility, authoritative validation, and production persistence are not individually certified."
smartfold,smartfold_light_guard_color,Light Guard color,3578 Sahara,3578 Sahara,,,UNRESOLVED EXCEPTION,"Choice inventoried from exported detail fields. Source, conditional visibility, authoritative validation, and production persistence are not individually certified."
smartfold,smartfold_light_guard_color,Light Guard color,3463 Chocolate,3463 Chocolate,,,UNRESOLVED EXCEPTION,"Choice inventoried from exported detail fields. Source, conditional visibility, authoritative validation, and production persistence are not individually certified."
smartfold,smartfold_light_guard_color,Light Guard color,3129 Silver,3129 Silver,,,UNRESOLVED EXCEPTION,"Choice inventoried from exported detail fields. Source, conditional visibility, authoritative validation, and production persistence are not individually certified."
smartfold,smartfold_light_guard_color,Light Guard color,3212 Black Ink,3212 Black Ink,,,UNRESOLVED EXCEPTION,"Choice inventoried from exported detail fields. Source, conditional visibility, authoritative validation, and production persistence are not individually certified."
smartfold,smartfold_valance_returns,Valance returns,None,None,,,UNRESOLVED EXCEPTION,"Choice inventoried from exported detail fields. Source, conditional visibility, authoritative validation, and production persistence are not individually certified."
smartfold,smartfold_valance_returns,Valance returns,Left,Left,,,UNRESOLVED EXCEPTION,"Choice inventoried from exported detail fields. Source, conditional visibility, authoritative validation, and production persistence are not individually certified."
smartfold,smartfold_valance_returns,Valance returns,Right,Right,,,UNRESOLVED EXCEPTION,"Choice inventoried from exported detail fields. Source, conditional visibility, authoritative validation, and production persistence are not individually certified."
smartfold,smartfold_valance_returns,Valance returns,Both,Both,,,UNRESOLVED EXCEPTION,"Choice inventoried from exported detail fields. Source, conditional visibility, authoritative validation, and production persistence are not individually certified."
smartfold,smartfold_valance_joinery,Valance joinery,Connector,Connector,,,UNRESOLVED EXCEPTION,"Choice inventoried from exported detail fields. Source, conditional visibility, authoritative validation, and production persistence are not individually certified."
smartfold,smartfold_valance_joinery,Valance joinery,V-Shape Keystone,V-Shape Keystone,,,UNRESOLVED EXCEPTION,"Choice inventoried from exported detail fields. Source, conditional visibility, authoritative validation, and production persistence are not individually certified."
smartfold,smartfold_valance_joinery,Valance joinery,Square Keystone,Square Keystone,,,UNRESOLVED EXCEPTION,"Choice inventoried from exported detail fields. Source, conditional visibility, authoritative validation, and production persistence are not individually certified."
smartfold,smartfold_keystone_count,Keystone count,1,1,,,UNRESOLVED EXCEPTION,"Choice inventoried from exported detail fields. Source, conditional visibility, authoritative validation, and production persistence are not individually certified."
smartfold,smartfold_keystone_count,Keystone count,2,2,,,UNRESOLVED EXCEPTION,"Choice inventoried from exported detail fields. Source, conditional visibility, authoritative validation, and production persistence are not individually certified."
smartfold,smartfold_keystone_count,Keystone count,3,3,,,UNRESOLVED EXCEPTION,"Choice inventoried from exported detail fields. Source, conditional visibility, authoritative validation, and production persistence are not individually certified."
smartfold,smartfold_keystone_layout,Keystone locations,Equally Spaced,Equally Spaced,,,UNRESOLVED EXCEPTION,"Choice inventoried from exported detail fields. Source, conditional visibility, authoritative validation, and production persistence are not individually certified."
smartfold,smartfold_keystone_layout,Keystone locations,Custom,Custom,,,UNRESOLVED EXCEPTION,"Choice inventoried from exported detail fields. Source, conditional visibility, authoritative validation, and production persistence are not individually certified."
smartfold,smartfold_common_position,Shade position from left,1,1,,,UNRESOLVED EXCEPTION,"Choice inventoried from exported detail fields. Source, conditional visibility, authoritative validation, and production persistence are not individually certified."
smartfold,smartfold_common_position,Shade position from left,2,2,,,UNRESOLVED EXCEPTION,"Choice inventoried from exported detail fields. Source, conditional visibility, authoritative validation, and production persistence are not individually certified."
smartfold,smartfold_common_position,Shade position from left,3,3,,,UNRESOLVED EXCEPTION,"Choice inventoried from exported detail fields. Source, conditional visibility, authoritative validation, and production persistence are not individually certified."
smartfold,smartfold_common_position,Shade position from left,4,4,,,UNRESOLVED EXCEPTION,"Choice inventoried from exported detail fields. Source, conditional visibility, authoritative validation, and production persistence are not individually certified."
smartfold,smartfold_fabric_pattern,Fabric pattern,Standard,Standard,,,UNRESOLVED EXCEPTION,"Choice inventoried from exported detail fields. Source, conditional visibility, authoritative validation, and production persistence are not individually certified."
smartfold,smartfold_fabric_pattern,Fabric pattern,Reverse,Reverse,,,UNRESOLVED EXCEPTION,"Choice inventoried from exported detail fields. Source, conditional visibility, authoritative validation, and production persistence are not individually certified."
smartfold,smartfold_hardware_color,Hardware color,Default,Default,,,UNRESOLVED EXCEPTION,"Choice inventoried from exported detail fields. Source, conditional visibility, authoritative validation, and production persistence are not individually certified."
smartfold,smartfold_hardware_color,Hardware color,White,White,,,UNRESOLVED EXCEPTION,"Choice inventoried from exported detail fields. Source, conditional visibility, authoritative validation, and production persistence are not individually certified."
smartfold,smartfold_hardware_color,Hardware color,Bianca,Bianca,,,UNRESOLVED EXCEPTION,"Choice inventoried from exported detail fields. Source, conditional visibility, authoritative validation, and production persistence are not individually certified."
smartfold,smartfold_hardware_color,Hardware color,Black,Black,,,UNRESOLVED EXCEPTION,"Choice inventoried from exported detail fields. Source, conditional visibility, authoritative validation, and production persistence are not individually certified."
smartfold,smartfold_hem_style,Hem-bar style,Fabric-Wrapped,Fabric-Wrapped,,,UNRESOLVED EXCEPTION,"Choice inventoried from exported detail fields. Source, conditional visibility, authoritative validation, and production persistence are not individually certified."
smartfold,smartfold_hem_style,Hem-bar style,Plain,Plain,,,UNRESOLVED EXCEPTION,"Choice inventoried from exported detail fields. Source, conditional visibility, authoritative validation, and production persistence are not individually certified."
smartfold,smartfold_hem_color,Hem-bar color,Default,Default,,,UNRESOLVED EXCEPTION,"Choice inventoried from exported detail fields. Source, conditional visibility, authoritative validation, and production persistence are not individually certified."
smartfold,smartfold_hem_color,Hem-bar color,White,White,,,UNRESOLVED EXCEPTION,"Choice inventoried from exported detail fields. Source, conditional visibility, authoritative validation, and production persistence are not individually certified."
smartfold,smartfold_hem_color,Hem-bar color,Bianca,Bianca,,,UNRESOLVED EXCEPTION,"Choice inventoried from exported detail fields. Source, conditional visibility, authoritative validation, and production persistence are not individually certified."
smartfold,smartfold_hem_color,Hem-bar color,Black,Black,,,UNRESOLVED EXCEPTION,"Choice inventoried from exported detail fields. Source, conditional visibility, authoritative validation, and production persistence are not individually certified."
smartfold,smartfold_hem_color,Hem-bar color,Cottage White,Cottage White,,,UNRESOLVED EXCEPTION,"Choice inventoried from exported detail fields. Source, conditional visibility, authoritative validation, and production persistence are not individually certified."
smartfold,smartfold_hem_color,Hem-bar color,Brass,Brass,,,UNRESOLVED EXCEPTION,"Choice inventoried from exported detail fields. Source, conditional visibility, authoritative validation, and production persistence are not individually certified."
smartfold,smartfold_hem_color,Hem-bar color,Bronze,Bronze,,,UNRESOLVED EXCEPTION,"Choice inventoried from exported detail fields. Source, conditional visibility, authoritative validation, and production persistence are not individually certified."
smartfold,smartfold_hem_color,Hem-bar color,Brushed Black,Brushed Black,,,UNRESOLVED EXCEPTION,"Choice inventoried from exported detail fields. Source, conditional visibility, authoritative validation, and production persistence are not individually certified."
smartfold,smartfold_hem_color,Hem-bar color,Matte Silver,Matte Silver,,,UNRESOLVED EXCEPTION,"Choice inventoried from exported detail fields. Source, conditional visibility, authoritative validation, and production persistence are not individually certified."
smartfold,smartfold_hem_end_cap,Hem-bar end caps,Default,Default,,,UNRESOLVED EXCEPTION,"Choice inventoried from exported detail fields. Source, conditional visibility, authoritative validation, and production persistence are not individually certified."
smartfold,smartfold_hem_end_cap,Hem-bar end caps,White,White,,,UNRESOLVED EXCEPTION,"Choice inventoried from exported detail fields. Source, conditional visibility, authoritative validation, and production persistence are not individually certified."
smartfold,smartfold_hem_end_cap,Hem-bar end caps,Bianca,Bianca,,,UNRESOLVED EXCEPTION,"Choice inventoried from exported detail fields. Source, conditional visibility, authoritative validation, and production persistence are not individually certified."
smartfold,smartfold_hem_end_cap,Hem-bar end caps,Black,Black,,,UNRESOLVED EXCEPTION,"Choice inventoried from exported detail fields. Source, conditional visibility, authoritative validation, and production persistence are not individually certified."
smartfold,smartfold_hem_end_cap,Hem-bar end caps,Cottage White,Cottage White,,,UNRESOLVED EXCEPTION,"Choice inventoried from exported detail fields. Source, conditional visibility, authoritative validation, and production persistence are not individually certified."
smartfold,smartfold_hem_end_cap,Hem-bar end caps,Nature,Nature,,,UNRESOLVED EXCEPTION,"Choice inventoried from exported detail fields. Source, conditional visibility, authoritative validation, and production persistence are not individually certified."
smartfold,smartfold_hem_end_cap,Hem-bar end caps,Terra,Terra,,,UNRESOLVED EXCEPTION,"Choice inventoried from exported detail fields. Source, conditional visibility, authoritative validation, and production persistence are not individually certified."
smartfold,smartfold_hem_end_cap,Hem-bar end caps,Sahara,Sahara,,,UNRESOLVED EXCEPTION,"Choice inventoried from exported detail fields. Source, conditional visibility, authoritative validation, and production persistence are not individually certified."
smartfold,smartfold_hem_end_cap,Hem-bar end caps,Chocolate,Chocolate,,,UNRESOLVED EXCEPTION,"Choice inventoried from exported detail fields. Source, conditional visibility, authoritative validation, and production persistence are not individually certified."
smartfold,smartfold_fascia_style,Curved fascia style,Plain,Plain,,,UNRESOLVED EXCEPTION,"Choice inventoried from exported detail fields. Source, conditional visibility, authoritative validation, and production persistence are not individually certified."
smartfold,smartfold_fascia_style,Curved fascia style,Fabric-Wrapped,Fabric-Wrapped,,,UNRESOLVED EXCEPTION,"Choice inventoried from exported detail fields. Source, conditional visibility, authoritative validation, and production persistence are not individually certified."
smartfold,smartfold_fascia_color,Fascia color,Default,Default,,,UNRESOLVED EXCEPTION,"Choice inventoried from exported detail fields. Source, conditional visibility, authoritative validation, and production persistence are not individually certified."
smartfold,smartfold_fascia_color,Fascia color,White,White,,,UNRESOLVED EXCEPTION,"Choice inventoried from exported detail fields. Source, conditional visibility, authoritative validation, and production persistence are not individually certified."
smartfold,smartfold_fascia_color,Fascia color,Bianca,Bianca,,,UNRESOLVED EXCEPTION,"Choice inventoried from exported detail fields. Source, conditional visibility, authoritative validation, and production persistence are not individually certified."
smartfold,smartfold_fascia_color,Fascia color,Black,Black,,,UNRESOLVED EXCEPTION,"Choice inventoried from exported detail fields. Source, conditional visibility, authoritative validation, and production persistence are not individually certified."
smartfold,smartfold_fascia_color,Fascia color,Cottage White,Cottage White,,,UNRESOLVED EXCEPTION,"Choice inventoried from exported detail fields. Source, conditional visibility, authoritative validation, and production persistence are not individually certified."
smartfold,smartfold_fascia_color,Fascia color,Anodized Silver,Anodized Silver,,,UNRESOLVED EXCEPTION,"Choice inventoried from exported detail fields. Source, conditional visibility, authoritative validation, and production persistence are not individually certified."
smartfold,smartfold_fascia_end_cap,Fascia end caps,Default,Default,,,UNRESOLVED EXCEPTION,"Choice inventoried from exported detail fields. Source, conditional visibility, authoritative validation, and production persistence are not individually certified."
smartfold,smartfold_fascia_end_cap,Fascia end caps,White,White,,,UNRESOLVED EXCEPTION,"Choice inventoried from exported detail fields. Source, conditional visibility, authoritative validation, and production persistence are not individually certified."
smartfold,smartfold_fascia_end_cap,Fascia end caps,Bianca,Bianca,,,UNRESOLVED EXCEPTION,"Choice inventoried from exported detail fields. Source, conditional visibility, authoritative validation, and production persistence are not individually certified."
smartfold,smartfold_fascia_end_cap,Fascia end caps,Black,Black,,,UNRESOLVED EXCEPTION,"Choice inventoried from exported detail fields. Source, conditional visibility, authoritative validation, and production persistence are not individually certified."
smartfold,smartfold_fascia_end_cap,Fascia end caps,Cottage White,Cottage White,,,UNRESOLVED EXCEPTION,"Choice inventoried from exported detail fields. Source, conditional visibility, authoritative validation, and production persistence are not individually certified."
smartfold,smartfold_fascia_end_cap,Fascia end caps,Nature,Nature,,,UNRESOLVED EXCEPTION,"Choice inventoried from exported detail fields. Source, conditional visibility, authoritative validation, and production persistence are not individually certified."
smartfold,smartfold_fascia_end_cap,Fascia end caps,Terra,Terra,,,UNRESOLVED EXCEPTION,"Choice inventoried from exported detail fields. Source, conditional visibility, authoritative validation, and production persistence are not individually certified."
smartfold,smartfold_fascia_end_cap,Fascia end caps,Sahara,Sahara,,,UNRESOLVED EXCEPTION,"Choice inventoried from exported detail fields. Source, conditional visibility, authoritative validation, and production persistence are not individually certified."
smartfold,smartfold_fascia_end_cap,Fascia end caps,Chocolate,Chocolate,,,UNRESOLVED EXCEPTION,"Choice inventoried from exported detail fields. Source, conditional visibility, authoritative validation, and production persistence are not individually certified."
smartfold,smartfold_valance_fabric_code,Valance fabric override,Default,Default,,,UNRESOLVED EXCEPTION,"Choice inventoried from exported detail fields. Source, conditional visibility, authoritative validation, and production persistence are not individually certified."
smartfold,smartfold_valance_fabric_code,Valance fabric override,F1794,F1794,,,UNRESOLVED EXCEPTION,"Choice inventoried from exported detail fields. Source, conditional visibility, authoritative validation, and production persistence are not individually certified."
smartfold,smartfold_valance_fabric_code,Valance fabric override,F1795,F1795,,,UNRESOLVED EXCEPTION,"Choice inventoried from exported detail fields. Source, conditional visibility, authoritative validation, and production persistence are not individually certified."
smartfold,smartfold_valance_fabric_code,Valance fabric override,F1719,F1719,,,UNRESOLVED EXCEPTION,"Choice inventoried from exported detail fields. Source, conditional visibility, authoritative validation, and production persistence are not individually certified."
smartfold,smartfold_valance_fabric_code,Valance fabric override,F1721,F1721,,,UNRESOLVED EXCEPTION,"Choice inventoried from exported detail fields. Source, conditional visibility, authoritative validation, and production persistence are not individually certified."
smartfold,smartfold_valance_fabric_code,Valance fabric override,F1720,F1720,,,UNRESOLVED EXCEPTION,"Choice inventoried from exported detail fields. Source, conditional visibility, authoritative validation, and production persistence are not individually certified."
smartfold,smartfold_valance_fabric_code,Valance fabric override,F1695,F1695,,,UNRESOLVED EXCEPTION,"Choice inventoried from exported detail fields. Source, conditional visibility, authoritative validation, and production persistence are not individually certified."
smartfold,smartfold_valance_fabric_code,Valance fabric override,F1708,F1708,,,UNRESOLVED EXCEPTION,"Choice inventoried from exported detail fields. Source, conditional visibility, authoritative validation, and production persistence are not individually certified."
smartfold,smartfold_valance_fabric_code,Valance fabric override,F1709,F1709,,,UNRESOLVED EXCEPTION,"Choice inventoried from exported detail fields. Source, conditional visibility, authoritative validation, and production persistence are not individually certified."
smartfold,smartfold_valance_fabric_code,Valance fabric override,F1710,F1710,,,UNRESOLVED EXCEPTION,"Choice inventoried from exported detail fields. Source, conditional visibility, authoritative validation, and production persistence are not individually certified."
smartfold,smartfold_valance_fabric_code,Valance fabric override,F1711,F1711,,,UNRESOLVED EXCEPTION,"Choice inventoried from exported detail fields. Source, conditional visibility, authoritative validation, and production persistence are not individually certified."
smartfold,smartfold_valance_fabric_code,Valance fabric override,F1934,F1934,,,UNRESOLVED EXCEPTION,"Choice inventoried from exported detail fields. Source, conditional visibility, authoritative validation, and production persistence are not individually certified."
smartfold,smartfold_valance_fabric_code,Valance fabric override,F1935,F1935,,,UNRESOLVED EXCEPTION,"Choice inventoried from exported detail fields. Source, conditional visibility, authoritative validation, and production persistence are not individually certified."
smartfold,smartfold_valance_fabric_code,Valance fabric override,F1936,F1936,,,UNRESOLVED EXCEPTION,"Choice inventoried from exported detail fields. Source, conditional visibility, authoritative validation, and production persistence are not individually certified."
smartfold,smartfold_valance_fabric_code,Valance fabric override,F1937,F1937,,,UNRESOLVED EXCEPTION,"Choice inventoried from exported detail fields. Source, conditional visibility, authoritative validation, and production persistence are not individually certified."
smartfold,smartfold_valance_fabric_code,Valance fabric override,F1938,F1938,,,UNRESOLVED EXCEPTION,"Choice inventoried from exported detail fields. Source, conditional visibility, authoritative validation, and production persistence are not individually certified."
smartfold,smartfold_wood_valance_color,Wood valance finish,001 Pure White,001 Pure White,,,UNRESOLVED EXCEPTION,"Choice inventoried from exported detail fields. Source, conditional visibility, authoritative validation, and production persistence are not individually certified."
smartfold,smartfold_wood_valance_color,Wood valance finish,003 Silk White,003 Silk White,,,UNRESOLVED EXCEPTION,"Choice inventoried from exported detail fields. Source, conditional visibility, authoritative validation, and production persistence are not individually certified."
smartfold,smartfold_wood_valance_color,Wood valance finish,006 Pearl,006 Pearl,,,UNRESOLVED EXCEPTION,"Choice inventoried from exported detail fields. Source, conditional visibility, authoritative validation, and production persistence are not individually certified."
smartfold,smartfold_wood_valance_color,Wood valance finish,012 Crisp Linen,012 Crisp Linen,,,UNRESOLVED EXCEPTION,"Choice inventoried from exported detail fields. Source, conditional visibility, authoritative validation, and production persistence are not individually certified."
smartfold,smartfold_wood_valance_color,Wood valance finish,049 Stone Gray,049 Stone Gray,,,UNRESOLVED EXCEPTION,"Choice inventoried from exported detail fields. Source, conditional visibility, authoritative validation, and production persistence are not individually certified."
smartfold,smartfold_wood_valance_color,Wood valance finish,053 Clay,053 Clay,,,UNRESOLVED EXCEPTION,"Choice inventoried from exported detail fields. Source, conditional visibility, authoritative validation, and production persistence are not individually certified."
smartfold,smartfold_wood_valance_color,Wood valance finish,109 Weathered Teak,109 Weathered Teak,,,UNRESOLVED EXCEPTION,"Choice inventoried from exported detail fields. Source, conditional visibility, authoritative validation, and production persistence are not individually certified."
smartfold,smartfold_wood_valance_color,Wood valance finish,110 Limed White,110 Limed White,,,UNRESOLVED EXCEPTION,"Choice inventoried from exported detail fields. Source, conditional visibility, authoritative validation, and production persistence are not individually certified."
smartfold,smartfold_wood_valance_color,Wood valance finish,212 Dark Teak,212 Dark Teak,,,UNRESOLVED EXCEPTION,"Choice inventoried from exported detail fields. Source, conditional visibility, authoritative validation, and production persistence are not individually certified."
smartfold,smartfold_wood_valance_color,Wood valance finish,221 Black Walnut,221 Black Walnut,,,UNRESOLVED EXCEPTION,"Choice inventoried from exported detail fields. Source, conditional visibility, authoritative validation, and production persistence are not individually certified."
smartfold,smartfold_wood_valance_color,Wood valance finish,237 Wenge,237 Wenge,,,UNRESOLVED EXCEPTION,"Choice inventoried from exported detail fields. Source, conditional visibility, authoritative validation, and production persistence are not individually certified."
smartfold,smartfold_wood_valance_color,Wood valance finish,246 Matte Black,246 Matte Black,,,UNRESOLVED EXCEPTION,"Choice inventoried from exported detail fields. Source, conditional visibility, authoritative validation, and production persistence are not individually certified."
smartfold,smartfold_chain_color,Chain color,Default,Default,,,UNRESOLVED EXCEPTION,"Choice inventoried from exported detail fields. Source, conditional visibility, authoritative validation, and production persistence are not individually certified."
smartfold,smartfold_chain_color,Chain color,White,White,,,UNRESOLVED EXCEPTION,"Choice inventoried from exported detail fields. Source, conditional visibility, authoritative validation, and production persistence are not individually certified."
smartfold,smartfold_chain_color,Chain color,Bianca,Bianca,,,UNRESOLVED EXCEPTION,"Choice inventoried from exported detail fields. Source, conditional visibility, authoritative validation, and production persistence are not individually certified."
smartfold,smartfold_chain_color,Chain color,Cottage White,Cottage White,,,UNRESOLVED EXCEPTION,"Choice inventoried from exported detail fields. Source, conditional visibility, authoritative validation, and production persistence are not individually certified."
smartfold,smartfold_chain_color,Chain color,Silver,Silver,,,UNRESOLVED EXCEPTION,"Choice inventoried from exported detail fields. Source, conditional visibility, authoritative validation, and production persistence are not individually certified."
smartfold,smartfold_chain_color,Chain color,Brass,Brass,,,UNRESOLVED EXCEPTION,"Choice inventoried from exported detail fields. Source, conditional visibility, authoritative validation, and production persistence are not individually certified."
smartfold,smartfold_chain_color,Chain color,Sahara,Sahara,,,UNRESOLVED EXCEPTION,"Choice inventoried from exported detail fields. Source, conditional visibility, authoritative validation, and production persistence are not individually certified."
smartfold,smartfold_chain_color,Chain color,Chocolate,Chocolate,,,UNRESOLVED EXCEPTION,"Choice inventoried from exported detail fields. Source, conditional visibility, authoritative validation, and production persistence are not individually certified."
smartfold,smartfold_chain_color,Chain color,Black,Black,,,UNRESOLVED EXCEPTION,"Choice inventoried from exported detail fields. Source, conditional visibility, authoritative validation, and production persistence are not individually certified."
smartfold,smartfold_chain_color,Chain color,Nature,Nature,,,UNRESOLVED EXCEPTION,"Choice inventoried from exported detail fields. Source, conditional visibility, authoritative validation, and production persistence are not individually certified."
smartfold,smartfold_chain_color,Chain color,Terra,Terra,,,UNRESOLVED EXCEPTION,"Choice inventoried from exported detail fields. Source, conditional visibility, authoritative validation, and production persistence are not individually certified."
smartfold,smartfold_chain_color,Chain color,Stainless Steel,Stainless Steel,,,UNRESOLVED EXCEPTION,"Choice inventoried from exported detail fields. Source, conditional visibility, authoritative validation, and production persistence are not individually certified."
smartfold,smartfold_chain_unobstructed,Unobstructed below tension device,No,No,,,UNRESOLVED EXCEPTION,"Choice inventoried from exported detail fields. Source, conditional visibility, authoritative validation, and production persistence are not individually certified."
smartfold,smartfold_chain_unobstructed,Unobstructed below tension device,Yes,Yes,,,UNRESOLVED EXCEPTION,"Choice inventoried from exported detail fields. Source, conditional visibility, authoritative validation, and production persistence are not individually certified."
smartfold,full_fold_required,Full fold required,No,No,,,UNRESOLVED EXCEPTION,"Choice inventoried from exported detail fields. Source, conditional visibility, authoritative validation, and production persistence are not individually certified."
smartfold,full_fold_required,Full fold required,Yes,Yes,,,UNRESOLVED EXCEPTION,"Choice inventoried from exported detail fields. Source, conditional visibility, authoritative validation, and production persistence are not individually certified."
smartfold,smartfold_side_by_side_id,Side-by-side group,None,None,,,UNRESOLVED EXCEPTION,"Choice inventoried from exported detail fields. Source, conditional visibility, authoritative validation, and production persistence are not individually certified."
smartfold,smartfold_side_by_side_id,Side-by-side group,Group 1,Group 1,,,UNRESOLVED EXCEPTION,"Choice inventoried from exported detail fields. Source, conditional visibility, authoritative validation, and production persistence are not individually certified."
smartfold,smartfold_side_by_side_id,Side-by-side group,Group 2,Group 2,,,UNRESOLVED EXCEPTION,"Choice inventoried from exported detail fields. Source, conditional visibility, authoritative validation, and production persistence are not individually certified."
smartfold,smartfold_side_by_side_id,Side-by-side group,Group 3,Group 3,,,UNRESOLVED EXCEPTION,"Choice inventoried from exported detail fields. Source, conditional visibility, authoritative validation, and production persistence are not individually certified."
smartfold,smartfold_side_by_side_id,Side-by-side group,Group 4,Group 4,,,UNRESOLVED EXCEPTION,"Choice inventoried from exported detail fields. Source, conditional visibility, authoritative validation, and production persistence are not individually certified."
smartfold,smartfold_side_by_side_id,Side-by-side group,Group 5,Group 5,,,UNRESOLVED EXCEPTION,"Choice inventoried from exported detail fields. Source, conditional visibility, authoritative validation, and production persistence are not individually certified."
smartfold,smartfold_side_by_side_id,Side-by-side group,Group 6,Group 6,,,UNRESOLVED EXCEPTION,"Choice inventoried from exported detail fields. Source, conditional visibility, authoritative validation, and production persistence are not individually certified."
smartfold,smartfold_side_by_side_id,Side-by-side group,Group 7,Group 7,,,UNRESOLVED EXCEPTION,"Choice inventoried from exported detail fields. Source, conditional visibility, authoritative validation, and production persistence are not individually certified."
smartfold,smartfold_side_by_side_id,Side-by-side group,Group 8,Group 8,,,UNRESOLVED EXCEPTION,"Choice inventoried from exported detail fields. Source, conditional visibility, authoritative validation, and production persistence are not individually certified."
smartfold,smartfold_side_by_side_id,Side-by-side group,Group 9,Group 9,,,UNRESOLVED EXCEPTION,"Choice inventoried from exported detail fields. Source, conditional visibility, authoritative validation, and production persistence are not individually certified."
smartfold,smartfold_side_by_side_id,Side-by-side group,Group 10,Group 10,,,UNRESOLVED EXCEPTION,"Choice inventoried from exported detail fields. Source, conditional visibility, authoritative validation, and production persistence are not individually certified."
smartfold,smartfold_side_by_side_id,Side-by-side group,Group 11,Group 11,,,UNRESOLVED EXCEPTION,"Choice inventoried from exported detail fields. Source, conditional visibility, authoritative validation, and production persistence are not individually certified."
smartfold,smartfold_side_by_side_id,Side-by-side group,Group 12,Group 12,,,UNRESOLVED EXCEPTION,"Choice inventoried from exported detail fields. Source, conditional visibility, authoritative validation, and production persistence are not individually certified."
smartfold,smartfold_side_by_side_id,Side-by-side group,Group 13,Group 13,,,UNRESOLVED EXCEPTION,"Choice inventoried from exported detail fields. Source, conditional visibility, authoritative validation, and production persistence are not individually certified."
smartfold,smartfold_side_by_side_id,Side-by-side group,Group 14,Group 14,,,UNRESOLVED EXCEPTION,"Choice inventoried from exported detail fields. Source, conditional visibility, authoritative validation, and production persistence are not individually certified."
smartfold,smartfold_side_by_side_id,Side-by-side group,Group 15,Group 15,,,UNRESOLVED EXCEPTION,"Choice inventoried from exported detail fields. Source, conditional visibility, authoritative validation, and production persistence are not individually certified."
smartfold,smartfold_side_by_side_id,Side-by-side group,Group 16,Group 16,,,UNRESOLVED EXCEPTION,"Choice inventoried from exported detail fields. Source, conditional visibility, authoritative validation, and production persistence are not individually certified."
smartfold,smartfold_side_by_side_id,Side-by-side group,Group 17,Group 17,,,UNRESOLVED EXCEPTION,"Choice inventoried from exported detail fields. Source, conditional visibility, authoritative validation, and production persistence are not individually certified."
smartfold,smartfold_side_by_side_id,Side-by-side group,Group 18,Group 18,,,UNRESOLVED EXCEPTION,"Choice inventoried from exported detail fields. Source, conditional visibility, authoritative validation, and production persistence are not individually certified."
smartfold,smartfold_side_by_side_id,Side-by-side group,Group 19,Group 19,,,UNRESOLVED EXCEPTION,"Choice inventoried from exported detail fields. Source, conditional visibility, authoritative validation, and production persistence are not individually certified."
smartfold,smartfold_side_by_side_id,Side-by-side group,Group 20,Group 20,,,UNRESOLVED EXCEPTION,"Choice inventoried from exported detail fields. Source, conditional visibility, authoritative validation, and production persistence are not individually certified."
smartfold,smartfold_side_by_side_id,Side-by-side group,Group 21,Group 21,,,UNRESOLVED EXCEPTION,"Choice inventoried from exported detail fields. Source, conditional visibility, authoritative validation, and production persistence are not individually certified."
smartfold,smartfold_side_by_side_id,Side-by-side group,Group 22,Group 22,,,UNRESOLVED EXCEPTION,"Choice inventoried from exported detail fields. Source, conditional visibility, authoritative validation, and production persistence are not individually certified."
smartfold,smartfold_side_by_side_id,Side-by-side group,Group 23,Group 23,,,UNRESOLVED EXCEPTION,"Choice inventoried from exported detail fields. Source, conditional visibility, authoritative validation, and production persistence are not individually certified."
smartfold,smartfold_side_by_side_id,Side-by-side group,Group 24,Group 24,,,UNRESOLVED EXCEPTION,"Choice inventoried from exported detail fields. Source, conditional visibility, authoritative validation, and production persistence are not individually certified."
smartfold,smartfold_side_by_side_id,Side-by-side group,Group 25,Group 25,,,UNRESOLVED EXCEPTION,"Choice inventoried from exported detail fields. Source, conditional visibility, authoritative validation, and production persistence are not individually certified."
smartfold,smartfold_side_by_side_id,Side-by-side group,Group 26,Group 26,,,UNRESOLVED EXCEPTION,"Choice inventoried from exported detail fields. Source, conditional visibility, authoritative validation, and production persistence are not individually certified."
smartfold,smartfold_side_by_side_id,Side-by-side group,Group 27,Group 27,,,UNRESOLVED EXCEPTION,"Choice inventoried from exported detail fields. Source, conditional visibility, authoritative validation, and production persistence are not individually certified."
smartfold,smartfold_side_by_side_id,Side-by-side group,Group 28,Group 28,,,UNRESOLVED EXCEPTION,"Choice inventoried from exported detail fields. Source, conditional visibility, authoritative validation, and production persistence are not individually certified."
smartfold,smartfold_side_by_side_id,Side-by-side group,Group 29,Group 29,,,UNRESOLVED EXCEPTION,"Choice inventoried from exported detail fields. Source, conditional visibility, authoritative validation, and production persistence are not individually certified."
smartfold,smartfold_side_by_side_id,Side-by-side group,Group 30,Group 30,,,UNRESOLVED EXCEPTION,"Choice inventoried from exported detail fields. Source, conditional visibility, authoritative validation, and production persistence are not individually certified."
smartfold,smartfold_side_by_side_id,Side-by-side group,Group 31,Group 31,,,UNRESOLVED EXCEPTION,"Choice inventoried from exported detail fields. Source, conditional visibility, authoritative validation, and production persistence are not individually certified."
smartfold,smartfold_side_by_side_id,Side-by-side group,Group 32,Group 32,,,UNRESOLVED EXCEPTION,"Choice inventoried from exported detail fields. Source, conditional visibility, authoritative validation, and production persistence are not individually certified."
smartfold,smartfold_side_by_side_id,Side-by-side group,Group 33,Group 33,,,UNRESOLVED EXCEPTION,"Choice inventoried from exported detail fields. Source, conditional visibility, authoritative validation, and production persistence are not individually certified."
smartfold,smartfold_side_by_side_id,Side-by-side group,Group 34,Group 34,,,UNRESOLVED EXCEPTION,"Choice inventoried from exported detail fields. Source, conditional visibility, authoritative validation, and production persistence are not individually certified."
smartfold,smartfold_side_by_side_id,Side-by-side group,Group 35,Group 35,,,UNRESOLVED EXCEPTION,"Choice inventoried from exported detail fields. Source, conditional visibility, authoritative validation, and production persistence are not individually certified."
smartfold,smartfold_side_by_side_id,Side-by-side group,Group 36,Group 36,,,UNRESOLVED EXCEPTION,"Choice inventoried from exported detail fields. Source, conditional visibility, authoritative validation, and production persistence are not individually certified."
smartfold,smartfold_side_by_side_id,Side-by-side group,Group 37,Group 37,,,UNRESOLVED EXCEPTION,"Choice inventoried from exported detail fields. Source, conditional visibility, authoritative validation, and production persistence are not individually certified."
smartfold,smartfold_side_by_side_id,Side-by-side group,Group 38,Group 38,,,UNRESOLVED EXCEPTION,"Choice inventoried from exported detail fields. Source, conditional visibility, authoritative validation, and production persistence are not individually certified."
smartfold,smartfold_side_by_side_id,Side-by-side group,Group 39,Group 39,,,UNRESOLVED EXCEPTION,"Choice inventoried from exported detail fields. Source, conditional visibility, authoritative validation, and production persistence are not individually certified."
smartfold,smartfold_side_by_side_id,Side-by-side group,Group 40,Group 40,,,UNRESOLVED EXCEPTION,"Choice inventoried from exported detail fields. Source, conditional visibility, authoritative validation, and production persistence are not individually certified."
smartfold,smartfold_side_by_side_id,Side-by-side group,Group 41,Group 41,,,UNRESOLVED EXCEPTION,"Choice inventoried from exported detail fields. Source, conditional visibility, authoritative validation, and production persistence are not individually certified."
smartfold,smartfold_side_by_side_id,Side-by-side group,Group 42,Group 42,,,UNRESOLVED EXCEPTION,"Choice inventoried from exported detail fields. Source, conditional visibility, authoritative validation, and production persistence are not individually certified."
smartfold,smartfold_side_by_side_id,Side-by-side group,Group 43,Group 43,,,UNRESOLVED EXCEPTION,"Choice inventoried from exported detail fields. Source, conditional visibility, authoritative validation, and production persistence are not individually certified."
smartfold,smartfold_side_by_side_id,Side-by-side group,Group 44,Group 44,,,UNRESOLVED EXCEPTION,"Choice inventoried from exported detail fields. Source, conditional visibility, authoritative validation, and production persistence are not individually certified."
smartfold,smartfold_side_by_side_id,Side-by-side group,Group 45,Group 45,,,UNRESOLVED EXCEPTION,"Choice inventoried from exported detail fields. Source, conditional visibility, authoritative validation, and production persistence are not individually certified."
smartfold,smartfold_side_by_side_id,Side-by-side group,Group 46,Group 46,,,UNRESOLVED EXCEPTION,"Choice inventoried from exported detail fields. Source, conditional visibility, authoritative validation, and production persistence are not individually certified."
smartfold,smartfold_side_by_side_id,Side-by-side group,Group 47,Group 47,,,UNRESOLVED EXCEPTION,"Choice inventoried from exported detail fields. Source, conditional visibility, authoritative validation, and production persistence are not individually certified."
smartfold,smartfold_side_by_side_id,Side-by-side group,Group 48,Group 48,,,UNRESOLVED EXCEPTION,"Choice inventoried from exported detail fields. Source, conditional visibility, authoritative validation, and production persistence are not individually certified."
smartfold,smartfold_side_by_side_id,Side-by-side group,Group 49,Group 49,,,UNRESOLVED EXCEPTION,"Choice inventoried from exported detail fields. Source, conditional visibility, authoritative validation, and production persistence are not individually certified."
smartfold,smartfold_side_by_side_id,Side-by-side group,Group 50,Group 50,,,UNRESOLVED EXCEPTION,"Choice inventoried from exported detail fields. Source, conditional visibility, authoritative validation, and production persistence are not individually certified."
smartfold,control_side,Control side,left,Left,,,UNRESOLVED EXCEPTION,"Choice inventoried from exported detail fields. Source, conditional visibility, authoritative validation, and production persistence are not individually certified."
smartfold,control_side,Control side,right,Right,,,UNRESOLVED EXCEPTION,"Choice inventoried from exported detail fields. Source, conditional visibility, authoritative validation, and production persistence are not individually certified."
smartfold,control_side,Control side,center,Center,,,UNRESOLVED EXCEPTION,"Choice inventoried from exported detail fields. Source, conditional visibility, authoritative validation, and production persistence are not individually certified."
smartfold,control_side,Control side,na,N/A,,,UNRESOLVED EXCEPTION,"Choice inventoried from exported detail fields. Source, conditional visibility, authoritative validation, and production persistence are not individually certified."
smartfold,lift_system,Lift / control,cordless,Cordless,,,UNRESOLVED EXCEPTION,"Choice inventoried from exported detail fields. Source, conditional visibility, authoritative validation, and production persistence are not individually certified."
smartfold,lift_system,Lift / control,continuous_cord_loop,Continuous cord loop,,,UNRESOLVED EXCEPTION,"Choice inventoried from exported detail fields. Source, conditional visibility, authoritative validation, and production persistence are not individually certified."
smartfold,lift_system,Lift / control,wand,Wand,,,UNRESOLVED EXCEPTION,"Choice inventoried from exported detail fields. Source, conditional visibility, authoritative validation, and production persistence are not individually certified."
smartfold,lift_system,Lift / control,motorized,Motorized,,,UNRESOLVED EXCEPTION,"Choice inventoried from exported detail fields. Source, conditional visibility, authoritative validation, and production persistence are not individually certified."
smartfold,lift_system,Lift / control,smartrelease,SmartRelease,,,UNRESOLVED EXCEPTION,"Choice inventoried from exported detail fields. Source, conditional visibility, authoritative validation, and production persistence are not individually certified."
smartfold,fabric_category,Fabric category,light_filtering,Light filtering,,,UNRESOLVED EXCEPTION,"Choice inventoried from exported detail fields. Source, conditional visibility, authoritative validation, and production persistence are not individually certified."
smartfold,fabric_category,Fabric category,room_darkening,Room darkening,,,UNRESOLVED EXCEPTION,"Choice inventoried from exported detail fields. Source, conditional visibility, authoritative validation, and production persistence are not individually certified."
smartfold,valance,Valance,none,None,,,UNRESOLVED EXCEPTION,"Choice inventoried from exported detail fields. Source, conditional visibility, authoritative validation, and production persistence are not individually certified."
smartfold,valance,Valance,fascia_wood,Fascia / Wood Valance*,,,UNRESOLVED EXCEPTION,"Choice inventoried from exported detail fields. Source, conditional visibility, authoritative validation, and production persistence are not individually certified."
smartfold,valance,Valance,fabric_3_1_2_4_1_2_6,"3 1/2"", 4 1/2"" & 6"" Fabric Valance*",,,UNRESOLVED EXCEPTION,"Choice inventoried from exported detail fields. Source, conditional visibility, authoritative validation, and production persistence are not individually certified."
smartfold,valance,Valance,fabric_8,"8"" Fabric Valance*",,,UNRESOLVED EXCEPTION,"Choice inventoried from exported detail fields. Source, conditional visibility, authoritative validation, and production persistence are not individually certified."
smartfold,light_guard,Light guard,none,None,,,UNRESOLVED EXCEPTION,"Choice inventoried from exported detail fields. Source, conditional visibility, authoritative validation, and production persistence are not individually certified."
smartfold,light_guard,Light guard,basic_light_guard,Basic Light Guard,,,UNRESOLVED EXCEPTION,"Choice inventoried from exported detail fields. Source, conditional visibility, authoritative validation, and production persistence are not individually certified."
smartprivacy_faux,mount_type,Mount,inside,Inside mount,,,UNRESOLVED EXCEPTION,"Choice inventoried from exported detail fields. Source, conditional visibility, authoritative validation, and production persistence are not individually certified."
smartprivacy_faux,mount_type,Mount,outside,Outside mount,,,UNRESOLVED EXCEPTION,"Choice inventoried from exported detail fields. Source, conditional visibility, authoritative validation, and production persistence are not individually certified."
smartprivacy_faux,mount_type,Mount,ceiling,Ceiling mount,,,UNRESOLVED EXCEPTION,"Choice inventoried from exported detail fields. Source, conditional visibility, authoritative validation, and production persistence are not individually certified."
smartprivacy_faux,mount_type,Mount,side,Side mount,,,UNRESOLVED EXCEPTION,"Choice inventoried from exported detail fields. Source, conditional visibility, authoritative validation, and production persistence are not individually certified."
smartprivacy_faux,slat_size,Slat size,2,2 in,,,UNRESOLVED EXCEPTION,"Choice inventoried from exported detail fields. Source, conditional visibility, authoritative validation, and production persistence are not individually certified."
smartprivacy_faux,slat_size,Slat size,2_1_2,2 1/2 in,,,UNRESOLVED EXCEPTION,"Choice inventoried from exported detail fields. Source, conditional visibility, authoritative validation, and production persistence are not individually certified."
smartprivacy_faux,color,Color,white,White,,,UNRESOLVED EXCEPTION,"Choice inventoried from exported detail fields. Source, conditional visibility, authoritative validation, and production persistence are not individually certified."
smartprivacy_faux,color,Color,printed,Printed color,,,UNRESOLVED EXCEPTION,"Choice inventoried from exported detail fields. Source, conditional visibility, authoritative validation, and production persistence are not individually certified."
smartprivacy_faux,color,Color,stained,Stained look,,,UNRESOLVED EXCEPTION,"Choice inventoried from exported detail fields. Source, conditional visibility, authoritative validation, and production persistence are not individually certified."
smartprivacy_faux,valance,Valance,none,None,,,UNRESOLVED EXCEPTION,"Choice inventoried from exported detail fields. Source, conditional visibility, authoritative validation, and production persistence are not individually certified."
smartprivacy_faux,valance,Valance,designer_crown,Designer Crown Valance*,,,UNRESOLVED EXCEPTION,"Choice inventoried from exported detail fields. Source, conditional visibility, authoritative validation, and production persistence are not individually certified."
smartprivacy_faux,valance,Valance,modern_curved,Modern Curved Valance*,,,UNRESOLVED EXCEPTION,"Choice inventoried from exported detail fields. Source, conditional visibility, authoritative validation, and production persistence are not individually certified."
smartprivacy_faux,control_side,Control side,left,Left,,,UNRESOLVED EXCEPTION,"Choice inventoried from exported detail fields. Source, conditional visibility, authoritative validation, and production persistence are not individually certified."
smartprivacy_faux,control_side,Control side,right,Right,,,UNRESOLVED EXCEPTION,"Choice inventoried from exported detail fields. Source, conditional visibility, authoritative validation, and production persistence are not individually certified."
smartprivacy_faux,control_side,Control side,center,Center,,,UNRESOLVED EXCEPTION,"Choice inventoried from exported detail fields. Source, conditional visibility, authoritative validation, and production persistence are not individually certified."
smartprivacy_faux,control_side,Control side,na,N/A,,,UNRESOLVED EXCEPTION,"Choice inventoried from exported detail fields. Source, conditional visibility, authoritative validation, and production persistence are not individually certified."
smartprivacy_faux,lift_system,Lift / control,cordless,Cordless,,,UNRESOLVED EXCEPTION,"Choice inventoried from exported detail fields. Source, conditional visibility, authoritative validation, and production persistence are not individually certified."
smartprivacy_faux,lift_system,Lift / control,continuous_cord_loop,Continuous cord loop,,,UNRESOLVED EXCEPTION,"Choice inventoried from exported detail fields. Source, conditional visibility, authoritative validation, and production persistence are not individually certified."
smartprivacy_faux,lift_system,Lift / control,wand,Wand,,,UNRESOLVED EXCEPTION,"Choice inventoried from exported detail fields. Source, conditional visibility, authoritative validation, and production persistence are not individually certified."
smartprivacy_faux,lift_system,Lift / control,motorized,Motorized,,,UNRESOLVED EXCEPTION,"Choice inventoried from exported detail fields. Source, conditional visibility, authoritative validation, and production persistence are not individually certified."
smartprivacy_faux,lift_system,Lift / control,smartrelease,SmartRelease,,,UNRESOLVED EXCEPTION,"Choice inventoried from exported detail fields. Source, conditional visibility, authoritative validation, and production persistence are not individually certified."
synchrony_vertical,mount_type,Mount,inside,Inside mount,,,UNRESOLVED EXCEPTION,"Choice inventoried from exported detail fields. Source, conditional visibility, authoritative validation, and production persistence are not individually certified."
synchrony_vertical,mount_type,Mount,outside,Outside mount,,,UNRESOLVED EXCEPTION,"Choice inventoried from exported detail fields. Source, conditional visibility, authoritative validation, and production persistence are not individually certified."
synchrony_vertical,mount_type,Mount,ceiling,Ceiling mount,,,UNRESOLVED EXCEPTION,"Choice inventoried from exported detail fields. Source, conditional visibility, authoritative validation, and production persistence are not individually certified."
synchrony_vertical,mount_type,Mount,side,Side mount,,,UNRESOLVED EXCEPTION,"Choice inventoried from exported detail fields. Source, conditional visibility, authoritative validation, and production persistence are not individually certified."
synchrony_vertical,stack_option,Stack,Stack Left,Stack Left,,,UNRESOLVED EXCEPTION,"Choice inventoried from exported detail fields. Source, conditional visibility, authoritative validation, and production persistence are not individually certified."
synchrony_vertical,stack_option,Stack,Stack Right,Stack Right,,,UNRESOLVED EXCEPTION,"Choice inventoried from exported detail fields. Source, conditional visibility, authoritative validation, and production persistence are not individually certified."
synchrony_vertical,draw_direction,Draw,Left Draw,Left Draw,,,UNRESOLVED EXCEPTION,"Choice inventoried from exported detail fields. Source, conditional visibility, authoritative validation, and production persistence are not individually certified."
synchrony_vertical,draw_direction,Draw,Right Draw,Right Draw,,,UNRESOLVED EXCEPTION,"Choice inventoried from exported detail fields. Source, conditional visibility, authoritative validation, and production persistence are not individually certified."
synchrony_vertical,control_type,Control,Cordless Wand Operation,Cordless Wand Operation,,,UNRESOLVED EXCEPTION,"Choice inventoried from exported detail fields. Source, conditional visibility, authoritative validation, and production persistence are not individually certified."
synchrony_vertical,vertical_hardware_color,Hardware color,Default,Default,,,UNRESOLVED EXCEPTION,"Choice inventoried from exported detail fields. Source, conditional visibility, authoritative validation, and production persistence are not individually certified."
synchrony_vertical,vertical_hardware_color,Hardware color,White,White,,,UNRESOLVED EXCEPTION,"Choice inventoried from exported detail fields. Source, conditional visibility, authoritative validation, and production persistence are not individually certified."
synchrony_vertical,vertical_hardware_color,Hardware color,Silk White,Silk White,,,UNRESOLVED EXCEPTION,"Choice inventoried from exported detail fields. Source, conditional visibility, authoritative validation, and production persistence are not individually certified."
synchrony_vertical,vertical_hardware_color,Hardware color,Nature,Nature,,,UNRESOLVED EXCEPTION,"Choice inventoried from exported detail fields. Source, conditional visibility, authoritative validation, and production persistence are not individually certified."
synchrony_vertical,vertical_hardware_color,Hardware color,Silver Moon,Silver Moon,,,UNRESOLVED EXCEPTION,"Choice inventoried from exported detail fields. Source, conditional visibility, authoritative validation, and production persistence are not individually certified."
synchrony_vertical,vertical_wand_drop_inches,Optional wand drop,34,34,,,UNRESOLVED EXCEPTION,"Choice inventoried from exported detail fields. Source, conditional visibility, authoritative validation, and production persistence are not individually certified."
synchrony_vertical,vertical_wand_drop_inches,Optional wand drop,49,49,,,UNRESOLVED EXCEPTION,"Choice inventoried from exported detail fields. Source, conditional visibility, authoritative validation, and production persistence are not individually certified."
synchrony_vertical,vertical_wand_drop_inches,Optional wand drop,61,61,,,UNRESOLVED EXCEPTION,"Choice inventoried from exported detail fields. Source, conditional visibility, authoritative validation, and production persistence are not individually certified."
synchrony_vertical,vertical_shim_layers,Shim layers per bracket,0,0,,,UNRESOLVED EXCEPTION,"Choice inventoried from exported detail fields. Source, conditional visibility, authoritative validation, and production persistence are not individually certified."
synchrony_vertical,vertical_shim_layers,Shim layers per bracket,1,1,,,UNRESOLVED EXCEPTION,"Choice inventoried from exported detail fields. Source, conditional visibility, authoritative validation, and production persistence are not individually certified."
synchrony_vertical,vertical_shim_layers,Shim layers per bracket,2,2,,,UNRESOLVED EXCEPTION,"Choice inventoried from exported detail fields. Source, conditional visibility, authoritative validation, and production persistence are not individually certified."
vertical_honeycomb,mount_type,Mount,inside,Inside mount,,,UNRESOLVED EXCEPTION,"Choice inventoried from exported detail fields. Source, conditional visibility, authoritative validation, and production persistence are not individually certified."
vertical_honeycomb,mount_type,Mount,outside,Outside mount,,,UNRESOLVED EXCEPTION,"Choice inventoried from exported detail fields. Source, conditional visibility, authoritative validation, and production persistence are not individually certified."
vertical_honeycomb,mount_type,Mount,ceiling,Ceiling mount,,,UNRESOLVED EXCEPTION,"Choice inventoried from exported detail fields. Source, conditional visibility, authoritative validation, and production persistence are not individually certified."
vertical_honeycomb,mount_type,Mount,side,Side mount,,,UNRESOLVED EXCEPTION,"Choice inventoried from exported detail fields. Source, conditional visibility, authoritative validation, and production persistence are not individually certified."
vertical_honeycomb,stack_option,Stack,left,Left stack,,,UNRESOLVED EXCEPTION,"Choice inventoried from exported detail fields. Source, conditional visibility, authoritative validation, and production persistence are not individually certified."
vertical_honeycomb,stack_option,Stack,right,Right stack,,,UNRESOLVED EXCEPTION,"Choice inventoried from exported detail fields. Source, conditional visibility, authoritative validation, and production persistence are not individually certified."
vertical_honeycomb,stack_option,Stack,split,Split stack,,,UNRESOLVED EXCEPTION,"Choice inventoried from exported detail fields. Source, conditional visibility, authoritative validation, and production persistence are not individually certified."
vertical_honeycomb,light_control,Light control,light_filtering,Light filtering,,,UNRESOLVED EXCEPTION,"Choice inventoried from exported detail fields. Source, conditional visibility, authoritative validation, and production persistence are not individually certified."
vertical_honeycomb,light_control,Light control,room_darkening,Room darkening,,,UNRESOLVED EXCEPTION,"Choice inventoried from exported detail fields. Source, conditional visibility, authoritative validation, and production persistence are not individually certified."
vertical_honeycomb,light_control,Light control,day_night,Day / night,,,UNRESOLVED EXCEPTION,"Choice inventoried from exported detail fields. Source, conditional visibility, authoritative validation, and production persistence are not individually certified."
wood_blinds,mount_type,Mount,inside,Inside mount,,,UNRESOLVED EXCEPTION,"Choice inventoried from exported detail fields. Source, conditional visibility, authoritative validation, and production persistence are not individually certified."
wood_blinds,mount_type,Mount,outside,Outside mount,,,UNRESOLVED EXCEPTION,"Choice inventoried from exported detail fields. Source, conditional visibility, authoritative validation, and production persistence are not individually certified."
wood_blinds,mount_type,Mount,ceiling,Ceiling mount,,,UNRESOLVED EXCEPTION,"Choice inventoried from exported detail fields. Source, conditional visibility, authoritative validation, and production persistence are not individually certified."
wood_blinds,mount_type,Mount,side,Side mount,,,UNRESOLVED EXCEPTION,"Choice inventoried from exported detail fields. Source, conditional visibility, authoritative validation, and production persistence are not individually certified."
wood_blinds,slat_size,Slat size,2,2 in,,,UNRESOLVED EXCEPTION,"Choice inventoried from exported detail fields. Source, conditional visibility, authoritative validation, and production persistence are not individually certified."
wood_blinds,slat_size,Slat size,2_1_2,2 1/2 in,,,UNRESOLVED EXCEPTION,"Choice inventoried from exported detail fields. Source, conditional visibility, authoritative validation, and production persistence are not individually certified."
wood_blinds,color,Color,designer,Designer color,,,UNRESOLVED EXCEPTION,"Choice inventoried from exported detail fields. Source, conditional visibility, authoritative validation, and production persistence are not individually certified."
wood_blinds,color,Color,premium,Premium color,,,UNRESOLVED EXCEPTION,"Choice inventoried from exported detail fields. Source, conditional visibility, authoritative validation, and production persistence are not individually certified."
wood_blinds,color,Color,stained,Stained,,,UNRESOLVED EXCEPTION,"Choice inventoried from exported detail fields. Source, conditional visibility, authoritative validation, and production persistence are not individually certified."
wood_blinds,valance,Valance,none,None,,,UNRESOLVED EXCEPTION,"Choice inventoried from exported detail fields. Source, conditional visibility, authoritative validation, and production persistence are not individually certified."
wood_blinds,valance,Valance,designer_crown,Designer Crown Valance*,,,UNRESOLVED EXCEPTION,"Choice inventoried from exported detail fields. Source, conditional visibility, authoritative validation, and production persistence are not individually certified."
wood_blinds,valance,Valance,contempo,Contempo Valance*,,,UNRESOLVED EXCEPTION,"Choice inventoried from exported detail fields. Source, conditional visibility, authoritative validation, and production persistence are not individually certified."
wood_blinds,cut_out_sides,Cut-out,none,None,,,UNRESOLVED EXCEPTION,"Choice inventoried from exported detail fields. Source, conditional visibility, authoritative validation, and production persistence are not individually certified."
wood_blinds,cut_out_sides,Cut-out,one,One side,,,UNRESOLVED EXCEPTION,"Choice inventoried from exported detail fields. Source, conditional visibility, authoritative validation, and production persistence are not individually certified."
wood_blinds,cut_out_sides,Cut-out,two,Two sides,,,UNRESOLVED EXCEPTION,"Choice inventoried from exported detail fields. Source, conditional visibility, authoritative validation, and production persistence are not individually certified."
wood_blinds,control_side,Control side,left,Left,,,UNRESOLVED EXCEPTION,"Choice inventoried from exported detail fields. Source, conditional visibility, authoritative validation, and production persistence are not individually certified."
wood_blinds,control_side,Control side,right,Right,,,UNRESOLVED EXCEPTION,"Choice inventoried from exported detail fields. Source, conditional visibility, authoritative validation, and production persistence are not individually certified."
wood_blinds,control_side,Control side,center,Center,,,UNRESOLVED EXCEPTION,"Choice inventoried from exported detail fields. Source, conditional visibility, authoritative validation, and production persistence are not individually certified."
wood_blinds,control_side,Control side,na,N/A,,,UNRESOLVED EXCEPTION,"Choice inventoried from exported detail fields. Source, conditional visibility, authoritative validation, and production persistence are not individually certified."
wood_blinds,lift_system,Lift / control,cordless,Cordless,,,UNRESOLVED EXCEPTION,"Choice inventoried from exported detail fields. Source, conditional visibility, authoritative validation, and production persistence are not individually certified."
wood_blinds,lift_system,Lift / control,continuous_cord_loop,Continuous cord loop,,,UNRESOLVED EXCEPTION,"Choice inventoried from exported detail fields. Source, conditional visibility, authoritative validation, and production persistence are not individually certified."
wood_blinds,lift_system,Lift / control,wand,Wand,,,UNRESOLVED EXCEPTION,"Choice inventoried from exported detail fields. Source, conditional visibility, authoritative validation, and production persistence are not individually certified."
wood_blinds,lift_system,Lift / control,motorized,Motorized,,,UNRESOLVED EXCEPTION,"Choice inventoried from exported detail fields. Source, conditional visibility, authoritative validation, and production persistence are not individually certified."
wood_blinds,lift_system,Lift / control,smartrelease,SmartRelease,,,UNRESOLVED EXCEPTION,"Choice inventoried from exported detail fields. Source, conditional visibility, authoritative validation, and production persistence are not individually certified."
norman_shutters,frame_type,Frame,inside_mount_l_frame,Inside mount L frame,,,UNRESOLVED EXCEPTION,"Choice inventoried from exported detail fields. Source, conditional visibility, authoritative validation, and production persistence are not individually certified."
norman_shutters,frame_type,Frame,outside_mount_l_frame,Outside mount L frame,,,UNRESOLVED EXCEPTION,"Choice inventoried from exported detail fields. Source, conditional visibility, authoritative validation, and production persistence are not individually certified."
norman_shutters,frame_type,Frame,z_frame,Z frame,,,UNRESOLVED EXCEPTION,"Choice inventoried from exported detail fields. Source, conditional visibility, authoritative validation, and production persistence are not individually certified."
norman_shutters,frame_type,Frame,deco_frame,Deco frame,,,UNRESOLVED EXCEPTION,"Choice inventoried from exported detail fields. Source, conditional visibility, authoritative validation, and production persistence are not individually certified."
norman_shutters,frame_type,Frame,direct_mount,Direct mount,,,UNRESOLVED EXCEPTION,"Choice inventoried from exported detail fields. Source, conditional visibility, authoritative validation, and production persistence are not individually certified."
norman_shutters,frame_type,Frame,track,Track,,,UNRESOLVED EXCEPTION,"Choice inventoried from exported detail fields. Source, conditional visibility, authoritative validation, and production persistence are not individually certified."
norman_shutters,louver_size,Louver,1_7_8,1 7/8 in,,,UNRESOLVED EXCEPTION,"Choice inventoried from exported detail fields. Source, conditional visibility, authoritative validation, and production persistence are not individually certified."
norman_shutters,louver_size,Louver,2_1_2,2 1/2 in,,,UNRESOLVED EXCEPTION,"Choice inventoried from exported detail fields. Source, conditional visibility, authoritative validation, and production persistence are not individually certified."
norman_shutters,louver_size,Louver,3_1_2,3 1/2 in,,,UNRESOLVED EXCEPTION,"Choice inventoried from exported detail fields. Source, conditional visibility, authoritative validation, and production persistence are not individually certified."
norman_shutters,louver_size,Louver,4_1_2,4 1/2 in,,,UNRESOLVED EXCEPTION,"Choice inventoried from exported detail fields. Source, conditional visibility, authoritative validation, and production persistence are not individually certified."
norman_shutters,tilt_type,Tilt,front_tilt,Front tilt rod,,,UNRESOLVED EXCEPTION,"Choice inventoried from exported detail fields. Source, conditional visibility, authoritative validation, and production persistence are not individually certified."
norman_shutters,tilt_type,Tilt,offset_tilt,Offset tilt rod,,,UNRESOLVED EXCEPTION,"Choice inventoried from exported detail fields. Source, conditional visibility, authoritative validation, and production persistence are not individually certified."
norman_shutters,tilt_type,Tilt,hidden_tilt,Hidden / clearview tilt,,,UNRESOLVED EXCEPTION,"Choice inventoried from exported detail fields. Source, conditional visibility, authoritative validation, and production persistence are not individually certified."
norman_shutters,tilt_type,Tilt,motorized_tilt,Motorized tilt,,,UNRESOLVED EXCEPTION,"Choice inventoried from exported detail fields. Source, conditional visibility, authoritative validation, and production persistence are not individually certified."
norman_shutters,color,Color,white,White,,,UNRESOLVED EXCEPTION,"Choice inventoried from exported detail fields. Source, conditional visibility, authoritative validation, and production persistence are not individually certified."
norman_shutters,color,Color,silk_white,Silk white,,,UNRESOLVED EXCEPTION,"Choice inventoried from exported detail fields. Source, conditional visibility, authoritative validation, and production persistence are not individually certified."
norman_shutters,color,Color,pearl,Pearl,,,UNRESOLVED EXCEPTION,"Choice inventoried from exported detail fields. Source, conditional visibility, authoritative validation, and production persistence are not individually certified."
norman_shutters,color,Color,painted,Painted color,,,UNRESOLVED EXCEPTION,"Choice inventoried from exported detail fields. Source, conditional visibility, authoritative validation, and production persistence are not individually certified."
norman_shutters,color,Color,stained,Stained color,,,UNRESOLVED EXCEPTION,"Choice inventoried from exported detail fields. Source, conditional visibility, authoritative validation, and production persistence are not individually certified."
norman_shutters,color,Color,custom,Custom color,,,UNRESOLVED EXCEPTION,"Choice inventoried from exported detail fields. Source, conditional visibility, authoritative validation, and production persistence are not individually certified."
norman_shutters,hinge_color,Hinge color,white,White,,,UNRESOLVED EXCEPTION,"Choice inventoried from exported detail fields. Source, conditional visibility, authoritative validation, and production persistence are not individually certified."
norman_shutters,hinge_color,Hinge color,brass,Brass,,,UNRESOLVED EXCEPTION,"Choice inventoried from exported detail fields. Source, conditional visibility, authoritative validation, and production persistence are not individually certified."
norman_shutters,hinge_color,Hinge color,nickel,Nickel,,,UNRESOLVED EXCEPTION,"Choice inventoried from exported detail fields. Source, conditional visibility, authoritative validation, and production persistence are not individually certified."
norman_shutters,hinge_color,Hinge color,bronze,Bronze,,,UNRESOLVED EXCEPTION,"Choice inventoried from exported detail fields. Source, conditional visibility, authoritative validation, and production persistence are not individually certified."
norman_shutters,hinge_color,Hinge color,black,Black,,,UNRESOLVED EXCEPTION,"Choice inventoried from exported detail fields. Source, conditional visibility, authoritative validation, and production persistence are not individually certified."
norman_shutters,hinge_color,Hinge color,hidden,Hidden,,,UNRESOLVED EXCEPTION,"Choice inventoried from exported detail fields. Source, conditional visibility, authoritative validation, and production persistence are not individually certified."
norman_shutters,panel_config,Panel configuration,single_left,Single panel left,,,UNRESOLVED EXCEPTION,"Choice inventoried from exported detail fields. Source, conditional visibility, authoritative validation, and production persistence are not individually certified."
norman_shutters,panel_config,Panel configuration,single_right,Single panel right,,,UNRESOLVED EXCEPTION,"Choice inventoried from exported detail fields. Source, conditional visibility, authoritative validation, and production persistence are not individually certified."
norman_shutters,panel_config,Panel configuration,left_right,Left / right pair,,,UNRESOLVED EXCEPTION,"Choice inventoried from exported detail fields. Source, conditional visibility, authoritative validation, and production persistence are not individually certified."
norman_shutters,panel_config,Panel configuration,double_hung,Double hung,,,UNRESOLVED EXCEPTION,"Choice inventoried from exported detail fields. Source, conditional visibility, authoritative validation, and production persistence are not individually certified."
norman_shutters,panel_config,Panel configuration,cafe,Cafe shutters,,,UNRESOLVED EXCEPTION,"Choice inventoried from exported detail fields. Source, conditional visibility, authoritative validation, and production persistence are not individually certified."
norman_shutters,panel_config,Panel configuration,bypass,Bypass track,,,UNRESOLVED EXCEPTION,"Choice inventoried from exported detail fields. Source, conditional visibility, authoritative validation, and production persistence are not individually certified."
norman_shutters,panel_config,Panel configuration,bifold,Bifold track,,,UNRESOLVED EXCEPTION,"Choice inventoried from exported detail fields. Source, conditional visibility, authoritative validation, and production persistence are not individually certified."
norman_shutters,panel_config,Panel configuration,specialty,Specialty shape,,,UNRESOLVED EXCEPTION,"Choice inventoried from exported detail fields. Source, conditional visibility, authoritative validation, and production persistence are not individually certified."
norman_shutters,divider_rail,Divider rail,yes,Yes,,,UNRESOLVED EXCEPTION,"Choice inventoried from exported detail fields. Source, conditional visibility, authoritative validation, and production persistence are not individually certified."
norman_shutters,divider_rail,Divider rail,no,No,,,UNRESOLVED EXCEPTION,"Choice inventoried from exported detail fields. Source, conditional visibility, authoritative validation, and production persistence are not individually certified."
norman_shutters,t_post,T-post,yes,Yes,,,UNRESOLVED EXCEPTION,"Choice inventoried from exported detail fields. Source, conditional visibility, authoritative validation, and production persistence are not individually certified."
norman_shutters,t_post,T-post,no,No,,,UNRESOLVED EXCEPTION,"Choice inventoried from exported detail fields. Source, conditional visibility, authoritative validation, and production persistence are not individually certified."
norman_shutters,extension,Extension / buildout,no,No,,,UNRESOLVED EXCEPTION,"Choice inventoried from exported detail fields. Source, conditional visibility, authoritative validation, and production persistence are not individually certified."
norman_shutters,extension,Extension / buildout,yes,Yes,,,UNRESOLVED EXCEPTION,"Choice inventoried from exported detail fields. Source, conditional visibility, authoritative validation, and production persistence are not individually certified."
norman_shutters,extension,Extension / buildout,less_than_1,"Extension less than 1""",,,UNRESOLVED EXCEPTION,"Choice inventoried from exported detail fields. Source, conditional visibility, authoritative validation, and production persistence are not individually certified."
norman_shutters,extension,Extension / buildout,one_or_more,"Extension 1"" or more",,,UNRESOLVED EXCEPTION,"Choice inventoried from exported detail fields. Source, conditional visibility, authoritative validation, and production persistence are not individually certified."
norman_shutters,frame_upgrade,Frame upgrade,none,None,,,UNRESOLVED EXCEPTION,"Choice inventoried from exported detail fields. Source, conditional visibility, authoritative validation, and production persistence are not individually certified."
norman_shutters,frame_upgrade,Frame upgrade,l_frame_buildout,"L frame with 1/2"" or 1"" buildout",,,UNRESOLVED EXCEPTION,"Choice inventoried from exported detail fields. Source, conditional visibility, authoritative validation, and production persistence are not individually certified."
norman_shutters,frame_upgrade,Frame upgrade,deco_extension,"Deco frame with 1/2"", 1"", or 1 1/2"" extension",,,UNRESOLVED EXCEPTION,"Choice inventoried from exported detail fields. Source, conditional visibility, authoritative validation, and production persistence are not individually certified."
norman_shutters,frame_upgrade,Frame upgrade,custom_extension,Frame with custom extension,,,UNRESOLVED EXCEPTION,"Choice inventoried from exported detail fields. Source, conditional visibility, authoritative validation, and production persistence are not individually certified."
norman_shutters,frame_upgrade,Frame upgrade,pre_drilled,Pre-drilled Z / L frame,,,UNRESOLVED EXCEPTION,"Choice inventoried from exported detail fields. Source, conditional visibility, authoritative validation, and production persistence are not individually certified."
norman_shutters,t_post_upgrade,T-post upgrade,none,None,,,UNRESOLVED EXCEPTION,"Choice inventoried from exported detail fields. Source, conditional visibility, authoritative validation, and production persistence are not individually certified."
norman_shutters,t_post_upgrade,T-post upgrade,extension,T-post extension,,,UNRESOLVED EXCEPTION,"Choice inventoried from exported detail fields. Source, conditional visibility, authoritative validation, and production persistence are not individually certified."
norman_shutters,t_post_upgrade,T-post upgrade,custom_width,Custom-width T-post,,,UNRESOLVED EXCEPTION,"Choice inventoried from exported detail fields. Source, conditional visibility, authoritative validation, and production persistence are not individually certified."
norman_shutters,t_post_upgrade,T-post upgrade,custom_angle_bay,Custom angle bay post,,,UNRESOLVED EXCEPTION,"Choice inventoried from exported detail fields. Source, conditional visibility, authoritative validation, and production persistence are not individually certified."
norman_shutters,track_system,Track system,none,None,,,UNRESOLVED EXCEPTION,"Choice inventoried from exported detail fields. Source, conditional visibility, authoritative validation, and production persistence are not individually certified."
norman_shutters,track_system,Track system,bypass_track,Bypass track,,,UNRESOLVED EXCEPTION,"Choice inventoried from exported detail fields. Source, conditional visibility, authoritative validation, and production persistence are not individually certified."
norman_shutters,track_system,Track system,bifold_180,Bifold 180,,,UNRESOLVED EXCEPTION,"Choice inventoried from exported detail fields. Source, conditional visibility, authoritative validation, and production persistence are not individually certified."
norman_shutters,track_system,Track system,floating_90_bifold,Floating 90 bifold,,,UNRESOLVED EXCEPTION,"Choice inventoried from exported detail fields. Source, conditional visibility, authoritative validation, and production persistence are not individually certified."
norman_shutters,track_system,Track system,triple_track,Triple track,,,UNRESOLVED EXCEPTION,"Choice inventoried from exported detail fields. Source, conditional visibility, authoritative validation, and production persistence are not individually certified."
norman_shutters,track_system,Track system,track_only,Track only,,,UNRESOLVED EXCEPTION,"Choice inventoried from exported detail fields. Source, conditional visibility, authoritative validation, and production persistence are not individually certified."
norman_shutters,track_system,Track system,track_header_fascia,Track with header and fascia,,,UNRESOLVED EXCEPTION,"Choice inventoried from exported detail fields. Source, conditional visibility, authoritative validation, and production persistence are not individually certified."
norman_shutters,specialty_shape,Specialty shape,none,None,,,UNRESOLVED EXCEPTION,"Choice inventoried from exported detail fields. Source, conditional visibility, authoritative validation, and production persistence are not individually certified."
norman_shutters,specialty_shape,Specialty shape,liberty_arch,Liberty arch,,,UNRESOLVED EXCEPTION,"Choice inventoried from exported detail fields. Source, conditional visibility, authoritative validation, and production persistence are not individually certified."
norman_shutters,specialty_shape,Specialty shape,angle_top,Angle top,,,UNRESOLVED EXCEPTION,"Choice inventoried from exported detail fields. Source, conditional visibility, authoritative validation, and production persistence are not individually certified."
norman_shutters,specialty_shape,Specialty shape,arch_top_picture,Arch top picture window with horizontal louvers,,,UNRESOLVED EXCEPTION,"Choice inventoried from exported detail fields. Source, conditional visibility, authoritative validation, and production persistence are not individually certified."
norman_shutters,specialty_shape,Specialty shape,quarter_sunburst,Quarter sunburst panel with continuous frame,,,UNRESOLVED EXCEPTION,"Choice inventoried from exported detail fields. Source, conditional visibility, authoritative validation, and production persistence are not individually certified."
norman_shutters,specialty_shape,Specialty shape,horizontal_center_arch,Horizontal center arch with quarter-round side panels,,,UNRESOLVED EXCEPTION,"Choice inventoried from exported detail fields. Source, conditional visibility, authoritative validation, and production persistence are not individually certified."
norman_shutters,specialty_shape,Specialty shape,sunburst_center_arch,Sunburst center arch with quarter-round side panels,,,UNRESOLVED EXCEPTION,"Choice inventoried from exported detail fields. Source, conditional visibility, authoritative validation, and production persistence are not individually certified."
norman_shutters,specialty_shape,Specialty shape,all_other_shapes,All other shapes,,,UNRESOLVED EXCEPTION,"Choice inventoried from exported detail fields. Source, conditional visibility, authoritative validation, and production persistence are not individually certified."
norman_shutters,specialty_shape,Specialty shape,arch,Arch,,,UNRESOLVED EXCEPTION,"Choice inventoried from exported detail fields. Source, conditional visibility, authoritative validation, and production persistence are not individually certified."
norman_shutters,specialty_shape,Specialty shape,sunburst,Sunburst,,,UNRESOLVED EXCEPTION,"Choice inventoried from exported detail fields. Source, conditional visibility, authoritative validation, and production persistence are not individually certified."
norman_shutters,specialty_shape,Specialty shape,octagon,Octagon,,,UNRESOLVED EXCEPTION,"Choice inventoried from exported detail fields. Source, conditional visibility, authoritative validation, and production persistence are not individually certified."
norman_shutters,specialty_shape,Specialty shape,hexagon,Hexagon,,,UNRESOLVED EXCEPTION,"Choice inventoried from exported detail fields. Source, conditional visibility, authoritative validation, and production persistence are not individually certified."
norman_shutters,specialty_shape,Specialty shape,circle,Circle,,,UNRESOLVED EXCEPTION,"Choice inventoried from exported detail fields. Source, conditional visibility, authoritative validation, and production persistence are not individually certified."
norman_shutters,specialty_shape,Specialty shape,elongated_eyebrow,Elongated eyebrow,,,UNRESOLVED EXCEPTION,"Choice inventoried from exported detail fields. Source, conditional visibility, authoritative validation, and production persistence are not individually certified."
norman_shutters,specialty_shape,Specialty shape,liberty_arch_panel,Liberty arch panel,,,UNRESOLVED EXCEPTION,"Choice inventoried from exported detail fields. Source, conditional visibility, authoritative validation, and production persistence are not individually certified."
norman_shutters,specialty_shape,Specialty shape,racked,Racked,,,UNRESOLVED EXCEPTION,"Choice inventoried from exported detail fields. Source, conditional visibility, authoritative validation, and production persistence are not individually certified."
norman_shutters,custom_work,Custom work,none,None,,,UNRESOLVED EXCEPTION,"Choice inventoried from exported detail fields. Source, conditional visibility, authoritative validation, and production persistence are not individually certified."
norman_shutters,custom_work,Custom work,french_door_cutout,French door cutout,,,UNRESOLVED EXCEPTION,"Choice inventoried from exported detail fields. Source, conditional visibility, authoritative validation, and production persistence are not individually certified."
san_clemente_honeycomb,lift_system,Lift,Cordless,Cordless,,,UNRESOLVED EXCEPTION,"Choice inventoried from exported detail fields. Source, conditional visibility, authoritative validation, and production persistence are not individually certified."
san_clemente_honeycomb,lift_system,Lift,Cordless TDBU,Cordless TDBU,,,UNRESOLVED EXCEPTION,"Choice inventoried from exported detail fields. Source, conditional visibility, authoritative validation, and production persistence are not individually certified."
san_clemente_honeycomb,cell_size,Cell,"9/16"" Single","9/16"" Single",,,UNRESOLVED EXCEPTION,"Choice inventoried from exported detail fields. Source, conditional visibility, authoritative validation, and production persistence are not individually certified."
san_clemente_honeycomb,san_clemente_mount_fit,Mount fit,Flush,Flush,,,UNRESOLVED EXCEPTION,"Choice inventoried from exported detail fields. Source, conditional visibility, authoritative validation, and production persistence are not individually certified."
san_clemente_honeycomb,san_clemente_mount_fit,Mount fit,Semi Inside,Semi Inside,,,UNRESOLVED EXCEPTION,"Choice inventoried from exported detail fields. Source, conditional visibility, authoritative validation, and production persistence are not individually certified."
san_clemente_honeycomb,san_clemente_pole_36_quantity,36-inch pole quantity,0,0,,,UNRESOLVED EXCEPTION,"Choice inventoried from exported detail fields. Source, conditional visibility, authoritative validation, and production persistence are not individually certified."
san_clemente_honeycomb,san_clemente_pole_36_quantity,36-inch pole quantity,1,1,,,UNRESOLVED EXCEPTION,"Choice inventoried from exported detail fields. Source, conditional visibility, authoritative validation, and production persistence are not individually certified."
san_clemente_honeycomb,san_clemente_pole_36_quantity,36-inch pole quantity,2,2,,,UNRESOLVED EXCEPTION,"Choice inventoried from exported detail fields. Source, conditional visibility, authoritative validation, and production persistence are not individually certified."
san_clemente_honeycomb,san_clemente_pole_60_quantity,60-inch pole quantity,0,0,,,UNRESOLVED EXCEPTION,"Choice inventoried from exported detail fields. Source, conditional visibility, authoritative validation, and production persistence are not individually certified."
san_clemente_honeycomb,san_clemente_pole_60_quantity,60-inch pole quantity,1,1,,,UNRESOLVED EXCEPTION,"Choice inventoried from exported detail fields. Source, conditional visibility, authoritative validation, and production persistence are not individually certified."
san_clemente_honeycomb,san_clemente_pole_60_quantity,60-inch pole quantity,2,2,,,UNRESOLVED EXCEPTION,"Choice inventoried from exported detail fields. Source, conditional visibility, authoritative validation, and production persistence are not individually certified."
san_clemente_honeycomb,san_clemente_attachment_quantity,White attachment quantity,0,0,,,UNRESOLVED EXCEPTION,"Choice inventoried from exported detail fields. Source, conditional visibility, authoritative validation, and production persistence are not individually certified."
san_clemente_honeycomb,san_clemente_attachment_quantity,White attachment quantity,1,1,,,UNRESOLVED EXCEPTION,"Choice inventoried from exported detail fields. Source, conditional visibility, authoritative validation, and production persistence are not individually certified."
san_clemente_honeycomb,san_clemente_attachment_quantity,White attachment quantity,2,2,,,UNRESOLVED EXCEPTION,"Choice inventoried from exported detail fields. Source, conditional visibility, authoritative validation, and production persistence are not individually certified."
san_clemente_faux_wood,lift_system,Lift,Cordless,Cordless,,,UNRESOLVED EXCEPTION,"Choice inventoried from exported detail fields. Source, conditional visibility, authoritative validation, and production persistence are not individually certified."
san_clemente_faux_wood,slat_size,Slat,"2""","2""",,,UNRESOLVED EXCEPTION,"Choice inventoried from exported detail fields. Source, conditional visibility, authoritative validation, and production persistence are not individually certified."
san_clemente_faux_wood,control_side,Wand,Left,Left,,,UNRESOLVED EXCEPTION,"Choice inventoried from exported detail fields. Source, conditional visibility, authoritative validation, and production persistence are not individually certified."
san_clemente_faux_wood,installation_method,Bracket mounting,Top / Back,Top / Back,,,UNRESOLVED EXCEPTION,"Choice inventoried from exported detail fields. Source, conditional visibility, authoritative validation, and production persistence are not individually certified."
san_clemente_faux_wood,installation_method,Bracket mounting,Side Only,Side Only,,,UNRESOLVED EXCEPTION,"Choice inventoried from exported detail fields. Source, conditional visibility, authoritative validation, and production persistence are not individually certified."
san_clemente_faux_wood,installation_method,Bracket mounting,Side With Top Support,Side With Top Support,,,UNRESOLVED EXCEPTION,"Choice inventoried from exported detail fields. Source, conditional visibility, authoritative validation, and production persistence are not individually certified."
san_clemente_faux_wood,san_clemente_mount_fit,Mount fit,Flush,Flush,,,UNRESOLVED EXCEPTION,"Choice inventoried from exported detail fields. Source, conditional visibility, authoritative validation, and production persistence are not individually certified."
san_clemente_faux_wood,san_clemente_mount_fit,Mount fit,Semi Inside,Semi Inside,,,UNRESOLVED EXCEPTION,"Choice inventoried from exported detail fields. Source, conditional visibility, authoritative validation, and production persistence are not individually certified."
norman_contract_faux_wood,mount_type,Mount,Inside Mount,Inside Mount,,,UNRESOLVED EXCEPTION,"Choice inventoried from exported detail fields. Source, conditional visibility, authoritative validation, and production persistence are not individually certified."
norman_contract_faux_wood,mount_type,Mount,Outside Mount,Outside Mount,,,UNRESOLVED EXCEPTION,"Choice inventoried from exported detail fields. Source, conditional visibility, authoritative validation, and production persistence are not individually certified."
norman_contract_faux_wood,lift_system,Control,Cordless,Cordless,,,UNRESOLVED EXCEPTION,"Choice inventoried from exported detail fields. Source, conditional visibility, authoritative validation, and production persistence are not individually certified."
norman_contract_faux_wood,slat_size,Slat size,"2""","2""",,,UNRESOLVED EXCEPTION,"Choice inventoried from exported detail fields. Source, conditional visibility, authoritative validation, and production persistence are not individually certified."
norman_contract_faux_wood,slat_size,Slat size,"2.5""","2.5""",,,UNRESOLVED EXCEPTION,"Choice inventoried from exported detail fields. Source, conditional visibility, authoritative validation, and production persistence are not individually certified."
norman_contract_faux_wood,control_side,Wand side,Left,Left,,,UNRESOLVED EXCEPTION,"Choice inventoried from exported detail fields. Source, conditional visibility, authoritative validation, and production persistence are not individually certified."
norman_contract_faux_wood,control_side,Wand side,Right,Right,,,UNRESOLVED EXCEPTION,"Choice inventoried from exported detail fields. Source, conditional visibility, authoritative validation, and production persistence are not individually certified."
norman_contract_faux_wood,contract_mount_fit,Mount fit,Fully Inside,Fully Inside,,,UNRESOLVED EXCEPTION,"Choice inventoried from exported detail fields. Source, conditional visibility, authoritative validation, and production persistence are not individually certified."
norman_contract_faux_wood,contract_mount_fit,Mount fit,Semi Inside Bracket Flush,Semi Inside Bracket Flush,,,UNRESOLVED EXCEPTION,"Choice inventoried from exported detail fields. Source, conditional visibility, authoritative validation, and production persistence are not individually certified."
norman_contract_faux_wood,contract_mount_fit,Mount fit,Semi Inside Minimum,Semi Inside Minimum,,,UNRESOLVED EXCEPTION,"Choice inventoried from exported detail fields. Source, conditional visibility, authoritative validation, and production persistence are not individually certified."
norman_contract_faux_wood,contract_wand_drop_inches,Wand drop,11.75,11.75,,,UNRESOLVED EXCEPTION,"Choice inventoried from exported detail fields. Source, conditional visibility, authoritative validation, and production persistence are not individually certified."
norman_contract_faux_wood,contract_wand_drop_inches,Wand drop,17.75,17.75,,,UNRESOLVED EXCEPTION,"Choice inventoried from exported detail fields. Source, conditional visibility, authoritative validation, and production persistence are not individually certified."
norman_contract_faux_wood,contract_wand_drop_inches,Wand drop,29.75,29.75,,,UNRESOLVED EXCEPTION,"Choice inventoried from exported detail fields. Source, conditional visibility, authoritative validation, and production persistence are not individually certified."
norman_contract_faux_wood,contract_wand_drop_inches,Wand drop,38.25,38.25,,,UNRESOLVED EXCEPTION,"Choice inventoried from exported detail fields. Source, conditional visibility, authoritative validation, and production persistence are not individually certified."
norman_contract_faux_wood,contract_wand_drop_inches,Wand drop,47.25,47.25,,,UNRESOLVED EXCEPTION,"Choice inventoried from exported detail fields. Source, conditional visibility, authoritative validation, and production persistence are not individually certified."
norman_contract_faux_wood,valance,Valance,None,None,,,UNRESOLVED EXCEPTION,"Choice inventoried from exported detail fields. Source, conditional visibility, authoritative validation, and production persistence are not individually certified."
norman_contract_faux_wood,valance,Valance,2.5-inch Modern Curved,2.5-inch Modern Curved,,,UNRESOLVED EXCEPTION,"Choice inventoried from exported detail fields. Source, conditional visibility, authoritative validation, and production persistence are not individually certified."
norman_contract_faux_wood,valance,Valance,3.25-inch Designer Crown,3.25-inch Designer Crown,,,UNRESOLVED EXCEPTION,"Choice inventoried from exported detail fields. Source, conditional visibility, authoritative validation, and production persistence are not individually certified."
norman_contract_faux_wood,contract_hold_down_brackets,Hold-down brackets,No,No,,,UNRESOLVED EXCEPTION,"Choice inventoried from exported detail fields. Source, conditional visibility, authoritative validation, and production persistence are not individually certified."
norman_contract_faux_wood,contract_hold_down_brackets,Hold-down brackets,Yes,Yes,,,UNRESOLVED EXCEPTION,"Choice inventoried from exported detail fields. Source, conditional visibility, authoritative validation, and production persistence are not individually certified."
norman_contract_faux_wood,contract_spacer_blocks,Spacer blocks,No,No,,,UNRESOLVED EXCEPTION,"Choice inventoried from exported detail fields. Source, conditional visibility, authoritative validation, and production persistence are not individually certified."
norman_contract_faux_wood,contract_spacer_blocks,Spacer blocks,Yes,Yes,,,UNRESOLVED EXCEPTION,"Choice inventoried from exported detail fields. Source, conditional visibility, authoritative validation, and production persistence are not individually certified."
norman_contract_vertical,mount_type,Mount,Inside Mount,Inside Mount,,,UNRESOLVED EXCEPTION,"Choice inventoried from exported detail fields. Source, conditional visibility, authoritative validation, and production persistence are not individually certified."
norman_contract_vertical,mount_type,Mount,Outside Mount,Outside Mount,,,UNRESOLVED EXCEPTION,"Choice inventoried from exported detail fields. Source, conditional visibility, authoritative validation, and production persistence are not individually certified."
norman_contract_vertical,lift_system,Control,Wand,Wand,,,UNRESOLVED EXCEPTION,"Choice inventoried from exported detail fields. Source, conditional visibility, authoritative validation, and production persistence are not individually certified."
norman_contract_vertical,slat_size,Slat size,"3.5""","3.5""",,,UNRESOLVED EXCEPTION,"Choice inventoried from exported detail fields. Source, conditional visibility, authoritative validation, and production persistence are not individually certified."
norman_contract_vertical,control_side,Wand side,Left,Left,,,UNRESOLVED EXCEPTION,"Choice inventoried from exported detail fields. Source, conditional visibility, authoritative validation, and production persistence are not individually certified."
norman_contract_vertical,control_side,Wand side,Right,Right,,,UNRESOLVED EXCEPTION,"Choice inventoried from exported detail fields. Source, conditional visibility, authoritative validation, and production persistence are not individually certified."
norman_contract_vertical,contract_mount_fit,Mount fit,Fully Inside,Fully Inside,,,UNRESOLVED EXCEPTION,"Choice inventoried from exported detail fields. Source, conditional visibility, authoritative validation, and production persistence are not individually certified."
norman_contract_vertical,contract_mount_fit,Mount fit,Semi Inside,Semi Inside,,,UNRESOLVED EXCEPTION,"Choice inventoried from exported detail fields. Source, conditional visibility, authoritative validation, and production persistence are not individually certified."
norman_contract_vertical,contract_wand_drop_inches,Wand drop,34,34,,,UNRESOLVED EXCEPTION,"Choice inventoried from exported detail fields. Source, conditional visibility, authoritative validation, and production persistence are not individually certified."
norman_contract_vertical,contract_wand_drop_inches,Wand drop,49,49,,,UNRESOLVED EXCEPTION,"Choice inventoried from exported detail fields. Source, conditional visibility, authoritative validation, and production persistence are not individually certified."
norman_contract_vertical,contract_wand_drop_inches,Wand drop,61,61,,,UNRESOLVED EXCEPTION,"Choice inventoried from exported detail fields. Source, conditional visibility, authoritative validation, and production persistence are not individually certified."
norman_contract_vertical,contract_headrail_color,Headrail color,2003 Silk White,2003 Silk White,,,UNRESOLVED EXCEPTION,"Choice inventoried from exported detail fields. Source, conditional visibility, authoritative validation, and production persistence are not individually certified."
norman_contract_vertical,contract_headrail_color,Headrail color,2058 White,2058 White,,,UNRESOLVED EXCEPTION,"Choice inventoried from exported detail fields. Source, conditional visibility, authoritative validation, and production persistence are not individually certified."
norman_contract_vertical,contract_shim_layers,Shim layers,0,0,,,UNRESOLVED EXCEPTION,"Choice inventoried from exported detail fields. Source, conditional visibility, authoritative validation, and production persistence are not individually certified."
norman_contract_vertical,contract_shim_layers,Shim layers,1,1,,,UNRESOLVED EXCEPTION,"Choice inventoried from exported detail fields. Source, conditional visibility, authoritative validation, and production persistence are not individually certified."
norman_contract_vertical,contract_shim_layers,Shim layers,2,2,,,UNRESOLVED EXCEPTION,"Choice inventoried from exported detail fields. Source, conditional visibility, authoritative validation, and production persistence are not individually certified."
