product,kind,id,name,basis,price,scope,source_pages,status,exception
citylights_aluminum,surcharge,metallic_slats_matte_finishes_perforated_slats,"Metallic Slats, Matte Finishes, Perforated Slats",percent,10,unit,[35],UNRESOLVED EXCEPTION,"All 52 current color/slat routes, mounting, wands, hardware and multi-line matching are implemented. Two dealer samples match source retail with observed .30 factor; production save/reopen/customer preview passed at $863.50. Half-inch slat availability, account factor applicability, exhaustive combination coverage and fees remain exceptions."
citylights_aluminum,surcharge,micro_1_2in_slats,"Micro (1/2"") Slats",percent,10,unit,[35],UNRESOLVED EXCEPTION,"All 52 current color/slat routes, mounting, wands, hardware and multi-line matching are implemented. Two dealer samples match source retail with observed .30 factor; production save/reopen/customer preview passed at $863.50. Half-inch slat availability, account factor applicability, exhaustive combination coverage and fees remain exceptions."
citylights_aluminum,surcharge,privacy,Privacy,percent,10,unit,[35],UNRESOLVED EXCEPTION,"All 52 current color/slat routes, mounting, wands, hardware and multi-line matching are implemented. Two dealer samples match source retail with observed .30 factor; production save/reopen/customer preview passed at $863.50. Half-inch slat availability, account factor applicability, exhaustive combination coverage and fees remain exceptions."
citylights_aluminum,surcharge,2in_slats_smartprivacy_included_textured_slats,"2"" Slats (SmartPrivacy Included), Textured Slats",percent,20,unit,[35],UNRESOLVED EXCEPTION,"All 52 current color/slat routes, mounting, wands, hardware and multi-line matching are implemented. Two dealer samples match source retail with observed .30 factor; production save/reopen/customer preview passed at $863.50. Half-inch slat availability, account factor applicability, exhaustive combination coverage and fees remain exceptions."
citylights_aluminum,surcharge,side_mount_bracket_available_in_2in_only,"Side Mount Bracket (available in 2"" only)",flat,25,unit,[35],UNRESOLVED EXCEPTION,"All 52 current color/slat routes, mounting, wands, hardware and multi-line matching are implemented. Two dealer samples match source retail with observed .30 factor; production save/reopen/customer preview passed at $863.50. Half-inch slat availability, account factor applicability, exhaustive combination coverage and fees remain exceptions."
citylights_aluminum,surcharge,shim,Shim,flat,7,unit,[35],UNRESOLVED EXCEPTION,"All 52 current color/slat routes, mounting, wands, hardware and multi-line matching are implemented. Two dealer samples match source retail with observed .30 factor; production save/reopen/customer preview passed at $863.50. Half-inch slat availability, account factor applicability, exhaustive combination coverage and fees remain exceptions."
citylights_aluminum,configuration_field,mount_type,Mount,select,,,,UNRESOLVED EXCEPTION,Field inventoried; complete source/condition/UI/server certification pending.
citylights_aluminum,configuration_field,slat_size,Slat size,select,,,,UNRESOLVED EXCEPTION,Field inventoried; complete source/condition/UI/server certification pending.
citylights_aluminum,configuration_field,slat_finish,Slat finish,select,,,,UNRESOLVED EXCEPTION,Field inventoried; complete source/condition/UI/server certification pending.
citylights_aluminum,configuration_field,privacy,Privacy*,checkbox,,,,UNRESOLVED EXCEPTION,Field inventoried; complete source/condition/UI/server certification pending.
citylights_aluminum,configuration_field,control_side,Control side,select,,,,UNRESOLVED EXCEPTION,Field inventoried; complete source/condition/UI/server certification pending.
citylights_aluminum,configuration_field,lift_system,Lift / control,select,,,,UNRESOLVED EXCEPTION,Field inventoried; complete source/condition/UI/server certification pending.
citylights_aluminum,configuration_field,hard_surface_install,Hard-surface install,checkbox,,,,UNRESOLVED EXCEPTION,Field inventoried; complete source/condition/UI/server certification pending.
citylights_aluminum,configuration_field,ladder_over_15ft,Ladder over 15 ft,checkbox,,,,UNRESOLVED EXCEPTION,Field inventoried; complete source/condition/UI/server certification pending.
citylights_aluminum,configuration_field,requires_takedown,Existing treatment takedown,checkbox,,,,UNRESOLVED EXCEPTION,Field inventoried; complete source/condition/UI/server certification pending.
citylights_aluminum,configuration_field,side_mount_bracket_available_in_2in_only,"Side Mount Bracket (available in 2"" only)",checkbox,,,,UNRESOLVED EXCEPTION,Field inventoried; complete source/condition/UI/server certification pending.
citylights_aluminum,configuration_field,shim,Shim,checkbox,,,,UNRESOLVED EXCEPTION,Field inventoried; complete source/condition/UI/server certification pending.
faux_wood,surcharge,valance_surcharge,Valance Surcharge,flat,,unit,[30],UNRESOLVED EXCEPTION,"Sixteen source finishes/both slat sizes, mounting, wand, hardware, measured cut-outs and single-keystone rules deployed. Common/matching order records and pair production persistence passed. Common/custom valance charge-width basis, multiple-keystone charge basis, standalone valance pricing/availability/freight (destination and0355 proof complete), final inside-width grid boundary and current dealer/production comparison remain."
faux_wood,surcharge,printed_color,Printed Color,percent,20,unit,[30],UNRESOLVED EXCEPTION,"Sixteen source finishes/both slat sizes, mounting, wand, hardware, measured cut-outs and single-keystone rules deployed. Common/matching order records and pair production persistence passed. Common/custom valance charge-width basis, multiple-keystone charge basis, standalone valance pricing/availability/freight (destination and0355 proof complete), final inside-width grid boundary and current dealer/production comparison remain."
faux_wood,surcharge,shim,Shim,flat,7,unit,[30],UNRESOLVED EXCEPTION,"Sixteen source finishes/both slat sizes, mounting, wand, hardware, measured cut-outs and single-keystone rules deployed. Common/matching order records and pair production persistence passed. Common/custom valance charge-width basis, multiple-keystone charge basis, standalone valance pricing/availability/freight (destination and0355 proof complete), final inside-width grid boundary and current dealer/production comparison remain."
faux_wood,surcharge,side_mount_bracket,Side Mount Bracket,flat,23,unit,[30],UNRESOLVED EXCEPTION,"Sixteen source finishes/both slat sizes, mounting, wand, hardware, measured cut-outs and single-keystone rules deployed. Common/matching order records and pair production persistence passed. Common/custom valance charge-width basis, multiple-keystone charge basis, standalone valance pricing/availability/freight (destination and0355 proof complete), final inside-width grid boundary and current dealer/production comparison remain."
faux_wood,surcharge,keystone,Keystone,flat,73,unit,[30],UNRESOLVED EXCEPTION,"Sixteen source finishes/both slat sizes, mounting, wand, hardware, measured cut-outs and single-keystone rules deployed. Common/matching order records and pair production persistence passed. Common/custom valance charge-width basis, multiple-keystone charge basis, standalone valance pricing/availability/freight (destination and0355 proof complete), final inside-width grid boundary and current dealer/production comparison remain."
faux_wood,surcharge,cut_out,Cut-Out,flat,89,side,[30],UNRESOLVED EXCEPTION,"Sixteen source finishes/both slat sizes, mounting, wand, hardware, measured cut-outs and single-keystone rules deployed. Common/matching order records and pair production persistence passed. Common/custom valance charge-width basis, multiple-keystone charge basis, standalone valance pricing/availability/freight (destination and0355 proof complete), final inside-width grid boundary and current dealer/production comparison remain."
faux_wood,configuration_field,mount_type,Mount,select,,,,UNRESOLVED EXCEPTION,Field inventoried; complete source/condition/UI/server certification pending.
faux_wood,configuration_field,slat_size,Slat size,select,,,,UNRESOLVED EXCEPTION,Field inventoried; complete source/condition/UI/server certification pending.
faux_wood,configuration_field,color,Color,select,,,,UNRESOLVED EXCEPTION,Field inventoried; complete source/condition/UI/server certification pending.
faux_wood,configuration_field,valance,Valance,select,,,,UNRESOLVED EXCEPTION,Field inventoried; complete source/condition/UI/server certification pending.
faux_wood,configuration_field,cut_out_sides,Cut-out,select,,,,UNRESOLVED EXCEPTION,Field inventoried; complete source/condition/UI/server certification pending.
faux_wood,configuration_field,control_side,Control side,select,,,,UNRESOLVED EXCEPTION,Field inventoried; complete source/condition/UI/server certification pending.
faux_wood,configuration_field,lift_system,Lift / control,select,,,,UNRESOLVED EXCEPTION,Field inventoried; complete source/condition/UI/server certification pending.
faux_wood,configuration_field,hard_surface_install,Hard-surface install,checkbox,,,,UNRESOLVED EXCEPTION,Field inventoried; complete source/condition/UI/server certification pending.
faux_wood,configuration_field,ladder_over_15ft,Ladder over 15 ft,checkbox,,,,UNRESOLVED EXCEPTION,Field inventoried; complete source/condition/UI/server certification pending.
faux_wood,configuration_field,requires_takedown,Existing treatment takedown,checkbox,,,,UNRESOLVED EXCEPTION,Field inventoried; complete source/condition/UI/server certification pending.
faux_wood,configuration_field,shim,Shim,checkbox,,,,UNRESOLVED EXCEPTION,Field inventoried; complete source/condition/UI/server certification pending.
faux_wood,configuration_field,side_mount_bracket,Side Mount Bracket,checkbox,,,,UNRESOLVED EXCEPTION,Field inventoried; complete source/condition/UI/server certification pending.
faux_wood,configuration_field,keystone,Keystone,checkbox,,,,UNRESOLVED EXCEPTION,Field inventoried; complete source/condition/UI/server certification pending.
honeycomb,surcharge,continuous_cord_loop,Continuous cord loop,flat,73,unit,"[10, 12]",UNRESOLVED EXCEPTION,"SmartFit Dual and horizontal hardware passed production price/save/reopen/customer-preview checks. Motor accessories also passed production price/save/reopen/customer-preview checks. Horizontal Day & Night pricing and framed-dual per-shade price basis remain unresolved. Source mounting tables and charging-access rules are deployed; manual mounting production proof passed. Specialty net geometry is deployed; charging0345 ($1,439) and specialty0347 ($543) production boundary, save/reopen and customer-preview checks passed. Dealer comparisons remain unresolved."
honeycomb,surcharge,smartrelease,SmartRelease,flat,89,unit,"[10, 12]",UNRESOLVED EXCEPTION,"SmartFit Dual and horizontal hardware passed production price/save/reopen/customer-preview checks. Motor accessories also passed production price/save/reopen/customer-preview checks. Horizontal Day & Night pricing and framed-dual per-shade price basis remain unresolved. Source mounting tables and charging-access rules are deployed; manual mounting production proof passed. Specialty net geometry is deployed; charging0345 ($1,439) and specialty0347 ($543) production boundary, save/reopen and customer-preview checks passed. Dealer comparisons remain unresolved."
honeycomb,surcharge,tdbu_td,TDBU | TD,flat,89,unit,"[10, 12]",UNRESOLVED EXCEPTION,"SmartFit Dual and horizontal hardware passed production price/save/reopen/customer-preview checks. Motor accessories also passed production price/save/reopen/customer-preview checks. Horizontal Day & Night pricing and framed-dual per-shade price basis remain unresolved. Source mounting tables and charging-access rules are deployed; manual mounting production proof passed. Specialty net geometry is deployed; charging0345 ($1,439) and specialty0347 ($543) production boundary, save/reopen and customer-preview checks passed. Dealer comparisons remain unresolved."
honeycomb,surcharge,smartfit,SmartFit,flat,89,unit,"[10, 12]",UNRESOLVED EXCEPTION,"SmartFit Dual and horizontal hardware passed production price/save/reopen/customer-preview checks. Motor accessories also passed production price/save/reopen/customer-preview checks. Horizontal Day & Night pricing and framed-dual per-shade price basis remain unresolved. Source mounting tables and charging-access rules are deployed; manual mounting production proof passed. Specialty net geometry is deployed; charging0345 ($1,439) and specialty0347 ($543) production boundary, save/reopen and customer-preview checks passed. Dealer comparisons remain unresolved."
honeycomb,surcharge,smartfit_with_frame,SmartFit with Frame,flat,293,unit,"[10, 12]",UNRESOLVED EXCEPTION,"SmartFit Dual and horizontal hardware passed production price/save/reopen/customer-preview checks. Motor accessories also passed production price/save/reopen/customer-preview checks. Horizontal Day & Night pricing and framed-dual per-shade price basis remain unresolved. Source mounting tables and charging-access rules are deployed; manual mounting production proof passed. Specialty net geometry is deployed; charging0345 ($1,439) and specialty0347 ($543) production boundary, save/reopen and customer-preview checks passed. Dealer comparisons remain unresolved."
honeycomb,surcharge,smartfit_dual_shade,SmartFit Dual Shade,flat,178,unit,"[10, 12]",UNRESOLVED EXCEPTION,"SmartFit Dual and horizontal hardware passed production price/save/reopen/customer-preview checks. Motor accessories also passed production price/save/reopen/customer-preview checks. Horizontal Day & Night pricing and framed-dual per-shade price basis remain unresolved. Source mounting tables and charging-access rules are deployed; manual mounting production proof passed. Specialty net geometry is deployed; charging0345 ($1,439) and specialty0347 ($543) production boundary, save/reopen and customer-preview checks passed. Dealer comparisons remain unresolved."
honeycomb,surcharge,smartfit_dual_shade_with_frame,SmartFit Dual Shade with frame,flat,382,unit,"[10, 12]",UNRESOLVED EXCEPTION,"SmartFit Dual and horizontal hardware passed production price/save/reopen/customer-preview checks. Motor accessories also passed production price/save/reopen/customer-preview checks. Horizontal Day & Night pricing and framed-dual per-shade price basis remain unresolved. Source mounting tables and charging-access rules are deployed; manual mounting production proof passed. Specialty net geometry is deployed; charging0345 ($1,439) and specialty0347 ($543) production boundary, save/reopen and customer-preview checks passed. Dealer comparisons remain unresolved."
honeycomb,surcharge,shim,Shim,flat,7,unit,"[10, 12]",UNRESOLVED EXCEPTION,"SmartFit Dual and horizontal hardware passed production price/save/reopen/customer-preview checks. Motor accessories also passed production price/save/reopen/customer-preview checks. Horizontal Day & Night pricing and framed-dual per-shade price basis remain unresolved. Source mounting tables and charging-access rules are deployed; manual mounting production proof passed. Specialty net geometry is deployed; charging0345 ($1,439) and specialty0347 ($543) production boundary, save/reopen and customer-preview checks passed. Dealer comparisons remain unresolved."
honeycomb,surcharge,side_mount_bracket,Side mount bracket,flat,23,unit,"[10, 12]",UNRESOLVED EXCEPTION,"SmartFit Dual and horizontal hardware passed production price/save/reopen/customer-preview checks. Motor accessories also passed production price/save/reopen/customer-preview checks. Horizontal Day & Night pricing and framed-dual per-shade price basis remain unresolved. Source mounting tables and charging-access rules are deployed; manual mounting production proof passed. Specialty net geometry is deployed; charging0345 ($1,439) and specialty0347 ($543) production boundary, save/reopen and customer-preview checks passed. Dealer comparisons remain unresolved."
honeycomb,surcharge,lightguard_pole_attachment_only,LightGuard | Pole Attachment only,flat,45,unit,"[10, 12]",UNRESOLVED EXCEPTION,"SmartFit Dual and horizontal hardware passed production price/save/reopen/customer-preview checks. Motor accessories also passed production price/save/reopen/customer-preview checks. Horizontal Day & Night pricing and framed-dual per-shade price basis remain unresolved. Source mounting tables and charging-access rules are deployed; manual mounting production proof passed. Specialty net geometry is deployed; charging0345 ($1,439) and specialty0347 ($543) production boundary, save/reopen and customer-preview checks passed. Dealer comparisons remain unresolved."
honeycomb,surcharge,magnetic_hold_down,Magnetic hold down,flat,28,unit,"[10, 12]",UNRESOLVED EXCEPTION,"SmartFit Dual and horizontal hardware passed production price/save/reopen/customer-preview checks. Motor accessories also passed production price/save/reopen/customer-preview checks. Horizontal Day & Night pricing and framed-dual per-shade price basis remain unresolved. Source mounting tables and charging-access rules are deployed; manual mounting production proof passed. Specialty net geometry is deployed; charging0345 ($1,439) and specialty0347 ($543) production boundary, save/reopen and customer-preview checks passed. Dealer comparisons remain unresolved."
honeycomb,surcharge,cut_out_cordless_operating_pole,Cut-out | Cordless operating pole,flat,89,unit,"[10, 12]",UNRESOLVED EXCEPTION,"SmartFit Dual and horizontal hardware passed production price/save/reopen/customer-preview checks. Motor accessories also passed production price/save/reopen/customer-preview checks. Horizontal Day & Night pricing and framed-dual per-shade price basis remain unresolved. Source mounting tables and charging-access rules are deployed; manual mounting production proof passed. Specialty net geometry is deployed; charging0345 ($1,439) and specialty0347 ($543) production boundary, save/reopen and customer-preview checks passed. Dealer comparisons remain unresolved."
honeycomb,surcharge,specialty_shapes,Specialty shapes,flat,117,unit,"[10, 12]",UNRESOLVED EXCEPTION,"SmartFit Dual and horizontal hardware passed production price/save/reopen/customer-preview checks. Motor accessories also passed production price/save/reopen/customer-preview checks. Horizontal Day & Night pricing and framed-dual per-shade price basis remain unresolved. Source mounting tables and charging-access rules are deployed; manual mounting production proof passed. Specialty net geometry is deployed; charging0345 ($1,439) and specialty0347 ($543) production boundary, save/reopen and customer-preview checks passed. Dealer comparisons remain unresolved."
honeycomb,surcharge,room_darkening_sheer_solus_fr_essentials,"Room darkening | Sheer, Solus | FR Essentials",percent,20,unit,"[10, 12]",UNRESOLVED EXCEPTION,"SmartFit Dual and horizontal hardware passed production price/save/reopen/customer-preview checks. Motor accessories also passed production price/save/reopen/customer-preview checks. Horizontal Day & Night pricing and framed-dual per-shade price basis remain unresolved. Source mounting tables and charging-access rules are deployed; manual mounting production proof passed. Specialty net geometry is deployed; charging0345 ($1,439) and specialty0347 ($543) production boundary, save/reopen and customer-preview checks passed. Dealer comparisons remain unresolved."
honeycomb,surcharge,room_darkening,Room Darkening,percent,20,unit,"[10, 12]",UNRESOLVED EXCEPTION,"SmartFit Dual and horizontal hardware passed production price/save/reopen/customer-preview checks. Motor accessories also passed production price/save/reopen/customer-preview checks. Horizontal Day & Night pricing and framed-dual per-shade price basis remain unresolved. Source mounting tables and charging-access rules are deployed; manual mounting production proof passed. Specialty net geometry is deployed; charging0345 ($1,439) and specialty0347 ($543) production boundary, save/reopen and customer-preview checks passed. Dealer comparisons remain unresolved."
honeycomb,configuration_field,mount_type,Mount,select,,,,UNRESOLVED EXCEPTION,Field inventoried; complete source/condition/UI/server certification pending.
honeycomb,configuration_field,control_side,Control side,select,,,,UNRESOLVED EXCEPTION,Field inventoried; complete source/condition/UI/server certification pending.
honeycomb,configuration_field,lift_system,Lift / control,select,,,,UNRESOLVED EXCEPTION,Field inventoried; complete source/condition/UI/server certification pending.
honeycomb,configuration_field,light_control,Light control,select,,,,UNRESOLVED EXCEPTION,Field inventoried; complete source/condition/UI/server certification pending.
honeycomb,configuration_field,cell_size,Cell size,select,,,,UNRESOLVED EXCEPTION,Field inventoried; complete source/condition/UI/server certification pending.
honeycomb,configuration_field,hard_surface_install,Hard-surface install,checkbox,,,,UNRESOLVED EXCEPTION,Field inventoried; complete source/condition/UI/server certification pending.
honeycomb,configuration_field,ladder_over_15ft,Ladder over 15 ft,checkbox,,,,UNRESOLVED EXCEPTION,Field inventoried; complete source/condition/UI/server certification pending.
honeycomb,configuration_field,requires_takedown,Existing treatment takedown,checkbox,,,,UNRESOLVED EXCEPTION,Field inventoried; complete source/condition/UI/server certification pending.
honeycomb,configuration_field,shim,Shim,checkbox,,,,UNRESOLVED EXCEPTION,Field inventoried; complete source/condition/UI/server certification pending.
honeycomb,configuration_field,side_mount_bracket,Side mount bracket,checkbox,,,,UNRESOLVED EXCEPTION,Field inventoried; complete source/condition/UI/server certification pending.
honeycomb,configuration_field,lightguard_pole_attachment_only,LightGuard | Pole Attachment only,checkbox,,,,UNRESOLVED EXCEPTION,Field inventoried; complete source/condition/UI/server certification pending.
honeycomb,configuration_field,magnetic_hold_down,Magnetic hold down,checkbox,,,,UNRESOLVED EXCEPTION,Field inventoried; complete source/condition/UI/server certification pending.
honeycomb,configuration_field,cut_out_cordless_operating_pole,Cut-out | Cordless operating pole,checkbox,,,,UNRESOLVED EXCEPTION,Field inventoried; complete source/condition/UI/server certification pending.
honeycomb,configuration_field,specialty_shapes,Specialty shapes,checkbox,,,,UNRESOLVED EXCEPTION,Field inventoried; complete source/condition/UI/server certification pending.
honeycomb,configuration_field,room_darkening_sheer_solus_fr_essentials,"Room darkening | Sheer, Solus | FR Essentials",checkbox,,,,UNRESOLVED EXCEPTION,Field inventoried; complete source/condition/UI/server certification pending.
honeycomb,motor_accessory,automate_home:motor_rechargeable_battery_pack_or_ac_adapter,Motor (Rechargeable Battery Pack or AC Adapter),,682,,[28],UNRESOLVED EXCEPTION,"SmartFit Dual and horizontal hardware passed production price/save/reopen/customer-preview checks. Motor accessories also passed production price/save/reopen/customer-preview checks. Horizontal Day & Night pricing and framed-dual per-shade price basis remain unresolved. Source mounting tables and charging-access rules are deployed; manual mounting production proof passed. Specialty net geometry is deployed; charging0345 ($1,439) and specialty0347 ($543) production boundary, save/reopen and customer-preview checks passed. Dealer comparisons remain unresolved."
honeycomb,motor_accessory,automate_home:motor_rechargeable_battery_pack,Motor (Rechargeable Battery Pack),,,,[28],UNRESOLVED EXCEPTION,"SmartFit Dual and horizontal hardware passed production price/save/reopen/customer-preview checks. Motor accessories also passed production price/save/reopen/customer-preview checks. Horizontal Day & Night pricing and framed-dual per-shade price basis remain unresolved. Source mounting tables and charging-access rules are deployed; manual mounting production proof passed. Specialty net geometry is deployed; charging0345 ($1,439) and specialty0347 ($543) production boundary, save/reopen and customer-preview checks passed. Dealer comparisons remain unresolved."
honeycomb,motor_accessory,automate_home:low_voltage_dc_motor,Low Voltage DC Motor,,,,[28],UNRESOLVED EXCEPTION,"SmartFit Dual and horizontal hardware passed production price/save/reopen/customer-preview checks. Motor accessories also passed production price/save/reopen/customer-preview checks. Horizontal Day & Night pricing and framed-dual per-shade price basis remain unresolved. Source mounting tables and charging-access rules are deployed; manual mounting production proof passed. Specialty net geometry is deployed; charging0345 ($1,439) and specialty0347 ($543) production boundary, save/reopen and customer-preview checks passed. Dealer comparisons remain unresolved."
honeycomb,motor_accessory,automate_home:dc_connection_harness,DC Connection Harness,,,,[28],UNRESOLVED EXCEPTION,"SmartFit Dual and horizontal hardware passed production price/save/reopen/customer-preview checks. Motor accessories also passed production price/save/reopen/customer-preview checks. Horizontal Day & Night pricing and framed-dual per-shade price basis remain unresolved. Source mounting tables and charging-access rules are deployed; manual mounting production proof passed. Specialty net geometry is deployed; charging0345 ($1,439) and specialty0347 ($543) production boundary, save/reopen and customer-preview checks passed. Dealer comparisons remain unresolved."
honeycomb,motor_accessory,automate_home:power_distribution_panel,Power Distribution Panel,,,,[28],UNRESOLVED EXCEPTION,"SmartFit Dual and horizontal hardware passed production price/save/reopen/customer-preview checks. Motor accessories also passed production price/save/reopen/customer-preview checks. Horizontal Day & Night pricing and framed-dual per-shade price basis remain unresolved. Source mounting tables and charging-access rules are deployed; manual mounting production proof passed. Specialty net geometry is deployed; charging0345 ($1,439) and specialty0347 ($543) production boundary, save/reopen and customer-preview checks passed. Dealer comparisons remain unresolved."
honeycomb,motor_accessory,automate_home:external_battery_pack,External Battery Pack,,,,[28],UNRESOLVED EXCEPTION,"SmartFit Dual and horizontal hardware passed production price/save/reopen/customer-preview checks. Motor accessories also passed production price/save/reopen/customer-preview checks. Horizontal Day & Night pricing and framed-dual per-shade price basis remain unresolved. Source mounting tables and charging-access rules are deployed; manual mounting production proof passed. Specialty net geometry is deployed; charging0345 ($1,439) and specialty0347 ($543) production boundary, save/reopen and customer-preview checks passed. Dealer comparisons remain unresolved."
honeycomb,motor_accessory,automate_home:repeater,Repeater,,272,,[28],UNRESOLVED EXCEPTION,"SmartFit Dual and horizontal hardware passed production price/save/reopen/customer-preview checks. Motor accessories also passed production price/save/reopen/customer-preview checks. Horizontal Day & Night pricing and framed-dual per-shade price basis remain unresolved. Source mounting tables and charging-access rules are deployed; manual mounting production proof passed. Specialty net geometry is deployed; charging0345 ($1,439) and specialty0347 ($543) production boundary, save/reopen and customer-preview checks passed. Dealer comparisons remain unresolved."
honeycomb,motor_accessory,automate_home:15_channel_remote,15-Channel Remote,,140,,[28],UNRESOLVED EXCEPTION,"SmartFit Dual and horizontal hardware passed production price/save/reopen/customer-preview checks. Motor accessories also passed production price/save/reopen/customer-preview checks. Horizontal Day & Night pricing and framed-dual per-shade price basis remain unresolved. Source mounting tables and charging-access rules are deployed; manual mounting production proof passed. Specialty net geometry is deployed; charging0345 ($1,439) and specialty0347 ($543) production boundary, save/reopen and customer-preview checks passed. Dealer comparisons remain unresolved."
honeycomb,motor_accessory,automate_home:5_channel_wall_switch,5-Channel Wall switch,,163,,[28],UNRESOLVED EXCEPTION,"SmartFit Dual and horizontal hardware passed production price/save/reopen/customer-preview checks. Motor accessories also passed production price/save/reopen/customer-preview checks. Horizontal Day & Night pricing and framed-dual per-shade price basis remain unresolved. Source mounting tables and charging-access rules are deployed; manual mounting production proof passed. Specialty net geometry is deployed; charging0345 ($1,439) and specialty0347 ($543) production boundary, save/reopen and customer-preview checks passed. Dealer comparisons remain unresolved."
honeycomb,motor_accessory,automate_home:hub,Hub,,483,,[28],UNRESOLVED EXCEPTION,"SmartFit Dual and horizontal hardware passed production price/save/reopen/customer-preview checks. Motor accessories also passed production price/save/reopen/customer-preview checks. Horizontal Day & Night pricing and framed-dual per-shade price basis remain unresolved. Source mounting tables and charging-access rules are deployed; manual mounting production proof passed. Specialty net geometry is deployed; charging0345 ($1,439) and specialty0347 ($543) production boundary, save/reopen and customer-preview checks passed. Dealer comparisons remain unresolved."
honeycomb,motor_accessory,automate_home:charging_kit_5v_1a_charging_box_adapter_charging_cable,"Charging kit (5V 1A Charging Box, Adapter, Charging Cable)",,103,,[28],UNRESOLVED EXCEPTION,"SmartFit Dual and horizontal hardware passed production price/save/reopen/customer-preview checks. Motor accessories also passed production price/save/reopen/customer-preview checks. Horizontal Day & Night pricing and framed-dual per-shade price basis remain unresolved. Source mounting tables and charging-access rules are deployed; manual mounting production proof passed. Specialty net geometry is deployed; charging0345 ($1,439) and specialty0347 ($543) production boundary, save/reopen and customer-preview checks passed. Dealer comparisons remain unresolved."
honeycomb,motor_accessory,automate_home:solar_panel,Solar Panel,,242,,[28],UNRESOLVED EXCEPTION,"SmartFit Dual and horizontal hardware passed production price/save/reopen/customer-preview checks. Motor accessories also passed production price/save/reopen/customer-preview checks. Horizontal Day & Night pricing and framed-dual per-shade price basis remain unresolved. Source mounting tables and charging-access rules are deployed; manual mounting production proof passed. Specialty net geometry is deployed; charging0345 ($1,439) and specialty0347 ($543) production boundary, save/reopen and customer-preview checks passed. Dealer comparisons remain unresolved."
honeycomb,motor_accessory,autowand:autowand,Autowand,,166,,[8],UNRESOLVED EXCEPTION,"SmartFit Dual and horizontal hardware passed production price/save/reopen/customer-preview checks. Motor accessories also passed production price/save/reopen/customer-preview checks. Horizontal Day & Night pricing and framed-dual per-shade price basis remain unresolved. Source mounting tables and charging-access rules are deployed; manual mounting production proof passed. Specialty net geometry is deployed; charging0345 ($1,439) and specialty0347 ($543) production boundary, save/reopen and customer-preview checks passed. Dealer comparisons remain unresolved."
honeycomb,motor_accessory,autowand:charging_kit,Charging Kit,,45,,[8],UNRESOLVED EXCEPTION,"SmartFit Dual and horizontal hardware passed production price/save/reopen/customer-preview checks. Motor accessories also passed production price/save/reopen/customer-preview checks. Horizontal Day & Night pricing and framed-dual per-shade price basis remain unresolved. Source mounting tables and charging-access rules are deployed; manual mounting production proof passed. Specialty net geometry is deployed; charging0345 ($1,439) and specialty0347 ($543) production boundary, save/reopen and customer-preview checks passed. Dealer comparisons remain unresolved."
honeycomb,motor_accessory,autowand:extension_cable,Extension Cable,,43,,[8],UNRESOLVED EXCEPTION,"SmartFit Dual and horizontal hardware passed production price/save/reopen/customer-preview checks. Motor accessories also passed production price/save/reopen/customer-preview checks. Horizontal Day & Night pricing and framed-dual per-shade price basis remain unresolved. Source mounting tables and charging-access rules are deployed; manual mounting production proof passed. Specialty net geometry is deployed; charging0345 ($1,439) and specialty0347 ($543) production boundary, save/reopen and customer-preview checks passed. Dealer comparisons remain unresolved."
honeycomb,motor_accessory,smart_motorization:motor,Motor,,482,,[7],UNRESOLVED EXCEPTION,"SmartFit Dual and horizontal hardware passed production price/save/reopen/customer-preview checks. Motor accessories also passed production price/save/reopen/customer-preview checks. Horizontal Day & Night pricing and framed-dual per-shade price basis remain unresolved. Source mounting tables and charging-access rules are deployed; manual mounting production proof passed. Specialty net geometry is deployed; charging0345 ($1,439) and specialty0347 ($543) production boundary, save/reopen and customer-preview checks passed. Dealer comparisons remain unresolved."
honeycomb,motor_accessory,smart_motorization:dual_motor_for_honeycomb,Dual Motor for Honeycomb,,642,,[7],UNRESOLVED EXCEPTION,"SmartFit Dual and horizontal hardware passed production price/save/reopen/customer-preview checks. Motor accessories also passed production price/save/reopen/customer-preview checks. Horizontal Day & Night pricing and framed-dual per-shade price basis remain unresolved. Source mounting tables and charging-access rules are deployed; manual mounting production proof passed. Specialty net geometry is deployed; charging0345 ($1,439) and specialty0347 ($543) production boundary, save/reopen and customer-preview checks passed. Dealer comparisons remain unresolved."
honeycomb,motor_accessory,smart_motorization:single_motor_for_skylights,Single Motor for Skylights,,611,,[7],UNRESOLVED EXCEPTION,"SmartFit Dual and horizontal hardware passed production price/save/reopen/customer-preview checks. Motor accessories also passed production price/save/reopen/customer-preview checks. Horizontal Day & Night pricing and framed-dual per-shade price basis remain unresolved. Source mounting tables and charging-access rules are deployed; manual mounting production proof passed. Specialty net geometry is deployed; charging0345 ($1,439) and specialty0347 ($543) production boundary, save/reopen and customer-preview checks passed. Dealer comparisons remain unresolved."
honeycomb,motor_accessory,smart_motorization:wired_charging_wand,Wired Charging Wand,,161,,[7],UNRESOLVED EXCEPTION,"SmartFit Dual and horizontal hardware passed production price/save/reopen/customer-preview checks. Motor accessories also passed production price/save/reopen/customer-preview checks. Horizontal Day & Night pricing and framed-dual per-shade price basis remain unresolved. Source mounting tables and charging-access rules are deployed; manual mounting production proof passed. Specialty net geometry is deployed; charging0345 ($1,439) and specialty0347 ($543) production boundary, save/reopen and customer-preview checks passed. Dealer comparisons remain unresolved."
honeycomb,motor_accessory,smart_motorization:wireless_charging_wand,Wireless Charging Wand,,428,,[7],UNRESOLVED EXCEPTION,"SmartFit Dual and horizontal hardware passed production price/save/reopen/customer-preview checks. Motor accessories also passed production price/save/reopen/customer-preview checks. Horizontal Day & Night pricing and framed-dual per-shade price basis remain unresolved. Source mounting tables and charging-access rules are deployed; manual mounting production proof passed. Specialty net geometry is deployed; charging0345 ($1,439) and specialty0347 ($543) production boundary, save/reopen and customer-preview checks passed. Dealer comparisons remain unresolved."
honeycomb,motor_accessory,smart_motorization:dc_connection_harness,DC Connection Harness,,11,,[7],UNRESOLVED EXCEPTION,"SmartFit Dual and horizontal hardware passed production price/save/reopen/customer-preview checks. Motor accessories also passed production price/save/reopen/customer-preview checks. Horizontal Day & Night pricing and framed-dual per-shade price basis remain unresolved. Source mounting tables and charging-access rules are deployed; manual mounting production proof passed. Specialty net geometry is deployed; charging0345 ($1,439) and specialty0347 ($543) production boundary, save/reopen and customer-preview checks passed. Dealer comparisons remain unresolved."
honeycomb,motor_accessory,smart_motorization:power_distribution_panel,Power Distribution Panel,,931,,[7],UNRESOLVED EXCEPTION,"SmartFit Dual and horizontal hardware passed production price/save/reopen/customer-preview checks. Motor accessories also passed production price/save/reopen/customer-preview checks. Horizontal Day & Night pricing and framed-dual per-shade price basis remain unresolved. Source mounting tables and charging-access rules are deployed; manual mounting production proof passed. Specialty net geometry is deployed; charging0345 ($1,439) and specialty0347 ($543) production boundary, save/reopen and customer-preview checks passed. Dealer comparisons remain unresolved."
honeycomb,motor_accessory,smart_motorization:hub,Hub,,321,,[7],UNRESOLVED EXCEPTION,"SmartFit Dual and horizontal hardware passed production price/save/reopen/customer-preview checks. Motor accessories also passed production price/save/reopen/customer-preview checks. Horizontal Day & Night pricing and framed-dual per-shade price basis remain unresolved. Source mounting tables and charging-access rules are deployed; manual mounting production proof passed. Specialty net geometry is deployed; charging0345 ($1,439) and specialty0347 ($543) production boundary, save/reopen and customer-preview checks passed. Dealer comparisons remain unresolved."
honeycomb,motor_accessory,smart_motorization:repeater,Repeater,,107,,[7],UNRESOLVED EXCEPTION,"SmartFit Dual and horizontal hardware passed production price/save/reopen/customer-preview checks. Motor accessories also passed production price/save/reopen/customer-preview checks. Horizontal Day & Night pricing and framed-dual per-shade price basis remain unresolved. Source mounting tables and charging-access rules are deployed; manual mounting production proof passed. Specialty net geometry is deployed; charging0345 ($1,439) and specialty0347 ($543) production boundary, save/reopen and customer-preview checks passed. Dealer comparisons remain unresolved."
honeycomb,motor_accessory,smart_motorization:smartdial_g2_remote,SmartDial G2 Remote,,268,,[7],UNRESOLVED EXCEPTION,"SmartFit Dual and horizontal hardware passed production price/save/reopen/customer-preview checks. Motor accessories also passed production price/save/reopen/customer-preview checks. Horizontal Day & Night pricing and framed-dual per-shade price basis remain unresolved. Source mounting tables and charging-access rules are deployed; manual mounting production proof passed. Specialty net geometry is deployed; charging0345 ($1,439) and specialty0347 ($543) production boundary, save/reopen and customer-preview checks passed. Dealer comparisons remain unresolved."
honeycomb,motor_accessory,smart_motorization:color_rings_for_smartdial_g2_remote,Color Rings for SmartDial G2 Remote,,43,,[7],UNRESOLVED EXCEPTION,"SmartFit Dual and horizontal hardware passed production price/save/reopen/customer-preview checks. Motor accessories also passed production price/save/reopen/customer-preview checks. Horizontal Day & Night pricing and framed-dual per-shade price basis remain unresolved. Source mounting tables and charging-access rules are deployed; manual mounting production proof passed. Specialty net geometry is deployed; charging0345 ($1,439) and specialty0347 ($543) production boundary, save/reopen and customer-preview checks passed. Dealer comparisons remain unresolved."
honeycomb,motor_accessory,smart_motorization:basic_remote_black,Basic Remote (black),,75,,[7],UNRESOLVED EXCEPTION,"SmartFit Dual and horizontal hardware passed production price/save/reopen/customer-preview checks. Motor accessories also passed production price/save/reopen/customer-preview checks. Horizontal Day & Night pricing and framed-dual per-shade price basis remain unresolved. Source mounting tables and charging-access rules are deployed; manual mounting production proof passed. Specialty net geometry is deployed; charging0345 ($1,439) and specialty0347 ($543) production boundary, save/reopen and customer-preview checks passed. Dealer comparisons remain unresolved."
honeycomb,motor_accessory,smart_motorization:extension_pole_for_charging_wand,Extension Pole for Charging Wand,,75,,[7],UNRESOLVED EXCEPTION,"SmartFit Dual and horizontal hardware passed production price/save/reopen/customer-preview checks. Motor accessories also passed production price/save/reopen/customer-preview checks. Horizontal Day & Night pricing and framed-dual per-shade price basis remain unresolved. Source mounting tables and charging-access rules are deployed; manual mounting production proof passed. Specialty net geometry is deployed; charging0345 ($1,439) and specialty0347 ($543) production boundary, save/reopen and customer-preview checks passed. Dealer comparisons remain unresolved."
honeycomb,motor_accessory,smart_motorization:charging_extension_wand,Charging Extension Wand,,,,[7],UNRESOLVED EXCEPTION,"SmartFit Dual and horizontal hardware passed production price/save/reopen/customer-preview checks. Motor accessories also passed production price/save/reopen/customer-preview checks. Horizontal Day & Night pricing and framed-dual per-shade price basis remain unresolved. Source mounting tables and charging-access rules are deployed; manual mounting production proof passed. Specialty net geometry is deployed; charging0345 ($1,439) and specialty0347 ($543) production boundary, save/reopen and customer-preview checks passed. Dealer comparisons remain unresolved."
honeycomb,motor_accessory,smart_motorization:extension_cable,Extension Cable,,,,[7],UNRESOLVED EXCEPTION,"SmartFit Dual and horizontal hardware passed production price/save/reopen/customer-preview checks. Motor accessories also passed production price/save/reopen/customer-preview checks. Horizontal Day & Night pricing and framed-dual per-shade price basis remain unresolved. Source mounting tables and charging-access rules are deployed; manual mounting production proof passed. Specialty net geometry is deployed; charging0345 ($1,439) and specialty0347 ($543) production boundary, save/reopen and customer-preview checks passed. Dealer comparisons remain unresolved."
honeycomb,motor_accessory,smart_motorization:charging_kit,Charging Kit,,43,,[7],UNRESOLVED EXCEPTION,"SmartFit Dual and horizontal hardware passed production price/save/reopen/customer-preview checks. Motor accessories also passed production price/save/reopen/customer-preview checks. Horizontal Day & Night pricing and framed-dual per-shade price basis remain unresolved. Source mounting tables and charging-access rules are deployed; manual mounting production proof passed. Specialty net geometry is deployed; charging0345 ($1,439) and specialty0347 ($543) production boundary, save/reopen and customer-preview checks passed. Dealer comparisons remain unresolved."
honeycomb,motor_accessory,smart_motorization:smartsense,SmartSense,,,,[7],UNRESOLVED EXCEPTION,"SmartFit Dual and horizontal hardware passed production price/save/reopen/customer-preview checks. Motor accessories also passed production price/save/reopen/customer-preview checks. Horizontal Day & Night pricing and framed-dual per-shade price basis remain unresolved. Source mounting tables and charging-access rules are deployed; manual mounting production proof passed. Specialty net geometry is deployed; charging0345 ($1,439) and specialty0347 ($543) production boundary, save/reopen and customer-preview checks passed. Dealer comparisons remain unresolved."
palladian_shelf,configuration_field,mount_type,Mount,select,,,,UNRESOLVED EXCEPTION,Field inventoried; complete source/condition/UI/server certification pending.
palladian_shelf,configuration_field,shelf_measurement_basis,Shelf measurements,select,,,,UNRESOLVED EXCEPTION,Field inventoried; complete source/condition/UI/server certification pending.
palladian_shelf,configuration_field,accompanying_product_id,Accompanying product,select,,,,UNRESOLVED EXCEPTION,Field inventoried; complete source/condition/UI/server certification pending.
palladian_shelf,configuration_field,color,Shelf color,select,,,,UNRESOLVED EXCEPTION,Field inventoried; complete source/condition/UI/server certification pending.
perfectsheer,surcharge,room_darkening_fabric,Room darkening fabric,percent,20,unit,[22],UNRESOLVED EXCEPTION,"Wood-bracket assignment, four/five-keystone source conflict, common-valance Light Guard price scope, Automate extra-kit identity and cross-product shared accessories; current dealer comparison. All 31 source fabrics, motor tubes, hardware, custom/common valances and side-by-side choices now have implemented rules and production persistence evidence."
perfectsheer,surcharge,basic_light_guard,Basic Light Guard,flat,45,unit,[22],UNRESOLVED EXCEPTION,"Wood-bracket assignment, four/five-keystone source conflict, common-valance Light Guard price scope, Automate extra-kit identity and cross-product shared accessories; current dealer comparison. All 31 source fabrics, motor tubes, hardware, custom/common valances and side-by-side choices now have implemented rules and production persistence evidence."
perfectsheer,surcharge,premium_wood_light_guard,Premium Wood Light Guard,flat,117,unit,[22],UNRESOLVED EXCEPTION,"Wood-bracket assignment, four/five-keystone source conflict, common-valance Light Guard price scope, Automate extra-kit identity and cross-product shared accessories; current dealer comparison. All 31 source fabrics, motor tubes, hardware, custom/common valances and side-by-side choices now have implemented rules and production persistence evidence."
perfectsheer,surcharge,shim,Shim,flat,7,unit,[22],UNRESOLVED EXCEPTION,"Wood-bracket assignment, four/five-keystone source conflict, common-valance Light Guard price scope, Automate extra-kit identity and cross-product shared accessories; current dealer comparison. All 31 source fabrics, motor tubes, hardware, custom/common valances and side-by-side choices now have implemented rules and production persistence evidence."
perfectsheer,surcharge,magnetic_hold_down,Magnetic hold down,flat,28,unit,[22],UNRESOLVED EXCEPTION,"Wood-bracket assignment, four/five-keystone source conflict, common-valance Light Guard price scope, Automate extra-kit identity and cross-product shared accessories; current dealer comparison. All 31 source fabrics, motor tubes, hardware, custom/common valances and side-by-side choices now have implemented rules and production persistence evidence."
perfectsheer,surcharge,keystone,Keystone,flat,73,unit,[22],UNRESOLVED EXCEPTION,"Wood-bracket assignment, four/five-keystone source conflict, common-valance Light Guard price scope, Automate extra-kit identity and cross-product shared accessories; current dealer comparison. All 31 source fabrics, motor tubes, hardware, custom/common valances and side-by-side choices now have implemented rules and production persistence evidence."
perfectsheer,surcharge,wood_valance,Wood Valance,flat,,unit,[22],UNRESOLVED EXCEPTION,"Wood-bracket assignment, four/five-keystone source conflict, common-valance Light Guard price scope, Automate extra-kit identity and cross-product shared accessories; current dealer comparison. All 31 source fabrics, motor tubes, hardware, custom/common valances and side-by-side choices now have implemented rules and production persistence evidence."
perfectsheer,surcharge,3_1_2in_and_4_1_2in_fabric_valance,"3 1/2"" & 4 1/2"" Fabric Valance",flat,,unit,[22],UNRESOLVED EXCEPTION,"Wood-bracket assignment, four/five-keystone source conflict, common-valance Light Guard price scope, Automate extra-kit identity and cross-product shared accessories; current dealer comparison. All 31 source fabrics, motor tubes, hardware, custom/common valances and side-by-side choices now have implemented rules and production persistence evidence."
perfectsheer,surcharge,valance_additional_foot,Valance - additional foot,flat,28,foot,[22],UNRESOLVED EXCEPTION,"Wood-bracket assignment, four/five-keystone source conflict, common-valance Light Guard price scope, Automate extra-kit identity and cross-product shared accessories; current dealer comparison. All 31 source fabrics, motor tubes, hardware, custom/common valances and side-by-side choices now have implemented rules and production persistence evidence."
perfectsheer,configuration_field,mount_type,Mount,select,,,,UNRESOLVED EXCEPTION,Field inventoried; complete source/condition/UI/server certification pending.
perfectsheer,configuration_field,control_side,Control side,select,,,,UNRESOLVED EXCEPTION,Field inventoried; complete source/condition/UI/server certification pending.
perfectsheer,configuration_field,lift_system,Lift / control,select,,,,UNRESOLVED EXCEPTION,Field inventoried; complete source/condition/UI/server certification pending.
perfectsheer,configuration_field,light_control,Light control,select,,,,UNRESOLVED EXCEPTION,Field inventoried; complete source/condition/UI/server certification pending.
perfectsheer,configuration_field,valance,Valance,select,,,,UNRESOLVED EXCEPTION,Field inventoried; complete source/condition/UI/server certification pending.
perfectsheer,configuration_field,perfectsheer_installation,Mounting method,select,,,,UNRESOLVED EXCEPTION,Field inventoried; complete source/condition/UI/server certification pending.
perfectsheer,configuration_field,perfectsheer_valance_height,Valance height,select,,,,UNRESOLVED EXCEPTION,Field inventoried; complete source/condition/UI/server certification pending.
perfectsheer,configuration_field,perfectsheer_valance_fabric,Valance fabric override,select,,,,UNRESOLVED EXCEPTION,Field inventoried; complete source/condition/UI/server certification pending.
perfectsheer,configuration_field,perfectsheer_wood_finish,Wood valance finish,select,,,,UNRESOLVED EXCEPTION,Field inventoried; complete source/condition/UI/server certification pending.
perfectsheer,configuration_field,perfectsheer_light_guard,Light Guard,select,,,,UNRESOLVED EXCEPTION,Field inventoried; complete source/condition/UI/server certification pending.
perfectsheer,configuration_field,perfectsheer_light_guard_color,Light Guard finish,select,,,,UNRESOLVED EXCEPTION,Field inventoried; complete source/condition/UI/server certification pending.
perfectsheer,configuration_field,perfectsheer_magnetic_hold_down,Magnetic hold-down,select,,,,UNRESOLVED EXCEPTION,Field inventoried; complete source/condition/UI/server certification pending.
perfectsheer,configuration_field,perfectsheer_magnet_color,Magnet catch finish,select,,,,UNRESOLVED EXCEPTION,Field inventoried; complete source/condition/UI/server certification pending.
perfectsheer,configuration_field,perfectsheer_shim_layers,Shim layers,select,,,,UNRESOLVED EXCEPTION,Field inventoried; complete source/condition/UI/server certification pending.
perfectsheer,configuration_field,perfectsheer_tube_diameter,Tube diameter,select,,,,UNRESOLVED EXCEPTION,Field inventoried; complete source/condition/UI/server certification pending.
perfectsheer,configuration_field,perfectsheer_valance_returns,Valance returns,select,,,,UNRESOLVED EXCEPTION,Field inventoried; complete source/condition/UI/server certification pending.
perfectsheer,configuration_field,perfectsheer_valance_joinery,Valance joinery,select,,,,UNRESOLVED EXCEPTION,Field inventoried; complete source/condition/UI/server certification pending.
perfectsheer,configuration_field,perfectsheer_keystone_count,Keystone quantity,select,,,,UNRESOLVED EXCEPTION,Field inventoried; complete source/condition/UI/server certification pending.
perfectsheer,configuration_field,perfectsheer_keystone_layout,Keystone locations,select,,,,UNRESOLVED EXCEPTION,Field inventoried; complete source/condition/UI/server certification pending.
perfectsheer,configuration_field,perfectsheer_wand_length,AutoWand length,select,,,,UNRESOLVED EXCEPTION,Field inventoried; complete source/condition/UI/server certification pending.
perfectsheer,configuration_field,perfectsheer_installed_on_door,Installed on door,select,,,,UNRESOLVED EXCEPTION,Field inventoried; complete source/condition/UI/server certification pending.
perfectsheer,configuration_field,perfectsheer_solar_panel,Solar panel per shade,select,,,,UNRESOLVED EXCEPTION,Field inventoried; complete source/condition/UI/server certification pending.
perfectsheer,configuration_field,perfectsheer_extension_color,AutoWand extension color,select,,,,UNRESOLVED EXCEPTION,Field inventoried; complete source/condition/UI/server certification pending.
perfectsheer,configuration_field,perfectsheer_wand_color,AutoWand color,select,,,,UNRESOLVED EXCEPTION,Field inventoried; complete source/condition/UI/server certification pending.
perfectsheer,configuration_field,perfectsheer_chain_unobstructed,Unobstructed below tension device,select,,,,UNRESOLVED EXCEPTION,Field inventoried; complete source/condition/UI/server certification pending.
perfectsheer,configuration_field,hard_surface_install,Hard-surface install,checkbox,,,,UNRESOLVED EXCEPTION,Field inventoried; complete source/condition/UI/server certification pending.
perfectsheer,configuration_field,ladder_over_15ft,Ladder over 15 ft,checkbox,,,,UNRESOLVED EXCEPTION,Field inventoried; complete source/condition/UI/server certification pending.
perfectsheer,configuration_field,requires_takedown,Existing treatment takedown,checkbox,,,,UNRESOLVED EXCEPTION,Field inventoried; complete source/condition/UI/server certification pending.
perfectsheer,configuration_field,light_guard,Light guard,select,,,,UNRESOLVED EXCEPTION,Field inventoried; complete source/condition/UI/server certification pending.
perfectsheer,configuration_field,shim,Shim,checkbox,,,,UNRESOLVED EXCEPTION,Field inventoried; complete source/condition/UI/server certification pending.
perfectsheer,configuration_field,magnetic_hold_down,Magnetic hold down,checkbox,,,,UNRESOLVED EXCEPTION,Field inventoried; complete source/condition/UI/server certification pending.
perfectsheer,configuration_field,keystone,Keystone,checkbox,,,,UNRESOLVED EXCEPTION,Field inventoried; complete source/condition/UI/server certification pending.
perfectsheer,motor_accessory,automate_home:motor_rechargeable_battery_pack_or_ac_adapter,Motor (Rechargeable Battery Pack or AC Adapter),,,,[28],UNRESOLVED EXCEPTION,"Wood-bracket assignment, four/five-keystone source conflict, common-valance Light Guard price scope, Automate extra-kit identity and cross-product shared accessories; current dealer comparison. All 31 source fabrics, motor tubes, hardware, custom/common valances and side-by-side choices now have implemented rules and production persistence evidence."
perfectsheer,motor_accessory,automate_home:motor_rechargeable_battery_pack,Motor (Rechargeable Battery Pack),,682,,[28],UNRESOLVED EXCEPTION,"Wood-bracket assignment, four/five-keystone source conflict, common-valance Light Guard price scope, Automate extra-kit identity and cross-product shared accessories; current dealer comparison. All 31 source fabrics, motor tubes, hardware, custom/common valances and side-by-side choices now have implemented rules and production persistence evidence."
perfectsheer,motor_accessory,automate_home:low_voltage_dc_motor,Low Voltage DC Motor,,814,,[28],UNRESOLVED EXCEPTION,"Wood-bracket assignment, four/five-keystone source conflict, common-valance Light Guard price scope, Automate extra-kit identity and cross-product shared accessories; current dealer comparison. All 31 source fabrics, motor tubes, hardware, custom/common valances and side-by-side choices now have implemented rules and production persistence evidence."
perfectsheer,motor_accessory,automate_home:dc_connection_harness,DC Connection Harness,,19,,[28],UNRESOLVED EXCEPTION,"Wood-bracket assignment, four/five-keystone source conflict, common-valance Light Guard price scope, Automate extra-kit identity and cross-product shared accessories; current dealer comparison. All 31 source fabrics, motor tubes, hardware, custom/common valances and side-by-side choices now have implemented rules and production persistence evidence."
perfectsheer,motor_accessory,automate_home:power_distribution_panel,Power Distribution Panel,,1133,,[28],UNRESOLVED EXCEPTION,"Wood-bracket assignment, four/five-keystone source conflict, common-valance Light Guard price scope, Automate extra-kit identity and cross-product shared accessories; current dealer comparison. All 31 source fabrics, motor tubes, hardware, custom/common valances and side-by-side choices now have implemented rules and production persistence evidence."
perfectsheer,motor_accessory,automate_home:external_battery_pack,External Battery Pack,,230,,[28],UNRESOLVED EXCEPTION,"Wood-bracket assignment, four/five-keystone source conflict, common-valance Light Guard price scope, Automate extra-kit identity and cross-product shared accessories; current dealer comparison. All 31 source fabrics, motor tubes, hardware, custom/common valances and side-by-side choices now have implemented rules and production persistence evidence."
perfectsheer,motor_accessory,automate_home:repeater,Repeater,,272,,[28],UNRESOLVED EXCEPTION,"Wood-bracket assignment, four/five-keystone source conflict, common-valance Light Guard price scope, Automate extra-kit identity and cross-product shared accessories; current dealer comparison. All 31 source fabrics, motor tubes, hardware, custom/common valances and side-by-side choices now have implemented rules and production persistence evidence."
perfectsheer,motor_accessory,automate_home:15_channel_remote,15-Channel Remote,,140,,[28],UNRESOLVED EXCEPTION,"Wood-bracket assignment, four/five-keystone source conflict, common-valance Light Guard price scope, Automate extra-kit identity and cross-product shared accessories; current dealer comparison. All 31 source fabrics, motor tubes, hardware, custom/common valances and side-by-side choices now have implemented rules and production persistence evidence."
perfectsheer,motor_accessory,automate_home:5_channel_wall_switch,5-Channel Wall switch,,163,,[28],UNRESOLVED EXCEPTION,"Wood-bracket assignment, four/five-keystone source conflict, common-valance Light Guard price scope, Automate extra-kit identity and cross-product shared accessories; current dealer comparison. All 31 source fabrics, motor tubes, hardware, custom/common valances and side-by-side choices now have implemented rules and production persistence evidence."
perfectsheer,motor_accessory,automate_home:hub,Hub,,483,,[28],UNRESOLVED EXCEPTION,"Wood-bracket assignment, four/five-keystone source conflict, common-valance Light Guard price scope, Automate extra-kit identity and cross-product shared accessories; current dealer comparison. All 31 source fabrics, motor tubes, hardware, custom/common valances and side-by-side choices now have implemented rules and production persistence evidence."
perfectsheer,motor_accessory,automate_home:charging_kit_5v_1a_charging_box_adapter_charging_cable,"Charging kit (5V 1A Charging Box, Adapter, Charging Cable)",,103,,[28],UNRESOLVED EXCEPTION,"Wood-bracket assignment, four/five-keystone source conflict, common-valance Light Guard price scope, Automate extra-kit identity and cross-product shared accessories; current dealer comparison. All 31 source fabrics, motor tubes, hardware, custom/common valances and side-by-side choices now have implemented rules and production persistence evidence."
perfectsheer,motor_accessory,automate_home:solar_panel,Solar Panel,,242,,[28],UNRESOLVED EXCEPTION,"Wood-bracket assignment, four/five-keystone source conflict, common-valance Light Guard price scope, Automate extra-kit identity and cross-product shared accessories; current dealer comparison. All 31 source fabrics, motor tubes, hardware, custom/common valances and side-by-side choices now have implemented rules and production persistence evidence."
perfectsheer,motor_accessory,autowand:autowand,Autowand,,166,,[8],UNRESOLVED EXCEPTION,"Wood-bracket assignment, four/five-keystone source conflict, common-valance Light Guard price scope, Automate extra-kit identity and cross-product shared accessories; current dealer comparison. All 31 source fabrics, motor tubes, hardware, custom/common valances and side-by-side choices now have implemented rules and production persistence evidence."
perfectsheer,motor_accessory,autowand:charging_kit,Charging Kit,,45,,[8],UNRESOLVED EXCEPTION,"Wood-bracket assignment, four/five-keystone source conflict, common-valance Light Guard price scope, Automate extra-kit identity and cross-product shared accessories; current dealer comparison. All 31 source fabrics, motor tubes, hardware, custom/common valances and side-by-side choices now have implemented rules and production persistence evidence."
perfectsheer,motor_accessory,autowand:extension_cable,Extension Cable,,43,,[8],UNRESOLVED EXCEPTION,"Wood-bracket assignment, four/five-keystone source conflict, common-valance Light Guard price scope, Automate extra-kit identity and cross-product shared accessories; current dealer comparison. All 31 source fabrics, motor tubes, hardware, custom/common valances and side-by-side choices now have implemented rules and production persistence evidence."
perfectsheer,motor_accessory,smart_motorization:motor,Motor,,482,,[7],UNRESOLVED EXCEPTION,"Wood-bracket assignment, four/five-keystone source conflict, common-valance Light Guard price scope, Automate extra-kit identity and cross-product shared accessories; current dealer comparison. All 31 source fabrics, motor tubes, hardware, custom/common valances and side-by-side choices now have implemented rules and production persistence evidence."
perfectsheer,motor_accessory,smart_motorization:dual_motor_for_honeycomb,Dual Motor for Honeycomb,,,,[7],UNRESOLVED EXCEPTION,"Wood-bracket assignment, four/five-keystone source conflict, common-valance Light Guard price scope, Automate extra-kit identity and cross-product shared accessories; current dealer comparison. All 31 source fabrics, motor tubes, hardware, custom/common valances and side-by-side choices now have implemented rules and production persistence evidence."
perfectsheer,motor_accessory,smart_motorization:single_motor_for_skylights,Single Motor for Skylights,,,,[7],UNRESOLVED EXCEPTION,"Wood-bracket assignment, four/five-keystone source conflict, common-valance Light Guard price scope, Automate extra-kit identity and cross-product shared accessories; current dealer comparison. All 31 source fabrics, motor tubes, hardware, custom/common valances and side-by-side choices now have implemented rules and production persistence evidence."
perfectsheer,motor_accessory,smart_motorization:wired_charging_wand,Wired Charging Wand,,,,[7],UNRESOLVED EXCEPTION,"Wood-bracket assignment, four/five-keystone source conflict, common-valance Light Guard price scope, Automate extra-kit identity and cross-product shared accessories; current dealer comparison. All 31 source fabrics, motor tubes, hardware, custom/common valances and side-by-side choices now have implemented rules and production persistence evidence."
perfectsheer,motor_accessory,smart_motorization:wireless_charging_wand,Wireless Charging Wand,,,,[7],UNRESOLVED EXCEPTION,"Wood-bracket assignment, four/five-keystone source conflict, common-valance Light Guard price scope, Automate extra-kit identity and cross-product shared accessories; current dealer comparison. All 31 source fabrics, motor tubes, hardware, custom/common valances and side-by-side choices now have implemented rules and production persistence evidence."
perfectsheer,motor_accessory,smart_motorization:dc_connection_harness,DC Connection Harness,,11,,[7],UNRESOLVED EXCEPTION,"Wood-bracket assignment, four/five-keystone source conflict, common-valance Light Guard price scope, Automate extra-kit identity and cross-product shared accessories; current dealer comparison. All 31 source fabrics, motor tubes, hardware, custom/common valances and side-by-side choices now have implemented rules and production persistence evidence."
perfectsheer,motor_accessory,smart_motorization:power_distribution_panel,Power Distribution Panel,,931,,[7],UNRESOLVED EXCEPTION,"Wood-bracket assignment, four/five-keystone source conflict, common-valance Light Guard price scope, Automate extra-kit identity and cross-product shared accessories; current dealer comparison. All 31 source fabrics, motor tubes, hardware, custom/common valances and side-by-side choices now have implemented rules and production persistence evidence."
perfectsheer,motor_accessory,smart_motorization:hub,Hub,,321,,[7],UNRESOLVED EXCEPTION,"Wood-bracket assignment, four/five-keystone source conflict, common-valance Light Guard price scope, Automate extra-kit identity and cross-product shared accessories; current dealer comparison. All 31 source fabrics, motor tubes, hardware, custom/common valances and side-by-side choices now have implemented rules and production persistence evidence."
perfectsheer,motor_accessory,smart_motorization:repeater,Repeater,,107,,[7],UNRESOLVED EXCEPTION,"Wood-bracket assignment, four/five-keystone source conflict, common-valance Light Guard price scope, Automate extra-kit identity and cross-product shared accessories; current dealer comparison. All 31 source fabrics, motor tubes, hardware, custom/common valances and side-by-side choices now have implemented rules and production persistence evidence."
perfectsheer,motor_accessory,smart_motorization:smartdial_g2_remote,SmartDial G2 Remote,,268,,[7],UNRESOLVED EXCEPTION,"Wood-bracket assignment, four/five-keystone source conflict, common-valance Light Guard price scope, Automate extra-kit identity and cross-product shared accessories; current dealer comparison. All 31 source fabrics, motor tubes, hardware, custom/common valances and side-by-side choices now have implemented rules and production persistence evidence."
perfectsheer,motor_accessory,smart_motorization:color_rings_for_smartdial_g2_remote,Color Rings for SmartDial G2 Remote,,43,,[7],UNRESOLVED EXCEPTION,"Wood-bracket assignment, four/five-keystone source conflict, common-valance Light Guard price scope, Automate extra-kit identity and cross-product shared accessories; current dealer comparison. All 31 source fabrics, motor tubes, hardware, custom/common valances and side-by-side choices now have implemented rules and production persistence evidence."
perfectsheer,motor_accessory,smart_motorization:basic_remote_black,Basic Remote (black),,75,,[7],UNRESOLVED EXCEPTION,"Wood-bracket assignment, four/five-keystone source conflict, common-valance Light Guard price scope, Automate extra-kit identity and cross-product shared accessories; current dealer comparison. All 31 source fabrics, motor tubes, hardware, custom/common valances and side-by-side choices now have implemented rules and production persistence evidence."
perfectsheer,motor_accessory,smart_motorization:extension_pole_for_charging_wand,Extension Pole for Charging Wand,,,,[7],UNRESOLVED EXCEPTION,"Wood-bracket assignment, four/five-keystone source conflict, common-valance Light Guard price scope, Automate extra-kit identity and cross-product shared accessories; current dealer comparison. All 31 source fabrics, motor tubes, hardware, custom/common valances and side-by-side choices now have implemented rules and production persistence evidence."
perfectsheer,motor_accessory,smart_motorization:charging_extension_wand,Charging Extension Wand,,,,[7],UNRESOLVED EXCEPTION,"Wood-bracket assignment, four/five-keystone source conflict, common-valance Light Guard price scope, Automate extra-kit identity and cross-product shared accessories; current dealer comparison. All 31 source fabrics, motor tubes, hardware, custom/common valances and side-by-side choices now have implemented rules and production persistence evidence."
perfectsheer,motor_accessory,smart_motorization:extension_cable,Extension Cable,,43,,[7],UNRESOLVED EXCEPTION,"Wood-bracket assignment, four/five-keystone source conflict, common-valance Light Guard price scope, Automate extra-kit identity and cross-product shared accessories; current dealer comparison. All 31 source fabrics, motor tubes, hardware, custom/common valances and side-by-side choices now have implemented rules and production persistence evidence."
perfectsheer,motor_accessory,smart_motorization:charging_kit,Charging Kit,,43,,[7],UNRESOLVED EXCEPTION,"Wood-bracket assignment, four/five-keystone source conflict, common-valance Light Guard price scope, Automate extra-kit identity and cross-product shared accessories; current dealer comparison. All 31 source fabrics, motor tubes, hardware, custom/common valances and side-by-side choices now have implemented rules and production persistence evidence."
perfectsheer,motor_accessory,smart_motorization:smartsense,SmartSense,,,,[7],UNRESOLVED EXCEPTION,"Wood-bracket assignment, four/five-keystone source conflict, common-valance Light Guard price scope, Automate extra-kit identity and cross-product shared accessories; current dealer comparison. All 31 source fabrics, motor tubes, hardware, custom/common valances and side-by-side choices now have implemented rules and production persistence evidence."
roller,surcharge,dual_shade,Dual shade,flat,73,unit,[20],UNRESOLVED EXCEPTION,"Hardware/shim quantities, common-valance measured records and Automate shared panels are deployed. Actual-backend tests cover charge ownership, quantity/coupled/dual motor counts and panel capacity. Representative hardware0346, common0349 and panel0350 production checks passed. Exact439-fabric material widths and physical tube/valance association fixes are live in2046fadd; agent live proof is in progress. Shared common-valance retail allocation, undocumented largest-bracket thresholds and current dealer comparisons remain unresolved."
roller,surcharge,smartrelease,SmartRelease,flat,89,unit,[20],UNRESOLVED EXCEPTION,"Hardware/shim quantities, common-valance measured records and Automate shared panels are deployed. Actual-backend tests cover charge ownership, quantity/coupled/dual motor counts and panel capacity. Representative hardware0346, common0349 and panel0350 production checks passed. Exact439-fabric material widths and physical tube/valance association fixes are live in2046fadd; agent live proof is in progress. Shared common-valance retail allocation, undocumented largest-bracket thresholds and current dealer comparisons remain unresolved."
roller,surcharge,coupled_shade,Coupled shade,flat,117,unit,[20],UNRESOLVED EXCEPTION,"Hardware/shim quantities, common-valance measured records and Automate shared panels are deployed. Actual-backend tests cover charge ownership, quantity/coupled/dual motor counts and panel capacity. Representative hardware0346, common0349 and panel0350 production checks passed. Exact439-fabric material widths and physical tube/valance association fixes are live in2046fadd; agent live proof is in progress. Shared common-valance retail allocation, undocumented largest-bracket thresholds and current dealer comparisons remain unresolved."
roller,surcharge,basic_light_guard,Basic Light Guard,flat,45,unit,[20],UNRESOLVED EXCEPTION,"Hardware/shim quantities, common-valance measured records and Automate shared panels are deployed. Actual-backend tests cover charge ownership, quantity/coupled/dual motor counts and panel capacity. Representative hardware0346, common0349 and panel0350 production checks passed. Exact439-fabric material widths and physical tube/valance association fixes are live in2046fadd; agent live proof is in progress. Shared common-valance retail allocation, undocumented largest-bracket thresholds and current dealer comparisons remain unresolved."
roller,surcharge,premium_wood_light_guard,Premium Wood Light Guard,flat,117,unit,[20],UNRESOLVED EXCEPTION,"Hardware/shim quantities, common-valance measured records and Automate shared panels are deployed. Actual-backend tests cover charge ownership, quantity/coupled/dual motor counts and panel capacity. Representative hardware0346, common0349 and panel0350 production checks passed. Exact439-fabric material widths and physical tube/valance association fixes are live in2046fadd; agent live proof is in progress. Shared common-valance retail allocation, undocumented largest-bracket thresholds and current dealer comparisons remain unresolved."
roller,surcharge,lightguard_360,LightGuard 360,flat,375,unit,[20],UNRESOLVED EXCEPTION,"Hardware/shim quantities, common-valance measured records and Automate shared panels are deployed. Actual-backend tests cover charge ownership, quantity/coupled/dual motor counts and panel capacity. Representative hardware0346, common0349 and panel0350 production checks passed. Exact439-fabric material widths and physical tube/valance association fixes are live in2046fadd; agent live proof is in progress. Shared common-valance retail allocation, undocumented largest-bracket thresholds and current dealer comparisons remain unresolved."
roller,surcharge,t_post_for_lg_360,T-Post for LG 360,flat,150,unit,[20],UNRESOLVED EXCEPTION,"Hardware/shim quantities, common-valance measured records and Automate shared panels are deployed. Actual-backend tests cover charge ownership, quantity/coupled/dual motor counts and panel capacity. Representative hardware0346, common0349 and panel0350 production checks passed. Exact439-fabric material widths and physical tube/valance association fixes are live in2046fadd; agent live proof is in progress. Shared common-valance retail allocation, undocumented largest-bracket thresholds and current dealer comparisons remain unresolved."
roller,surcharge,shim,Shim,flat,7,unit,[20],UNRESOLVED EXCEPTION,"Hardware/shim quantities, common-valance measured records and Automate shared panels are deployed. Actual-backend tests cover charge ownership, quantity/coupled/dual motor counts and panel capacity. Representative hardware0346, common0349 and panel0350 production checks passed. Exact439-fabric material widths and physical tube/valance association fixes are live in2046fadd; agent live proof is in progress. Shared common-valance retail allocation, undocumented largest-bracket thresholds and current dealer comparisons remain unresolved."
roller,surcharge,additional_fiberglass_pole,Additional fiberglass pole,flat,28,unit,[20],UNRESOLVED EXCEPTION,"Hardware/shim quantities, common-valance measured records and Automate shared panels are deployed. Actual-backend tests cover charge ownership, quantity/coupled/dual motor counts and panel capacity. Representative hardware0346, common0349 and panel0350 production checks passed. Exact439-fabric material widths and physical tube/valance association fixes are live in2046fadd; agent live proof is in progress. Shared common-valance retail allocation, undocumented largest-bracket thresholds and current dealer comparisons remain unresolved."
roller,surcharge,magnetic_hold_down,Magnetic hold down,flat,28,unit,[20],UNRESOLVED EXCEPTION,"Hardware/shim quantities, common-valance measured records and Automate shared panels are deployed. Actual-backend tests cover charge ownership, quantity/coupled/dual motor counts and panel capacity. Representative hardware0346, common0349 and panel0350 production checks passed. Exact439-fabric material widths and physical tube/valance association fixes are live in2046fadd; agent live proof is in progress. Shared common-valance retail allocation, undocumented largest-bracket thresholds and current dealer comparisons remain unresolved."
roller,surcharge,pole_attachment_only,Pole attachment only,flat,40,unit,[20],UNRESOLVED EXCEPTION,"Hardware/shim quantities, common-valance measured records and Automate shared panels are deployed. Actual-backend tests cover charge ownership, quantity/coupled/dual motor counts and panel capacity. Representative hardware0346, common0349 and panel0350 production checks passed. Exact439-fabric material widths and physical tube/valance association fixes are live in2046fadd; agent live proof is in progress. Shared common-valance retail allocation, undocumented largest-bracket thresholds and current dealer comparisons remain unresolved."
roller,surcharge,keystone,Keystone,flat,73,unit,[20],UNRESOLVED EXCEPTION,"Hardware/shim quantities, common-valance measured records and Automate shared panels are deployed. Actual-backend tests cover charge ownership, quantity/coupled/dual motor counts and panel capacity. Representative hardware0346, common0349 and panel0350 production checks passed. Exact439-fabric material widths and physical tube/valance association fixes are live in2046fadd; agent live proof is in progress. Shared common-valance retail allocation, undocumented largest-bracket thresholds and current dealer comparisons remain unresolved."
roller,surcharge,cordless_operating_pole_premium_hardware,Cordless operating pole | premium hardware,flat,89,unit,[20],UNRESOLVED EXCEPTION,"Hardware/shim quantities, common-valance measured records and Automate shared panels are deployed. Actual-backend tests cover charge ownership, quantity/coupled/dual motor counts and panel capacity. Representative hardware0346, common0349 and panel0350 production checks passed. Exact439-fabric material widths and physical tube/valance association fixes are live in2046fadd; agent live proof is in progress. Shared common-valance retail allocation, undocumented largest-bracket thresholds and current dealer comparisons remain unresolved."
roller,surcharge,premium_hem_bar,Premium hem bar,flat,16,unit,[20],UNRESOLVED EXCEPTION,"Hardware/shim quantities, common-valance measured records and Automate shared panels are deployed. Actual-backend tests cover charge ownership, quantity/coupled/dual motor counts and panel capacity. Representative hardware0346, common0349 and panel0350 production checks passed. Exact439-fabric material widths and physical tube/valance association fixes are live in2046fadd; agent live proof is in progress. Shared common-valance retail allocation, undocumented largest-bracket thresholds and current dealer comparisons remain unresolved."
roller,surcharge,fascia_wood_valance_3_1_2in_4_1_2in_and_6in,"Fascia, Wood Valance (3 1/2"", 4 1/2"" & 6"")",flat,,unit,[20],UNRESOLVED EXCEPTION,"Hardware/shim quantities, common-valance measured records and Automate shared panels are deployed. Actual-backend tests cover charge ownership, quantity/coupled/dual motor counts and panel capacity. Representative hardware0346, common0349 and panel0350 production checks passed. Exact439-fabric material widths and physical tube/valance association fixes are live in2046fadd; agent live proof is in progress. Shared common-valance retail allocation, undocumented largest-bracket thresholds and current dealer comparisons remain unresolved."
roller,surcharge,fabric_valance_3_1_2in_4_1_2in_and_6in,"Fabric Valance (3 1/2"", 4 1/2"" & 6"")",flat,,unit,[20],UNRESOLVED EXCEPTION,"Hardware/shim quantities, common-valance measured records and Automate shared panels are deployed. Actual-backend tests cover charge ownership, quantity/coupled/dual motor counts and panel capacity. Representative hardware0346, common0349 and panel0350 production checks passed. Exact439-fabric material widths and physical tube/valance association fixes are live in2046fadd; agent live proof is in progress. Shared common-valance retail allocation, undocumented largest-bracket thresholds and current dealer comparisons remain unresolved."
roller,surcharge,8in_fabric_valance_and_cassette,"8"" Fabric Valance & Cassette",flat,,unit,[20],UNRESOLVED EXCEPTION,"Hardware/shim quantities, common-valance measured records and Automate shared panels are deployed. Actual-backend tests cover charge ownership, quantity/coupled/dual motor counts and panel capacity. Representative hardware0346, common0349 and panel0350 production checks passed. Exact439-fabric material widths and physical tube/valance association fixes are live in2046fadd; agent live proof is in progress. Shared common-valance retail allocation, undocumented largest-bracket thresholds and current dealer comparisons remain unresolved."
roller,surcharge,raceway,Raceway,flat,,unit,[20],UNRESOLVED EXCEPTION,"Hardware/shim quantities, common-valance measured records and Automate shared panels are deployed. Actual-backend tests cover charge ownership, quantity/coupled/dual motor counts and panel capacity. Representative hardware0346, common0349 and panel0350 production checks passed. Exact439-fabric material widths and physical tube/valance association fixes are live in2046fadd; agent live proof is in progress. Shared common-valance retail allocation, undocumented largest-bracket thresholds and current dealer comparisons remain unresolved."
roller,configuration_field,mount_type,Mount,select,,,,UNRESOLVED EXCEPTION,Field inventoried; complete source/condition/UI/server certification pending.
roller,configuration_field,window_type,Window type,select,,,,UNRESOLVED EXCEPTION,Field inventoried; complete source/condition/UI/server certification pending.
roller,configuration_field,shade_type,Shade type,select,,,,UNRESOLVED EXCEPTION,Field inventoried; complete source/condition/UI/server certification pending.
roller,configuration_field,coupled_shade_count,Coupled shade count,select,,,,UNRESOLVED EXCEPTION,Field inventoried; complete source/condition/UI/server certification pending.
roller,configuration_field,lightguard_360_shade_count,LightGuard 360 shade count,select,,,,UNRESOLVED EXCEPTION,Field inventoried; complete source/condition/UI/server certification pending.
roller,configuration_field,control_side,Control side,select,,,,UNRESOLVED EXCEPTION,Field inventoried; complete source/condition/UI/server certification pending.
roller,configuration_field,lift_system,Lift system,select,,,,UNRESOLVED EXCEPTION,Field inventoried; complete source/condition/UI/server certification pending.
roller,configuration_field,valance,Valance,select,,,,UNRESOLVED EXCEPTION,Field inventoried; complete source/condition/UI/server certification pending.
roller,configuration_field,fabric_roll,Fabric roll,select,,,,UNRESOLVED EXCEPTION,Field inventoried; complete source/condition/UI/server certification pending.
roller,configuration_field,raceway,Raceway,select,,,,UNRESOLVED EXCEPTION,Field inventoried; complete source/condition/UI/server certification pending.
roller,configuration_field,hardware_type,Hardware type,select,,,,UNRESOLVED EXCEPTION,Field inventoried; complete source/condition/UI/server certification pending.
roller,configuration_field,hardware_color,Hardware color,select,,,,UNRESOLVED EXCEPTION,Field inventoried; complete source/condition/UI/server certification pending.
roller,configuration_field,hem_bar,Hem bar,select,,,,UNRESOLVED EXCEPTION,Field inventoried; complete source/condition/UI/server certification pending.
roller,configuration_field,hem_bar_color,Hem bar color,select,,,,UNRESOLVED EXCEPTION,Field inventoried; complete source/condition/UI/server certification pending.
roller,configuration_field,bottomrail,Hem bar / bottomrail,select,,,,UNRESOLVED EXCEPTION,Field inventoried; complete source/condition/UI/server certification pending.
roller,configuration_field,hard_surface_install,Hard-surface install,checkbox,,,,UNRESOLVED EXCEPTION,Field inventoried; complete source/condition/UI/server certification pending.
roller,configuration_field,ladder_over_15ft,Ladder over 15 ft,checkbox,,,,UNRESOLVED EXCEPTION,Field inventoried; complete source/condition/UI/server certification pending.
roller,configuration_field,requires_takedown,Existing treatment takedown,checkbox,,,,UNRESOLVED EXCEPTION,Field inventoried; complete source/condition/UI/server certification pending.
roller,configuration_field,light_guard,Light guard,select,,,,UNRESOLVED EXCEPTION,Field inventoried; complete source/condition/UI/server certification pending.
roller,configuration_field,shim,Shim,checkbox,,,,UNRESOLVED EXCEPTION,Field inventoried; complete source/condition/UI/server certification pending.
roller,configuration_field,additional_fiberglass_pole,Additional fiberglass pole,checkbox,,,,UNRESOLVED EXCEPTION,Field inventoried; complete source/condition/UI/server certification pending.
roller,configuration_field,magnetic_hold_down,Magnetic hold down,checkbox,,,,UNRESOLVED EXCEPTION,Field inventoried; complete source/condition/UI/server certification pending.
roller,configuration_field,pole_attachment_only,Pole attachment only,checkbox,,,,UNRESOLVED EXCEPTION,Field inventoried; complete source/condition/UI/server certification pending.
roller,configuration_field,keystone,Keystone,checkbox,,,,UNRESOLVED EXCEPTION,Field inventoried; complete source/condition/UI/server certification pending.
roller,motor_accessory,automate_home:motor_rechargeable_battery_pack_or_ac_adapter,Motor (Rechargeable Battery Pack or AC Adapter),,,,[28],UNRESOLVED EXCEPTION,"Hardware/shim quantities, common-valance measured records and Automate shared panels are deployed. Actual-backend tests cover charge ownership, quantity/coupled/dual motor counts and panel capacity. Representative hardware0346, common0349 and panel0350 production checks passed. Exact439-fabric material widths and physical tube/valance association fixes are live in2046fadd; agent live proof is in progress. Shared common-valance retail allocation, undocumented largest-bracket thresholds and current dealer comparisons remain unresolved."
roller,motor_accessory,automate_home:motor_rechargeable_battery_pack,Motor (Rechargeable Battery Pack),,682,,[28],UNRESOLVED EXCEPTION,"Hardware/shim quantities, common-valance measured records and Automate shared panels are deployed. Actual-backend tests cover charge ownership, quantity/coupled/dual motor counts and panel capacity. Representative hardware0346, common0349 and panel0350 production checks passed. Exact439-fabric material widths and physical tube/valance association fixes are live in2046fadd; agent live proof is in progress. Shared common-valance retail allocation, undocumented largest-bracket thresholds and current dealer comparisons remain unresolved."
roller,motor_accessory,automate_home:low_voltage_dc_motor,Low Voltage DC Motor,,814,,[28],UNRESOLVED EXCEPTION,"Hardware/shim quantities, common-valance measured records and Automate shared panels are deployed. Actual-backend tests cover charge ownership, quantity/coupled/dual motor counts and panel capacity. Representative hardware0346, common0349 and panel0350 production checks passed. Exact439-fabric material widths and physical tube/valance association fixes are live in2046fadd; agent live proof is in progress. Shared common-valance retail allocation, undocumented largest-bracket thresholds and current dealer comparisons remain unresolved."
roller,motor_accessory,automate_home:dc_connection_harness,DC Connection Harness,,19,,[28],UNRESOLVED EXCEPTION,"Hardware/shim quantities, common-valance measured records and Automate shared panels are deployed. Actual-backend tests cover charge ownership, quantity/coupled/dual motor counts and panel capacity. Representative hardware0346, common0349 and panel0350 production checks passed. Exact439-fabric material widths and physical tube/valance association fixes are live in2046fadd; agent live proof is in progress. Shared common-valance retail allocation, undocumented largest-bracket thresholds and current dealer comparisons remain unresolved."
roller,motor_accessory,automate_home:power_distribution_panel,Power Distribution Panel,,1133,,[28],UNRESOLVED EXCEPTION,"Hardware/shim quantities, common-valance measured records and Automate shared panels are deployed. Actual-backend tests cover charge ownership, quantity/coupled/dual motor counts and panel capacity. Representative hardware0346, common0349 and panel0350 production checks passed. Exact439-fabric material widths and physical tube/valance association fixes are live in2046fadd; agent live proof is in progress. Shared common-valance retail allocation, undocumented largest-bracket thresholds and current dealer comparisons remain unresolved."
roller,motor_accessory,automate_home:external_battery_pack,External Battery Pack,,230,,[28],UNRESOLVED EXCEPTION,"Hardware/shim quantities, common-valance measured records and Automate shared panels are deployed. Actual-backend tests cover charge ownership, quantity/coupled/dual motor counts and panel capacity. Representative hardware0346, common0349 and panel0350 production checks passed. Exact439-fabric material widths and physical tube/valance association fixes are live in2046fadd; agent live proof is in progress. Shared common-valance retail allocation, undocumented largest-bracket thresholds and current dealer comparisons remain unresolved."
roller,motor_accessory,automate_home:repeater,Repeater,,272,,[28],UNRESOLVED EXCEPTION,"Hardware/shim quantities, common-valance measured records and Automate shared panels are deployed. Actual-backend tests cover charge ownership, quantity/coupled/dual motor counts and panel capacity. Representative hardware0346, common0349 and panel0350 production checks passed. Exact439-fabric material widths and physical tube/valance association fixes are live in2046fadd; agent live proof is in progress. Shared common-valance retail allocation, undocumented largest-bracket thresholds and current dealer comparisons remain unresolved."
roller,motor_accessory,automate_home:15_channel_remote,15-Channel Remote,,140,,[28],UNRESOLVED EXCEPTION,"Hardware/shim quantities, common-valance measured records and Automate shared panels are deployed. Actual-backend tests cover charge ownership, quantity/coupled/dual motor counts and panel capacity. Representative hardware0346, common0349 and panel0350 production checks passed. Exact439-fabric material widths and physical tube/valance association fixes are live in2046fadd; agent live proof is in progress. Shared common-valance retail allocation, undocumented largest-bracket thresholds and current dealer comparisons remain unresolved."
roller,motor_accessory,automate_home:5_channel_wall_switch,5-Channel Wall switch,,163,,[28],UNRESOLVED EXCEPTION,"Hardware/shim quantities, common-valance measured records and Automate shared panels are deployed. Actual-backend tests cover charge ownership, quantity/coupled/dual motor counts and panel capacity. Representative hardware0346, common0349 and panel0350 production checks passed. Exact439-fabric material widths and physical tube/valance association fixes are live in2046fadd; agent live proof is in progress. Shared common-valance retail allocation, undocumented largest-bracket thresholds and current dealer comparisons remain unresolved."
roller,motor_accessory,automate_home:hub,Hub,,483,,[28],UNRESOLVED EXCEPTION,"Hardware/shim quantities, common-valance measured records and Automate shared panels are deployed. Actual-backend tests cover charge ownership, quantity/coupled/dual motor counts and panel capacity. Representative hardware0346, common0349 and panel0350 production checks passed. Exact439-fabric material widths and physical tube/valance association fixes are live in2046fadd; agent live proof is in progress. Shared common-valance retail allocation, undocumented largest-bracket thresholds and current dealer comparisons remain unresolved."
roller,motor_accessory,automate_home:charging_kit_5v_1a_charging_box_adapter_charging_cable,"Charging kit (5V 1A Charging Box, Adapter, Charging Cable)",,103,,[28],UNRESOLVED EXCEPTION,"Hardware/shim quantities, common-valance measured records and Automate shared panels are deployed. Actual-backend tests cover charge ownership, quantity/coupled/dual motor counts and panel capacity. Representative hardware0346, common0349 and panel0350 production checks passed. Exact439-fabric material widths and physical tube/valance association fixes are live in2046fadd; agent live proof is in progress. Shared common-valance retail allocation, undocumented largest-bracket thresholds and current dealer comparisons remain unresolved."
roller,motor_accessory,automate_home:solar_panel,Solar Panel,,242,,[28],UNRESOLVED EXCEPTION,"Hardware/shim quantities, common-valance measured records and Automate shared panels are deployed. Actual-backend tests cover charge ownership, quantity/coupled/dual motor counts and panel capacity. Representative hardware0346, common0349 and panel0350 production checks passed. Exact439-fabric material widths and physical tube/valance association fixes are live in2046fadd; agent live proof is in progress. Shared common-valance retail allocation, undocumented largest-bracket thresholds and current dealer comparisons remain unresolved."
roller,motor_accessory,autowand:autowand,Autowand,,166,,[8],UNRESOLVED EXCEPTION,"Hardware/shim quantities, common-valance measured records and Automate shared panels are deployed. Actual-backend tests cover charge ownership, quantity/coupled/dual motor counts and panel capacity. Representative hardware0346, common0349 and panel0350 production checks passed. Exact439-fabric material widths and physical tube/valance association fixes are live in2046fadd; agent live proof is in progress. Shared common-valance retail allocation, undocumented largest-bracket thresholds and current dealer comparisons remain unresolved."
roller,motor_accessory,autowand:charging_kit,Charging Kit,,45,,[8],UNRESOLVED EXCEPTION,"Hardware/shim quantities, common-valance measured records and Automate shared panels are deployed. Actual-backend tests cover charge ownership, quantity/coupled/dual motor counts and panel capacity. Representative hardware0346, common0349 and panel0350 production checks passed. Exact439-fabric material widths and physical tube/valance association fixes are live in2046fadd; agent live proof is in progress. Shared common-valance retail allocation, undocumented largest-bracket thresholds and current dealer comparisons remain unresolved."
roller,motor_accessory,autowand:extension_cable,Extension Cable,,43,,[8],UNRESOLVED EXCEPTION,"Hardware/shim quantities, common-valance measured records and Automate shared panels are deployed. Actual-backend tests cover charge ownership, quantity/coupled/dual motor counts and panel capacity. Representative hardware0346, common0349 and panel0350 production checks passed. Exact439-fabric material widths and physical tube/valance association fixes are live in2046fadd; agent live proof is in progress. Shared common-valance retail allocation, undocumented largest-bracket thresholds and current dealer comparisons remain unresolved."
roller,motor_accessory,smart_motorization:motor,Motor,,482,,[7],UNRESOLVED EXCEPTION,"Hardware/shim quantities, common-valance measured records and Automate shared panels are deployed. Actual-backend tests cover charge ownership, quantity/coupled/dual motor counts and panel capacity. Representative hardware0346, common0349 and panel0350 production checks passed. Exact439-fabric material widths and physical tube/valance association fixes are live in2046fadd; agent live proof is in progress. Shared common-valance retail allocation, undocumented largest-bracket thresholds and current dealer comparisons remain unresolved."
roller,motor_accessory,smart_motorization:dual_motor_for_honeycomb,Dual Motor for Honeycomb,,,,[7],UNRESOLVED EXCEPTION,"Hardware/shim quantities, common-valance measured records and Automate shared panels are deployed. Actual-backend tests cover charge ownership, quantity/coupled/dual motor counts and panel capacity. Representative hardware0346, common0349 and panel0350 production checks passed. Exact439-fabric material widths and physical tube/valance association fixes are live in2046fadd; agent live proof is in progress. Shared common-valance retail allocation, undocumented largest-bracket thresholds and current dealer comparisons remain unresolved."
roller,motor_accessory,smart_motorization:single_motor_for_skylights,Single Motor for Skylights,,,,[7],UNRESOLVED EXCEPTION,"Hardware/shim quantities, common-valance measured records and Automate shared panels are deployed. Actual-backend tests cover charge ownership, quantity/coupled/dual motor counts and panel capacity. Representative hardware0346, common0349 and panel0350 production checks passed. Exact439-fabric material widths and physical tube/valance association fixes are live in2046fadd; agent live proof is in progress. Shared common-valance retail allocation, undocumented largest-bracket thresholds and current dealer comparisons remain unresolved."
roller,motor_accessory,smart_motorization:wired_charging_wand,Wired Charging Wand,,161,,[7],UNRESOLVED EXCEPTION,"Hardware/shim quantities, common-valance measured records and Automate shared panels are deployed. Actual-backend tests cover charge ownership, quantity/coupled/dual motor counts and panel capacity. Representative hardware0346, common0349 and panel0350 production checks passed. Exact439-fabric material widths and physical tube/valance association fixes are live in2046fadd; agent live proof is in progress. Shared common-valance retail allocation, undocumented largest-bracket thresholds and current dealer comparisons remain unresolved."
roller,motor_accessory,smart_motorization:wireless_charging_wand,Wireless Charging Wand,,428,,[7],UNRESOLVED EXCEPTION,"Hardware/shim quantities, common-valance measured records and Automate shared panels are deployed. Actual-backend tests cover charge ownership, quantity/coupled/dual motor counts and panel capacity. Representative hardware0346, common0349 and panel0350 production checks passed. Exact439-fabric material widths and physical tube/valance association fixes are live in2046fadd; agent live proof is in progress. Shared common-valance retail allocation, undocumented largest-bracket thresholds and current dealer comparisons remain unresolved."
roller,motor_accessory,smart_motorization:dc_connection_harness,DC Connection Harness,,11,,[7],UNRESOLVED EXCEPTION,"Hardware/shim quantities, common-valance measured records and Automate shared panels are deployed. Actual-backend tests cover charge ownership, quantity/coupled/dual motor counts and panel capacity. Representative hardware0346, common0349 and panel0350 production checks passed. Exact439-fabric material widths and physical tube/valance association fixes are live in2046fadd; agent live proof is in progress. Shared common-valance retail allocation, undocumented largest-bracket thresholds and current dealer comparisons remain unresolved."
roller,motor_accessory,smart_motorization:power_distribution_panel,Power Distribution Panel,,931,,[7],UNRESOLVED EXCEPTION,"Hardware/shim quantities, common-valance measured records and Automate shared panels are deployed. Actual-backend tests cover charge ownership, quantity/coupled/dual motor counts and panel capacity. Representative hardware0346, common0349 and panel0350 production checks passed. Exact439-fabric material widths and physical tube/valance association fixes are live in2046fadd; agent live proof is in progress. Shared common-valance retail allocation, undocumented largest-bracket thresholds and current dealer comparisons remain unresolved."
roller,motor_accessory,smart_motorization:hub,Hub,,321,,[7],UNRESOLVED EXCEPTION,"Hardware/shim quantities, common-valance measured records and Automate shared panels are deployed. Actual-backend tests cover charge ownership, quantity/coupled/dual motor counts and panel capacity. Representative hardware0346, common0349 and panel0350 production checks passed. Exact439-fabric material widths and physical tube/valance association fixes are live in2046fadd; agent live proof is in progress. Shared common-valance retail allocation, undocumented largest-bracket thresholds and current dealer comparisons remain unresolved."
roller,motor_accessory,smart_motorization:repeater,Repeater,,107,,[7],UNRESOLVED EXCEPTION,"Hardware/shim quantities, common-valance measured records and Automate shared panels are deployed. Actual-backend tests cover charge ownership, quantity/coupled/dual motor counts and panel capacity. Representative hardware0346, common0349 and panel0350 production checks passed. Exact439-fabric material widths and physical tube/valance association fixes are live in2046fadd; agent live proof is in progress. Shared common-valance retail allocation, undocumented largest-bracket thresholds and current dealer comparisons remain unresolved."
roller,motor_accessory,smart_motorization:smartdial_g2_remote,SmartDial G2 Remote,,268,,[7],UNRESOLVED EXCEPTION,"Hardware/shim quantities, common-valance measured records and Automate shared panels are deployed. Actual-backend tests cover charge ownership, quantity/coupled/dual motor counts and panel capacity. Representative hardware0346, common0349 and panel0350 production checks passed. Exact439-fabric material widths and physical tube/valance association fixes are live in2046fadd; agent live proof is in progress. Shared common-valance retail allocation, undocumented largest-bracket thresholds and current dealer comparisons remain unresolved."
roller,motor_accessory,smart_motorization:color_rings_for_smartdial_g2_remote,Color Rings for SmartDial G2 Remote,,43,,[7],UNRESOLVED EXCEPTION,"Hardware/shim quantities, common-valance measured records and Automate shared panels are deployed. Actual-backend tests cover charge ownership, quantity/coupled/dual motor counts and panel capacity. Representative hardware0346, common0349 and panel0350 production checks passed. Exact439-fabric material widths and physical tube/valance association fixes are live in2046fadd; agent live proof is in progress. Shared common-valance retail allocation, undocumented largest-bracket thresholds and current dealer comparisons remain unresolved."
roller,motor_accessory,smart_motorization:basic_remote_black,Basic Remote (black),,75,,[7],UNRESOLVED EXCEPTION,"Hardware/shim quantities, common-valance measured records and Automate shared panels are deployed. Actual-backend tests cover charge ownership, quantity/coupled/dual motor counts and panel capacity. Representative hardware0346, common0349 and panel0350 production checks passed. Exact439-fabric material widths and physical tube/valance association fixes are live in2046fadd; agent live proof is in progress. Shared common-valance retail allocation, undocumented largest-bracket thresholds and current dealer comparisons remain unresolved."
roller,motor_accessory,smart_motorization:extension_pole_for_charging_wand,Extension Pole for Charging Wand,,75,,[7],UNRESOLVED EXCEPTION,"Hardware/shim quantities, common-valance measured records and Automate shared panels are deployed. Actual-backend tests cover charge ownership, quantity/coupled/dual motor counts and panel capacity. Representative hardware0346, common0349 and panel0350 production checks passed. Exact439-fabric material widths and physical tube/valance association fixes are live in2046fadd; agent live proof is in progress. Shared common-valance retail allocation, undocumented largest-bracket thresholds and current dealer comparisons remain unresolved."
roller,motor_accessory,smart_motorization:charging_extension_wand,Charging Extension Wand,,,,[7],UNRESOLVED EXCEPTION,"Hardware/shim quantities, common-valance measured records and Automate shared panels are deployed. Actual-backend tests cover charge ownership, quantity/coupled/dual motor counts and panel capacity. Representative hardware0346, common0349 and panel0350 production checks passed. Exact439-fabric material widths and physical tube/valance association fixes are live in2046fadd; agent live proof is in progress. Shared common-valance retail allocation, undocumented largest-bracket thresholds and current dealer comparisons remain unresolved."
roller,motor_accessory,smart_motorization:extension_cable,Extension Cable,,43,,[7],UNRESOLVED EXCEPTION,"Hardware/shim quantities, common-valance measured records and Automate shared panels are deployed. Actual-backend tests cover charge ownership, quantity/coupled/dual motor counts and panel capacity. Representative hardware0346, common0349 and panel0350 production checks passed. Exact439-fabric material widths and physical tube/valance association fixes are live in2046fadd; agent live proof is in progress. Shared common-valance retail allocation, undocumented largest-bracket thresholds and current dealer comparisons remain unresolved."
roller,motor_accessory,smart_motorization:charging_kit,Charging Kit,,43,,[7],UNRESOLVED EXCEPTION,"Hardware/shim quantities, common-valance measured records and Automate shared panels are deployed. Actual-backend tests cover charge ownership, quantity/coupled/dual motor counts and panel capacity. Representative hardware0346, common0349 and panel0350 production checks passed. Exact439-fabric material widths and physical tube/valance association fixes are live in2046fadd; agent live proof is in progress. Shared common-valance retail allocation, undocumented largest-bracket thresholds and current dealer comparisons remain unresolved."
roller,motor_accessory,smart_motorization:smartsense,SmartSense,,60,,[7],UNRESOLVED EXCEPTION,"Hardware/shim quantities, common-valance measured records and Automate shared panels are deployed. Actual-backend tests cover charge ownership, quantity/coupled/dual motor counts and panel capacity. Representative hardware0346, common0349 and panel0350 production checks passed. Exact439-fabric material widths and physical tube/valance association fixes are live in2046fadd; agent live proof is in progress. Shared common-valance retail allocation, undocumented largest-bracket thresholds and current dealer comparisons remain unresolved."
roman,surcharge,smartrelease_lift_system,SmartRelease lift system,flat,89,unit,"[26, 27]",UNRESOLVED EXCEPTION,"Common-valance motors, shared-panel capacity/one charge, mixed 65W adapters, rechargeable accessories, custom chains, magnets/shims, 396 rear fabric routes, F1085/F0255 group 2 and total-line pole charges are deployed with representative production save/reopen/customer-preview proof (805-0327–0331). Caroline F1090 three-style pricing, mounting depths, valance returns, banding and 14 reverse-pattern colors are deployed. Quotes F/G prove style/valance prices and persistence. All201September front colors and396rear colors pass backend routing; Taylor F0210 is confirmed discontinued September 1, 2026 by the Roman Guide revision table on page 2. Connected matching and finished-size/headrail-area corrections are deployed. All A–H totals were repriced and verified after full reload with customer previews. Native design-copy now preserves existing design IDs and snapshots; production save/reopen passed. Standalone fabric/pillow destinations are deployed in 1acd1e85; 805-0340 passed natural-unit save/full reload/reopen and blocked-customer-output proof; full dealer comparison and account costs remain."
roman,surcharge,magnetic_hold_down,Magnetic hold down,flat,28,unit,"[26, 27]",UNRESOLVED EXCEPTION,"Common-valance motors, shared-panel capacity/one charge, mixed 65W adapters, rechargeable accessories, custom chains, magnets/shims, 396 rear fabric routes, F1085/F0255 group 2 and total-line pole charges are deployed with representative production save/reopen/customer-preview proof (805-0327–0331). Caroline F1090 three-style pricing, mounting depths, valance returns, banding and 14 reverse-pattern colors are deployed. Quotes F/G prove style/valance prices and persistence. All201September front colors and396rear colors pass backend routing; Taylor F0210 is confirmed discontinued September 1, 2026 by the Roman Guide revision table on page 2. Connected matching and finished-size/headrail-area corrections are deployed. All A–H totals were repriced and verified after full reload with customer previews. Native design-copy now preserves existing design IDs and snapshots; production save/reopen passed. Standalone fabric/pillow destinations are deployed in 1acd1e85; 805-0340 passed natural-unit save/full reload/reopen and blocked-customer-output proof; full dealer comparison and account costs remain."
roman,surcharge,pole_attachment_only,Pole attachment only,flat,40,unit,"[26, 27]",UNRESOLVED EXCEPTION,"Common-valance motors, shared-panel capacity/one charge, mixed 65W adapters, rechargeable accessories, custom chains, magnets/shims, 396 rear fabric routes, F1085/F0255 group 2 and total-line pole charges are deployed with representative production save/reopen/customer-preview proof (805-0327–0331). Caroline F1090 three-style pricing, mounting depths, valance returns, banding and 14 reverse-pattern colors are deployed. Quotes F/G prove style/valance prices and persistence. All201September front colors and396rear colors pass backend routing; Taylor F0210 is confirmed discontinued September 1, 2026 by the Roman Guide revision table on page 2. Connected matching and finished-size/headrail-area corrections are deployed. All A–H totals were repriced and verified after full reload with customer previews. Native design-copy now preserves existing design IDs and snapshots; production save/reopen passed. Standalone fabric/pillow destinations are deployed in 1acd1e85; 805-0340 passed natural-unit save/full reload/reopen and blocked-customer-output proof; full dealer comparison and account costs remain."
roman,surcharge,cordless_operating_pole,Cordless operating pole,flat,89,unit,"[26, 27]",UNRESOLVED EXCEPTION,"Common-valance motors, shared-panel capacity/one charge, mixed 65W adapters, rechargeable accessories, custom chains, magnets/shims, 396 rear fabric routes, F1085/F0255 group 2 and total-line pole charges are deployed with representative production save/reopen/customer-preview proof (805-0327–0331). Caroline F1090 three-style pricing, mounting depths, valance returns, banding and 14 reverse-pattern colors are deployed. Quotes F/G prove style/valance prices and persistence. All201September front colors and396rear colors pass backend routing; Taylor F0210 is confirmed discontinued September 1, 2026 by the Roman Guide revision table on page 2. Connected matching and finished-size/headrail-area corrections are deployed. All A–H totals were repriced and verified after full reload with customer previews. Native design-copy now preserves existing design IDs and snapshots; production save/reopen passed. Standalone fabric/pillow destinations are deployed in 1acd1e85; 805-0340 passed natural-unit save/full reload/reopen and blocked-customer-output proof; full dealer comparison and account costs remain."
roman,surcharge,shim,Shim,flat,7,unit,"[26, 27]",UNRESOLVED EXCEPTION,"Common-valance motors, shared-panel capacity/one charge, mixed 65W adapters, rechargeable accessories, custom chains, magnets/shims, 396 rear fabric routes, F1085/F0255 group 2 and total-line pole charges are deployed with representative production save/reopen/customer-preview proof (805-0327–0331). Caroline F1090 three-style pricing, mounting depths, valance returns, banding and 14 reverse-pattern colors are deployed. Quotes F/G prove style/valance prices and persistence. All201September front colors and396rear colors pass backend routing; Taylor F0210 is confirmed discontinued September 1, 2026 by the Roman Guide revision table on page 2. Connected matching and finished-size/headrail-area corrections are deployed. All A–H totals were repriced and verified after full reload with customer previews. Native design-copy now preserves existing design IDs and snapshots; production save/reopen passed. Standalone fabric/pillow destinations are deployed in 1acd1e85; 805-0340 passed natural-unit save/full reload/reopen and blocked-customer-output proof; full dealer comparison and account costs remain."
roman,surcharge,blackout_lining,Blackout lining,percent,10,unit,"[26, 27]",UNRESOLVED EXCEPTION,"Common-valance motors, shared-panel capacity/one charge, mixed 65W adapters, rechargeable accessories, custom chains, magnets/shims, 396 rear fabric routes, F1085/F0255 group 2 and total-line pole charges are deployed with representative production save/reopen/customer-preview proof (805-0327–0331). Caroline F1090 three-style pricing, mounting depths, valance returns, banding and 14 reverse-pattern colors are deployed. Quotes F/G prove style/valance prices and persistence. All201September front colors and396rear colors pass backend routing; Taylor F0210 is confirmed discontinued September 1, 2026 by the Roman Guide revision table on page 2. Connected matching and finished-size/headrail-area corrections are deployed. All A–H totals were repriced and verified after full reload with customer previews. Native design-copy now preserves existing design IDs and snapshots; production save/reopen passed. Standalone fabric/pillow destinations are deployed in 1acd1e85; 805-0340 passed natural-unit save/full reload/reopen and blocked-customer-output proof; full dealer comparison and account costs remain."
roman,surcharge,ribbon_banding,Ribbon banding,percent,15,unit,"[26, 27]",UNRESOLVED EXCEPTION,"Common-valance motors, shared-panel capacity/one charge, mixed 65W adapters, rechargeable accessories, custom chains, magnets/shims, 396 rear fabric routes, F1085/F0255 group 2 and total-line pole charges are deployed with representative production save/reopen/customer-preview proof (805-0327–0331). Caroline F1090 three-style pricing, mounting depths, valance returns, banding and 14 reverse-pattern colors are deployed. Quotes F/G prove style/valance prices and persistence. All201September front colors and396rear colors pass backend routing; Taylor F0210 is confirmed discontinued September 1, 2026 by the Roman Guide revision table on page 2. Connected matching and finished-size/headrail-area corrections are deployed. All A–H totals were repriced and verified after full reload with customer previews. Native design-copy now preserves existing design IDs and snapshots; production save/reopen passed. Standalone fabric/pillow destinations are deployed in 1acd1e85; 805-0340 passed natural-unit save/full reload/reopen and blocked-customer-output proof; full dealer comparison and account costs remain."
roman,surcharge,soft_fold_edge_banding_border,"Soft fold, Edge banding/border",percent,30,unit,"[26, 27]",UNRESOLVED EXCEPTION,"Common-valance motors, shared-panel capacity/one charge, mixed 65W adapters, rechargeable accessories, custom chains, magnets/shims, 396 rear fabric routes, F1085/F0255 group 2 and total-line pole charges are deployed with representative production save/reopen/customer-preview proof (805-0327–0331). Caroline F1090 three-style pricing, mounting depths, valance returns, banding and 14 reverse-pattern colors are deployed. Quotes F/G prove style/valance prices and persistence. All201September front colors and396rear colors pass backend routing; Taylor F0210 is confirmed discontinued September 1, 2026 by the Roman Guide revision table on page 2. Connected matching and finished-size/headrail-area corrections are deployed. All A–H totals were repriced and verified after full reload with customer previews. Native design-copy now preserves existing design IDs and snapshots; production save/reopen passed. Standalone fabric/pillow destinations are deployed in 1acd1e85; 805-0340 passed natural-unit save/full reload/reopen and blocked-customer-output proof; full dealer comparison and account costs remain."
roman,surcharge,day_and_night,Day & Night,flat,425,unit,"[26, 27]",UNRESOLVED EXCEPTION,"Common-valance motors, shared-panel capacity/one charge, mixed 65W adapters, rechargeable accessories, custom chains, magnets/shims, 396 rear fabric routes, F1085/F0255 group 2 and total-line pole charges are deployed with representative production save/reopen/customer-preview proof (805-0327–0331). Caroline F1090 three-style pricing, mounting depths, valance returns, banding and 14 reverse-pattern colors are deployed. Quotes F/G prove style/valance prices and persistence. All201September front colors and396rear colors pass backend routing; Taylor F0210 is confirmed discontinued September 1, 2026 by the Roman Guide revision table on page 2. Connected matching and finished-size/headrail-area corrections are deployed. All A–H totals were repriced and verified after full reload with customer previews. Native design-copy now preserves existing design IDs and snapshots; production save/reopen passed. Standalone fabric/pillow destinations are deployed in 1acd1e85; 805-0340 passed natural-unit save/full reload/reopen and blocked-customer-output proof; full dealer comparison and account costs remain."
roman,surcharge,piping,Piping,percent,15,unit,"[26, 27]",UNRESOLVED EXCEPTION,"Common-valance motors, shared-panel capacity/one charge, mixed 65W adapters, rechargeable accessories, custom chains, magnets/shims, 396 rear fabric routes, F1085/F0255 group 2 and total-line pole charges are deployed with representative production save/reopen/customer-preview proof (805-0327–0331). Caroline F1090 three-style pricing, mounting depths, valance returns, banding and 14 reverse-pattern colors are deployed. Quotes F/G prove style/valance prices and persistence. All201September front colors and396rear colors pass backend routing; Taylor F0210 is confirmed discontinued September 1, 2026 by the Roman Guide revision table on page 2. Connected matching and finished-size/headrail-area corrections are deployed. All A–H totals were repriced and verified after full reload with customer previews. Native design-copy now preserves existing design IDs and snapshots; production save/reopen passed. Standalone fabric/pillow destinations are deployed in 1acd1e85; 805-0340 passed natural-unit save/full reload/reopen and blocked-customer-output proof; full dealer comparison and account costs remain."
roman,surcharge,decorative_pillow_cover_group_a_14inx14in,"Decorative Pillow Cover - Group A - 14""x14""",flat,83,unit,"[26, 27]",UNRESOLVED EXCEPTION,"Common-valance motors, shared-panel capacity/one charge, mixed 65W adapters, rechargeable accessories, custom chains, magnets/shims, 396 rear fabric routes, F1085/F0255 group 2 and total-line pole charges are deployed with representative production save/reopen/customer-preview proof (805-0327–0331). Caroline F1090 three-style pricing, mounting depths, valance returns, banding and 14 reverse-pattern colors are deployed. Quotes F/G prove style/valance prices and persistence. All201September front colors and396rear colors pass backend routing; Taylor F0210 is confirmed discontinued September 1, 2026 by the Roman Guide revision table on page 2. Connected matching and finished-size/headrail-area corrections are deployed. All A–H totals were repriced and verified after full reload with customer previews. Native design-copy now preserves existing design IDs and snapshots; production save/reopen passed. Standalone fabric/pillow destinations are deployed in 1acd1e85; 805-0340 passed natural-unit save/full reload/reopen and blocked-customer-output proof; full dealer comparison and account costs remain."
roman,surcharge,decorative_pillow_cover_group_a_16inx16in,"Decorative Pillow Cover - Group A - 16""x16""",flat,90,unit,"[26, 27]",UNRESOLVED EXCEPTION,"Common-valance motors, shared-panel capacity/one charge, mixed 65W adapters, rechargeable accessories, custom chains, magnets/shims, 396 rear fabric routes, F1085/F0255 group 2 and total-line pole charges are deployed with representative production save/reopen/customer-preview proof (805-0327–0331). Caroline F1090 three-style pricing, mounting depths, valance returns, banding and 14 reverse-pattern colors are deployed. Quotes F/G prove style/valance prices and persistence. All201September front colors and396rear colors pass backend routing; Taylor F0210 is confirmed discontinued September 1, 2026 by the Roman Guide revision table on page 2. Connected matching and finished-size/headrail-area corrections are deployed. All A–H totals were repriced and verified after full reload with customer previews. Native design-copy now preserves existing design IDs and snapshots; production save/reopen passed. Standalone fabric/pillow destinations are deployed in 1acd1e85; 805-0340 passed natural-unit save/full reload/reopen and blocked-customer-output proof; full dealer comparison and account costs remain."
roman,surcharge,decorative_pillow_cover_group_a_18inx18in,"Decorative Pillow Cover - Group A - 18""x18""",flat,98,unit,"[26, 27]",UNRESOLVED EXCEPTION,"Common-valance motors, shared-panel capacity/one charge, mixed 65W adapters, rechargeable accessories, custom chains, magnets/shims, 396 rear fabric routes, F1085/F0255 group 2 and total-line pole charges are deployed with representative production save/reopen/customer-preview proof (805-0327–0331). Caroline F1090 three-style pricing, mounting depths, valance returns, banding and 14 reverse-pattern colors are deployed. Quotes F/G prove style/valance prices and persistence. All201September front colors and396rear colors pass backend routing; Taylor F0210 is confirmed discontinued September 1, 2026 by the Roman Guide revision table on page 2. Connected matching and finished-size/headrail-area corrections are deployed. All A–H totals were repriced and verified after full reload with customer previews. Native design-copy now preserves existing design IDs and snapshots; production save/reopen passed. Standalone fabric/pillow destinations are deployed in 1acd1e85; 805-0340 passed natural-unit save/full reload/reopen and blocked-customer-output proof; full dealer comparison and account costs remain."
roman,surcharge,decorative_pillow_cover_group_a_20inx20in,"Decorative Pillow Cover - Group A - 20""x20""",flat,107,unit,"[26, 27]",UNRESOLVED EXCEPTION,"Common-valance motors, shared-panel capacity/one charge, mixed 65W adapters, rechargeable accessories, custom chains, magnets/shims, 396 rear fabric routes, F1085/F0255 group 2 and total-line pole charges are deployed with representative production save/reopen/customer-preview proof (805-0327–0331). Caroline F1090 three-style pricing, mounting depths, valance returns, banding and 14 reverse-pattern colors are deployed. Quotes F/G prove style/valance prices and persistence. All201September front colors and396rear colors pass backend routing; Taylor F0210 is confirmed discontinued September 1, 2026 by the Roman Guide revision table on page 2. Connected matching and finished-size/headrail-area corrections are deployed. All A–H totals were repriced and verified after full reload with customer previews. Native design-copy now preserves existing design IDs and snapshots; production save/reopen passed. Standalone fabric/pillow destinations are deployed in 1acd1e85; 805-0340 passed natural-unit save/full reload/reopen and blocked-customer-output proof; full dealer comparison and account costs remain."
roman,surcharge,decorative_pillow_cover_group_a_24inx24in,"Decorative Pillow Cover - Group A - 24""x24""",flat,130,unit,"[26, 27]",UNRESOLVED EXCEPTION,"Common-valance motors, shared-panel capacity/one charge, mixed 65W adapters, rechargeable accessories, custom chains, magnets/shims, 396 rear fabric routes, F1085/F0255 group 2 and total-line pole charges are deployed with representative production save/reopen/customer-preview proof (805-0327–0331). Caroline F1090 three-style pricing, mounting depths, valance returns, banding and 14 reverse-pattern colors are deployed. Quotes F/G prove style/valance prices and persistence. All201September front colors and396rear colors pass backend routing; Taylor F0210 is confirmed discontinued September 1, 2026 by the Roman Guide revision table on page 2. Connected matching and finished-size/headrail-area corrections are deployed. All A–H totals were repriced and verified after full reload with customer previews. Native design-copy now preserves existing design IDs and snapshots; production save/reopen passed. Standalone fabric/pillow destinations are deployed in 1acd1e85; 805-0340 passed natural-unit save/full reload/reopen and blocked-customer-output proof; full dealer comparison and account costs remain."
roman,surcharge,decorative_pillow_cover_group_a_10inx14in,"Decorative Pillow Cover - Group A - 10""x14""",flat,75,unit,"[26, 27]",UNRESOLVED EXCEPTION,"Common-valance motors, shared-panel capacity/one charge, mixed 65W adapters, rechargeable accessories, custom chains, magnets/shims, 396 rear fabric routes, F1085/F0255 group 2 and total-line pole charges are deployed with representative production save/reopen/customer-preview proof (805-0327–0331). Caroline F1090 three-style pricing, mounting depths, valance returns, banding and 14 reverse-pattern colors are deployed. Quotes F/G prove style/valance prices and persistence. All201September front colors and396rear colors pass backend routing; Taylor F0210 is confirmed discontinued September 1, 2026 by the Roman Guide revision table on page 2. Connected matching and finished-size/headrail-area corrections are deployed. All A–H totals were repriced and verified after full reload with customer previews. Native design-copy now preserves existing design IDs and snapshots; production save/reopen passed. Standalone fabric/pillow destinations are deployed in 1acd1e85; 805-0340 passed natural-unit save/full reload/reopen and blocked-customer-output proof; full dealer comparison and account costs remain."
roman,surcharge,decorative_pillow_cover_group_a_10inx16in,"Decorative Pillow Cover - Group A - 10""x16""",flat,83,unit,"[26, 27]",UNRESOLVED EXCEPTION,"Common-valance motors, shared-panel capacity/one charge, mixed 65W adapters, rechargeable accessories, custom chains, magnets/shims, 396 rear fabric routes, F1085/F0255 group 2 and total-line pole charges are deployed with representative production save/reopen/customer-preview proof (805-0327–0331). Caroline F1090 three-style pricing, mounting depths, valance returns, banding and 14 reverse-pattern colors are deployed. Quotes F/G prove style/valance prices and persistence. All201September front colors and396rear colors pass backend routing; Taylor F0210 is confirmed discontinued September 1, 2026 by the Roman Guide revision table on page 2. Connected matching and finished-size/headrail-area corrections are deployed. All A–H totals were repriced and verified after full reload with customer previews. Native design-copy now preserves existing design IDs and snapshots; production save/reopen passed. Standalone fabric/pillow destinations are deployed in 1acd1e85; 805-0340 passed natural-unit save/full reload/reopen and blocked-customer-output proof; full dealer comparison and account costs remain."
roman,surcharge,decorative_pillow_cover_group_a_10inx18in,"Decorative Pillow Cover - Group A - 10""x18""",flat,86,unit,"[26, 27]",UNRESOLVED EXCEPTION,"Common-valance motors, shared-panel capacity/one charge, mixed 65W adapters, rechargeable accessories, custom chains, magnets/shims, 396 rear fabric routes, F1085/F0255 group 2 and total-line pole charges are deployed with representative production save/reopen/customer-preview proof (805-0327–0331). Caroline F1090 three-style pricing, mounting depths, valance returns, banding and 14 reverse-pattern colors are deployed. Quotes F/G prove style/valance prices and persistence. All201September front colors and396rear colors pass backend routing; Taylor F0210 is confirmed discontinued September 1, 2026 by the Roman Guide revision table on page 2. Connected matching and finished-size/headrail-area corrections are deployed. All A–H totals were repriced and verified after full reload with customer previews. Native design-copy now preserves existing design IDs and snapshots; production save/reopen passed. Standalone fabric/pillow destinations are deployed in 1acd1e85; 805-0340 passed natural-unit save/full reload/reopen and blocked-customer-output proof; full dealer comparison and account costs remain."
roman,surcharge,decorative_pillow_cover_group_a_12inx22in,"Decorative Pillow Cover - Group A - 12""x22""",flat,90,unit,"[26, 27]",UNRESOLVED EXCEPTION,"Common-valance motors, shared-panel capacity/one charge, mixed 65W adapters, rechargeable accessories, custom chains, magnets/shims, 396 rear fabric routes, F1085/F0255 group 2 and total-line pole charges are deployed with representative production save/reopen/customer-preview proof (805-0327–0331). Caroline F1090 three-style pricing, mounting depths, valance returns, banding and 14 reverse-pattern colors are deployed. Quotes F/G prove style/valance prices and persistence. All201September front colors and396rear colors pass backend routing; Taylor F0210 is confirmed discontinued September 1, 2026 by the Roman Guide revision table on page 2. Connected matching and finished-size/headrail-area corrections are deployed. All A–H totals were repriced and verified after full reload with customer previews. Native design-copy now preserves existing design IDs and snapshots; production save/reopen passed. Standalone fabric/pillow destinations are deployed in 1acd1e85; 805-0340 passed natural-unit save/full reload/reopen and blocked-customer-output proof; full dealer comparison and account costs remain."
roman,surcharge,decorative_pillow_cover_group_a_14inx24in,"Decorative Pillow Cover - Group A - 14""x24""",flat,102,unit,"[26, 27]",UNRESOLVED EXCEPTION,"Common-valance motors, shared-panel capacity/one charge, mixed 65W adapters, rechargeable accessories, custom chains, magnets/shims, 396 rear fabric routes, F1085/F0255 group 2 and total-line pole charges are deployed with representative production save/reopen/customer-preview proof (805-0327–0331). Caroline F1090 three-style pricing, mounting depths, valance returns, banding and 14 reverse-pattern colors are deployed. Quotes F/G prove style/valance prices and persistence. All201September front colors and396rear colors pass backend routing; Taylor F0210 is confirmed discontinued September 1, 2026 by the Roman Guide revision table on page 2. Connected matching and finished-size/headrail-area corrections are deployed. All A–H totals were repriced and verified after full reload with customer previews. Native design-copy now preserves existing design IDs and snapshots; production save/reopen passed. Standalone fabric/pillow destinations are deployed in 1acd1e85; 805-0340 passed natural-unit save/full reload/reopen and blocked-customer-output proof; full dealer comparison and account costs remain."
roman,surcharge,decorative_pillow_cover_group_a_14inx18in,"Decorative Pillow Cover - Group A - 14""x18""",flat,90,unit,"[26, 27]",UNRESOLVED EXCEPTION,"Common-valance motors, shared-panel capacity/one charge, mixed 65W adapters, rechargeable accessories, custom chains, magnets/shims, 396 rear fabric routes, F1085/F0255 group 2 and total-line pole charges are deployed with representative production save/reopen/customer-preview proof (805-0327–0331). Caroline F1090 three-style pricing, mounting depths, valance returns, banding and 14 reverse-pattern colors are deployed. Quotes F/G prove style/valance prices and persistence. All201September front colors and396rear colors pass backend routing; Taylor F0210 is confirmed discontinued September 1, 2026 by the Roman Guide revision table on page 2. Connected matching and finished-size/headrail-area corrections are deployed. All A–H totals were repriced and verified after full reload with customer previews. Native design-copy now preserves existing design IDs and snapshots; production save/reopen passed. Standalone fabric/pillow destinations are deployed in 1acd1e85; 805-0340 passed natural-unit save/full reload/reopen and blocked-customer-output proof; full dealer comparison and account costs remain."
roman,surcharge,decorative_pillow_cover_group_b_14inx14in,"Decorative Pillow Cover - Group B - 14""x14""",flat,147,unit,"[26, 27]",UNRESOLVED EXCEPTION,"Common-valance motors, shared-panel capacity/one charge, mixed 65W adapters, rechargeable accessories, custom chains, magnets/shims, 396 rear fabric routes, F1085/F0255 group 2 and total-line pole charges are deployed with representative production save/reopen/customer-preview proof (805-0327–0331). Caroline F1090 three-style pricing, mounting depths, valance returns, banding and 14 reverse-pattern colors are deployed. Quotes F/G prove style/valance prices and persistence. All201September front colors and396rear colors pass backend routing; Taylor F0210 is confirmed discontinued September 1, 2026 by the Roman Guide revision table on page 2. Connected matching and finished-size/headrail-area corrections are deployed. All A–H totals were repriced and verified after full reload with customer previews. Native design-copy now preserves existing design IDs and snapshots; production save/reopen passed. Standalone fabric/pillow destinations are deployed in 1acd1e85; 805-0340 passed natural-unit save/full reload/reopen and blocked-customer-output proof; full dealer comparison and account costs remain."
roman,surcharge,decorative_pillow_cover_group_b_16inx16in,"Decorative Pillow Cover - Group B - 16""x16""",flat,154,unit,"[26, 27]",UNRESOLVED EXCEPTION,"Common-valance motors, shared-panel capacity/one charge, mixed 65W adapters, rechargeable accessories, custom chains, magnets/shims, 396 rear fabric routes, F1085/F0255 group 2 and total-line pole charges are deployed with representative production save/reopen/customer-preview proof (805-0327–0331). Caroline F1090 three-style pricing, mounting depths, valance returns, banding and 14 reverse-pattern colors are deployed. Quotes F/G prove style/valance prices and persistence. All201September front colors and396rear colors pass backend routing; Taylor F0210 is confirmed discontinued September 1, 2026 by the Roman Guide revision table on page 2. Connected matching and finished-size/headrail-area corrections are deployed. All A–H totals were repriced and verified after full reload with customer previews. Native design-copy now preserves existing design IDs and snapshots; production save/reopen passed. Standalone fabric/pillow destinations are deployed in 1acd1e85; 805-0340 passed natural-unit save/full reload/reopen and blocked-customer-output proof; full dealer comparison and account costs remain."
roman,surcharge,decorative_pillow_cover_group_b_18inx18in,"Decorative Pillow Cover - Group B - 18""x18""",flat,202,unit,"[26, 27]",UNRESOLVED EXCEPTION,"Common-valance motors, shared-panel capacity/one charge, mixed 65W adapters, rechargeable accessories, custom chains, magnets/shims, 396 rear fabric routes, F1085/F0255 group 2 and total-line pole charges are deployed with representative production save/reopen/customer-preview proof (805-0327–0331). Caroline F1090 three-style pricing, mounting depths, valance returns, banding and 14 reverse-pattern colors are deployed. Quotes F/G prove style/valance prices and persistence. All201September front colors and396rear colors pass backend routing; Taylor F0210 is confirmed discontinued September 1, 2026 by the Roman Guide revision table on page 2. Connected matching and finished-size/headrail-area corrections are deployed. All A–H totals were repriced and verified after full reload with customer previews. Native design-copy now preserves existing design IDs and snapshots; production save/reopen passed. Standalone fabric/pillow destinations are deployed in 1acd1e85; 805-0340 passed natural-unit save/full reload/reopen and blocked-customer-output proof; full dealer comparison and account costs remain."
roman,surcharge,decorative_pillow_cover_group_b_20inx20in,"Decorative Pillow Cover - Group B - 20""x20""",flat,226,unit,"[26, 27]",UNRESOLVED EXCEPTION,"Common-valance motors, shared-panel capacity/one charge, mixed 65W adapters, rechargeable accessories, custom chains, magnets/shims, 396 rear fabric routes, F1085/F0255 group 2 and total-line pole charges are deployed with representative production save/reopen/customer-preview proof (805-0327–0331). Caroline F1090 three-style pricing, mounting depths, valance returns, banding and 14 reverse-pattern colors are deployed. Quotes F/G prove style/valance prices and persistence. All201September front colors and396rear colors pass backend routing; Taylor F0210 is confirmed discontinued September 1, 2026 by the Roman Guide revision table on page 2. Connected matching and finished-size/headrail-area corrections are deployed. All A–H totals were repriced and verified after full reload with customer previews. Native design-copy now preserves existing design IDs and snapshots; production save/reopen passed. Standalone fabric/pillow destinations are deployed in 1acd1e85; 805-0340 passed natural-unit save/full reload/reopen and blocked-customer-output proof; full dealer comparison and account costs remain."
roman,surcharge,decorative_pillow_cover_group_b_24inx24in,"Decorative Pillow Cover - Group B - 24""x24""",flat,258,unit,"[26, 27]",UNRESOLVED EXCEPTION,"Common-valance motors, shared-panel capacity/one charge, mixed 65W adapters, rechargeable accessories, custom chains, magnets/shims, 396 rear fabric routes, F1085/F0255 group 2 and total-line pole charges are deployed with representative production save/reopen/customer-preview proof (805-0327–0331). Caroline F1090 three-style pricing, mounting depths, valance returns, banding and 14 reverse-pattern colors are deployed. Quotes F/G prove style/valance prices and persistence. All201September front colors and396rear colors pass backend routing; Taylor F0210 is confirmed discontinued September 1, 2026 by the Roman Guide revision table on page 2. Connected matching and finished-size/headrail-area corrections are deployed. All A–H totals were repriced and verified after full reload with customer previews. Native design-copy now preserves existing design IDs and snapshots; production save/reopen passed. Standalone fabric/pillow destinations are deployed in 1acd1e85; 805-0340 passed natural-unit save/full reload/reopen and blocked-customer-output proof; full dealer comparison and account costs remain."
roman,surcharge,decorative_pillow_cover_group_b_10inx14in,"Decorative Pillow Cover - Group B - 10""x14""",flat,122,unit,"[26, 27]",UNRESOLVED EXCEPTION,"Common-valance motors, shared-panel capacity/one charge, mixed 65W adapters, rechargeable accessories, custom chains, magnets/shims, 396 rear fabric routes, F1085/F0255 group 2 and total-line pole charges are deployed with representative production save/reopen/customer-preview proof (805-0327–0331). Caroline F1090 three-style pricing, mounting depths, valance returns, banding and 14 reverse-pattern colors are deployed. Quotes F/G prove style/valance prices and persistence. All201September front colors and396rear colors pass backend routing; Taylor F0210 is confirmed discontinued September 1, 2026 by the Roman Guide revision table on page 2. Connected matching and finished-size/headrail-area corrections are deployed. All A–H totals were repriced and verified after full reload with customer previews. Native design-copy now preserves existing design IDs and snapshots; production save/reopen passed. Standalone fabric/pillow destinations are deployed in 1acd1e85; 805-0340 passed natural-unit save/full reload/reopen and blocked-customer-output proof; full dealer comparison and account costs remain."
roman,surcharge,decorative_pillow_cover_group_b_10inx16in,"Decorative Pillow Cover - Group B - 10""x16""",flat,139,unit,"[26, 27]",UNRESOLVED EXCEPTION,"Common-valance motors, shared-panel capacity/one charge, mixed 65W adapters, rechargeable accessories, custom chains, magnets/shims, 396 rear fabric routes, F1085/F0255 group 2 and total-line pole charges are deployed with representative production save/reopen/customer-preview proof (805-0327–0331). Caroline F1090 three-style pricing, mounting depths, valance returns, banding and 14 reverse-pattern colors are deployed. Quotes F/G prove style/valance prices and persistence. All201September front colors and396rear colors pass backend routing; Taylor F0210 is confirmed discontinued September 1, 2026 by the Roman Guide revision table on page 2. Connected matching and finished-size/headrail-area corrections are deployed. All A–H totals were repriced and verified after full reload with customer previews. Native design-copy now preserves existing design IDs and snapshots; production save/reopen passed. Standalone fabric/pillow destinations are deployed in 1acd1e85; 805-0340 passed natural-unit save/full reload/reopen and blocked-customer-output proof; full dealer comparison and account costs remain."
roman,surcharge,decorative_pillow_cover_group_b_10inx18in,"Decorative Pillow Cover - Group B - 10""x18""",flat,150,unit,"[26, 27]",UNRESOLVED EXCEPTION,"Common-valance motors, shared-panel capacity/one charge, mixed 65W adapters, rechargeable accessories, custom chains, magnets/shims, 396 rear fabric routes, F1085/F0255 group 2 and total-line pole charges are deployed with representative production save/reopen/customer-preview proof (805-0327–0331). Caroline F1090 three-style pricing, mounting depths, valance returns, banding and 14 reverse-pattern colors are deployed. Quotes F/G prove style/valance prices and persistence. All201September front colors and396rear colors pass backend routing; Taylor F0210 is confirmed discontinued September 1, 2026 by the Roman Guide revision table on page 2. Connected matching and finished-size/headrail-area corrections are deployed. All A–H totals were repriced and verified after full reload with customer previews. Native design-copy now preserves existing design IDs and snapshots; production save/reopen passed. Standalone fabric/pillow destinations are deployed in 1acd1e85; 805-0340 passed natural-unit save/full reload/reopen and blocked-customer-output proof; full dealer comparison and account costs remain."
roman,surcharge,decorative_pillow_cover_group_b_12inx22in,"Decorative Pillow Cover - Group B - 12""x22""",flat,154,unit,"[26, 27]",UNRESOLVED EXCEPTION,"Common-valance motors, shared-panel capacity/one charge, mixed 65W adapters, rechargeable accessories, custom chains, magnets/shims, 396 rear fabric routes, F1085/F0255 group 2 and total-line pole charges are deployed with representative production save/reopen/customer-preview proof (805-0327–0331). Caroline F1090 three-style pricing, mounting depths, valance returns, banding and 14 reverse-pattern colors are deployed. Quotes F/G prove style/valance prices and persistence. All201September front colors and396rear colors pass backend routing; Taylor F0210 is confirmed discontinued September 1, 2026 by the Roman Guide revision table on page 2. Connected matching and finished-size/headrail-area corrections are deployed. All A–H totals were repriced and verified after full reload with customer previews. Native design-copy now preserves existing design IDs and snapshots; production save/reopen passed. Standalone fabric/pillow destinations are deployed in 1acd1e85; 805-0340 passed natural-unit save/full reload/reopen and blocked-customer-output proof; full dealer comparison and account costs remain."
roman,surcharge,decorative_pillow_cover_group_b_14inx24in,"Decorative Pillow Cover - Group B - 14""x24""",flat,189,unit,"[26, 27]",UNRESOLVED EXCEPTION,"Common-valance motors, shared-panel capacity/one charge, mixed 65W adapters, rechargeable accessories, custom chains, magnets/shims, 396 rear fabric routes, F1085/F0255 group 2 and total-line pole charges are deployed with representative production save/reopen/customer-preview proof (805-0327–0331). Caroline F1090 three-style pricing, mounting depths, valance returns, banding and 14 reverse-pattern colors are deployed. Quotes F/G prove style/valance prices and persistence. All201September front colors and396rear colors pass backend routing; Taylor F0210 is confirmed discontinued September 1, 2026 by the Roman Guide revision table on page 2. Connected matching and finished-size/headrail-area corrections are deployed. All A–H totals were repriced and verified after full reload with customer previews. Native design-copy now preserves existing design IDs and snapshots; production save/reopen passed. Standalone fabric/pillow destinations are deployed in 1acd1e85; 805-0340 passed natural-unit save/full reload/reopen and blocked-customer-output proof; full dealer comparison and account costs remain."
roman,surcharge,decorative_pillow_cover_group_b_14inx18in,"Decorative Pillow Cover - Group B - 14""x18""",flat,154,unit,"[26, 27]",UNRESOLVED EXCEPTION,"Common-valance motors, shared-panel capacity/one charge, mixed 65W adapters, rechargeable accessories, custom chains, magnets/shims, 396 rear fabric routes, F1085/F0255 group 2 and total-line pole charges are deployed with representative production save/reopen/customer-preview proof (805-0327–0331). Caroline F1090 three-style pricing, mounting depths, valance returns, banding and 14 reverse-pattern colors are deployed. Quotes F/G prove style/valance prices and persistence. All201September front colors and396rear colors pass backend routing; Taylor F0210 is confirmed discontinued September 1, 2026 by the Roman Guide revision table on page 2. Connected matching and finished-size/headrail-area corrections are deployed. All A–H totals were repriced and verified after full reload with customer previews. Native design-copy now preserves existing design IDs and snapshots; production save/reopen passed. Standalone fabric/pillow destinations are deployed in 1acd1e85; 805-0340 passed natural-unit save/full reload/reopen and blocked-customer-output proof; full dealer comparison and account costs remain."
roman,surcharge,decorative_pillow_cover_group_c_14inx14in,"Decorative Pillow Cover - Group C - 14""x14""",flat,179,unit,"[26, 27]",UNRESOLVED EXCEPTION,"Common-valance motors, shared-panel capacity/one charge, mixed 65W adapters, rechargeable accessories, custom chains, magnets/shims, 396 rear fabric routes, F1085/F0255 group 2 and total-line pole charges are deployed with representative production save/reopen/customer-preview proof (805-0327–0331). Caroline F1090 three-style pricing, mounting depths, valance returns, banding and 14 reverse-pattern colors are deployed. Quotes F/G prove style/valance prices and persistence. All201September front colors and396rear colors pass backend routing; Taylor F0210 is confirmed discontinued September 1, 2026 by the Roman Guide revision table on page 2. Connected matching and finished-size/headrail-area corrections are deployed. All A–H totals were repriced and verified after full reload with customer previews. Native design-copy now preserves existing design IDs and snapshots; production save/reopen passed. Standalone fabric/pillow destinations are deployed in 1acd1e85; 805-0340 passed natural-unit save/full reload/reopen and blocked-customer-output proof; full dealer comparison and account costs remain."
roman,surcharge,decorative_pillow_cover_group_c_16inx16in,"Decorative Pillow Cover - Group C - 16""x16""",flat,218,unit,"[26, 27]",UNRESOLVED EXCEPTION,"Common-valance motors, shared-panel capacity/one charge, mixed 65W adapters, rechargeable accessories, custom chains, magnets/shims, 396 rear fabric routes, F1085/F0255 group 2 and total-line pole charges are deployed with representative production save/reopen/customer-preview proof (805-0327–0331). Caroline F1090 three-style pricing, mounting depths, valance returns, banding and 14 reverse-pattern colors are deployed. Quotes F/G prove style/valance prices and persistence. All201September front colors and396rear colors pass backend routing; Taylor F0210 is confirmed discontinued September 1, 2026 by the Roman Guide revision table on page 2. Connected matching and finished-size/headrail-area corrections are deployed. All A–H totals were repriced and verified after full reload with customer previews. Native design-copy now preserves existing design IDs and snapshots; production save/reopen passed. Standalone fabric/pillow destinations are deployed in 1acd1e85; 805-0340 passed natural-unit save/full reload/reopen and blocked-customer-output proof; full dealer comparison and account costs remain."
roman,surcharge,decorative_pillow_cover_group_c_18inx18in,"Decorative Pillow Cover - Group C - 18""x18""",flat,243,unit,"[26, 27]",UNRESOLVED EXCEPTION,"Common-valance motors, shared-panel capacity/one charge, mixed 65W adapters, rechargeable accessories, custom chains, magnets/shims, 396 rear fabric routes, F1085/F0255 group 2 and total-line pole charges are deployed with representative production save/reopen/customer-preview proof (805-0327–0331). Caroline F1090 three-style pricing, mounting depths, valance returns, banding and 14 reverse-pattern colors are deployed. Quotes F/G prove style/valance prices and persistence. All201September front colors and396rear colors pass backend routing; Taylor F0210 is confirmed discontinued September 1, 2026 by the Roman Guide revision table on page 2. Connected matching and finished-size/headrail-area corrections are deployed. All A–H totals were repriced and verified after full reload with customer previews. Native design-copy now preserves existing design IDs and snapshots; production save/reopen passed. Standalone fabric/pillow destinations are deployed in 1acd1e85; 805-0340 passed natural-unit save/full reload/reopen and blocked-customer-output proof; full dealer comparison and account costs remain."
roman,surcharge,decorative_pillow_cover_group_c_20inx20in,"Decorative Pillow Cover - Group C - 20""x20""",flat,306,unit,"[26, 27]",UNRESOLVED EXCEPTION,"Common-valance motors, shared-panel capacity/one charge, mixed 65W adapters, rechargeable accessories, custom chains, magnets/shims, 396 rear fabric routes, F1085/F0255 group 2 and total-line pole charges are deployed with representative production save/reopen/customer-preview proof (805-0327–0331). Caroline F1090 three-style pricing, mounting depths, valance returns, banding and 14 reverse-pattern colors are deployed. Quotes F/G prove style/valance prices and persistence. All201September front colors and396rear colors pass backend routing; Taylor F0210 is confirmed discontinued September 1, 2026 by the Roman Guide revision table on page 2. Connected matching and finished-size/headrail-area corrections are deployed. All A–H totals were repriced and verified after full reload with customer previews. Native design-copy now preserves existing design IDs and snapshots; production save/reopen passed. Standalone fabric/pillow destinations are deployed in 1acd1e85; 805-0340 passed natural-unit save/full reload/reopen and blocked-customer-output proof; full dealer comparison and account costs remain."
roman,surcharge,decorative_pillow_cover_group_c_24inx24in,"Decorative Pillow Cover - Group C - 24""x24""",flat,338,unit,"[26, 27]",UNRESOLVED EXCEPTION,"Common-valance motors, shared-panel capacity/one charge, mixed 65W adapters, rechargeable accessories, custom chains, magnets/shims, 396 rear fabric routes, F1085/F0255 group 2 and total-line pole charges are deployed with representative production save/reopen/customer-preview proof (805-0327–0331). Caroline F1090 three-style pricing, mounting depths, valance returns, banding and 14 reverse-pattern colors are deployed. Quotes F/G prove style/valance prices and persistence. All201September front colors and396rear colors pass backend routing; Taylor F0210 is confirmed discontinued September 1, 2026 by the Roman Guide revision table on page 2. Connected matching and finished-size/headrail-area corrections are deployed. All A–H totals were repriced and verified after full reload with customer previews. Native design-copy now preserves existing design IDs and snapshots; production save/reopen passed. Standalone fabric/pillow destinations are deployed in 1acd1e85; 805-0340 passed natural-unit save/full reload/reopen and blocked-customer-output proof; full dealer comparison and account costs remain."
roman,surcharge,decorative_pillow_cover_group_c_10inx14in,"Decorative Pillow Cover - Group C - 10""x14""",flat,147,unit,"[26, 27]",UNRESOLVED EXCEPTION,"Common-valance motors, shared-panel capacity/one charge, mixed 65W adapters, rechargeable accessories, custom chains, magnets/shims, 396 rear fabric routes, F1085/F0255 group 2 and total-line pole charges are deployed with representative production save/reopen/customer-preview proof (805-0327–0331). Caroline F1090 three-style pricing, mounting depths, valance returns, banding and 14 reverse-pattern colors are deployed. Quotes F/G prove style/valance prices and persistence. All201September front colors and396rear colors pass backend routing; Taylor F0210 is confirmed discontinued September 1, 2026 by the Roman Guide revision table on page 2. Connected matching and finished-size/headrail-area corrections are deployed. All A–H totals were repriced and verified after full reload with customer previews. Native design-copy now preserves existing design IDs and snapshots; production save/reopen passed. Standalone fabric/pillow destinations are deployed in 1acd1e85; 805-0340 passed natural-unit save/full reload/reopen and blocked-customer-output proof; full dealer comparison and account costs remain."
roman,surcharge,decorative_pillow_cover_group_c_10inx16in,"Decorative Pillow Cover - Group C - 10""x16""",flat,162,unit,"[26, 27]",UNRESOLVED EXCEPTION,"Common-valance motors, shared-panel capacity/one charge, mixed 65W adapters, rechargeable accessories, custom chains, magnets/shims, 396 rear fabric routes, F1085/F0255 group 2 and total-line pole charges are deployed with representative production save/reopen/customer-preview proof (805-0327–0331). Caroline F1090 three-style pricing, mounting depths, valance returns, banding and 14 reverse-pattern colors are deployed. Quotes F/G prove style/valance prices and persistence. All201September front colors and396rear colors pass backend routing; Taylor F0210 is confirmed discontinued September 1, 2026 by the Roman Guide revision table on page 2. Connected matching and finished-size/headrail-area corrections are deployed. All A–H totals were repriced and verified after full reload with customer previews. Native design-copy now preserves existing design IDs and snapshots; production save/reopen passed. Standalone fabric/pillow destinations are deployed in 1acd1e85; 805-0340 passed natural-unit save/full reload/reopen and blocked-customer-output proof; full dealer comparison and account costs remain."
roman,surcharge,decorative_pillow_cover_group_c_10inx18in,"Decorative Pillow Cover - Group C - 10""x18""",flat,170,unit,"[26, 27]",UNRESOLVED EXCEPTION,"Common-valance motors, shared-panel capacity/one charge, mixed 65W adapters, rechargeable accessories, custom chains, magnets/shims, 396 rear fabric routes, F1085/F0255 group 2 and total-line pole charges are deployed with representative production save/reopen/customer-preview proof (805-0327–0331). Caroline F1090 three-style pricing, mounting depths, valance returns, banding and 14 reverse-pattern colors are deployed. Quotes F/G prove style/valance prices and persistence. All201September front colors and396rear colors pass backend routing; Taylor F0210 is confirmed discontinued September 1, 2026 by the Roman Guide revision table on page 2. Connected matching and finished-size/headrail-area corrections are deployed. All A–H totals were repriced and verified after full reload with customer previews. Native design-copy now preserves existing design IDs and snapshots; production save/reopen passed. Standalone fabric/pillow destinations are deployed in 1acd1e85; 805-0340 passed natural-unit save/full reload/reopen and blocked-customer-output proof; full dealer comparison and account costs remain."
roman,surcharge,decorative_pillow_cover_group_c_12inx22in,"Decorative Pillow Cover - Group C - 12""x22""",flat,186,unit,"[26, 27]",UNRESOLVED EXCEPTION,"Common-valance motors, shared-panel capacity/one charge, mixed 65W adapters, rechargeable accessories, custom chains, magnets/shims, 396 rear fabric routes, F1085/F0255 group 2 and total-line pole charges are deployed with representative production save/reopen/customer-preview proof (805-0327–0331). Caroline F1090 three-style pricing, mounting depths, valance returns, banding and 14 reverse-pattern colors are deployed. Quotes F/G prove style/valance prices and persistence. All201September front colors and396rear colors pass backend routing; Taylor F0210 is confirmed discontinued September 1, 2026 by the Roman Guide revision table on page 2. Connected matching and finished-size/headrail-area corrections are deployed. All A–H totals were repriced and verified after full reload with customer previews. Native design-copy now preserves existing design IDs and snapshots; production save/reopen passed. Standalone fabric/pillow destinations are deployed in 1acd1e85; 805-0340 passed natural-unit save/full reload/reopen and blocked-customer-output proof; full dealer comparison and account costs remain."
roman,surcharge,decorative_pillow_cover_group_c_14inx24in,"Decorative Pillow Cover - Group C - 14""x24""",flat,221,unit,"[26, 27]",UNRESOLVED EXCEPTION,"Common-valance motors, shared-panel capacity/one charge, mixed 65W adapters, rechargeable accessories, custom chains, magnets/shims, 396 rear fabric routes, F1085/F0255 group 2 and total-line pole charges are deployed with representative production save/reopen/customer-preview proof (805-0327–0331). Caroline F1090 three-style pricing, mounting depths, valance returns, banding and 14 reverse-pattern colors are deployed. Quotes F/G prove style/valance prices and persistence. All201September front colors and396rear colors pass backend routing; Taylor F0210 is confirmed discontinued September 1, 2026 by the Roman Guide revision table on page 2. Connected matching and finished-size/headrail-area corrections are deployed. All A–H totals were repriced and verified after full reload with customer previews. Native design-copy now preserves existing design IDs and snapshots; production save/reopen passed. Standalone fabric/pillow destinations are deployed in 1acd1e85; 805-0340 passed natural-unit save/full reload/reopen and blocked-customer-output proof; full dealer comparison and account costs remain."
roman,surcharge,decorative_pillow_cover_group_c_14inx18in,"Decorative Pillow Cover - Group C - 14""x18""",flat,186,unit,"[26, 27]",UNRESOLVED EXCEPTION,"Common-valance motors, shared-panel capacity/one charge, mixed 65W adapters, rechargeable accessories, custom chains, magnets/shims, 396 rear fabric routes, F1085/F0255 group 2 and total-line pole charges are deployed with representative production save/reopen/customer-preview proof (805-0327–0331). Caroline F1090 three-style pricing, mounting depths, valance returns, banding and 14 reverse-pattern colors are deployed. Quotes F/G prove style/valance prices and persistence. All201September front colors and396rear colors pass backend routing; Taylor F0210 is confirmed discontinued September 1, 2026 by the Roman Guide revision table on page 2. Connected matching and finished-size/headrail-area corrections are deployed. All A–H totals were repriced and verified after full reload with customer previews. Native design-copy now preserves existing design IDs and snapshots; production save/reopen passed. Standalone fabric/pillow destinations are deployed in 1acd1e85; 805-0340 passed natural-unit save/full reload/reopen and blocked-customer-output proof; full dealer comparison and account costs remain."
roman,surcharge,roman_fabric_valance_surcharge,Fabric Valance Surcharge,flat,,unit,"[26, 27]",UNRESOLVED EXCEPTION,"Common-valance motors, shared-panel capacity/one charge, mixed 65W adapters, rechargeable accessories, custom chains, magnets/shims, 396 rear fabric routes, F1085/F0255 group 2 and total-line pole charges are deployed with representative production save/reopen/customer-preview proof (805-0327–0331). Caroline F1090 three-style pricing, mounting depths, valance returns, banding and 14 reverse-pattern colors are deployed. Quotes F/G prove style/valance prices and persistence. All201September front colors and396rear colors pass backend routing; Taylor F0210 is confirmed discontinued September 1, 2026 by the Roman Guide revision table on page 2. Connected matching and finished-size/headrail-area corrections are deployed. All A–H totals were repriced and verified after full reload with customer previews. Native design-copy now preserves existing design IDs and snapshots; production save/reopen passed. Standalone fabric/pillow destinations are deployed in 1acd1e85; 805-0340 passed natural-unit save/full reload/reopen and blocked-customer-output proof; full dealer comparison and account costs remain."
roman,configuration_field,mount_type,Mount,select,,,,UNRESOLVED EXCEPTION,Field inventoried; complete source/condition/UI/server certification pending.
roman,configuration_field,control_side,Control side,select,,,,UNRESOLVED EXCEPTION,Field inventoried; complete source/condition/UI/server certification pending.
roman,configuration_field,lift_system,Lift / control,select,,,,UNRESOLVED EXCEPTION,Field inventoried; complete source/condition/UI/server certification pending.
roman,configuration_field,roman_style,Roman style,select,,,,UNRESOLVED EXCEPTION,Field inventoried; complete source/condition/UI/server certification pending.
roman,configuration_field,lining,Lining,select,,,,UNRESOLVED EXCEPTION,Field inventoried; complete source/condition/UI/server certification pending.
roman,configuration_field,valance,Valance,select,,,,UNRESOLVED EXCEPTION,Field inventoried; complete source/condition/UI/server certification pending.
roman,configuration_field,decorative_trim,Decorative trim,select,,,,UNRESOLVED EXCEPTION,Field inventoried; complete source/condition/UI/server certification pending.
roman,configuration_field,day_and_night,Day & Night*,checkbox,,,,UNRESOLVED EXCEPTION,Field inventoried; complete source/condition/UI/server certification pending.
roman,configuration_field,decorative_pillow_cover,Decorative pillow cover,select,,,,UNRESOLVED EXCEPTION,Field inventoried; complete source/condition/UI/server certification pending.
roman,configuration_field,hard_surface_install,Hard-surface install,checkbox,,,,UNRESOLVED EXCEPTION,Field inventoried; complete source/condition/UI/server certification pending.
roman,configuration_field,ladder_over_15ft,Ladder over 15 ft,checkbox,,,,UNRESOLVED EXCEPTION,Field inventoried; complete source/condition/UI/server certification pending.
roman,configuration_field,requires_takedown,Existing treatment takedown,checkbox,,,,UNRESOLVED EXCEPTION,Field inventoried; complete source/condition/UI/server certification pending.
roman,configuration_field,magnetic_hold_down,Magnetic hold down,checkbox,,,,UNRESOLVED EXCEPTION,Field inventoried; complete source/condition/UI/server certification pending.
roman,configuration_field,pole_attachment_only,Pole attachment only,checkbox,,,,UNRESOLVED EXCEPTION,Field inventoried; complete source/condition/UI/server certification pending.
roman,configuration_field,cordless_operating_pole,Cordless operating pole,checkbox,,,,UNRESOLVED EXCEPTION,Field inventoried; complete source/condition/UI/server certification pending.
roman,configuration_field,shim,Shim,checkbox,,,,UNRESOLVED EXCEPTION,Field inventoried; complete source/condition/UI/server certification pending.
roman,motor_accessory,automate_home:motor_rechargeable_battery_pack_or_ac_adapter,Motor (Rechargeable Battery Pack or AC Adapter),,,,[28],UNRESOLVED EXCEPTION,"Common-valance motors, shared-panel capacity/one charge, mixed 65W adapters, rechargeable accessories, custom chains, magnets/shims, 396 rear fabric routes, F1085/F0255 group 2 and total-line pole charges are deployed with representative production save/reopen/customer-preview proof (805-0327–0331). Caroline F1090 three-style pricing, mounting depths, valance returns, banding and 14 reverse-pattern colors are deployed. Quotes F/G prove style/valance prices and persistence. All201September front colors and396rear colors pass backend routing; Taylor F0210 is confirmed discontinued September 1, 2026 by the Roman Guide revision table on page 2. Connected matching and finished-size/headrail-area corrections are deployed. All A–H totals were repriced and verified after full reload with customer previews. Native design-copy now preserves existing design IDs and snapshots; production save/reopen passed. Standalone fabric/pillow destinations are deployed in 1acd1e85; 805-0340 passed natural-unit save/full reload/reopen and blocked-customer-output proof; full dealer comparison and account costs remain."
roman,motor_accessory,automate_home:motor_rechargeable_battery_pack,Motor (Rechargeable Battery Pack),,682,,[28],UNRESOLVED EXCEPTION,"Common-valance motors, shared-panel capacity/one charge, mixed 65W adapters, rechargeable accessories, custom chains, magnets/shims, 396 rear fabric routes, F1085/F0255 group 2 and total-line pole charges are deployed with representative production save/reopen/customer-preview proof (805-0327–0331). Caroline F1090 three-style pricing, mounting depths, valance returns, banding and 14 reverse-pattern colors are deployed. Quotes F/G prove style/valance prices and persistence. All201September front colors and396rear colors pass backend routing; Taylor F0210 is confirmed discontinued September 1, 2026 by the Roman Guide revision table on page 2. Connected matching and finished-size/headrail-area corrections are deployed. All A–H totals were repriced and verified after full reload with customer previews. Native design-copy now preserves existing design IDs and snapshots; production save/reopen passed. Standalone fabric/pillow destinations are deployed in 1acd1e85; 805-0340 passed natural-unit save/full reload/reopen and blocked-customer-output proof; full dealer comparison and account costs remain."
roman,motor_accessory,automate_home:low_voltage_dc_motor,Low Voltage DC Motor,,814,,[28],UNRESOLVED EXCEPTION,"Common-valance motors, shared-panel capacity/one charge, mixed 65W adapters, rechargeable accessories, custom chains, magnets/shims, 396 rear fabric routes, F1085/F0255 group 2 and total-line pole charges are deployed with representative production save/reopen/customer-preview proof (805-0327–0331). Caroline F1090 three-style pricing, mounting depths, valance returns, banding and 14 reverse-pattern colors are deployed. Quotes F/G prove style/valance prices and persistence. All201September front colors and396rear colors pass backend routing; Taylor F0210 is confirmed discontinued September 1, 2026 by the Roman Guide revision table on page 2. Connected matching and finished-size/headrail-area corrections are deployed. All A–H totals were repriced and verified after full reload with customer previews. Native design-copy now preserves existing design IDs and snapshots; production save/reopen passed. Standalone fabric/pillow destinations are deployed in 1acd1e85; 805-0340 passed natural-unit save/full reload/reopen and blocked-customer-output proof; full dealer comparison and account costs remain."
roman,motor_accessory,automate_home:dc_connection_harness,DC Connection Harness,,19,,[28],UNRESOLVED EXCEPTION,"Common-valance motors, shared-panel capacity/one charge, mixed 65W adapters, rechargeable accessories, custom chains, magnets/shims, 396 rear fabric routes, F1085/F0255 group 2 and total-line pole charges are deployed with representative production save/reopen/customer-preview proof (805-0327–0331). Caroline F1090 three-style pricing, mounting depths, valance returns, banding and 14 reverse-pattern colors are deployed. Quotes F/G prove style/valance prices and persistence. All201September front colors and396rear colors pass backend routing; Taylor F0210 is confirmed discontinued September 1, 2026 by the Roman Guide revision table on page 2. Connected matching and finished-size/headrail-area corrections are deployed. All A–H totals were repriced and verified after full reload with customer previews. Native design-copy now preserves existing design IDs and snapshots; production save/reopen passed. Standalone fabric/pillow destinations are deployed in 1acd1e85; 805-0340 passed natural-unit save/full reload/reopen and blocked-customer-output proof; full dealer comparison and account costs remain."
roman,motor_accessory,automate_home:power_distribution_panel,Power Distribution Panel,,1133,,[28],UNRESOLVED EXCEPTION,"Common-valance motors, shared-panel capacity/one charge, mixed 65W adapters, rechargeable accessories, custom chains, magnets/shims, 396 rear fabric routes, F1085/F0255 group 2 and total-line pole charges are deployed with representative production save/reopen/customer-preview proof (805-0327–0331). Caroline F1090 three-style pricing, mounting depths, valance returns, banding and 14 reverse-pattern colors are deployed. Quotes F/G prove style/valance prices and persistence. All201September front colors and396rear colors pass backend routing; Taylor F0210 is confirmed discontinued September 1, 2026 by the Roman Guide revision table on page 2. Connected matching and finished-size/headrail-area corrections are deployed. All A–H totals were repriced and verified after full reload with customer previews. Native design-copy now preserves existing design IDs and snapshots; production save/reopen passed. Standalone fabric/pillow destinations are deployed in 1acd1e85; 805-0340 passed natural-unit save/full reload/reopen and blocked-customer-output proof; full dealer comparison and account costs remain."
roman,motor_accessory,automate_home:external_battery_pack,External Battery Pack,,230,,[28],UNRESOLVED EXCEPTION,"Common-valance motors, shared-panel capacity/one charge, mixed 65W adapters, rechargeable accessories, custom chains, magnets/shims, 396 rear fabric routes, F1085/F0255 group 2 and total-line pole charges are deployed with representative production save/reopen/customer-preview proof (805-0327–0331). Caroline F1090 three-style pricing, mounting depths, valance returns, banding and 14 reverse-pattern colors are deployed. Quotes F/G prove style/valance prices and persistence. All201September front colors and396rear colors pass backend routing; Taylor F0210 is confirmed discontinued September 1, 2026 by the Roman Guide revision table on page 2. Connected matching and finished-size/headrail-area corrections are deployed. All A–H totals were repriced and verified after full reload with customer previews. Native design-copy now preserves existing design IDs and snapshots; production save/reopen passed. Standalone fabric/pillow destinations are deployed in 1acd1e85; 805-0340 passed natural-unit save/full reload/reopen and blocked-customer-output proof; full dealer comparison and account costs remain."
roman,motor_accessory,automate_home:repeater,Repeater,,272,,[28],UNRESOLVED EXCEPTION,"Common-valance motors, shared-panel capacity/one charge, mixed 65W adapters, rechargeable accessories, custom chains, magnets/shims, 396 rear fabric routes, F1085/F0255 group 2 and total-line pole charges are deployed with representative production save/reopen/customer-preview proof (805-0327–0331). Caroline F1090 three-style pricing, mounting depths, valance returns, banding and 14 reverse-pattern colors are deployed. Quotes F/G prove style/valance prices and persistence. All201September front colors and396rear colors pass backend routing; Taylor F0210 is confirmed discontinued September 1, 2026 by the Roman Guide revision table on page 2. Connected matching and finished-size/headrail-area corrections are deployed. All A–H totals were repriced and verified after full reload with customer previews. Native design-copy now preserves existing design IDs and snapshots; production save/reopen passed. Standalone fabric/pillow destinations are deployed in 1acd1e85; 805-0340 passed natural-unit save/full reload/reopen and blocked-customer-output proof; full dealer comparison and account costs remain."
roman,motor_accessory,automate_home:15_channel_remote,15-Channel Remote,,140,,[28],UNRESOLVED EXCEPTION,"Common-valance motors, shared-panel capacity/one charge, mixed 65W adapters, rechargeable accessories, custom chains, magnets/shims, 396 rear fabric routes, F1085/F0255 group 2 and total-line pole charges are deployed with representative production save/reopen/customer-preview proof (805-0327–0331). Caroline F1090 three-style pricing, mounting depths, valance returns, banding and 14 reverse-pattern colors are deployed. Quotes F/G prove style/valance prices and persistence. All201September front colors and396rear colors pass backend routing; Taylor F0210 is confirmed discontinued September 1, 2026 by the Roman Guide revision table on page 2. Connected matching and finished-size/headrail-area corrections are deployed. All A–H totals were repriced and verified after full reload with customer previews. Native design-copy now preserves existing design IDs and snapshots; production save/reopen passed. Standalone fabric/pillow destinations are deployed in 1acd1e85; 805-0340 passed natural-unit save/full reload/reopen and blocked-customer-output proof; full dealer comparison and account costs remain."
roman,motor_accessory,automate_home:5_channel_wall_switch,5-Channel Wall switch,,163,,[28],UNRESOLVED EXCEPTION,"Common-valance motors, shared-panel capacity/one charge, mixed 65W adapters, rechargeable accessories, custom chains, magnets/shims, 396 rear fabric routes, F1085/F0255 group 2 and total-line pole charges are deployed with representative production save/reopen/customer-preview proof (805-0327–0331). Caroline F1090 three-style pricing, mounting depths, valance returns, banding and 14 reverse-pattern colors are deployed. Quotes F/G prove style/valance prices and persistence. All201September front colors and396rear colors pass backend routing; Taylor F0210 is confirmed discontinued September 1, 2026 by the Roman Guide revision table on page 2. Connected matching and finished-size/headrail-area corrections are deployed. All A–H totals were repriced and verified after full reload with customer previews. Native design-copy now preserves existing design IDs and snapshots; production save/reopen passed. Standalone fabric/pillow destinations are deployed in 1acd1e85; 805-0340 passed natural-unit save/full reload/reopen and blocked-customer-output proof; full dealer comparison and account costs remain."
roman,motor_accessory,automate_home:hub,Hub,,483,,[28],UNRESOLVED EXCEPTION,"Common-valance motors, shared-panel capacity/one charge, mixed 65W adapters, rechargeable accessories, custom chains, magnets/shims, 396 rear fabric routes, F1085/F0255 group 2 and total-line pole charges are deployed with representative production save/reopen/customer-preview proof (805-0327–0331). Caroline F1090 three-style pricing, mounting depths, valance returns, banding and 14 reverse-pattern colors are deployed. Quotes F/G prove style/valance prices and persistence. All201September front colors and396rear colors pass backend routing; Taylor F0210 is confirmed discontinued September 1, 2026 by the Roman Guide revision table on page 2. Connected matching and finished-size/headrail-area corrections are deployed. All A–H totals were repriced and verified after full reload with customer previews. Native design-copy now preserves existing design IDs and snapshots; production save/reopen passed. Standalone fabric/pillow destinations are deployed in 1acd1e85; 805-0340 passed natural-unit save/full reload/reopen and blocked-customer-output proof; full dealer comparison and account costs remain."
roman,motor_accessory,automate_home:charging_kit_5v_1a_charging_box_adapter_charging_cable,"Charging kit (5V 1A Charging Box, Adapter, Charging Cable)",,103,,[28],UNRESOLVED EXCEPTION,"Common-valance motors, shared-panel capacity/one charge, mixed 65W adapters, rechargeable accessories, custom chains, magnets/shims, 396 rear fabric routes, F1085/F0255 group 2 and total-line pole charges are deployed with representative production save/reopen/customer-preview proof (805-0327–0331). Caroline F1090 three-style pricing, mounting depths, valance returns, banding and 14 reverse-pattern colors are deployed. Quotes F/G prove style/valance prices and persistence. All201September front colors and396rear colors pass backend routing; Taylor F0210 is confirmed discontinued September 1, 2026 by the Roman Guide revision table on page 2. Connected matching and finished-size/headrail-area corrections are deployed. All A–H totals were repriced and verified after full reload with customer previews. Native design-copy now preserves existing design IDs and snapshots; production save/reopen passed. Standalone fabric/pillow destinations are deployed in 1acd1e85; 805-0340 passed natural-unit save/full reload/reopen and blocked-customer-output proof; full dealer comparison and account costs remain."
roman,motor_accessory,automate_home:solar_panel,Solar Panel,,242,,[28],UNRESOLVED EXCEPTION,"Common-valance motors, shared-panel capacity/one charge, mixed 65W adapters, rechargeable accessories, custom chains, magnets/shims, 396 rear fabric routes, F1085/F0255 group 2 and total-line pole charges are deployed with representative production save/reopen/customer-preview proof (805-0327–0331). Caroline F1090 three-style pricing, mounting depths, valance returns, banding and 14 reverse-pattern colors are deployed. Quotes F/G prove style/valance prices and persistence. All201September front colors and396rear colors pass backend routing; Taylor F0210 is confirmed discontinued September 1, 2026 by the Roman Guide revision table on page 2. Connected matching and finished-size/headrail-area corrections are deployed. All A–H totals were repriced and verified after full reload with customer previews. Native design-copy now preserves existing design IDs and snapshots; production save/reopen passed. Standalone fabric/pillow destinations are deployed in 1acd1e85; 805-0340 passed natural-unit save/full reload/reopen and blocked-customer-output proof; full dealer comparison and account costs remain."
roman,motor_accessory,autowand:autowand,Autowand,,166,,[8],UNRESOLVED EXCEPTION,"Common-valance motors, shared-panel capacity/one charge, mixed 65W adapters, rechargeable accessories, custom chains, magnets/shims, 396 rear fabric routes, F1085/F0255 group 2 and total-line pole charges are deployed with representative production save/reopen/customer-preview proof (805-0327–0331). Caroline F1090 three-style pricing, mounting depths, valance returns, banding and 14 reverse-pattern colors are deployed. Quotes F/G prove style/valance prices and persistence. All201September front colors and396rear colors pass backend routing; Taylor F0210 is confirmed discontinued September 1, 2026 by the Roman Guide revision table on page 2. Connected matching and finished-size/headrail-area corrections are deployed. All A–H totals were repriced and verified after full reload with customer previews. Native design-copy now preserves existing design IDs and snapshots; production save/reopen passed. Standalone fabric/pillow destinations are deployed in 1acd1e85; 805-0340 passed natural-unit save/full reload/reopen and blocked-customer-output proof; full dealer comparison and account costs remain."
roman,motor_accessory,autowand:charging_kit,Charging Kit,,45,,[8],UNRESOLVED EXCEPTION,"Common-valance motors, shared-panel capacity/one charge, mixed 65W adapters, rechargeable accessories, custom chains, magnets/shims, 396 rear fabric routes, F1085/F0255 group 2 and total-line pole charges are deployed with representative production save/reopen/customer-preview proof (805-0327–0331). Caroline F1090 three-style pricing, mounting depths, valance returns, banding and 14 reverse-pattern colors are deployed. Quotes F/G prove style/valance prices and persistence. All201September front colors and396rear colors pass backend routing; Taylor F0210 is confirmed discontinued September 1, 2026 by the Roman Guide revision table on page 2. Connected matching and finished-size/headrail-area corrections are deployed. All A–H totals were repriced and verified after full reload with customer previews. Native design-copy now preserves existing design IDs and snapshots; production save/reopen passed. Standalone fabric/pillow destinations are deployed in 1acd1e85; 805-0340 passed natural-unit save/full reload/reopen and blocked-customer-output proof; full dealer comparison and account costs remain."
roman,motor_accessory,autowand:extension_cable,Extension Cable,,43,,[8],UNRESOLVED EXCEPTION,"Common-valance motors, shared-panel capacity/one charge, mixed 65W adapters, rechargeable accessories, custom chains, magnets/shims, 396 rear fabric routes, F1085/F0255 group 2 and total-line pole charges are deployed with representative production save/reopen/customer-preview proof (805-0327–0331). Caroline F1090 three-style pricing, mounting depths, valance returns, banding and 14 reverse-pattern colors are deployed. Quotes F/G prove style/valance prices and persistence. All201September front colors and396rear colors pass backend routing; Taylor F0210 is confirmed discontinued September 1, 2026 by the Roman Guide revision table on page 2. Connected matching and finished-size/headrail-area corrections are deployed. All A–H totals were repriced and verified after full reload with customer previews. Native design-copy now preserves existing design IDs and snapshots; production save/reopen passed. Standalone fabric/pillow destinations are deployed in 1acd1e85; 805-0340 passed natural-unit save/full reload/reopen and blocked-customer-output proof; full dealer comparison and account costs remain."
roman,motor_accessory,smart_motorization:motor,Motor,,482,,[7],UNRESOLVED EXCEPTION,"Common-valance motors, shared-panel capacity/one charge, mixed 65W adapters, rechargeable accessories, custom chains, magnets/shims, 396 rear fabric routes, F1085/F0255 group 2 and total-line pole charges are deployed with representative production save/reopen/customer-preview proof (805-0327–0331). Caroline F1090 three-style pricing, mounting depths, valance returns, banding and 14 reverse-pattern colors are deployed. Quotes F/G prove style/valance prices and persistence. All201September front colors and396rear colors pass backend routing; Taylor F0210 is confirmed discontinued September 1, 2026 by the Roman Guide revision table on page 2. Connected matching and finished-size/headrail-area corrections are deployed. All A–H totals were repriced and verified after full reload with customer previews. Native design-copy now preserves existing design IDs and snapshots; production save/reopen passed. Standalone fabric/pillow destinations are deployed in 1acd1e85; 805-0340 passed natural-unit save/full reload/reopen and blocked-customer-output proof; full dealer comparison and account costs remain."
roman,motor_accessory,smart_motorization:dual_motor_for_honeycomb,Dual Motor for Honeycomb,,,,[7],UNRESOLVED EXCEPTION,"Common-valance motors, shared-panel capacity/one charge, mixed 65W adapters, rechargeable accessories, custom chains, magnets/shims, 396 rear fabric routes, F1085/F0255 group 2 and total-line pole charges are deployed with representative production save/reopen/customer-preview proof (805-0327–0331). Caroline F1090 three-style pricing, mounting depths, valance returns, banding and 14 reverse-pattern colors are deployed. Quotes F/G prove style/valance prices and persistence. All201September front colors and396rear colors pass backend routing; Taylor F0210 is confirmed discontinued September 1, 2026 by the Roman Guide revision table on page 2. Connected matching and finished-size/headrail-area corrections are deployed. All A–H totals were repriced and verified after full reload with customer previews. Native design-copy now preserves existing design IDs and snapshots; production save/reopen passed. Standalone fabric/pillow destinations are deployed in 1acd1e85; 805-0340 passed natural-unit save/full reload/reopen and blocked-customer-output proof; full dealer comparison and account costs remain."
roman,motor_accessory,smart_motorization:single_motor_for_skylights,Single Motor for Skylights,,,,[7],UNRESOLVED EXCEPTION,"Common-valance motors, shared-panel capacity/one charge, mixed 65W adapters, rechargeable accessories, custom chains, magnets/shims, 396 rear fabric routes, F1085/F0255 group 2 and total-line pole charges are deployed with representative production save/reopen/customer-preview proof (805-0327–0331). Caroline F1090 three-style pricing, mounting depths, valance returns, banding and 14 reverse-pattern colors are deployed. Quotes F/G prove style/valance prices and persistence. All201September front colors and396rear colors pass backend routing; Taylor F0210 is confirmed discontinued September 1, 2026 by the Roman Guide revision table on page 2. Connected matching and finished-size/headrail-area corrections are deployed. All A–H totals were repriced and verified after full reload with customer previews. Native design-copy now preserves existing design IDs and snapshots; production save/reopen passed. Standalone fabric/pillow destinations are deployed in 1acd1e85; 805-0340 passed natural-unit save/full reload/reopen and blocked-customer-output proof; full dealer comparison and account costs remain."
roman,motor_accessory,smart_motorization:wired_charging_wand,Wired Charging Wand,,,,[7],UNRESOLVED EXCEPTION,"Common-valance motors, shared-panel capacity/one charge, mixed 65W adapters, rechargeable accessories, custom chains, magnets/shims, 396 rear fabric routes, F1085/F0255 group 2 and total-line pole charges are deployed with representative production save/reopen/customer-preview proof (805-0327–0331). Caroline F1090 three-style pricing, mounting depths, valance returns, banding and 14 reverse-pattern colors are deployed. Quotes F/G prove style/valance prices and persistence. All201September front colors and396rear colors pass backend routing; Taylor F0210 is confirmed discontinued September 1, 2026 by the Roman Guide revision table on page 2. Connected matching and finished-size/headrail-area corrections are deployed. All A–H totals were repriced and verified after full reload with customer previews. Native design-copy now preserves existing design IDs and snapshots; production save/reopen passed. Standalone fabric/pillow destinations are deployed in 1acd1e85; 805-0340 passed natural-unit save/full reload/reopen and blocked-customer-output proof; full dealer comparison and account costs remain."
roman,motor_accessory,smart_motorization:wireless_charging_wand,Wireless Charging Wand,,,,[7],UNRESOLVED EXCEPTION,"Common-valance motors, shared-panel capacity/one charge, mixed 65W adapters, rechargeable accessories, custom chains, magnets/shims, 396 rear fabric routes, F1085/F0255 group 2 and total-line pole charges are deployed with representative production save/reopen/customer-preview proof (805-0327–0331). Caroline F1090 three-style pricing, mounting depths, valance returns, banding and 14 reverse-pattern colors are deployed. Quotes F/G prove style/valance prices and persistence. All201September front colors and396rear colors pass backend routing; Taylor F0210 is confirmed discontinued September 1, 2026 by the Roman Guide revision table on page 2. Connected matching and finished-size/headrail-area corrections are deployed. All A–H totals were repriced and verified after full reload with customer previews. Native design-copy now preserves existing design IDs and snapshots; production save/reopen passed. Standalone fabric/pillow destinations are deployed in 1acd1e85; 805-0340 passed natural-unit save/full reload/reopen and blocked-customer-output proof; full dealer comparison and account costs remain."
roman,motor_accessory,smart_motorization:dc_connection_harness,DC Connection Harness,,11,,[7],UNRESOLVED EXCEPTION,"Common-valance motors, shared-panel capacity/one charge, mixed 65W adapters, rechargeable accessories, custom chains, magnets/shims, 396 rear fabric routes, F1085/F0255 group 2 and total-line pole charges are deployed with representative production save/reopen/customer-preview proof (805-0327–0331). Caroline F1090 three-style pricing, mounting depths, valance returns, banding and 14 reverse-pattern colors are deployed. Quotes F/G prove style/valance prices and persistence. All201September front colors and396rear colors pass backend routing; Taylor F0210 is confirmed discontinued September 1, 2026 by the Roman Guide revision table on page 2. Connected matching and finished-size/headrail-area corrections are deployed. All A–H totals were repriced and verified after full reload with customer previews. Native design-copy now preserves existing design IDs and snapshots; production save/reopen passed. Standalone fabric/pillow destinations are deployed in 1acd1e85; 805-0340 passed natural-unit save/full reload/reopen and blocked-customer-output proof; full dealer comparison and account costs remain."
roman,motor_accessory,smart_motorization:power_distribution_panel,Power Distribution Panel,,931,,[7],UNRESOLVED EXCEPTION,"Common-valance motors, shared-panel capacity/one charge, mixed 65W adapters, rechargeable accessories, custom chains, magnets/shims, 396 rear fabric routes, F1085/F0255 group 2 and total-line pole charges are deployed with representative production save/reopen/customer-preview proof (805-0327–0331). Caroline F1090 three-style pricing, mounting depths, valance returns, banding and 14 reverse-pattern colors are deployed. Quotes F/G prove style/valance prices and persistence. All201September front colors and396rear colors pass backend routing; Taylor F0210 is confirmed discontinued September 1, 2026 by the Roman Guide revision table on page 2. Connected matching and finished-size/headrail-area corrections are deployed. All A–H totals were repriced and verified after full reload with customer previews. Native design-copy now preserves existing design IDs and snapshots; production save/reopen passed. Standalone fabric/pillow destinations are deployed in 1acd1e85; 805-0340 passed natural-unit save/full reload/reopen and blocked-customer-output proof; full dealer comparison and account costs remain."
roman,motor_accessory,smart_motorization:hub,Hub,,321,,[7],UNRESOLVED EXCEPTION,"Common-valance motors, shared-panel capacity/one charge, mixed 65W adapters, rechargeable accessories, custom chains, magnets/shims, 396 rear fabric routes, F1085/F0255 group 2 and total-line pole charges are deployed with representative production save/reopen/customer-preview proof (805-0327–0331). Caroline F1090 three-style pricing, mounting depths, valance returns, banding and 14 reverse-pattern colors are deployed. Quotes F/G prove style/valance prices and persistence. All201September front colors and396rear colors pass backend routing; Taylor F0210 is confirmed discontinued September 1, 2026 by the Roman Guide revision table on page 2. Connected matching and finished-size/headrail-area corrections are deployed. All A–H totals were repriced and verified after full reload with customer previews. Native design-copy now preserves existing design IDs and snapshots; production save/reopen passed. Standalone fabric/pillow destinations are deployed in 1acd1e85; 805-0340 passed natural-unit save/full reload/reopen and blocked-customer-output proof; full dealer comparison and account costs remain."
roman,motor_accessory,smart_motorization:repeater,Repeater,,107,,[7],UNRESOLVED EXCEPTION,"Common-valance motors, shared-panel capacity/one charge, mixed 65W adapters, rechargeable accessories, custom chains, magnets/shims, 396 rear fabric routes, F1085/F0255 group 2 and total-line pole charges are deployed with representative production save/reopen/customer-preview proof (805-0327–0331). Caroline F1090 three-style pricing, mounting depths, valance returns, banding and 14 reverse-pattern colors are deployed. Quotes F/G prove style/valance prices and persistence. All201September front colors and396rear colors pass backend routing; Taylor F0210 is confirmed discontinued September 1, 2026 by the Roman Guide revision table on page 2. Connected matching and finished-size/headrail-area corrections are deployed. All A–H totals were repriced and verified after full reload with customer previews. Native design-copy now preserves existing design IDs and snapshots; production save/reopen passed. Standalone fabric/pillow destinations are deployed in 1acd1e85; 805-0340 passed natural-unit save/full reload/reopen and blocked-customer-output proof; full dealer comparison and account costs remain."
roman,motor_accessory,smart_motorization:smartdial_g2_remote,SmartDial G2 Remote,,268,,[7],UNRESOLVED EXCEPTION,"Common-valance motors, shared-panel capacity/one charge, mixed 65W adapters, rechargeable accessories, custom chains, magnets/shims, 396 rear fabric routes, F1085/F0255 group 2 and total-line pole charges are deployed with representative production save/reopen/customer-preview proof (805-0327–0331). Caroline F1090 three-style pricing, mounting depths, valance returns, banding and 14 reverse-pattern colors are deployed. Quotes F/G prove style/valance prices and persistence. All201September front colors and396rear colors pass backend routing; Taylor F0210 is confirmed discontinued September 1, 2026 by the Roman Guide revision table on page 2. Connected matching and finished-size/headrail-area corrections are deployed. All A–H totals were repriced and verified after full reload with customer previews. Native design-copy now preserves existing design IDs and snapshots; production save/reopen passed. Standalone fabric/pillow destinations are deployed in 1acd1e85; 805-0340 passed natural-unit save/full reload/reopen and blocked-customer-output proof; full dealer comparison and account costs remain."
roman,motor_accessory,smart_motorization:color_rings_for_smartdial_g2_remote,Color Rings for SmartDial G2 Remote,,43,,[7],UNRESOLVED EXCEPTION,"Common-valance motors, shared-panel capacity/one charge, mixed 65W adapters, rechargeable accessories, custom chains, magnets/shims, 396 rear fabric routes, F1085/F0255 group 2 and total-line pole charges are deployed with representative production save/reopen/customer-preview proof (805-0327–0331). Caroline F1090 three-style pricing, mounting depths, valance returns, banding and 14 reverse-pattern colors are deployed. Quotes F/G prove style/valance prices and persistence. All201September front colors and396rear colors pass backend routing; Taylor F0210 is confirmed discontinued September 1, 2026 by the Roman Guide revision table on page 2. Connected matching and finished-size/headrail-area corrections are deployed. All A–H totals were repriced and verified after full reload with customer previews. Native design-copy now preserves existing design IDs and snapshots; production save/reopen passed. Standalone fabric/pillow destinations are deployed in 1acd1e85; 805-0340 passed natural-unit save/full reload/reopen and blocked-customer-output proof; full dealer comparison and account costs remain."
roman,motor_accessory,smart_motorization:basic_remote_black,Basic Remote (black),,75,,[7],UNRESOLVED EXCEPTION,"Common-valance motors, shared-panel capacity/one charge, mixed 65W adapters, rechargeable accessories, custom chains, magnets/shims, 396 rear fabric routes, F1085/F0255 group 2 and total-line pole charges are deployed with representative production save/reopen/customer-preview proof (805-0327–0331). Caroline F1090 three-style pricing, mounting depths, valance returns, banding and 14 reverse-pattern colors are deployed. Quotes F/G prove style/valance prices and persistence. All201September front colors and396rear colors pass backend routing; Taylor F0210 is confirmed discontinued September 1, 2026 by the Roman Guide revision table on page 2. Connected matching and finished-size/headrail-area corrections are deployed. All A–H totals were repriced and verified after full reload with customer previews. Native design-copy now preserves existing design IDs and snapshots; production save/reopen passed. Standalone fabric/pillow destinations are deployed in 1acd1e85; 805-0340 passed natural-unit save/full reload/reopen and blocked-customer-output proof; full dealer comparison and account costs remain."
roman,motor_accessory,smart_motorization:extension_pole_for_charging_wand,Extension Pole for Charging Wand,,,,[7],UNRESOLVED EXCEPTION,"Common-valance motors, shared-panel capacity/one charge, mixed 65W adapters, rechargeable accessories, custom chains, magnets/shims, 396 rear fabric routes, F1085/F0255 group 2 and total-line pole charges are deployed with representative production save/reopen/customer-preview proof (805-0327–0331). Caroline F1090 three-style pricing, mounting depths, valance returns, banding and 14 reverse-pattern colors are deployed. Quotes F/G prove style/valance prices and persistence. All201September front colors and396rear colors pass backend routing; Taylor F0210 is confirmed discontinued September 1, 2026 by the Roman Guide revision table on page 2. Connected matching and finished-size/headrail-area corrections are deployed. All A–H totals were repriced and verified after full reload with customer previews. Native design-copy now preserves existing design IDs and snapshots; production save/reopen passed. Standalone fabric/pillow destinations are deployed in 1acd1e85; 805-0340 passed natural-unit save/full reload/reopen and blocked-customer-output proof; full dealer comparison and account costs remain."
roman,motor_accessory,smart_motorization:charging_extension_wand,Charging Extension Wand,,,,[7],UNRESOLVED EXCEPTION,"Common-valance motors, shared-panel capacity/one charge, mixed 65W adapters, rechargeable accessories, custom chains, magnets/shims, 396 rear fabric routes, F1085/F0255 group 2 and total-line pole charges are deployed with representative production save/reopen/customer-preview proof (805-0327–0331). Caroline F1090 three-style pricing, mounting depths, valance returns, banding and 14 reverse-pattern colors are deployed. Quotes F/G prove style/valance prices and persistence. All201September front colors and396rear colors pass backend routing; Taylor F0210 is confirmed discontinued September 1, 2026 by the Roman Guide revision table on page 2. Connected matching and finished-size/headrail-area corrections are deployed. All A–H totals were repriced and verified after full reload with customer previews. Native design-copy now preserves existing design IDs and snapshots; production save/reopen passed. Standalone fabric/pillow destinations are deployed in 1acd1e85; 805-0340 passed natural-unit save/full reload/reopen and blocked-customer-output proof; full dealer comparison and account costs remain."
roman,motor_accessory,smart_motorization:extension_cable,Extension Cable,,43,,[7],UNRESOLVED EXCEPTION,"Common-valance motors, shared-panel capacity/one charge, mixed 65W adapters, rechargeable accessories, custom chains, magnets/shims, 396 rear fabric routes, F1085/F0255 group 2 and total-line pole charges are deployed with representative production save/reopen/customer-preview proof (805-0327–0331). Caroline F1090 three-style pricing, mounting depths, valance returns, banding and 14 reverse-pattern colors are deployed. Quotes F/G prove style/valance prices and persistence. All201September front colors and396rear colors pass backend routing; Taylor F0210 is confirmed discontinued September 1, 2026 by the Roman Guide revision table on page 2. Connected matching and finished-size/headrail-area corrections are deployed. All A–H totals were repriced and verified after full reload with customer previews. Native design-copy now preserves existing design IDs and snapshots; production save/reopen passed. Standalone fabric/pillow destinations are deployed in 1acd1e85; 805-0340 passed natural-unit save/full reload/reopen and blocked-customer-output proof; full dealer comparison and account costs remain."
roman,motor_accessory,smart_motorization:charging_kit,Charging Kit,,43,,[7],UNRESOLVED EXCEPTION,"Common-valance motors, shared-panel capacity/one charge, mixed 65W adapters, rechargeable accessories, custom chains, magnets/shims, 396 rear fabric routes, F1085/F0255 group 2 and total-line pole charges are deployed with representative production save/reopen/customer-preview proof (805-0327–0331). Caroline F1090 three-style pricing, mounting depths, valance returns, banding and 14 reverse-pattern colors are deployed. Quotes F/G prove style/valance prices and persistence. All201September front colors and396rear colors pass backend routing; Taylor F0210 is confirmed discontinued September 1, 2026 by the Roman Guide revision table on page 2. Connected matching and finished-size/headrail-area corrections are deployed. All A–H totals were repriced and verified after full reload with customer previews. Native design-copy now preserves existing design IDs and snapshots; production save/reopen passed. Standalone fabric/pillow destinations are deployed in 1acd1e85; 805-0340 passed natural-unit save/full reload/reopen and blocked-customer-output proof; full dealer comparison and account costs remain."
roman,motor_accessory,smart_motorization:smartsense,SmartSense,,,,[7],UNRESOLVED EXCEPTION,"Common-valance motors, shared-panel capacity/one charge, mixed 65W adapters, rechargeable accessories, custom chains, magnets/shims, 396 rear fabric routes, F1085/F0255 group 2 and total-line pole charges are deployed with representative production save/reopen/customer-preview proof (805-0327–0331). Caroline F1090 three-style pricing, mounting depths, valance returns, banding and 14 reverse-pattern colors are deployed. Quotes F/G prove style/valance prices and persistence. All201September front colors and396rear colors pass backend routing; Taylor F0210 is confirmed discontinued September 1, 2026 by the Roman Guide revision table on page 2. Connected matching and finished-size/headrail-area corrections are deployed. All A–H totals were repriced and verified after full reload with customer previews. Native design-copy now preserves existing design IDs and snapshots; production save/reopen passed. Standalone fabric/pillow destinations are deployed in 1acd1e85; 805-0340 passed natural-unit save/full reload/reopen and blocked-customer-output proof; full dealer comparison and account costs remain."
smartdrape,surcharge,alternating_colors,Alternating colors,percent,10,unit,[24],UNRESOLVED EXCEPTION,Source gaps: motorized center-opening brackets over 94¼ through 94½ inches; motor pocket depths above 8⅞ and below 9 inches; exact 30-inch center-opening gap; blank factory aliases F2128–F2130; conflicting standalone replacement-vane pricing. Cross-family accessories and dealer reconciliation remain. Production motor and 190-inch track/mounting/pack persistence passed.
smartdrape,surcharge,room_darkening,Room Darkening,percent,20,unit,[24],UNRESOLVED EXCEPTION,Source gaps: motorized center-opening brackets over 94¼ through 94½ inches; motor pocket depths above 8⅞ and below 9 inches; exact 30-inch center-opening gap; blank factory aliases F2128–F2130; conflicting standalone replacement-vane pricing. Cross-family accessories and dealer reconciliation remain. Production motor and 190-inch track/mounting/pack persistence passed.
smartdrape,surcharge,aluminum_shim,Aluminum Shim,flat,28,unit,[24],UNRESOLVED EXCEPTION,Source gaps: motorized center-opening brackets over 94¼ through 94½ inches; motor pocket depths above 8⅞ and below 9 inches; exact 30-inch center-opening gap; blank factory aliases F2128–F2130; conflicting standalone replacement-vane pricing. Cross-family accessories and dealer reconciliation remain. Production motor and 190-inch track/mounting/pack persistence passed.
smartdrape,surcharge,long_l_bracket,Long L Bracket,flat,61,unit,[24],UNRESOLVED EXCEPTION,Source gaps: motorized center-opening brackets over 94¼ through 94½ inches; motor pocket depths above 8⅞ and below 9 inches; exact 30-inch center-opening gap; blank factory aliases F2128–F2130; conflicting standalone replacement-vane pricing. Cross-family accessories and dealer reconciliation remain. Production motor and 190-inch track/mounting/pack persistence passed.
smartdrape,surcharge,keystone,Keystone,flat,73,unit,[24],UNRESOLVED EXCEPTION,Source gaps: motorized center-opening brackets over 94¼ through 94½ inches; motor pocket depths above 8⅞ and below 9 inches; exact 30-inch center-opening gap; blank factory aliases F2128–F2130; conflicting standalone replacement-vane pricing. Cross-family accessories and dealer reconciliation remain. Production motor and 190-inch track/mounting/pack persistence passed.
smartdrape,surcharge,additional_wand,Additional Wand,flat,89,unit,[24],UNRESOLVED EXCEPTION,Source gaps: motorized center-opening brackets over 94¼ through 94½ inches; motor pocket depths above 8⅞ and below 9 inches; exact 30-inch center-opening gap; blank factory aliases F2128–F2130; conflicting standalone replacement-vane pricing. Cross-family accessories and dealer reconciliation remain. Production motor and 190-inch track/mounting/pack persistence passed.
smartdrape,surcharge,additional_vanes_pack_of_6_length_48,Additional vanes (pack of 6) - Length 48,flat,230,unit,[24],UNRESOLVED EXCEPTION,Source gaps: motorized center-opening brackets over 94¼ through 94½ inches; motor pocket depths above 8⅞ and below 9 inches; exact 30-inch center-opening gap; blank factory aliases F2128–F2130; conflicting standalone replacement-vane pricing. Cross-family accessories and dealer reconciliation remain. Production motor and 190-inch track/mounting/pack persistence passed.
smartdrape,surcharge,additional_vanes_pack_of_6_length_60,Additional vanes (pack of 6) - Length 60,flat,270,unit,[24],UNRESOLVED EXCEPTION,Source gaps: motorized center-opening brackets over 94¼ through 94½ inches; motor pocket depths above 8⅞ and below 9 inches; exact 30-inch center-opening gap; blank factory aliases F2128–F2130; conflicting standalone replacement-vane pricing. Cross-family accessories and dealer reconciliation remain. Production motor and 190-inch track/mounting/pack persistence passed.
smartdrape,surcharge,additional_vanes_pack_of_6_length_72,Additional vanes (pack of 6) - Length 72,flat,310,unit,[24],UNRESOLVED EXCEPTION,Source gaps: motorized center-opening brackets over 94¼ through 94½ inches; motor pocket depths above 8⅞ and below 9 inches; exact 30-inch center-opening gap; blank factory aliases F2128–F2130; conflicting standalone replacement-vane pricing. Cross-family accessories and dealer reconciliation remain. Production motor and 190-inch track/mounting/pack persistence passed.
smartdrape,surcharge,additional_vanes_pack_of_6_length_84,Additional vanes (pack of 6) - Length 84,flat,350,unit,[24],UNRESOLVED EXCEPTION,Source gaps: motorized center-opening brackets over 94¼ through 94½ inches; motor pocket depths above 8⅞ and below 9 inches; exact 30-inch center-opening gap; blank factory aliases F2128–F2130; conflicting standalone replacement-vane pricing. Cross-family accessories and dealer reconciliation remain. Production motor and 190-inch track/mounting/pack persistence passed.
smartdrape,surcharge,additional_vanes_pack_of_6_length_100,Additional vanes (pack of 6) - Length 100,flat,390,unit,[24],UNRESOLVED EXCEPTION,Source gaps: motorized center-opening brackets over 94¼ through 94½ inches; motor pocket depths above 8⅞ and below 9 inches; exact 30-inch center-opening gap; blank factory aliases F2128–F2130; conflicting standalone replacement-vane pricing. Cross-family accessories and dealer reconciliation remain. Production motor and 190-inch track/mounting/pack persistence passed.
smartdrape,surcharge,additional_vanes_pack_of_6_length_120,Additional vanes (pack of 6) - Length 120,flat,460,unit,[24],UNRESOLVED EXCEPTION,Source gaps: motorized center-opening brackets over 94¼ through 94½ inches; motor pocket depths above 8⅞ and below 9 inches; exact 30-inch center-opening gap; blank factory aliases F2128–F2130; conflicting standalone replacement-vane pricing. Cross-family accessories and dealer reconciliation remain. Production motor and 190-inch track/mounting/pack persistence passed.
smartdrape,surcharge,additional_vanes_pack_of_6_length_132,Additional vanes (pack of 6) - Length 132,flat,500,unit,[24],UNRESOLVED EXCEPTION,Source gaps: motorized center-opening brackets over 94¼ through 94½ inches; motor pocket depths above 8⅞ and below 9 inches; exact 30-inch center-opening gap; blank factory aliases F2128–F2130; conflicting standalone replacement-vane pricing. Cross-family accessories and dealer reconciliation remain. Production motor and 190-inch track/mounting/pack persistence passed.
smartdrape,surcharge,additional_vanes_pack_of_6_length_144,Additional vanes (pack of 6) - Length 144,flat,540,unit,[24],UNRESOLVED EXCEPTION,Source gaps: motorized center-opening brackets over 94¼ through 94½ inches; motor pocket depths above 8⅞ and below 9 inches; exact 30-inch center-opening gap; blank factory aliases F2128–F2130; conflicting standalone replacement-vane pricing. Cross-family accessories and dealer reconciliation remain. Production motor and 190-inch track/mounting/pack persistence passed.
smartdrape,configuration_field,mount_type,Mount,select,,,,UNRESOLVED EXCEPTION,Field inventoried; complete source/condition/UI/server certification pending.
smartdrape,configuration_field,stack_option,Stack,select,,,,UNRESOLVED EXCEPTION,Field inventoried; complete source/condition/UI/server certification pending.
smartdrape,configuration_field,vane_style,Vane style,select,,,,UNRESOLVED EXCEPTION,Field inventoried; complete source/condition/UI/server certification pending.
smartdrape,configuration_field,additional_vanes,Additional vanes,select,,,,UNRESOLVED EXCEPTION,Field inventoried; complete source/condition/UI/server certification pending.
smartdrape,configuration_field,control_side,Control side,select,,,,UNRESOLVED EXCEPTION,Field inventoried; complete source/condition/UI/server certification pending.
smartdrape,configuration_field,lift_system,Lift / control,select,,,,UNRESOLVED EXCEPTION,Field inventoried; complete source/condition/UI/server certification pending.
smartdrape,configuration_field,hard_surface_install,Hard-surface install,checkbox,,,,UNRESOLVED EXCEPTION,Field inventoried; complete source/condition/UI/server certification pending.
smartdrape,configuration_field,ladder_over_15ft,Ladder over 15 ft,checkbox,,,,UNRESOLVED EXCEPTION,Field inventoried; complete source/condition/UI/server certification pending.
smartdrape,configuration_field,requires_takedown,Existing treatment takedown,checkbox,,,,UNRESOLVED EXCEPTION,Field inventoried; complete source/condition/UI/server certification pending.
smartdrape,configuration_field,aluminum_shim,Aluminum Shim,checkbox,,,,UNRESOLVED EXCEPTION,Field inventoried; complete source/condition/UI/server certification pending.
smartdrape,configuration_field,long_l_bracket,Long L Bracket,checkbox,,,,UNRESOLVED EXCEPTION,Field inventoried; complete source/condition/UI/server certification pending.
smartdrape,configuration_field,keystone,Keystone,checkbox,,,,UNRESOLVED EXCEPTION,Field inventoried; complete source/condition/UI/server certification pending.
smartdrape,configuration_field,additional_wand,Additional Wand,checkbox,,,,UNRESOLVED EXCEPTION,Field inventoried; complete source/condition/UI/server certification pending.
smartdrape,motor_accessory,smart_motorization:motor,Motor,,642,,[7],UNRESOLVED EXCEPTION,Source gaps: motorized center-opening brackets over 94¼ through 94½ inches; motor pocket depths above 8⅞ and below 9 inches; exact 30-inch center-opening gap; blank factory aliases F2128–F2130; conflicting standalone replacement-vane pricing. Cross-family accessories and dealer reconciliation remain. Production motor and 190-inch track/mounting/pack persistence passed.
smartdrape,motor_accessory,smart_motorization:dual_motor_for_honeycomb,Dual Motor for Honeycomb,,,,[7],UNRESOLVED EXCEPTION,Source gaps: motorized center-opening brackets over 94¼ through 94½ inches; motor pocket depths above 8⅞ and below 9 inches; exact 30-inch center-opening gap; blank factory aliases F2128–F2130; conflicting standalone replacement-vane pricing. Cross-family accessories and dealer reconciliation remain. Production motor and 190-inch track/mounting/pack persistence passed.
smartdrape,motor_accessory,smart_motorization:single_motor_for_skylights,Single Motor for Skylights,,,,[7],UNRESOLVED EXCEPTION,Source gaps: motorized center-opening brackets over 94¼ through 94½ inches; motor pocket depths above 8⅞ and below 9 inches; exact 30-inch center-opening gap; blank factory aliases F2128–F2130; conflicting standalone replacement-vane pricing. Cross-family accessories and dealer reconciliation remain. Production motor and 190-inch track/mounting/pack persistence passed.
smartdrape,motor_accessory,smart_motorization:wired_charging_wand,Wired Charging Wand,,,,[7],UNRESOLVED EXCEPTION,Source gaps: motorized center-opening brackets over 94¼ through 94½ inches; motor pocket depths above 8⅞ and below 9 inches; exact 30-inch center-opening gap; blank factory aliases F2128–F2130; conflicting standalone replacement-vane pricing. Cross-family accessories and dealer reconciliation remain. Production motor and 190-inch track/mounting/pack persistence passed.
smartdrape,motor_accessory,smart_motorization:wireless_charging_wand,Wireless Charging Wand,,,,[7],UNRESOLVED EXCEPTION,Source gaps: motorized center-opening brackets over 94¼ through 94½ inches; motor pocket depths above 8⅞ and below 9 inches; exact 30-inch center-opening gap; blank factory aliases F2128–F2130; conflicting standalone replacement-vane pricing. Cross-family accessories and dealer reconciliation remain. Production motor and 190-inch track/mounting/pack persistence passed.
smartdrape,motor_accessory,smart_motorization:dc_connection_harness,DC Connection Harness,,,,[7],UNRESOLVED EXCEPTION,Source gaps: motorized center-opening brackets over 94¼ through 94½ inches; motor pocket depths above 8⅞ and below 9 inches; exact 30-inch center-opening gap; blank factory aliases F2128–F2130; conflicting standalone replacement-vane pricing. Cross-family accessories and dealer reconciliation remain. Production motor and 190-inch track/mounting/pack persistence passed.
smartdrape,motor_accessory,smart_motorization:power_distribution_panel,Power Distribution Panel,,,,[7],UNRESOLVED EXCEPTION,Source gaps: motorized center-opening brackets over 94¼ through 94½ inches; motor pocket depths above 8⅞ and below 9 inches; exact 30-inch center-opening gap; blank factory aliases F2128–F2130; conflicting standalone replacement-vane pricing. Cross-family accessories and dealer reconciliation remain. Production motor and 190-inch track/mounting/pack persistence passed.
smartdrape,motor_accessory,smart_motorization:hub,Hub,,321,,[7],UNRESOLVED EXCEPTION,Source gaps: motorized center-opening brackets over 94¼ through 94½ inches; motor pocket depths above 8⅞ and below 9 inches; exact 30-inch center-opening gap; blank factory aliases F2128–F2130; conflicting standalone replacement-vane pricing. Cross-family accessories and dealer reconciliation remain. Production motor and 190-inch track/mounting/pack persistence passed.
smartdrape,motor_accessory,smart_motorization:repeater,Repeater,,107,,[7],UNRESOLVED EXCEPTION,Source gaps: motorized center-opening brackets over 94¼ through 94½ inches; motor pocket depths above 8⅞ and below 9 inches; exact 30-inch center-opening gap; blank factory aliases F2128–F2130; conflicting standalone replacement-vane pricing. Cross-family accessories and dealer reconciliation remain. Production motor and 190-inch track/mounting/pack persistence passed.
smartdrape,motor_accessory,smart_motorization:smartdial_g2_remote,SmartDial G2 Remote,,268,,[7],UNRESOLVED EXCEPTION,Source gaps: motorized center-opening brackets over 94¼ through 94½ inches; motor pocket depths above 8⅞ and below 9 inches; exact 30-inch center-opening gap; blank factory aliases F2128–F2130; conflicting standalone replacement-vane pricing. Cross-family accessories and dealer reconciliation remain. Production motor and 190-inch track/mounting/pack persistence passed.
smartdrape,motor_accessory,smart_motorization:color_rings_for_smartdial_g2_remote,Color Rings for SmartDial G2 Remote,,43,,[7],UNRESOLVED EXCEPTION,Source gaps: motorized center-opening brackets over 94¼ through 94½ inches; motor pocket depths above 8⅞ and below 9 inches; exact 30-inch center-opening gap; blank factory aliases F2128–F2130; conflicting standalone replacement-vane pricing. Cross-family accessories and dealer reconciliation remain. Production motor and 190-inch track/mounting/pack persistence passed.
smartdrape,motor_accessory,smart_motorization:basic_remote_black,Basic Remote (black),,75,,[7],UNRESOLVED EXCEPTION,Source gaps: motorized center-opening brackets over 94¼ through 94½ inches; motor pocket depths above 8⅞ and below 9 inches; exact 30-inch center-opening gap; blank factory aliases F2128–F2130; conflicting standalone replacement-vane pricing. Cross-family accessories and dealer reconciliation remain. Production motor and 190-inch track/mounting/pack persistence passed.
smartdrape,motor_accessory,smart_motorization:extension_pole_for_charging_wand,Extension Pole for Charging Wand,,,,[7],UNRESOLVED EXCEPTION,Source gaps: motorized center-opening brackets over 94¼ through 94½ inches; motor pocket depths above 8⅞ and below 9 inches; exact 30-inch center-opening gap; blank factory aliases F2128–F2130; conflicting standalone replacement-vane pricing. Cross-family accessories and dealer reconciliation remain. Production motor and 190-inch track/mounting/pack persistence passed.
smartdrape,motor_accessory,smart_motorization:charging_extension_wand,Charging Extension Wand,,75,,[7],UNRESOLVED EXCEPTION,Source gaps: motorized center-opening brackets over 94¼ through 94½ inches; motor pocket depths above 8⅞ and below 9 inches; exact 30-inch center-opening gap; blank factory aliases F2128–F2130; conflicting standalone replacement-vane pricing. Cross-family accessories and dealer reconciliation remain. Production motor and 190-inch track/mounting/pack persistence passed.
smartdrape,motor_accessory,smart_motorization:extension_cable,Extension Cable,,,,[7],UNRESOLVED EXCEPTION,Source gaps: motorized center-opening brackets over 94¼ through 94½ inches; motor pocket depths above 8⅞ and below 9 inches; exact 30-inch center-opening gap; blank factory aliases F2128–F2130; conflicting standalone replacement-vane pricing. Cross-family accessories and dealer reconciliation remain. Production motor and 190-inch track/mounting/pack persistence passed.
smartdrape,motor_accessory,smart_motorization:charging_kit,Charging Kit,,43,,[7],UNRESOLVED EXCEPTION,Source gaps: motorized center-opening brackets over 94¼ through 94½ inches; motor pocket depths above 8⅞ and below 9 inches; exact 30-inch center-opening gap; blank factory aliases F2128–F2130; conflicting standalone replacement-vane pricing. Cross-family accessories and dealer reconciliation remain. Production motor and 190-inch track/mounting/pack persistence passed.
smartdrape,motor_accessory,smart_motorization:smartsense,SmartSense,,,,[7],UNRESOLVED EXCEPTION,Source gaps: motorized center-opening brackets over 94¼ through 94½ inches; motor pocket depths above 8⅞ and below 9 inches; exact 30-inch center-opening gap; blank factory aliases F2128–F2130; conflicting standalone replacement-vane pricing. Cross-family accessories and dealer reconciliation remain. Production motor and 190-inch track/mounting/pack persistence passed.
smartfold,surcharge,basic_light_guard,Basic Light Guard,flat,45,unit,[21],UNRESOLVED EXCEPTION,"Mounting-diameter lookup, custom-valance bracket-count source conflicts, current dealer comparison and October-effective connector changes. Measured At Gaps geometry is deployed with0348 saved-server negative checks and reopen proof; bounded outside rechargeable pricing passed0342 at$5,023 with once-only accessories and rejected mounting boundaries. Common/custom valance, chains, full-fold and side-by-side choices passed production persistence. Standard manual controls and priced hems/magnets/poles are deployed with0360/0362/0364/0365production price/save/reopen/customer-preview and negative-boundary proof. Standard unspliced outside valances passed 0369/0370 saved/reopened/customer-output proof. AutoWand exact wand selections and source pricing are implemented, deployment/live proof pending."
smartfold,surcharge,shim,Shim,flat,7,unit,[21],UNRESOLVED EXCEPTION,"Mounting-diameter lookup, custom-valance bracket-count source conflicts, current dealer comparison and October-effective connector changes. Measured At Gaps geometry is deployed with0348 saved-server negative checks and reopen proof; bounded outside rechargeable pricing passed0342 at$5,023 with once-only accessories and rejected mounting boundaries. Common/custom valance, chains, full-fold and side-by-side choices passed production persistence. Standard manual controls and priced hems/magnets/poles are deployed with0360/0362/0364/0365production price/save/reopen/customer-preview and negative-boundary proof. Standard unspliced outside valances passed 0369/0370 saved/reopened/customer-output proof. AutoWand exact wand selections and source pricing are implemented, deployment/live proof pending."
smartfold,surcharge,additional_fiberglass_pole,Additional fiberglass pole,flat,28,unit,[21],UNRESOLVED EXCEPTION,"Mounting-diameter lookup, custom-valance bracket-count source conflicts, current dealer comparison and October-effective connector changes. Measured At Gaps geometry is deployed with0348 saved-server negative checks and reopen proof; bounded outside rechargeable pricing passed0342 at$5,023 with once-only accessories and rejected mounting boundaries. Common/custom valance, chains, full-fold and side-by-side choices passed production persistence. Standard manual controls and priced hems/magnets/poles are deployed with0360/0362/0364/0365production price/save/reopen/customer-preview and negative-boundary proof. Standard unspliced outside valances passed 0369/0370 saved/reopened/customer-output proof. AutoWand exact wand selections and source pricing are implemented, deployment/live proof pending."
smartfold,surcharge,magnetic_hold_down,Magnetic hold down,flat,28,unit,[21],UNRESOLVED EXCEPTION,"Mounting-diameter lookup, custom-valance bracket-count source conflicts, current dealer comparison and October-effective connector changes. Measured At Gaps geometry is deployed with0348 saved-server negative checks and reopen proof; bounded outside rechargeable pricing passed0342 at$5,023 with once-only accessories and rejected mounting boundaries. Common/custom valance, chains, full-fold and side-by-side choices passed production persistence. Standard manual controls and priced hems/magnets/poles are deployed with0360/0362/0364/0365production price/save/reopen/customer-preview and negative-boundary proof. Standard unspliced outside valances passed 0369/0370 saved/reopened/customer-output proof. AutoWand exact wand selections and source pricing are implemented, deployment/live proof pending."
smartfold,surcharge,pole_attachment_only,Pole attachment only,flat,40,unit,[21],UNRESOLVED EXCEPTION,"Mounting-diameter lookup, custom-valance bracket-count source conflicts, current dealer comparison and October-effective connector changes. Measured At Gaps geometry is deployed with0348 saved-server negative checks and reopen proof; bounded outside rechargeable pricing passed0342 at$5,023 with once-only accessories and rejected mounting boundaries. Common/custom valance, chains, full-fold and side-by-side choices passed production persistence. Standard manual controls and priced hems/magnets/poles are deployed with0360/0362/0364/0365production price/save/reopen/customer-preview and negative-boundary proof. Standard unspliced outside valances passed 0369/0370 saved/reopened/customer-output proof. AutoWand exact wand selections and source pricing are implemented, deployment/live proof pending."
smartfold,surcharge,keystone,Keystone,flat,73,unit,[21],UNRESOLVED EXCEPTION,"Mounting-diameter lookup, custom-valance bracket-count source conflicts, current dealer comparison and October-effective connector changes. Measured At Gaps geometry is deployed with0348 saved-server negative checks and reopen proof; bounded outside rechargeable pricing passed0342 at$5,023 with once-only accessories and rejected mounting boundaries. Common/custom valance, chains, full-fold and side-by-side choices passed production persistence. Standard manual controls and priced hems/magnets/poles are deployed with0360/0362/0364/0365production price/save/reopen/customer-preview and negative-boundary proof. Standard unspliced outside valances passed 0369/0370 saved/reopened/customer-output proof. AutoWand exact wand selections and source pricing are implemented, deployment/live proof pending."
smartfold,surcharge,cordless_operating_pole,Cordless operating pole,flat,89,unit,[21],UNRESOLVED EXCEPTION,"Mounting-diameter lookup, custom-valance bracket-count source conflicts, current dealer comparison and October-effective connector changes. Measured At Gaps geometry is deployed with0348 saved-server negative checks and reopen proof; bounded outside rechargeable pricing passed0342 at$5,023 with once-only accessories and rejected mounting boundaries. Common/custom valance, chains, full-fold and side-by-side choices passed production persistence. Standard manual controls and priced hems/magnets/poles are deployed with0360/0362/0364/0365production price/save/reopen/customer-preview and negative-boundary proof. Standard unspliced outside valances passed 0369/0370 saved/reopened/customer-output proof. AutoWand exact wand selections and source pricing are implemented, deployment/live proof pending."
smartfold,surcharge,premium_hem_bar,Premium hem bar,flat,16,unit,[21],UNRESOLVED EXCEPTION,"Mounting-diameter lookup, custom-valance bracket-count source conflicts, current dealer comparison and October-effective connector changes. Measured At Gaps geometry is deployed with0348 saved-server negative checks and reopen proof; bounded outside rechargeable pricing passed0342 at$5,023 with once-only accessories and rejected mounting boundaries. Common/custom valance, chains, full-fold and side-by-side choices passed production persistence. Standard manual controls and priced hems/magnets/poles are deployed with0360/0362/0364/0365production price/save/reopen/customer-preview and negative-boundary proof. Standard unspliced outside valances passed 0369/0370 saved/reopened/customer-output proof. AutoWand exact wand selections and source pricing are implemented, deployment/live proof pending."
smartfold,surcharge,smartfold_fascia_wood_valance,"Fascia, Wood Valance",flat,,unit,[21],UNRESOLVED EXCEPTION,"Mounting-diameter lookup, custom-valance bracket-count source conflicts, current dealer comparison and October-effective connector changes. Measured At Gaps geometry is deployed with0348 saved-server negative checks and reopen proof; bounded outside rechargeable pricing passed0342 at$5,023 with once-only accessories and rejected mounting boundaries. Common/custom valance, chains, full-fold and side-by-side choices passed production persistence. Standard manual controls and priced hems/magnets/poles are deployed with0360/0362/0364/0365production price/save/reopen/customer-preview and negative-boundary proof. Standard unspliced outside valances passed 0369/0370 saved/reopened/customer-output proof. AutoWand exact wand selections and source pricing are implemented, deployment/live proof pending."
smartfold,surcharge,smartfold_3_1_2in_4_1_2in_and_6in_fabric_valance,"3 1/2"", 4 1/2"" & 6"" Fabric Valance",flat,,unit,[21],UNRESOLVED EXCEPTION,"Mounting-diameter lookup, custom-valance bracket-count source conflicts, current dealer comparison and October-effective connector changes. Measured At Gaps geometry is deployed with0348 saved-server negative checks and reopen proof; bounded outside rechargeable pricing passed0342 at$5,023 with once-only accessories and rejected mounting boundaries. Common/custom valance, chains, full-fold and side-by-side choices passed production persistence. Standard manual controls and priced hems/magnets/poles are deployed with0360/0362/0364/0365production price/save/reopen/customer-preview and negative-boundary proof. Standard unspliced outside valances passed 0369/0370 saved/reopened/customer-output proof. AutoWand exact wand selections and source pricing are implemented, deployment/live proof pending."
smartfold,surcharge,smartfold_8in_fabric_valance,"8"" Fabric Valance",flat,,unit,[21],UNRESOLVED EXCEPTION,"Mounting-diameter lookup, custom-valance bracket-count source conflicts, current dealer comparison and October-effective connector changes. Measured At Gaps geometry is deployed with0348 saved-server negative checks and reopen proof; bounded outside rechargeable pricing passed0342 at$5,023 with once-only accessories and rejected mounting boundaries. Common/custom valance, chains, full-fold and side-by-side choices passed production persistence. Standard manual controls and priced hems/magnets/poles are deployed with0360/0362/0364/0365production price/save/reopen/customer-preview and negative-boundary proof. Standard unspliced outside valances passed 0369/0370 saved/reopened/customer-output proof. AutoWand exact wand selections and source pricing are implemented, deployment/live proof pending."
smartfold,surcharge,additional_valance_foot,Additional valance foot,flat,28,foot,[21],UNRESOLVED EXCEPTION,"Mounting-diameter lookup, custom-valance bracket-count source conflicts, current dealer comparison and October-effective connector changes. Measured At Gaps geometry is deployed with0348 saved-server negative checks and reopen proof; bounded outside rechargeable pricing passed0342 at$5,023 with once-only accessories and rejected mounting boundaries. Common/custom valance, chains, full-fold and side-by-side choices passed production persistence. Standard manual controls and priced hems/magnets/poles are deployed with0360/0362/0364/0365production price/save/reopen/customer-preview and negative-boundary proof. Standard unspliced outside valances passed 0369/0370 saved/reopened/customer-output proof. AutoWand exact wand selections and source pricing are implemented, deployment/live proof pending."
smartfold,configuration_field,mount_type,Mount,select,,,,UNRESOLVED EXCEPTION,Field inventoried; complete source/condition/UI/server certification pending.
smartfold,configuration_field,smartfold_installation,Mounting method,select,,,,UNRESOLVED EXCEPTION,Field inventoried; complete source/condition/UI/server certification pending.
smartfold,configuration_field,smartfold_shim_layers,Shim layers,select,,,,UNRESOLVED EXCEPTION,Field inventoried; complete source/condition/UI/server certification pending.
smartfold,configuration_field,fold_size,Fold size,select,,,,UNRESOLVED EXCEPTION,Field inventoried; complete source/condition/UI/server certification pending.
smartfold,configuration_field,smartfold_hold_down,Hold-downs,select,,,,UNRESOLVED EXCEPTION,Field inventoried; complete source/condition/UI/server certification pending.
smartfold,configuration_field,smartfold_magnet_color,Magnet catch color,select,,,,UNRESOLVED EXCEPTION,Field inventoried; complete source/condition/UI/server certification pending.
smartfold,configuration_field,smartfold_pole,Additional pole per shade,select,,,,UNRESOLVED EXCEPTION,Field inventoried; complete source/condition/UI/server certification pending.
smartfold,configuration_field,smartfold_fascia_recess,Fascia recess arrangement,select,,,,UNRESOLVED EXCEPTION,Field inventoried; complete source/condition/UI/server certification pending.
smartfold,configuration_field,smartfold_wand_length,AutoWand length,select,,,,UNRESOLVED EXCEPTION,Field inventoried; complete source/condition/UI/server certification pending.
smartfold,configuration_field,smartfold_wand_color,AutoWand color,select,,,,UNRESOLVED EXCEPTION,Field inventoried; complete source/condition/UI/server certification pending.
smartfold,configuration_field,smartfold_light_guard_recess,Light Guard recess arrangement,select,,,,UNRESOLVED EXCEPTION,Field inventoried; complete source/condition/UI/server certification pending.
smartfold,configuration_field,smartfold_light_guard_color,Light Guard color,select,,,,UNRESOLVED EXCEPTION,Field inventoried; complete source/condition/UI/server certification pending.
smartfold,configuration_field,smartfold_valance_returns,Valance returns,select,,,,UNRESOLVED EXCEPTION,Field inventoried; complete source/condition/UI/server certification pending.
smartfold,configuration_field,smartfold_valance_joinery,Valance joinery,select,,,,UNRESOLVED EXCEPTION,Field inventoried; complete source/condition/UI/server certification pending.
smartfold,configuration_field,smartfold_keystone_count,Keystone count,select,,,,UNRESOLVED EXCEPTION,Field inventoried; complete source/condition/UI/server certification pending.
smartfold,configuration_field,smartfold_keystone_layout,Keystone locations,select,,,,UNRESOLVED EXCEPTION,Field inventoried; complete source/condition/UI/server certification pending.
smartfold,configuration_field,smartfold_common_position,Shade position from left,select,,,,UNRESOLVED EXCEPTION,Field inventoried; complete source/condition/UI/server certification pending.
smartfold,configuration_field,smartfold_fabric_pattern,Fabric pattern,select,,,,UNRESOLVED EXCEPTION,Field inventoried; complete source/condition/UI/server certification pending.
smartfold,configuration_field,smartfold_hardware_color,Hardware color,select,,,,UNRESOLVED EXCEPTION,Field inventoried; complete source/condition/UI/server certification pending.
smartfold,configuration_field,smartfold_hem_style,Hem-bar style,select,,,,UNRESOLVED EXCEPTION,Field inventoried; complete source/condition/UI/server certification pending.
smartfold,configuration_field,smartfold_hem_color,Hem-bar color,select,,,,UNRESOLVED EXCEPTION,Field inventoried; complete source/condition/UI/server certification pending.
smartfold,configuration_field,smartfold_hem_end_cap,Hem-bar end caps,select,,,,UNRESOLVED EXCEPTION,Field inventoried; complete source/condition/UI/server certification pending.
smartfold,configuration_field,smartfold_fascia_style,Curved fascia style,select,,,,UNRESOLVED EXCEPTION,Field inventoried; complete source/condition/UI/server certification pending.
smartfold,configuration_field,smartfold_fascia_color,Fascia color,select,,,,UNRESOLVED EXCEPTION,Field inventoried; complete source/condition/UI/server certification pending.
smartfold,configuration_field,smartfold_fascia_end_cap,Fascia end caps,select,,,,UNRESOLVED EXCEPTION,Field inventoried; complete source/condition/UI/server certification pending.
smartfold,configuration_field,smartfold_valance_fabric_code,Valance fabric override,select,,,,UNRESOLVED EXCEPTION,Field inventoried; complete source/condition/UI/server certification pending.
smartfold,configuration_field,smartfold_wood_valance_color,Wood valance finish,select,,,,UNRESOLVED EXCEPTION,Field inventoried; complete source/condition/UI/server certification pending.
smartfold,configuration_field,smartfold_chain_color,Chain color,select,,,,UNRESOLVED EXCEPTION,Field inventoried; complete source/condition/UI/server certification pending.
smartfold,configuration_field,smartfold_chain_unobstructed,Unobstructed below tension device,select,,,,UNRESOLVED EXCEPTION,Field inventoried; complete source/condition/UI/server certification pending.
smartfold,configuration_field,full_fold_required,Full fold required,select,,,,UNRESOLVED EXCEPTION,Field inventoried; complete source/condition/UI/server certification pending.
smartfold,configuration_field,smartfold_side_by_side_id,Side-by-side group,select,,,,UNRESOLVED EXCEPTION,Field inventoried; complete source/condition/UI/server certification pending.
smartfold,configuration_field,control_side,Control side,select,,,,UNRESOLVED EXCEPTION,Field inventoried; complete source/condition/UI/server certification pending.
smartfold,configuration_field,lift_system,Lift / control,select,,,,UNRESOLVED EXCEPTION,Field inventoried; complete source/condition/UI/server certification pending.
smartfold,configuration_field,fabric_category,Fabric category,select,,,,UNRESOLVED EXCEPTION,Field inventoried; complete source/condition/UI/server certification pending.
smartfold,configuration_field,valance,Valance,select,,,,UNRESOLVED EXCEPTION,Field inventoried; complete source/condition/UI/server certification pending.
smartfold,configuration_field,hard_surface_install,Hard-surface install,checkbox,,,,UNRESOLVED EXCEPTION,Field inventoried; complete source/condition/UI/server certification pending.
smartfold,configuration_field,ladder_over_15ft,Ladder over 15 ft,checkbox,,,,UNRESOLVED EXCEPTION,Field inventoried; complete source/condition/UI/server certification pending.
smartfold,configuration_field,requires_takedown,Existing treatment takedown,checkbox,,,,UNRESOLVED EXCEPTION,Field inventoried; complete source/condition/UI/server certification pending.
smartfold,configuration_field,light_guard,Light guard,select,,,,UNRESOLVED EXCEPTION,Field inventoried; complete source/condition/UI/server certification pending.
smartfold,configuration_field,shim,Shim,checkbox,,,,UNRESOLVED EXCEPTION,Field inventoried; complete source/condition/UI/server certification pending.
smartfold,configuration_field,additional_fiberglass_pole,Additional fiberglass pole,checkbox,,,,UNRESOLVED EXCEPTION,Field inventoried; complete source/condition/UI/server certification pending.
smartfold,configuration_field,magnetic_hold_down,Magnetic hold down,checkbox,,,,UNRESOLVED EXCEPTION,Field inventoried; complete source/condition/UI/server certification pending.
smartfold,configuration_field,pole_attachment_only,Pole attachment only,checkbox,,,,UNRESOLVED EXCEPTION,Field inventoried; complete source/condition/UI/server certification pending.
smartfold,configuration_field,keystone,Keystone,checkbox,,,,UNRESOLVED EXCEPTION,Field inventoried; complete source/condition/UI/server certification pending.
smartfold,configuration_field,cordless_operating_pole,Cordless operating pole,checkbox,,,,UNRESOLVED EXCEPTION,Field inventoried; complete source/condition/UI/server certification pending.
smartfold,configuration_field,premium_hem_bar,Premium hem bar,checkbox,,,,UNRESOLVED EXCEPTION,Field inventoried; complete source/condition/UI/server certification pending.
smartfold,motor_accessory,autowand:autowand,Autowand,,166,,[8],UNRESOLVED EXCEPTION,"Mounting-diameter lookup, custom-valance bracket-count source conflicts, current dealer comparison and October-effective connector changes. Measured At Gaps geometry is deployed with0348 saved-server negative checks and reopen proof; bounded outside rechargeable pricing passed0342 at$5,023 with once-only accessories and rejected mounting boundaries. Common/custom valance, chains, full-fold and side-by-side choices passed production persistence. Standard manual controls and priced hems/magnets/poles are deployed with0360/0362/0364/0365production price/save/reopen/customer-preview and negative-boundary proof. Standard unspliced outside valances passed 0369/0370 saved/reopened/customer-output proof. AutoWand exact wand selections and source pricing are implemented, deployment/live proof pending."
smartfold,motor_accessory,autowand:charging_kit,Charging Kit,,45,,[8],UNRESOLVED EXCEPTION,"Mounting-diameter lookup, custom-valance bracket-count source conflicts, current dealer comparison and October-effective connector changes. Measured At Gaps geometry is deployed with0348 saved-server negative checks and reopen proof; bounded outside rechargeable pricing passed0342 at$5,023 with once-only accessories and rejected mounting boundaries. Common/custom valance, chains, full-fold and side-by-side choices passed production persistence. Standard manual controls and priced hems/magnets/poles are deployed with0360/0362/0364/0365production price/save/reopen/customer-preview and negative-boundary proof. Standard unspliced outside valances passed 0369/0370 saved/reopened/customer-output proof. AutoWand exact wand selections and source pricing are implemented, deployment/live proof pending."
smartfold,motor_accessory,autowand:extension_cable,Extension Cable,,43,,[8],UNRESOLVED EXCEPTION,"Mounting-diameter lookup, custom-valance bracket-count source conflicts, current dealer comparison and October-effective connector changes. Measured At Gaps geometry is deployed with0348 saved-server negative checks and reopen proof; bounded outside rechargeable pricing passed0342 at$5,023 with once-only accessories and rejected mounting boundaries. Common/custom valance, chains, full-fold and side-by-side choices passed production persistence. Standard manual controls and priced hems/magnets/poles are deployed with0360/0362/0364/0365production price/save/reopen/customer-preview and negative-boundary proof. Standard unspliced outside valances passed 0369/0370 saved/reopened/customer-output proof. AutoWand exact wand selections and source pricing are implemented, deployment/live proof pending."
smartfold,motor_accessory,smart_motorization:motor,Motor,,482,,[7],UNRESOLVED EXCEPTION,"Mounting-diameter lookup, custom-valance bracket-count source conflicts, current dealer comparison and October-effective connector changes. Measured At Gaps geometry is deployed with0348 saved-server negative checks and reopen proof; bounded outside rechargeable pricing passed0342 at$5,023 with once-only accessories and rejected mounting boundaries. Common/custom valance, chains, full-fold and side-by-side choices passed production persistence. Standard manual controls and priced hems/magnets/poles are deployed with0360/0362/0364/0365production price/save/reopen/customer-preview and negative-boundary proof. Standard unspliced outside valances passed 0369/0370 saved/reopened/customer-output proof. AutoWand exact wand selections and source pricing are implemented, deployment/live proof pending."
smartfold,motor_accessory,smart_motorization:dual_motor_for_honeycomb,Dual Motor for Honeycomb,,,,[7],UNRESOLVED EXCEPTION,"Mounting-diameter lookup, custom-valance bracket-count source conflicts, current dealer comparison and October-effective connector changes. Measured At Gaps geometry is deployed with0348 saved-server negative checks and reopen proof; bounded outside rechargeable pricing passed0342 at$5,023 with once-only accessories and rejected mounting boundaries. Common/custom valance, chains, full-fold and side-by-side choices passed production persistence. Standard manual controls and priced hems/magnets/poles are deployed with0360/0362/0364/0365production price/save/reopen/customer-preview and negative-boundary proof. Standard unspliced outside valances passed 0369/0370 saved/reopened/customer-output proof. AutoWand exact wand selections and source pricing are implemented, deployment/live proof pending."
smartfold,motor_accessory,smart_motorization:single_motor_for_skylights,Single Motor for Skylights,,,,[7],UNRESOLVED EXCEPTION,"Mounting-diameter lookup, custom-valance bracket-count source conflicts, current dealer comparison and October-effective connector changes. Measured At Gaps geometry is deployed with0348 saved-server negative checks and reopen proof; bounded outside rechargeable pricing passed0342 at$5,023 with once-only accessories and rejected mounting boundaries. Common/custom valance, chains, full-fold and side-by-side choices passed production persistence. Standard manual controls and priced hems/magnets/poles are deployed with0360/0362/0364/0365production price/save/reopen/customer-preview and negative-boundary proof. Standard unspliced outside valances passed 0369/0370 saved/reopened/customer-output proof. AutoWand exact wand selections and source pricing are implemented, deployment/live proof pending."
smartfold,motor_accessory,smart_motorization:wired_charging_wand,Wired Charging Wand,,,,[7],UNRESOLVED EXCEPTION,"Mounting-diameter lookup, custom-valance bracket-count source conflicts, current dealer comparison and October-effective connector changes. Measured At Gaps geometry is deployed with0348 saved-server negative checks and reopen proof; bounded outside rechargeable pricing passed0342 at$5,023 with once-only accessories and rejected mounting boundaries. Common/custom valance, chains, full-fold and side-by-side choices passed production persistence. Standard manual controls and priced hems/magnets/poles are deployed with0360/0362/0364/0365production price/save/reopen/customer-preview and negative-boundary proof. Standard unspliced outside valances passed 0369/0370 saved/reopened/customer-output proof. AutoWand exact wand selections and source pricing are implemented, deployment/live proof pending."
smartfold,motor_accessory,smart_motorization:wireless_charging_wand,Wireless Charging Wand,,,,[7],UNRESOLVED EXCEPTION,"Mounting-diameter lookup, custom-valance bracket-count source conflicts, current dealer comparison and October-effective connector changes. Measured At Gaps geometry is deployed with0348 saved-server negative checks and reopen proof; bounded outside rechargeable pricing passed0342 at$5,023 with once-only accessories and rejected mounting boundaries. Common/custom valance, chains, full-fold and side-by-side choices passed production persistence. Standard manual controls and priced hems/magnets/poles are deployed with0360/0362/0364/0365production price/save/reopen/customer-preview and negative-boundary proof. Standard unspliced outside valances passed 0369/0370 saved/reopened/customer-output proof. AutoWand exact wand selections and source pricing are implemented, deployment/live proof pending."
smartfold,motor_accessory,smart_motorization:dc_connection_harness,DC Connection Harness,,11,,[7],UNRESOLVED EXCEPTION,"Mounting-diameter lookup, custom-valance bracket-count source conflicts, current dealer comparison and October-effective connector changes. Measured At Gaps geometry is deployed with0348 saved-server negative checks and reopen proof; bounded outside rechargeable pricing passed0342 at$5,023 with once-only accessories and rejected mounting boundaries. Common/custom valance, chains, full-fold and side-by-side choices passed production persistence. Standard manual controls and priced hems/magnets/poles are deployed with0360/0362/0364/0365production price/save/reopen/customer-preview and negative-boundary proof. Standard unspliced outside valances passed 0369/0370 saved/reopened/customer-output proof. AutoWand exact wand selections and source pricing are implemented, deployment/live proof pending."
smartfold,motor_accessory,smart_motorization:power_distribution_panel,Power Distribution Panel,,931,,[7],UNRESOLVED EXCEPTION,"Mounting-diameter lookup, custom-valance bracket-count source conflicts, current dealer comparison and October-effective connector changes. Measured At Gaps geometry is deployed with0348 saved-server negative checks and reopen proof; bounded outside rechargeable pricing passed0342 at$5,023 with once-only accessories and rejected mounting boundaries. Common/custom valance, chains, full-fold and side-by-side choices passed production persistence. Standard manual controls and priced hems/magnets/poles are deployed with0360/0362/0364/0365production price/save/reopen/customer-preview and negative-boundary proof. Standard unspliced outside valances passed 0369/0370 saved/reopened/customer-output proof. AutoWand exact wand selections and source pricing are implemented, deployment/live proof pending."
smartfold,motor_accessory,smart_motorization:hub,Hub,,321,,[7],UNRESOLVED EXCEPTION,"Mounting-diameter lookup, custom-valance bracket-count source conflicts, current dealer comparison and October-effective connector changes. Measured At Gaps geometry is deployed with0348 saved-server negative checks and reopen proof; bounded outside rechargeable pricing passed0342 at$5,023 with once-only accessories and rejected mounting boundaries. Common/custom valance, chains, full-fold and side-by-side choices passed production persistence. Standard manual controls and priced hems/magnets/poles are deployed with0360/0362/0364/0365production price/save/reopen/customer-preview and negative-boundary proof. Standard unspliced outside valances passed 0369/0370 saved/reopened/customer-output proof. AutoWand exact wand selections and source pricing are implemented, deployment/live proof pending."
smartfold,motor_accessory,smart_motorization:repeater,Repeater,,107,,[7],UNRESOLVED EXCEPTION,"Mounting-diameter lookup, custom-valance bracket-count source conflicts, current dealer comparison and October-effective connector changes. Measured At Gaps geometry is deployed with0348 saved-server negative checks and reopen proof; bounded outside rechargeable pricing passed0342 at$5,023 with once-only accessories and rejected mounting boundaries. Common/custom valance, chains, full-fold and side-by-side choices passed production persistence. Standard manual controls and priced hems/magnets/poles are deployed with0360/0362/0364/0365production price/save/reopen/customer-preview and negative-boundary proof. Standard unspliced outside valances passed 0369/0370 saved/reopened/customer-output proof. AutoWand exact wand selections and source pricing are implemented, deployment/live proof pending."
smartfold,motor_accessory,smart_motorization:smartdial_g2_remote,SmartDial G2 Remote,,268,,[7],UNRESOLVED EXCEPTION,"Mounting-diameter lookup, custom-valance bracket-count source conflicts, current dealer comparison and October-effective connector changes. Measured At Gaps geometry is deployed with0348 saved-server negative checks and reopen proof; bounded outside rechargeable pricing passed0342 at$5,023 with once-only accessories and rejected mounting boundaries. Common/custom valance, chains, full-fold and side-by-side choices passed production persistence. Standard manual controls and priced hems/magnets/poles are deployed with0360/0362/0364/0365production price/save/reopen/customer-preview and negative-boundary proof. Standard unspliced outside valances passed 0369/0370 saved/reopened/customer-output proof. AutoWand exact wand selections and source pricing are implemented, deployment/live proof pending."
smartfold,motor_accessory,smart_motorization:color_rings_for_smartdial_g2_remote,Color Rings for SmartDial G2 Remote,,43,,[7],UNRESOLVED EXCEPTION,"Mounting-diameter lookup, custom-valance bracket-count source conflicts, current dealer comparison and October-effective connector changes. Measured At Gaps geometry is deployed with0348 saved-server negative checks and reopen proof; bounded outside rechargeable pricing passed0342 at$5,023 with once-only accessories and rejected mounting boundaries. Common/custom valance, chains, full-fold and side-by-side choices passed production persistence. Standard manual controls and priced hems/magnets/poles are deployed with0360/0362/0364/0365production price/save/reopen/customer-preview and negative-boundary proof. Standard unspliced outside valances passed 0369/0370 saved/reopened/customer-output proof. AutoWand exact wand selections and source pricing are implemented, deployment/live proof pending."
smartfold,motor_accessory,smart_motorization:basic_remote_black,Basic Remote (black),,75,,[7],UNRESOLVED EXCEPTION,"Mounting-diameter lookup, custom-valance bracket-count source conflicts, current dealer comparison and October-effective connector changes. Measured At Gaps geometry is deployed with0348 saved-server negative checks and reopen proof; bounded outside rechargeable pricing passed0342 at$5,023 with once-only accessories and rejected mounting boundaries. Common/custom valance, chains, full-fold and side-by-side choices passed production persistence. Standard manual controls and priced hems/magnets/poles are deployed with0360/0362/0364/0365production price/save/reopen/customer-preview and negative-boundary proof. Standard unspliced outside valances passed 0369/0370 saved/reopened/customer-output proof. AutoWand exact wand selections and source pricing are implemented, deployment/live proof pending."
smartfold,motor_accessory,smart_motorization:extension_pole_for_charging_wand,Extension Pole for Charging Wand,,,,[7],UNRESOLVED EXCEPTION,"Mounting-diameter lookup, custom-valance bracket-count source conflicts, current dealer comparison and October-effective connector changes. Measured At Gaps geometry is deployed with0348 saved-server negative checks and reopen proof; bounded outside rechargeable pricing passed0342 at$5,023 with once-only accessories and rejected mounting boundaries. Common/custom valance, chains, full-fold and side-by-side choices passed production persistence. Standard manual controls and priced hems/magnets/poles are deployed with0360/0362/0364/0365production price/save/reopen/customer-preview and negative-boundary proof. Standard unspliced outside valances passed 0369/0370 saved/reopened/customer-output proof. AutoWand exact wand selections and source pricing are implemented, deployment/live proof pending."
smartfold,motor_accessory,smart_motorization:charging_extension_wand,Charging Extension Wand,,,,[7],UNRESOLVED EXCEPTION,"Mounting-diameter lookup, custom-valance bracket-count source conflicts, current dealer comparison and October-effective connector changes. Measured At Gaps geometry is deployed with0348 saved-server negative checks and reopen proof; bounded outside rechargeable pricing passed0342 at$5,023 with once-only accessories and rejected mounting boundaries. Common/custom valance, chains, full-fold and side-by-side choices passed production persistence. Standard manual controls and priced hems/magnets/poles are deployed with0360/0362/0364/0365production price/save/reopen/customer-preview and negative-boundary proof. Standard unspliced outside valances passed 0369/0370 saved/reopened/customer-output proof. AutoWand exact wand selections and source pricing are implemented, deployment/live proof pending."
smartfold,motor_accessory,smart_motorization:extension_cable,Extension Cable,,43,,[7],UNRESOLVED EXCEPTION,"Mounting-diameter lookup, custom-valance bracket-count source conflicts, current dealer comparison and October-effective connector changes. Measured At Gaps geometry is deployed with0348 saved-server negative checks and reopen proof; bounded outside rechargeable pricing passed0342 at$5,023 with once-only accessories and rejected mounting boundaries. Common/custom valance, chains, full-fold and side-by-side choices passed production persistence. Standard manual controls and priced hems/magnets/poles are deployed with0360/0362/0364/0365production price/save/reopen/customer-preview and negative-boundary proof. Standard unspliced outside valances passed 0369/0370 saved/reopened/customer-output proof. AutoWand exact wand selections and source pricing are implemented, deployment/live proof pending."
smartfold,motor_accessory,smart_motorization:charging_kit,Charging Kit,,43,,[7],UNRESOLVED EXCEPTION,"Mounting-diameter lookup, custom-valance bracket-count source conflicts, current dealer comparison and October-effective connector changes. Measured At Gaps geometry is deployed with0348 saved-server negative checks and reopen proof; bounded outside rechargeable pricing passed0342 at$5,023 with once-only accessories and rejected mounting boundaries. Common/custom valance, chains, full-fold and side-by-side choices passed production persistence. Standard manual controls and priced hems/magnets/poles are deployed with0360/0362/0364/0365production price/save/reopen/customer-preview and negative-boundary proof. Standard unspliced outside valances passed 0369/0370 saved/reopened/customer-output proof. AutoWand exact wand selections and source pricing are implemented, deployment/live proof pending."
smartfold,motor_accessory,smart_motorization:smartsense,SmartSense,,60,,[7],UNRESOLVED EXCEPTION,"Mounting-diameter lookup, custom-valance bracket-count source conflicts, current dealer comparison and October-effective connector changes. Measured At Gaps geometry is deployed with0348 saved-server negative checks and reopen proof; bounded outside rechargeable pricing passed0342 at$5,023 with once-only accessories and rejected mounting boundaries. Common/custom valance, chains, full-fold and side-by-side choices passed production persistence. Standard manual controls and priced hems/magnets/poles are deployed with0360/0362/0364/0365production price/save/reopen/customer-preview and negative-boundary proof. Standard unspliced outside valances passed 0369/0370 saved/reopened/customer-output proof. AutoWand exact wand selections and source pricing are implemented, deployment/live proof pending."
smartprivacy_faux,surcharge,printed_colors,Printed colors,percent,20,unit,[31],UNRESOLVED EXCEPTION,"Six documented finish identities and both slat sizes reconciled; ten unsupported inherited swatches retained for history. Mounting, wand, valance and per-blind hardware/price rules implemented; deployed with representative $283.86 production save/reopen/customer-preview proof. Final inside-width grid boundary, standalone valance pricing/availability/freight and current dealer comparison remain; standalone destination and0355 proof are complete."
smartprivacy_faux,surcharge,shim,Shim,flat,7,unit,[31],UNRESOLVED EXCEPTION,"Six documented finish identities and both slat sizes reconciled; ten unsupported inherited swatches retained for history. Mounting, wand, valance and per-blind hardware/price rules implemented; deployed with representative $283.86 production save/reopen/customer-preview proof. Final inside-width grid boundary, standalone valance pricing/availability/freight and current dealer comparison remain; standalone destination and0355 proof are complete."
smartprivacy_faux,surcharge,side_mount_bracket,Side mount bracket,flat,23,unit,[31],UNRESOLVED EXCEPTION,"Six documented finish identities and both slat sizes reconciled; ten unsupported inherited swatches retained for history. Mounting, wand, valance and per-blind hardware/price rules implemented; deployed with representative $283.86 production save/reopen/customer-preview proof. Final inside-width grid boundary, standalone valance pricing/availability/freight and current dealer comparison remain; standalone destination and0355 proof are complete."
smartprivacy_faux,surcharge,valance,Valance,flat,,unit,[31],UNRESOLVED EXCEPTION,"Six documented finish identities and both slat sizes reconciled; ten unsupported inherited swatches retained for history. Mounting, wand, valance and per-blind hardware/price rules implemented; deployed with representative $283.86 production save/reopen/customer-preview proof. Final inside-width grid boundary, standalone valance pricing/availability/freight and current dealer comparison remain; standalone destination and0355 proof are complete."
smartprivacy_faux,configuration_field,mount_type,Mount,select,,,,UNRESOLVED EXCEPTION,Field inventoried; complete source/condition/UI/server certification pending.
smartprivacy_faux,configuration_field,slat_size,Slat size,select,,,,UNRESOLVED EXCEPTION,Field inventoried; complete source/condition/UI/server certification pending.
smartprivacy_faux,configuration_field,color,Color,select,,,,UNRESOLVED EXCEPTION,Field inventoried; complete source/condition/UI/server certification pending.
smartprivacy_faux,configuration_field,valance,Valance,select,,,,UNRESOLVED EXCEPTION,Field inventoried; complete source/condition/UI/server certification pending.
smartprivacy_faux,configuration_field,control_side,Control side,select,,,,UNRESOLVED EXCEPTION,Field inventoried; complete source/condition/UI/server certification pending.
smartprivacy_faux,configuration_field,lift_system,Lift / control,select,,,,UNRESOLVED EXCEPTION,Field inventoried; complete source/condition/UI/server certification pending.
smartprivacy_faux,configuration_field,hard_surface_install,Hard-surface install,checkbox,,,,UNRESOLVED EXCEPTION,Field inventoried; complete source/condition/UI/server certification pending.
smartprivacy_faux,configuration_field,ladder_over_15ft,Ladder over 15 ft,checkbox,,,,UNRESOLVED EXCEPTION,Field inventoried; complete source/condition/UI/server certification pending.
smartprivacy_faux,configuration_field,requires_takedown,Existing treatment takedown,checkbox,,,,UNRESOLVED EXCEPTION,Field inventoried; complete source/condition/UI/server certification pending.
smartprivacy_faux,configuration_field,shim,Shim,checkbox,,,,UNRESOLVED EXCEPTION,Field inventoried; complete source/condition/UI/server certification pending.
smartprivacy_faux,configuration_field,side_mount_bracket,Side mount bracket,checkbox,,,,UNRESOLVED EXCEPTION,Field inventoried; complete source/condition/UI/server certification pending.
synchrony_vertical,surcharge,shim,Shim,flat,7,unit,[34],UNRESOLVED EXCEPTION,All 46 current dealer colors and exact ordering codes reconciled. Representative dealer comparison found a cost-factor mismatch; account applicability remains pending. Production save/reopen and customer output passed.
synchrony_vertical,configuration_field,mount_type,Mount,select,,,,UNRESOLVED EXCEPTION,Field inventoried; complete source/condition/UI/server certification pending.
synchrony_vertical,configuration_field,stack_option,Stack,select,,,,UNRESOLVED EXCEPTION,Field inventoried; complete source/condition/UI/server certification pending.
synchrony_vertical,configuration_field,draw_direction,Draw,select,,,,UNRESOLVED EXCEPTION,Field inventoried; complete source/condition/UI/server certification pending.
synchrony_vertical,configuration_field,control_type,Control,select,,,,UNRESOLVED EXCEPTION,Field inventoried; complete source/condition/UI/server certification pending.
synchrony_vertical,configuration_field,vertical_hardware_color,Hardware color,select,,,,UNRESOLVED EXCEPTION,Field inventoried; complete source/condition/UI/server certification pending.
synchrony_vertical,configuration_field,vertical_wand_drop_inches,Optional wand drop,select,,,,UNRESOLVED EXCEPTION,Field inventoried; complete source/condition/UI/server certification pending.
synchrony_vertical,configuration_field,vertical_shim_layers,Shim layers per bracket,select,,,,UNRESOLVED EXCEPTION,Field inventoried; complete source/condition/UI/server certification pending.
synchrony_vertical,configuration_field,hard_surface_install,Hard-surface install,checkbox,,,,UNRESOLVED EXCEPTION,Field inventoried; complete source/condition/UI/server certification pending.
synchrony_vertical,configuration_field,ladder_over_15ft,Ladder over 15 ft,checkbox,,,,UNRESOLVED EXCEPTION,Field inventoried; complete source/condition/UI/server certification pending.
synchrony_vertical,configuration_field,requires_takedown,Existing treatment takedown,checkbox,,,,UNRESOLVED EXCEPTION,Field inventoried; complete source/condition/UI/server certification pending.
synchrony_vertical,configuration_field,shim,Shim,checkbox,,,,UNRESOLVED EXCEPTION,Field inventoried; complete source/condition/UI/server certification pending.
vertical_honeycomb,surcharge,shim,Shim,flat,7,unit,[14],UNRESOLVED EXCEPTION,"Correct vertical grid routing, mounting/bracket/shim counts and stack configuration are deployed. Production 36 × 60 C7015K/Left Stack/two shim layers retained the $950 total. All266source fabric/cell routes across six stacks and three mounts now pass4,788actual-backend price/persistence cases. Day & Night independent-width pricing, cut-out charge evidence and dealer comparison remain."
vertical_honeycomb,surcharge,room_darkening_sheer_fr_essentials_fabric_surcharge,Room Darkening | Sheer | FR Essentials fabric surcharge,percent,20,unit,[14],UNRESOLVED EXCEPTION,"Correct vertical grid routing, mounting/bracket/shim counts and stack configuration are deployed. Production 36 × 60 C7015K/Left Stack/two shim layers retained the $950 total. All266source fabric/cell routes across six stacks and three mounts now pass4,788actual-backend price/persistence cases. Day & Night independent-width pricing, cut-out charge evidence and dealer comparison remain."
vertical_honeycomb,configuration_field,mount_type,Mount,select,,,,UNRESOLVED EXCEPTION,Field inventoried; complete source/condition/UI/server certification pending.
vertical_honeycomb,configuration_field,stack_option,Stack,select,,,,UNRESOLVED EXCEPTION,Field inventoried; complete source/condition/UI/server certification pending.
vertical_honeycomb,configuration_field,light_control,Light control,select,,,,UNRESOLVED EXCEPTION,Field inventoried; complete source/condition/UI/server certification pending.
vertical_honeycomb,configuration_field,hard_surface_install,Hard-surface install,checkbox,,,,UNRESOLVED EXCEPTION,Field inventoried; complete source/condition/UI/server certification pending.
vertical_honeycomb,configuration_field,ladder_over_15ft,Ladder over 15 ft,checkbox,,,,UNRESOLVED EXCEPTION,Field inventoried; complete source/condition/UI/server certification pending.
vertical_honeycomb,configuration_field,requires_takedown,Existing treatment takedown,checkbox,,,,UNRESOLVED EXCEPTION,Field inventoried; complete source/condition/UI/server certification pending.
vertical_honeycomb,configuration_field,shim,Shim,checkbox,,,,UNRESOLVED EXCEPTION,Field inventoried; complete source/condition/UI/server certification pending.
vertical_honeycomb,configuration_field,room_darkening_sheer_fr_essentials_fabric_surcharge,Room Darkening | Sheer | FR Essentials fabric surcharge,checkbox,,,,UNRESOLVED EXCEPTION,Field inventoried; complete source/condition/UI/server certification pending.
wood_blinds,surcharge,designer_color,Designer color,percent,10,unit,[33],UNRESOLVED EXCEPTION,"All 26 current colors/both slat sizes, hardware, mounting, cutouts, keystones and common/matching records deployed. Custom 40-inch valance saved/reopened at $835.50; two 36-inch blinds with a 73-inch common valance and two keystones saved/reopened at $1,653, matching customer output. Dealer custom/common width and multiple-keystone charges reconcile. Short-wand running change, mounting-depth source conflict and final inside-width grid boundary remain. Standalone Wood assortment is not established by the inspected guide."
wood_blinds,surcharge,premium_color,Premium color,percent,50,unit,[33],UNRESOLVED EXCEPTION,"All 26 current colors/both slat sizes, hardware, mounting, cutouts, keystones and common/matching records deployed. Custom 40-inch valance saved/reopened at $835.50; two 36-inch blinds with a 73-inch common valance and two keystones saved/reopened at $1,653, matching customer output. Dealer custom/common width and multiple-keystone charges reconcile. Short-wand running change, mounting-depth source conflict and final inside-width grid boundary remain. Standalone Wood assortment is not established by the inspected guide."
wood_blinds,surcharge,shim,Shim,flat,7,unit,[33],UNRESOLVED EXCEPTION,"All 26 current colors/both slat sizes, hardware, mounting, cutouts, keystones and common/matching records deployed. Custom 40-inch valance saved/reopened at $835.50; two 36-inch blinds with a 73-inch common valance and two keystones saved/reopened at $1,653, matching customer output. Dealer custom/common width and multiple-keystone charges reconcile. Short-wand running change, mounting-depth source conflict and final inside-width grid boundary remain. Standalone Wood assortment is not established by the inspected guide."
wood_blinds,surcharge,side_mount_bracket,Side mount bracket,flat,25,unit,[33],UNRESOLVED EXCEPTION,"All 26 current colors/both slat sizes, hardware, mounting, cutouts, keystones and common/matching records deployed. Custom 40-inch valance saved/reopened at $835.50; two 36-inch blinds with a 73-inch common valance and two keystones saved/reopened at $1,653, matching customer output. Dealer custom/common width and multiple-keystone charges reconcile. Short-wand running change, mounting-depth source conflict and final inside-width grid boundary remain. Standalone Wood assortment is not established by the inspected guide."
wood_blinds,surcharge,keystone,Keystone,flat,81,unit,[33],UNRESOLVED EXCEPTION,"All 26 current colors/both slat sizes, hardware, mounting, cutouts, keystones and common/matching records deployed. Custom 40-inch valance saved/reopened at $835.50; two 36-inch blinds with a 73-inch common valance and two keystones saved/reopened at $1,653, matching customer output. Dealer custom/common width and multiple-keystone charges reconcile. Short-wand running change, mounting-depth source conflict and final inside-width grid boundary remain. Standalone Wood assortment is not established by the inspected guide."
wood_blinds,surcharge,cut_out,Cut-out,flat,99,side,[33],UNRESOLVED EXCEPTION,"All 26 current colors/both slat sizes, hardware, mounting, cutouts, keystones and common/matching records deployed. Custom 40-inch valance saved/reopened at $835.50; two 36-inch blinds with a 73-inch common valance and two keystones saved/reopened at $1,653, matching customer output. Dealer custom/common width and multiple-keystone charges reconcile. Short-wand running change, mounting-depth source conflict and final inside-width grid boundary remain. Standalone Wood assortment is not established by the inspected guide."
wood_blinds,surcharge,valance_surcharge_designer_crown,Valance Surcharge - Designer Crown,flat,,unit,[33],UNRESOLVED EXCEPTION,"All 26 current colors/both slat sizes, hardware, mounting, cutouts, keystones and common/matching records deployed. Custom 40-inch valance saved/reopened at $835.50; two 36-inch blinds with a 73-inch common valance and two keystones saved/reopened at $1,653, matching customer output. Dealer custom/common width and multiple-keystone charges reconcile. Short-wand running change, mounting-depth source conflict and final inside-width grid boundary remain. Standalone Wood assortment is not established by the inspected guide."
wood_blinds,surcharge,valance_surcharge_contempo,Valance Surcharge - Contempo,flat,,unit,[33],UNRESOLVED EXCEPTION,"All 26 current colors/both slat sizes, hardware, mounting, cutouts, keystones and common/matching records deployed. Custom 40-inch valance saved/reopened at $835.50; two 36-inch blinds with a 73-inch common valance and two keystones saved/reopened at $1,653, matching customer output. Dealer custom/common width and multiple-keystone charges reconcile. Short-wand running change, mounting-depth source conflict and final inside-width grid boundary remain. Standalone Wood assortment is not established by the inspected guide."
wood_blinds,configuration_field,mount_type,Mount,select,,,,UNRESOLVED EXCEPTION,Field inventoried; complete source/condition/UI/server certification pending.
wood_blinds,configuration_field,slat_size,Slat size,select,,,,UNRESOLVED EXCEPTION,Field inventoried; complete source/condition/UI/server certification pending.
wood_blinds,configuration_field,color,Color,select,,,,UNRESOLVED EXCEPTION,Field inventoried; complete source/condition/UI/server certification pending.
wood_blinds,configuration_field,valance,Valance,select,,,,UNRESOLVED EXCEPTION,Field inventoried; complete source/condition/UI/server certification pending.
wood_blinds,configuration_field,cut_out_sides,Cut-out,select,,,,UNRESOLVED EXCEPTION,Field inventoried; complete source/condition/UI/server certification pending.
wood_blinds,configuration_field,control_side,Control side,select,,,,UNRESOLVED EXCEPTION,Field inventoried; complete source/condition/UI/server certification pending.
wood_blinds,configuration_field,lift_system,Lift / control,select,,,,UNRESOLVED EXCEPTION,Field inventoried; complete source/condition/UI/server certification pending.
wood_blinds,configuration_field,hard_surface_install,Hard-surface install,checkbox,,,,UNRESOLVED EXCEPTION,Field inventoried; complete source/condition/UI/server certification pending.
wood_blinds,configuration_field,ladder_over_15ft,Ladder over 15 ft,checkbox,,,,UNRESOLVED EXCEPTION,Field inventoried; complete source/condition/UI/server certification pending.
wood_blinds,configuration_field,requires_takedown,Existing treatment takedown,checkbox,,,,UNRESOLVED EXCEPTION,Field inventoried; complete source/condition/UI/server certification pending.
wood_blinds,configuration_field,shim,Shim,checkbox,,,,UNRESOLVED EXCEPTION,Field inventoried; complete source/condition/UI/server certification pending.
wood_blinds,configuration_field,side_mount_bracket,Side mount bracket,checkbox,,,,UNRESOLVED EXCEPTION,Field inventoried; complete source/condition/UI/server certification pending.
wood_blinds,configuration_field,keystone,Keystone,checkbox,,,,UNRESOLVED EXCEPTION,Field inventoried; complete source/condition/UI/server certification pending.
norman_shutters,surcharge,premium_colors,Premium Colors,percent,10,unit,[],UNRESOLVED EXCEPTION,"Six existing programs and 126 finish routes are deployed with product-specific louvers, hinges and tilt validation. Six dealer baseline rates captured; five imported costs conflict and account applicability is pending. Production six-program quote 805-0326 passed save/close/full reload/reopen; every selected field persisted. Contract output correctly remains blocked. Full frame/panel/shape/track constraints and surcharge schedule remain unresolved."
norman_shutters,surcharge,l_frames_with_1_2in_or_1in_buildout,"L Frames with 1/2"" or 1"" Buildout",percent,5,unit,[],UNRESOLVED EXCEPTION,"Six existing programs and 126 finish routes are deployed with product-specific louvers, hinges and tilt validation. Six dealer baseline rates captured; five imported costs conflict and account applicability is pending. Production six-program quote 805-0326 passed save/close/full reload/reopen; every selected field persisted. Contract output correctly remains blocked. Full frame/panel/shape/track constraints and surcharge schedule remain unresolved."
norman_shutters,surcharge,deco_frames_with_1_2in_1in_or_1_1_2in_extension,"Deco Frames with 1/2"", 1"", or 1 1/2"" Extension",percent,10,unit,[],UNRESOLVED EXCEPTION,"Six existing programs and 126 finish routes are deployed with product-specific louvers, hinges and tilt validation. Six dealer baseline rates captured; five imported costs conflict and account applicability is pending. Production six-program quote 805-0326 passed save/close/full reload/reopen; every selected field persisted. Contract output correctly remains blocked. Full frame/panel/shape/track constraints and surcharge schedule remain unresolved."
norman_shutters,surcharge,frames_with_custom_extension,Frames with Custom Extension,percent,10,unit,[],UNRESOLVED EXCEPTION,"Six existing programs and 126 finish routes are deployed with product-specific louvers, hinges and tilt validation. Six dealer baseline rates captured; five imported costs conflict and account applicability is pending. Production six-program quote 805-0326 passed save/close/full reload/reopen; every selected field persisted. Contract output correctly remains blocked. Full frame/panel/shape/track constraints and surcharge schedule remain unresolved."
norman_shutters,surcharge,t_post_extension,T-Post Extension,percent,5,unit,[],UNRESOLVED EXCEPTION,"Six existing programs and 126 finish routes are deployed with product-specific louvers, hinges and tilt validation. Six dealer baseline rates captured; five imported costs conflict and account applicability is pending. Production six-program quote 805-0326 passed save/close/full reload/reopen; every selected field persisted. Contract output correctly remains blocked. Full frame/panel/shape/track constraints and surcharge schedule remain unresolved."
norman_shutters,surcharge,custom_width_t_post,Custom-width T-post,percent,5,unit,[],UNRESOLVED EXCEPTION,"Six existing programs and 126 finish routes are deployed with product-specific louvers, hinges and tilt validation. Six dealer baseline rates captured; five imported costs conflict and account applicability is pending. Production six-program quote 805-0326 passed save/close/full reload/reopen; every selected field persisted. Contract output correctly remains blocked. Full frame/panel/shape/track constraints and surcharge schedule remain unresolved."
norman_shutters,surcharge,custom_angle_bay_post,Custom Angle Bay Post,percent,5,unit,[],UNRESOLVED EXCEPTION,"Six existing programs and 126 finish routes are deployed with product-specific louvers, hinges and tilt validation. Six dealer baseline rates captured; five imported costs conflict and account applicability is pending. Production six-program quote 805-0326 passed save/close/full reload/reopen; every selected field persisted. Contract output correctly remains blocked. Full frame/panel/shape/track constraints and surcharge schedule remain unresolved."
norman_shutters,surcharge,pre_drilled_z_and_l_frames,Pre-Drilled Z & L Frames,percent,5,unit,[],UNRESOLVED EXCEPTION,"Six existing programs and 126 finish routes are deployed with product-specific louvers, hinges and tilt validation. Six dealer baseline rates captured; five imported costs conflict and account applicability is pending. Production six-program quote 805-0326 passed save/close/full reload/reopen; every selected field persisted. Contract output correctly remains blocked. Full frame/panel/shape/track constraints and surcharge schedule remain unresolved."
norman_shutters,surcharge,stainless_steel_hinges,Stainless Steel Hinges,percent,5,unit,[],UNRESOLVED EXCEPTION,"Six existing programs and 126 finish routes are deployed with product-specific louvers, hinges and tilt validation. Six dealer baseline rates captured; five imported costs conflict and account applicability is pending. Production six-program quote 805-0326 passed save/close/full reload/reopen; every selected field persisted. Contract output correctly remains blocked. Full frame/panel/shape/track constraints and surcharge schedule remain unresolved."
norman_shutters,surcharge,batten_back_fd_e_and_f,Batten Back (FD E & F),percent,20,unit,[],UNRESOLVED EXCEPTION,"Six existing programs and 126 finish routes are deployed with product-specific louvers, hinges and tilt validation. Six dealer baseline rates captured; five imported costs conflict and account applicability is pending. Production six-program quote 805-0326 passed save/close/full reload/reopen; every selected field persisted. Contract output correctly remains blocked. Full frame/panel/shape/track constraints and surcharge schedule remain unresolved."
norman_shutters,surcharge,invisiblehinge,InvisibleHinge,percent,10,unit,[],UNRESOLVED EXCEPTION,"Six existing programs and 126 finish routes are deployed with product-specific louvers, hinges and tilt validation. Six dealer baseline rates captured; five imported costs conflict and account applicability is pending. Production six-program quote 805-0326 passed save/close/full reload/reopen; every selected field persisted. Contract output correctly remains blocked. Full frame/panel/shape/track constraints and surcharge schedule remain unresolved."
norman_shutters,surcharge,1_7_8in_louvers,"1 7/8"" Louvers",percent,10,unit,[],UNRESOLVED EXCEPTION,"Six existing programs and 126 finish routes are deployed with product-specific louvers, hinges and tilt validation. Six dealer baseline rates captured; five imported costs conflict and account applicability is pending. Production six-program quote 805-0326 passed save/close/full reload/reopen; every selected field persisted. Contract output correctly remains blocked. Full frame/panel/shape/track constraints and surcharge schedule remain unresolved."
norman_shutters,surcharge,4_5in_louvers,"4.5"" Louvers",percent,10,unit,[],UNRESOLVED EXCEPTION,"Six existing programs and 126 finish routes are deployed with product-specific louvers, hinges and tilt validation. Six dealer baseline rates captured; five imported costs conflict and account applicability is pending. Production six-program quote 805-0326 passed save/close/full reload/reopen; every selected field persisted. Contract output correctly remains blocked. Full frame/panel/shape/track constraints and surcharge schedule remain unresolved."
norman_shutters,surcharge,double_hung,Double-Hung,percent,10,unit,[],UNRESOLVED EXCEPTION,"Six existing programs and 126 finish routes are deployed with product-specific louvers, hinges and tilt validation. Six dealer baseline rates captured; five imported costs conflict and account applicability is pending. Production six-program quote 805-0326 passed save/close/full reload/reopen; every selected field persisted. Contract output correctly remains blocked. Full frame/panel/shape/track constraints and surcharge schedule remain unresolved."
norman_shutters,surcharge,cafe_shutters,Cafe Shutters,percent,30,unit,[],UNRESOLVED EXCEPTION,"Six existing programs and 126 finish routes are deployed with product-specific louvers, hinges and tilt validation. Six dealer baseline rates captured; five imported costs conflict and account applicability is pending. Production six-program quote 805-0326 passed save/close/full reload/reopen; every selected field persisted. Contract output correctly remains blocked. Full frame/panel/shape/track constraints and surcharge schedule remain unresolved."
norman_shutters,surcharge,bypass_and_bifold_track_shutters,Bypass & Bifold Track Shutters,percent,40,unit,[],UNRESOLVED EXCEPTION,"Six existing programs and 126 finish routes are deployed with product-specific louvers, hinges and tilt validation. Six dealer baseline rates captured; five imported costs conflict and account applicability is pending. Production six-program quote 805-0326 passed save/close/full reload/reopen; every selected field persisted. Contract output correctly remains blocked. Full frame/panel/shape/track constraints and surcharge schedule remain unresolved."
norman_shutters,surcharge,floating_panels,Floating Panels,percent,5,unit,[],UNRESOLVED EXCEPTION,"Six existing programs and 126 finish routes are deployed with product-specific louvers, hinges and tilt validation. Six dealer baseline rates captured; five imported costs conflict and account applicability is pending. Production six-program quote 805-0326 passed save/close/full reload/reopen; every selected field persisted. Contract output correctly remains blocked. Full frame/panel/shape/track constraints and surcharge schedule remain unresolved."
norman_shutters,surcharge,bypass_track,Bypass Track,percent,40,unit,[],UNRESOLVED EXCEPTION,"Six existing programs and 126 finish routes are deployed with product-specific louvers, hinges and tilt validation. Six dealer baseline rates captured; five imported costs conflict and account applicability is pending. Production six-program quote 805-0326 passed save/close/full reload/reopen; every selected field persisted. Contract output correctly remains blocked. Full frame/panel/shape/track constraints and surcharge schedule remain unresolved."
norman_shutters,surcharge,bifold_180,Bifold 180,percent,40,unit,[],UNRESOLVED EXCEPTION,"Six existing programs and 126 finish routes are deployed with product-specific louvers, hinges and tilt validation. Six dealer baseline rates captured; five imported costs conflict and account applicability is pending. Production six-program quote 805-0326 passed save/close/full reload/reopen; every selected field persisted. Contract output correctly remains blocked. Full frame/panel/shape/track constraints and surcharge schedule remain unresolved."
norman_shutters,surcharge,floating_90_bifold,Floating 90 Bifold,percent,45,unit,[],UNRESOLVED EXCEPTION,"Six existing programs and 126 finish routes are deployed with product-specific louvers, hinges and tilt validation. Six dealer baseline rates captured; five imported costs conflict and account applicability is pending. Production six-program quote 805-0326 passed save/close/full reload/reopen; every selected field persisted. Contract output correctly remains blocked. Full frame/panel/shape/track constraints and surcharge schedule remain unresolved."
norman_shutters,surcharge,interlocking_bottom_guide,Interlocking Bottom Guide,percent,5,unit,[],UNRESOLVED EXCEPTION,"Six existing programs and 126 finish routes are deployed with product-specific louvers, hinges and tilt validation. Six dealer baseline rates captured; five imported costs conflict and account applicability is pending. Production six-program quote 805-0326 passed save/close/full reload/reopen; every selected field persisted. Contract output correctly remains blocked. Full frame/panel/shape/track constraints and surcharge schedule remain unresolved."
norman_shutters,surcharge,triple_track,Triple Track,percent,10,unit,[],UNRESOLVED EXCEPTION,"Six existing programs and 126 finish routes are deployed with product-specific louvers, hinges and tilt validation. Six dealer baseline rates captured; five imported costs conflict and account applicability is pending. Production six-program quote 805-0326 passed save/close/full reload/reopen; every selected field persisted. Contract output correctly remains blocked. Full frame/panel/shape/track constraints and surcharge schedule remain unresolved."
norman_shutters,surcharge,track_only,Track Only,percent,10,unit,[],UNRESOLVED EXCEPTION,"Six existing programs and 126 finish routes are deployed with product-specific louvers, hinges and tilt validation. Six dealer baseline rates captured; five imported costs conflict and account applicability is pending. Production six-program quote 805-0326 passed save/close/full reload/reopen; every selected field persisted. Contract output correctly remains blocked. Full frame/panel/shape/track constraints and surcharge schedule remain unresolved."
norman_shutters,surcharge,track_w_header_and_fascia,Track w/ Header & Fascia,percent,20,unit,[],UNRESOLVED EXCEPTION,"Six existing programs and 126 finish routes are deployed with product-specific louvers, hinges and tilt validation. Six dealer baseline rates captured; five imported costs conflict and account applicability is pending. Production six-program quote 805-0326 passed save/close/full reload/reopen; every selected field persisted. Contract output correctly remains blocked. Full frame/panel/shape/track constraints and surcharge schedule remain unresolved."
norman_shutters,surcharge,shutter_pole,Shutter Pole,flat,40,unit,[],UNRESOLVED EXCEPTION,"Six existing programs and 126 finish routes are deployed with product-specific louvers, hinges and tilt validation. Six dealer baseline rates captured; five imported costs conflict and account applicability is pending. Production six-program quote 805-0326 passed save/close/full reload/reopen; every selected field persisted. Contract output correctly remains blocked. Full frame/panel/shape/track constraints and surcharge schedule remain unresolved."
norman_shutters,surcharge,pole_attachment,Pole Attachment,flat,20,unit,[],UNRESOLVED EXCEPTION,"Six existing programs and 126 finish routes are deployed with product-specific louvers, hinges and tilt validation. Six dealer baseline rates captured; five imported costs conflict and account applicability is pending. Production six-program quote 805-0326 passed save/close/full reload/reopen; every selected field persisted. Contract output correctly remains blocked. Full frame/panel/shape/track constraints and surcharge schedule remain unresolved."
norman_shutters,surcharge,keystone,Keystone,flat,20,unit,[],UNRESOLVED EXCEPTION,"Six existing programs and 126 finish routes are deployed with product-specific louvers, hinges and tilt validation. Six dealer baseline rates captured; five imported costs conflict and account applicability is pending. Production six-program quote 805-0326 passed save/close/full reload/reopen; every selected field persisted. Contract output correctly remains blocked. Full frame/panel/shape/track constraints and surcharge schedule remain unresolved."
norman_shutters,surcharge,custom_color_per_order,Custom Color (per order),flat,200,once,[],UNRESOLVED EXCEPTION,"Six existing programs and 126 finish routes are deployed with product-specific louvers, hinges and tilt validation. Six dealer baseline rates captured; five imported costs conflict and account applicability is pending. Production six-program quote 805-0326 passed save/close/full reload/reopen; every selected field persisted. Contract output correctly remains blocked. Full frame/panel/shape/track constraints and surcharge schedule remain unresolved."
norman_shutters,surcharge,frame_and_light_block_notch_out,Frame & Light Block Notch Out,flat,10,unit,[],UNRESOLVED EXCEPTION,"Six existing programs and 126 finish routes are deployed with product-specific louvers, hinges and tilt validation. Six dealer baseline rates captured; five imported costs conflict and account applicability is pending. Production six-program quote 805-0326 passed save/close/full reload/reopen; every selected field persisted. Contract output correctly remains blocked. Full frame/panel/shape/track constraints and surcharge schedule remain unresolved."
norman_shutters,surcharge,hand_carved_rail,Hand Carved Rail,flat,50,unit,[],UNRESOLVED EXCEPTION,"Six existing programs and 126 finish routes are deployed with product-specific louvers, hinges and tilt validation. Six dealer baseline rates captured; five imported costs conflict and account applicability is pending. Production six-program quote 805-0326 passed save/close/full reload/reopen; every selected field persisted. Contract output correctly remains blocked. Full frame/panel/shape/track constraints and surcharge schedule remain unresolved."
norman_shutters,surcharge,offset_tilt_rod,Offset Tilt Rod,flat,10,unit,[],UNRESOLVED EXCEPTION,"Six existing programs and 126 finish routes are deployed with product-specific louvers, hinges and tilt validation. Six dealer baseline rates captured; five imported costs conflict and account applicability is pending. Production six-program quote 805-0326 passed save/close/full reload/reopen; every selected field persisted. Contract output correctly remains blocked. Full frame/panel/shape/track constraints and surcharge schedule remain unresolved."
norman_shutters,surcharge,invisibletilt,InvisibleTilt,flat,20,unit,[],UNRESOLVED EXCEPTION,"Six existing programs and 126 finish routes are deployed with product-specific louvers, hinges and tilt validation. Six dealer baseline rates captured; five imported costs conflict and account applicability is pending. Production six-program quote 805-0326 passed save/close/full reload/reopen; every selected field persisted. Contract output correctly remains blocked. Full frame/panel/shape/track constraints and surcharge schedule remain unresolved."
norman_shutters,surcharge,autotilt,AutoTilt,flat,70,unit,[],UNRESOLVED EXCEPTION,"Six existing programs and 126 finish routes are deployed with product-specific louvers, hinges and tilt validation. Six dealer baseline rates captured; five imported costs conflict and account applicability is pending. Production six-program quote 805-0326 passed save/close/full reload/reopen; every selected field persisted. Contract output correctly remains blocked. Full frame/panel/shape/track constraints and surcharge schedule remain unresolved."
norman_shutters,surcharge,raised_panel,Raised Panel,flat,60,unit,[],UNRESOLVED EXCEPTION,"Six existing programs and 126 finish routes are deployed with product-specific louvers, hinges and tilt validation. Six dealer baseline rates captured; five imported costs conflict and account applicability is pending. Production six-program quote 805-0326 passed save/close/full reload/reopen; every selected field persisted. Contract output correctly remains blocked. Full frame/panel/shape/track constraints and surcharge schedule remain unresolved."
norman_shutters,surcharge,ring_pulls_or_handles,Ring Pulls or Handles,flat,15,unit,[],UNRESOLVED EXCEPTION,"Six existing programs and 126 finish routes are deployed with product-specific louvers, hinges and tilt validation. Six dealer baseline rates captured; five imported costs conflict and account applicability is pending. Production six-program quote 805-0326 passed save/close/full reload/reopen; every selected field persisted. Contract output correctly remains blocked. Full frame/panel/shape/track constraints and surcharge schedule remain unresolved."
norman_shutters,surcharge,panel_locks,Panel Locks,flat,15,unit,[],UNRESOLVED EXCEPTION,"Six existing programs and 126 finish routes are deployed with product-specific louvers, hinges and tilt validation. Six dealer baseline rates captured; five imported costs conflict and account applicability is pending. Production six-program quote 805-0326 passed save/close/full reload/reopen; every selected field persisted. Contract output correctly remains blocked. Full frame/panel/shape/track constraints and surcharge schedule remain unresolved."
norman_shutters,surcharge,custom_divider_rail,Custom Divider Rail,flat,21,unit,[],UNRESOLVED EXCEPTION,"Six existing programs and 126 finish routes are deployed with product-specific louvers, hinges and tilt validation. Six dealer baseline rates captured; five imported costs conflict and account applicability is pending. Production six-program quote 805-0326 passed save/close/full reload/reopen; every selected field persisted. Contract output correctly remains blocked. Full frame/panel/shape/track constraints and surcharge schedule remain unresolved."
norman_shutters,surcharge,liberty_arch,Liberty Arch,flat,60,unit,[],UNRESOLVED EXCEPTION,"Six existing programs and 126 finish routes are deployed with product-specific louvers, hinges and tilt validation. Six dealer baseline rates captured; five imported costs conflict and account applicability is pending. Production six-program quote 805-0326 passed save/close/full reload/reopen; every selected field persisted. Contract output correctly remains blocked. Full frame/panel/shape/track constraints and surcharge schedule remain unresolved."
norman_shutters,surcharge,french_door_cutout,French Door Cutout,flat,200,unit,[],UNRESOLVED EXCEPTION,"Six existing programs and 126 finish routes are deployed with product-specific louvers, hinges and tilt validation. Six dealer baseline rates captured; five imported costs conflict and account applicability is pending. Production six-program quote 805-0326 passed save/close/full reload/reopen; every selected field persisted. Contract output correctly remains blocked. Full frame/panel/shape/track constraints and surcharge schedule remain unresolved."
norman_shutters,surcharge,angle_top,Angle Top,flat,215,unit,[],UNRESOLVED EXCEPTION,"Six existing programs and 126 finish routes are deployed with product-specific louvers, hinges and tilt validation. Six dealer baseline rates captured; five imported costs conflict and account applicability is pending. Production six-program quote 805-0326 passed save/close/full reload/reopen; every selected field persisted. Contract output correctly remains blocked. Full frame/panel/shape/track constraints and surcharge schedule remain unresolved."
norman_shutters,surcharge,arch_top_picture_window_with_horizontal_louvers,Arch Top Picture Window with Horizontal Louvers,flat,322.5,unit,[],UNRESOLVED EXCEPTION,"Six existing programs and 126 finish routes are deployed with product-specific louvers, hinges and tilt validation. Six dealer baseline rates captured; five imported costs conflict and account applicability is pending. Production six-program quote 805-0326 passed save/close/full reload/reopen; every selected field persisted. Contract output correctly remains blocked. Full frame/panel/shape/track constraints and surcharge schedule remain unresolved."
norman_shutters,surcharge,quarter_sunburst_panel_with_continuous_frame,Quarter Sunburst Panel with Continuous Frame,flat,430,unit,[],UNRESOLVED EXCEPTION,"Six existing programs and 126 finish routes are deployed with product-specific louvers, hinges and tilt validation. Six dealer baseline rates captured; five imported costs conflict and account applicability is pending. Production six-program quote 805-0326 passed save/close/full reload/reopen; every selected field persisted. Contract output correctly remains blocked. Full frame/panel/shape/track constraints and surcharge schedule remain unresolved."
norman_shutters,surcharge,horizontal_center_arch_with_quarter_round_side_panels,Horizontal Center Arch with Quarter Round Side Panels,flat,430,unit,[],UNRESOLVED EXCEPTION,"Six existing programs and 126 finish routes are deployed with product-specific louvers, hinges and tilt validation. Six dealer baseline rates captured; five imported costs conflict and account applicability is pending. Production six-program quote 805-0326 passed save/close/full reload/reopen; every selected field persisted. Contract output correctly remains blocked. Full frame/panel/shape/track constraints and surcharge schedule remain unresolved."
norman_shutters,surcharge,sunburst_center_arch_with_quarter_round_side_panels,Sunburst Center Arch with Quarter Round Side Panels,flat,645,unit,[],UNRESOLVED EXCEPTION,"Six existing programs and 126 finish routes are deployed with product-specific louvers, hinges and tilt validation. Six dealer baseline rates captured; five imported costs conflict and account applicability is pending. Production six-program quote 805-0326 passed save/close/full reload/reopen; every selected field persisted. Contract output correctly remains blocked. Full frame/panel/shape/track constraints and surcharge schedule remain unresolved."
norman_shutters,surcharge,all_other_shapes,All Other Shapes,flat,215,unit,[],UNRESOLVED EXCEPTION,"Six existing programs and 126 finish routes are deployed with product-specific louvers, hinges and tilt validation. Six dealer baseline rates captured; five imported costs conflict and account applicability is pending. Production six-program quote 805-0326 passed save/close/full reload/reopen; every selected field persisted. Contract output correctly remains blocked. Full frame/panel/shape/track constraints and surcharge schedule remain unresolved."
norman_shutters,surcharge,clearview_tilt_rod,Clearview Tilt Rod,flat,20,unit,[],UNRESOLVED EXCEPTION,"Six existing programs and 126 finish routes are deployed with product-specific louvers, hinges and tilt validation. Six dealer baseline rates captured; five imported costs conflict and account applicability is pending. Production six-program quote 805-0326 passed save/close/full reload/reopen; every selected field persisted. Contract output correctly remains blocked. Full frame/panel/shape/track constraints and surcharge schedule remain unresolved."
norman_shutters,configuration_field,frame_type,Frame,select,,,,UNRESOLVED EXCEPTION,Field inventoried; complete source/condition/UI/server certification pending.
norman_shutters,configuration_field,louver_size,Louver,select,,,,UNRESOLVED EXCEPTION,Field inventoried; complete source/condition/UI/server certification pending.
norman_shutters,configuration_field,tilt_type,Tilt,select,,,,UNRESOLVED EXCEPTION,Field inventoried; complete source/condition/UI/server certification pending.
norman_shutters,configuration_field,color,Color,select,,,,UNRESOLVED EXCEPTION,Field inventoried; complete source/condition/UI/server certification pending.
norman_shutters,configuration_field,hinge_color,Hinge color,select,,,,UNRESOLVED EXCEPTION,Field inventoried; complete source/condition/UI/server certification pending.
norman_shutters,configuration_field,panel_config,Panel configuration,select,,,,UNRESOLVED EXCEPTION,Field inventoried; complete source/condition/UI/server certification pending.
norman_shutters,configuration_field,divider_rail,Divider rail,select,,,,UNRESOLVED EXCEPTION,Field inventoried; complete source/condition/UI/server certification pending.
norman_shutters,configuration_field,t_post,T-post,select,,,,UNRESOLVED EXCEPTION,Field inventoried; complete source/condition/UI/server certification pending.
norman_shutters,configuration_field,extension,Extension / buildout,select,,,,UNRESOLVED EXCEPTION,Field inventoried; complete source/condition/UI/server certification pending.
norman_shutters,configuration_field,frame_upgrade,Frame upgrade,select,,,,UNRESOLVED EXCEPTION,Field inventoried; complete source/condition/UI/server certification pending.
norman_shutters,configuration_field,t_post_upgrade,T-post upgrade,select,,,,UNRESOLVED EXCEPTION,Field inventoried; complete source/condition/UI/server certification pending.
norman_shutters,configuration_field,track_system,Track system,select,,,,UNRESOLVED EXCEPTION,Field inventoried; complete source/condition/UI/server certification pending.
norman_shutters,configuration_field,specialty_shape,Specialty shape,select,,,,UNRESOLVED EXCEPTION,Field inventoried; complete source/condition/UI/server certification pending.
norman_shutters,configuration_field,hard_surface_install,Hard-surface install,checkbox,,,,UNRESOLVED EXCEPTION,Field inventoried; complete source/condition/UI/server certification pending.
norman_shutters,configuration_field,ladder_over_15ft,Ladder over 15 ft,checkbox,,,,UNRESOLVED EXCEPTION,Field inventoried; complete source/condition/UI/server certification pending.
norman_shutters,configuration_field,requires_takedown,Existing treatment takedown,checkbox,,,,UNRESOLVED EXCEPTION,Field inventoried; complete source/condition/UI/server certification pending.
norman_shutters,configuration_field,custom_work,Custom work,select,,,,UNRESOLVED EXCEPTION,Field inventoried; complete source/condition/UI/server certification pending.
norman_shutters,configuration_field,stainless_steel_hinges,Stainless Steel Hinges,checkbox,,,,UNRESOLVED EXCEPTION,Field inventoried; complete source/condition/UI/server certification pending.
norman_shutters,configuration_field,batten_back_fd_e_and_f,Batten Back (FD E & F),checkbox,,,,UNRESOLVED EXCEPTION,Field inventoried; complete source/condition/UI/server certification pending.
norman_shutters,configuration_field,invisiblehinge,InvisibleHinge,checkbox,,,,UNRESOLVED EXCEPTION,Field inventoried; complete source/condition/UI/server certification pending.
norman_shutters,configuration_field,floating_panels,Floating Panels,checkbox,,,,UNRESOLVED EXCEPTION,Field inventoried; complete source/condition/UI/server certification pending.
norman_shutters,configuration_field,interlocking_bottom_guide,Interlocking Bottom Guide,checkbox,,,,UNRESOLVED EXCEPTION,Field inventoried; complete source/condition/UI/server certification pending.
norman_shutters,configuration_field,shutter_pole,Shutter Pole,checkbox,,,,UNRESOLVED EXCEPTION,Field inventoried; complete source/condition/UI/server certification pending.
norman_shutters,configuration_field,pole_attachment,Pole Attachment,checkbox,,,,UNRESOLVED EXCEPTION,Field inventoried; complete source/condition/UI/server certification pending.
norman_shutters,configuration_field,keystone,Keystone,checkbox,,,,UNRESOLVED EXCEPTION,Field inventoried; complete source/condition/UI/server certification pending.
norman_shutters,configuration_field,frame_and_light_block_notch_out,Frame & Light Block Notch Out,checkbox,,,,UNRESOLVED EXCEPTION,Field inventoried; complete source/condition/UI/server certification pending.
norman_shutters,configuration_field,hand_carved_rail,Hand Carved Rail,checkbox,,,,UNRESOLVED EXCEPTION,Field inventoried; complete source/condition/UI/server certification pending.
norman_shutters,configuration_field,invisibletilt,InvisibleTilt,checkbox,,,,UNRESOLVED EXCEPTION,Field inventoried; complete source/condition/UI/server certification pending.
norman_shutters,configuration_field,raised_panel,Raised Panel,checkbox,,,,UNRESOLVED EXCEPTION,Field inventoried; complete source/condition/UI/server certification pending.
norman_shutters,configuration_field,ring_pulls_or_handles,Ring Pulls or Handles,checkbox,,,,UNRESOLVED EXCEPTION,Field inventoried; complete source/condition/UI/server certification pending.
norman_shutters,configuration_field,panel_locks,Panel Locks,checkbox,,,,UNRESOLVED EXCEPTION,Field inventoried; complete source/condition/UI/server certification pending.
norman_shutters,configuration_field,custom_divider_rail,Custom Divider Rail,checkbox,,,,UNRESOLVED EXCEPTION,Field inventoried; complete source/condition/UI/server certification pending.
san_clemente_honeycomb,configuration_field,lift_system,Lift,select,,,,UNRESOLVED EXCEPTION,Field inventoried; complete source/condition/UI/server certification pending.
san_clemente_honeycomb,configuration_field,cell_size,Cell,select,,,,UNRESOLVED EXCEPTION,Field inventoried; complete source/condition/UI/server certification pending.
san_clemente_honeycomb,configuration_field,san_clemente_mount_fit,Mount fit,select,,,,UNRESOLVED EXCEPTION,Field inventoried; complete source/condition/UI/server certification pending.
san_clemente_honeycomb,configuration_field,san_clemente_pole_36_quantity,36-inch pole quantity,select,,,,UNRESOLVED EXCEPTION,Field inventoried; complete source/condition/UI/server certification pending.
san_clemente_honeycomb,configuration_field,san_clemente_pole_60_quantity,60-inch pole quantity,select,,,,UNRESOLVED EXCEPTION,Field inventoried; complete source/condition/UI/server certification pending.
san_clemente_honeycomb,configuration_field,san_clemente_attachment_quantity,White attachment quantity,select,,,,UNRESOLVED EXCEPTION,Field inventoried; complete source/condition/UI/server certification pending.
san_clemente_faux_wood,configuration_field,lift_system,Lift,select,,,,UNRESOLVED EXCEPTION,Field inventoried; complete source/condition/UI/server certification pending.
san_clemente_faux_wood,configuration_field,slat_size,Slat,select,,,,UNRESOLVED EXCEPTION,Field inventoried; complete source/condition/UI/server certification pending.
san_clemente_faux_wood,configuration_field,control_side,Wand,select,,,,UNRESOLVED EXCEPTION,Field inventoried; complete source/condition/UI/server certification pending.
san_clemente_faux_wood,configuration_field,installation_method,Bracket mounting,select,,,,UNRESOLVED EXCEPTION,Field inventoried; complete source/condition/UI/server certification pending.
san_clemente_faux_wood,configuration_field,san_clemente_mount_fit,Mount fit,select,,,,UNRESOLVED EXCEPTION,Field inventoried; complete source/condition/UI/server certification pending.
norman_contract_faux_wood,configuration_field,mount_type,Mount,select,,,,UNRESOLVED EXCEPTION,Field inventoried; complete source/condition/UI/server certification pending.
norman_contract_faux_wood,configuration_field,lift_system,Control,select,,,,UNRESOLVED EXCEPTION,Field inventoried; complete source/condition/UI/server certification pending.
norman_contract_faux_wood,configuration_field,slat_size,Slat size,select,,,,UNRESOLVED EXCEPTION,Field inventoried; complete source/condition/UI/server certification pending.
norman_contract_faux_wood,configuration_field,control_side,Wand side,select,,,,UNRESOLVED EXCEPTION,Field inventoried; complete source/condition/UI/server certification pending.
norman_contract_faux_wood,configuration_field,contract_mount_fit,Mount fit,select,,,,UNRESOLVED EXCEPTION,Field inventoried; complete source/condition/UI/server certification pending.
norman_contract_faux_wood,configuration_field,contract_wand_drop_inches,Wand drop,select,,,,UNRESOLVED EXCEPTION,Field inventoried; complete source/condition/UI/server certification pending.
norman_contract_faux_wood,configuration_field,valance,Valance,select,,,,UNRESOLVED EXCEPTION,Field inventoried; complete source/condition/UI/server certification pending.
norman_contract_faux_wood,configuration_field,contract_hold_down_brackets,Hold-down brackets,select,,,,UNRESOLVED EXCEPTION,Field inventoried; complete source/condition/UI/server certification pending.
norman_contract_faux_wood,configuration_field,contract_spacer_blocks,Spacer blocks,select,,,,UNRESOLVED EXCEPTION,Field inventoried; complete source/condition/UI/server certification pending.
norman_contract_vertical,configuration_field,mount_type,Mount,select,,,,UNRESOLVED EXCEPTION,Field inventoried; complete source/condition/UI/server certification pending.
norman_contract_vertical,configuration_field,lift_system,Control,select,,,,UNRESOLVED EXCEPTION,Field inventoried; complete source/condition/UI/server certification pending.
norman_contract_vertical,configuration_field,slat_size,Slat size,select,,,,UNRESOLVED EXCEPTION,Field inventoried; complete source/condition/UI/server certification pending.
norman_contract_vertical,configuration_field,control_side,Wand side,select,,,,UNRESOLVED EXCEPTION,Field inventoried; complete source/condition/UI/server certification pending.
norman_contract_vertical,configuration_field,contract_mount_fit,Mount fit,select,,,,UNRESOLVED EXCEPTION,Field inventoried; complete source/condition/UI/server certification pending.
norman_contract_vertical,configuration_field,contract_wand_drop_inches,Wand drop,select,,,,UNRESOLVED EXCEPTION,Field inventoried; complete source/condition/UI/server certification pending.
norman_contract_vertical,configuration_field,contract_headrail_color,Headrail color,select,,,,UNRESOLVED EXCEPTION,Field inventoried; complete source/condition/UI/server certification pending.
norman_contract_vertical,configuration_field,contract_shim_layers,Shim layers,select,,,,UNRESOLVED EXCEPTION,Field inventoried; complete source/condition/UI/server certification pending.
