url,location,name
https://www.805shutters.com/,JSON-LD[0] $.@graph[0].name,805 Shutters
https://www.805shutters.com/,JSON-LD[0] $.@graph[0].legalName,805 Shutters
https://www.805shutters.com/,JSON-LD[0] $.@graph[0].alternateName,805 Shutters
https://www.805shutters.com/,JSON-LD[0] $.@graph[0].hasOfferCatalog.name,805 Shutters window covering services
https://www.805shutters.com/,JSON-LD[0] $.@graph[1].name,805 Shutters
https://www.805shutters.com/,JSON-LD[0] $.@graph[1].alternateName,805 Shutters
https://www.805shutters.com/shutters/,JSON-LD[0] $.@graph[0].name,805 Shutters
https://www.805shutters.com/shutters/,JSON-LD[0] $.@graph[0].legalName,805 Shutters
https://www.805shutters.com/shutters/,JSON-LD[0] $.@graph[0].alternateName,805 Shutters
https://www.805shutters.com/shutters/,JSON-LD[0] $.@graph[0].hasOfferCatalog.name,805 Shutters window covering services
https://www.805shutters.com/shutters/,JSON-LD[0] $.@graph[1].name,805 Shutters
https://www.805shutters.com/shutters/,JSON-LD[0] $.@graph[1].alternateName,805 Shutters
https://www.805shutters.com/shutters/,JSON-LD[1] $.@graph[0].name,Custom Shutters Ventura County | Plantation Shutters | 805 Shutters
https://www.805shutters.com/shutters/,JSON-LD[1] $.@graph[1].provider.name,805 Shutters
https://www.805shutters.com/shades/,JSON-LD[0] $.@graph[0].name,805 Shutters
https://www.805shutters.com/shades/,JSON-LD[0] $.@graph[0].legalName,805 Shutters
https://www.805shutters.com/shades/,JSON-LD[0] $.@graph[0].alternateName,805 Shutters
https://www.805shutters.com/shades/,JSON-LD[0] $.@graph[0].hasOfferCatalog.name,805 Shutters window covering services
https://www.805shutters.com/shades/,JSON-LD[0] $.@graph[1].name,805 Shutters
https://www.805shutters.com/shades/,JSON-LD[0] $.@graph[1].alternateName,805 Shutters
https://www.805shutters.com/shades/,JSON-LD[1] $.@graph[0].name,Custom Window Shades Ventura County | 805 Shutters
https://www.805shutters.com/shades/,JSON-LD[1] $.@graph[1].provider.name,805 Shutters
https://www.805shutters.com/blinds/,JSON-LD[0] $.@graph[0].name,805 Shutters
https://www.805shutters.com/blinds/,JSON-LD[0] $.@graph[0].legalName,805 Shutters
https://www.805shutters.com/blinds/,JSON-LD[0] $.@graph[0].alternateName,805 Shutters
https://www.805shutters.com/blinds/,JSON-LD[0] $.@graph[0].hasOfferCatalog.name,805 Shutters window covering services
https://www.805shutters.com/blinds/,JSON-LD[0] $.@graph[1].name,805 Shutters
https://www.805shutters.com/blinds/,JSON-LD[0] $.@graph[1].alternateName,805 Shutters
https://www.805shutters.com/blinds/,JSON-LD[1] $.@graph[1].provider.name,805 Shutters
https://www.805shutters.com/drapery/,JSON-LD[0] $.@graph[0].name,805 Shutters
https://www.805shutters.com/drapery/,JSON-LD[0] $.@graph[0].legalName,805 Shutters
https://www.805shutters.com/drapery/,JSON-LD[0] $.@graph[0].alternateName,805 Shutters
https://www.805shutters.com/drapery/,JSON-LD[0] $.@graph[0].hasOfferCatalog.name,805 Shutters window covering services
https://www.805shutters.com/drapery/,JSON-LD[0] $.@graph[1].name,805 Shutters
https://www.805shutters.com/drapery/,JSON-LD[0] $.@graph[1].alternateName,805 Shutters
https://www.805shutters.com/drapery/,JSON-LD[1] $.@graph[0].name,Custom Drapery & Curtains Ventura County | 805 Shutters
https://www.805shutters.com/drapery/,JSON-LD[1] $.@graph[1].provider.name,805 Shutters
https://www.805shutters.com/exterior-shades/,JSON-LD[0] $.@graph[0].name,805 Shutters
https://www.805shutters.com/exterior-shades/,JSON-LD[0] $.@graph[0].legalName,805 Shutters
https://www.805shutters.com/exterior-shades/,JSON-LD[0] $.@graph[0].alternateName,805 Shutters
https://www.805shutters.com/exterior-shades/,JSON-LD[0] $.@graph[0].hasOfferCatalog.name,805 Shutters window covering services
https://www.805shutters.com/exterior-shades/,JSON-LD[0] $.@graph[1].name,805 Shutters
https://www.805shutters.com/exterior-shades/,JSON-LD[0] $.@graph[1].alternateName,805 Shutters
https://www.805shutters.com/exterior-shades/,JSON-LD[1] $.@graph[0].name,Exterior Shades Ventura County | Outdoor Shades | 805 Shutters
https://www.805shutters.com/exterior-shades/,JSON-LD[1] $.@graph[1].provider.name,805 Shutters
https://www.805shutters.com/window-treatments/,JSON-LD[0] $.@graph[0].name,805 Shutters
https://www.805shutters.com/window-treatments/,JSON-LD[0] $.@graph[0].legalName,805 Shutters
https://www.805shutters.com/window-treatments/,JSON-LD[0] $.@graph[0].alternateName,805 Shutters
https://www.805shutters.com/window-treatments/,JSON-LD[0] $.@graph[0].hasOfferCatalog.name,805 Shutters window covering services
https://www.805shutters.com/window-treatments/,JSON-LD[0] $.@graph[1].name,805 Shutters
https://www.805shutters.com/window-treatments/,JSON-LD[0] $.@graph[1].alternateName,805 Shutters
https://www.805shutters.com/window-treatments/,JSON-LD[1] $.@graph[1].provider.name,805 Shutters
https://www.805shutters.com/window-coverings/,JSON-LD[0] $.@graph[0].name,805 Shutters
https://www.805shutters.com/window-coverings/,JSON-LD[0] $.@graph[0].legalName,805 Shutters
https://www.805shutters.com/window-coverings/,JSON-LD[0] $.@graph[0].alternateName,805 Shutters
https://www.805shutters.com/window-coverings/,JSON-LD[0] $.@graph[0].hasOfferCatalog.name,805 Shutters window covering services
https://www.805shutters.com/window-coverings/,JSON-LD[0] $.@graph[1].name,805 Shutters
https://www.805shutters.com/window-coverings/,JSON-LD[0] $.@graph[1].alternateName,805 Shutters
https://www.805shutters.com/window-coverings/,JSON-LD[1] $.@graph[0].name,Window Coverings Ventura County | 805 Shutters
https://www.805shutters.com/window-coverings/,JSON-LD[1] $.@graph[1].provider.name,805 Shutters
https://www.805shutters.com/commercial-window-coverings/,JSON-LD[0] $.@graph[0].name,805 Shutters
https://www.805shutters.com/commercial-window-coverings/,JSON-LD[0] $.@graph[0].legalName,805 Shutters
https://www.805shutters.com/commercial-window-coverings/,JSON-LD[0] $.@graph[0].alternateName,805 Shutters
https://www.805shutters.com/commercial-window-coverings/,JSON-LD[0] $.@graph[0].hasOfferCatalog.name,805 Shutters window covering services
https://www.805shutters.com/commercial-window-coverings/,JSON-LD[0] $.@graph[1].name,805 Shutters
https://www.805shutters.com/commercial-window-coverings/,JSON-LD[0] $.@graph[1].alternateName,805 Shutters
https://www.805shutters.com/commercial-window-coverings/,JSON-LD[1] $.@graph[0].name,Commercial Window Coverings Ventura County | 805 Shutters
https://www.805shutters.com/commercial-window-coverings/,JSON-LD[1] $.@graph[1].provider.name,805 Shutters
https://www.805shutters.com/commercial-roller-shades/,JSON-LD[0] $.@graph[0].name,805 Shutters
https://www.805shutters.com/commercial-roller-shades/,JSON-LD[0] $.@graph[0].legalName,805 Shutters
https://www.805shutters.com/commercial-roller-shades/,JSON-LD[0] $.@graph[0].alternateName,805 Shutters
https://www.805shutters.com/commercial-roller-shades/,JSON-LD[0] $.@graph[0].hasOfferCatalog.name,805 Shutters window covering services
https://www.805shutters.com/commercial-roller-shades/,JSON-LD[0] $.@graph[1].name,805 Shutters
https://www.805shutters.com/commercial-roller-shades/,JSON-LD[0] $.@graph[1].alternateName,805 Shutters
https://www.805shutters.com/commercial-roller-shades/,JSON-LD[1] $.@graph[0].name,Commercial Roller Shades Ventura County | Office & Storefront Solar Shades | 805 Shutters
https://www.805shutters.com/commercial-roller-shades/,JSON-LD[1] $.@graph[1].provider.name,805 Shutters
https://www.805shutters.com/about/,JSON-LD[0] $.@graph[0].name,805 Shutters
https://www.805shutters.com/about/,JSON-LD[0] $.@graph[0].legalName,805 Shutters
https://www.805shutters.com/about/,JSON-LD[0] $.@graph[0].alternateName,805 Shutters
https://www.805shutters.com/about/,JSON-LD[0] $.@graph[0].hasOfferCatalog.name,805 Shutters window covering services
https://www.805shutters.com/about/,JSON-LD[0] $.@graph[1].name,805 Shutters
https://www.805shutters.com/about/,JSON-LD[0] $.@graph[1].alternateName,805 Shutters
https://www.805shutters.com/contact/,JSON-LD[0] $.@graph[0].name,805 Shutters
https://www.805shutters.com/contact/,JSON-LD[0] $.@graph[0].legalName,805 Shutters
https://www.805shutters.com/contact/,JSON-LD[0] $.@graph[0].alternateName,805 Shutters
https://www.805shutters.com/contact/,JSON-LD[0] $.@graph[0].hasOfferCatalog.name,805 Shutters window covering services
https://www.805shutters.com/contact/,JSON-LD[0] $.@graph[1].name,805 Shutters
https://www.805shutters.com/contact/,JSON-LD[0] $.@graph[1].alternateName,805 Shutters
https://www.805shutters.com/free-window-treatment-consultation/,JSON-LD[0] $.@graph[0].name,805 Shutters
https://www.805shutters.com/free-window-treatment-consultation/,JSON-LD[0] $.@graph[0].legalName,805 Shutters
https://www.805shutters.com/free-window-treatment-consultation/,JSON-LD[0] $.@graph[0].alternateName,805 Shutters
https://www.805shutters.com/free-window-treatment-consultation/,JSON-LD[0] $.@graph[0].hasOfferCatalog.name,805 Shutters window covering services
https://www.805shutters.com/free-window-treatment-consultation/,JSON-LD[0] $.@graph[1].name,805 Shutters
https://www.805shutters.com/free-window-treatment-consultation/,JSON-LD[0] $.@graph[1].alternateName,805 Shutters
https://www.805shutters.com/free-window-treatment-consultation/,JSON-LD[1] $.@graph[0].name,Free Window Treatment Consultation in Ventura County | 805 Shutters
https://www.805shutters.com/free-window-treatment-consultation/,JSON-LD[1] $.@graph[0].isPartOf.name,805 Shutters
https://www.805shutters.com/financing/,JSON-LD[0] $.@graph[0].name,805 Shutters
https://www.805shutters.com/financing/,JSON-LD[0] $.@graph[0].legalName,805 Shutters
https://www.805shutters.com/financing/,JSON-LD[0] $.@graph[0].alternateName,805 Shutters
https://www.805shutters.com/financing/,JSON-LD[0] $.@graph[0].hasOfferCatalog.name,805 Shutters window covering services
https://www.805shutters.com/financing/,JSON-LD[0] $.@graph[1].name,805 Shutters
https://www.805shutters.com/financing/,JSON-LD[0] $.@graph[1].alternateName,805 Shutters
https://www.805shutters.com/financing/,JSON-LD[1] $.@graph[0].name,Window Treatment Payment Plans in Ventura County | 805 Shutters
https://www.805shutters.com/financing/,JSON-LD[1] $.@graph[1].provider.name,805 Shutters
https://www.805shutters.com/faq/,JSON-LD[0] $.@graph[0].name,805 Shutters
https://www.805shutters.com/faq/,JSON-LD[0] $.@graph[0].legalName,805 Shutters
https://www.805shutters.com/faq/,JSON-LD[0] $.@graph[0].alternateName,805 Shutters
https://www.805shutters.com/faq/,JSON-LD[0] $.@graph[0].hasOfferCatalog.name,805 Shutters window covering services
https://www.805shutters.com/faq/,JSON-LD[0] $.@graph[1].name,805 Shutters
https://www.805shutters.com/faq/,JSON-LD[0] $.@graph[1].alternateName,805 Shutters
https://www.805shutters.com/faq/,JSON-LD[1] $.@graph[0].name,"Shutters, Shades & Blinds FAQ | 805 Shutters"
https://www.805shutters.com/gallery/,JSON-LD[0] $.@graph[0].name,805 Shutters
https://www.805shutters.com/gallery/,JSON-LD[0] $.@graph[0].legalName,805 Shutters
https://www.805shutters.com/gallery/,JSON-LD[0] $.@graph[0].alternateName,805 Shutters
https://www.805shutters.com/gallery/,JSON-LD[0] $.@graph[0].hasOfferCatalog.name,805 Shutters window covering services
https://www.805shutters.com/gallery/,JSON-LD[0] $.@graph[1].name,805 Shutters
https://www.805shutters.com/gallery/,JSON-LD[0] $.@graph[1].alternateName,805 Shutters
https://www.805shutters.com/reviews/,JSON-LD[0] $.@graph[0].name,805 Shutters
https://www.805shutters.com/reviews/,JSON-LD[0] $.@graph[0].legalName,805 Shutters
https://www.805shutters.com/reviews/,JSON-LD[0] $.@graph[0].alternateName,805 Shutters
https://www.805shutters.com/reviews/,JSON-LD[0] $.@graph[0].hasOfferCatalog.name,805 Shutters window covering services
https://www.805shutters.com/reviews/,JSON-LD[0] $.@graph[1].name,805 Shutters
https://www.805shutters.com/reviews/,JSON-LD[0] $.@graph[1].alternateName,805 Shutters
https://www.805shutters.com/reviews/,JSON-LD[1] $.@graph[0].name,805 Shutters Reviews | Ventura County Window Treatments
https://www.805shutters.com/reviews/,JSON-LD[1] $.@graph[1].name,805 Shutters Reviews
https://www.805shutters.com/reviews/,JSON-LD[1] $.@graph[1].provider.name,805 Shutters
https://www.805shutters.com/reviews/,JSON-LD[1] $.@graph[2].mainEntity[0].name,Where can I read reviews of 805 Shutters?
https://www.805shutters.com/reviews/,JSON-LD[1] $.@graph[2].mainEntity[1].name,Does 805 Shutters serve my city?
https://www.805shutters.com/reviews/,JSON-LD[1] $.@graph[3].itemListElement[1].name,805 Shutters Reviews
https://www.805shutters.com/recent-projects/,JSON-LD[0] $.@graph[0].name,805 Shutters
https://www.805shutters.com/recent-projects/,JSON-LD[0] $.@graph[0].legalName,805 Shutters
https://www.805shutters.com/recent-projects/,JSON-LD[0] $.@graph[0].alternateName,805 Shutters
https://www.805shutters.com/recent-projects/,JSON-LD[0] $.@graph[0].hasOfferCatalog.name,805 Shutters window covering services
https://www.805shutters.com/recent-projects/,JSON-LD[0] $.@graph[1].name,805 Shutters
https://www.805shutters.com/recent-projects/,JSON-LD[0] $.@graph[1].alternateName,805 Shutters
https://www.805shutters.com/shutters/camarillo/,JSON-LD[0] $.@graph[0].name,805 Shutters
https://www.805shutters.com/shutters/camarillo/,JSON-LD[0] $.@graph[0].legalName,805 Shutters
https://www.805shutters.com/shutters/camarillo/,JSON-LD[0] $.@graph[0].alternateName,805 Shutters
https://www.805shutters.com/shutters/camarillo/,JSON-LD[0] $.@graph[0].hasOfferCatalog.name,805 Shutters window covering services
https://www.805shutters.com/shutters/camarillo/,JSON-LD[0] $.@graph[1].name,805 Shutters
https://www.805shutters.com/shutters/camarillo/,JSON-LD[0] $.@graph[1].alternateName,805 Shutters
https://www.805shutters.com/shutters/camarillo/,JSON-LD[1] $.@graph[0].name,Custom Shutters Camarillo | Plantation Shutters | 805 Shutters
https://www.805shutters.com/shutters/camarillo/,JSON-LD[1] $.@graph[1].provider.name,805 Shutters
https://www.805shutters.com/shades/camarillo-ca/,JSON-LD[0] $.@graph[0].name,805 Shutters
https://www.805shutters.com/shades/camarillo-ca/,JSON-LD[0] $.@graph[0].legalName,805 Shutters
https://www.805shutters.com/shades/camarillo-ca/,JSON-LD[0] $.@graph[0].alternateName,805 Shutters
https://www.805shutters.com/shades/camarillo-ca/,JSON-LD[0] $.@graph[0].hasOfferCatalog.name,805 Shutters window covering services
https://www.805shutters.com/shades/camarillo-ca/,JSON-LD[0] $.@graph[1].name,805 Shutters
https://www.805shutters.com/shades/camarillo-ca/,JSON-LD[0] $.@graph[1].alternateName,805 Shutters
https://www.805shutters.com/shades/camarillo-ca/,JSON-LD[1] $.@graph[0].name,Window Shades Camarillo | Roller Shades and Custom Shades | 805 Shutters
https://www.805shutters.com/shades/camarillo-ca/,JSON-LD[1] $.@graph[1].provider.name,805 Shutters
https://www.805shutters.com/blinds/camarillo-ca/,JSON-LD[0] $.@graph[0].name,805 Shutters
https://www.805shutters.com/blinds/camarillo-ca/,JSON-LD[0] $.@graph[0].legalName,805 Shutters
https://www.805shutters.com/blinds/camarillo-ca/,JSON-LD[0] $.@graph[0].alternateName,805 Shutters
https://www.805shutters.com/blinds/camarillo-ca/,JSON-LD[0] $.@graph[0].hasOfferCatalog.name,805 Shutters window covering services
https://www.805shutters.com/blinds/camarillo-ca/,JSON-LD[0] $.@graph[1].name,805 Shutters
https://www.805shutters.com/blinds/camarillo-ca/,JSON-LD[0] $.@graph[1].alternateName,805 Shutters
https://www.805shutters.com/blinds/camarillo-ca/,JSON-LD[1] $.@graph[0].name,Custom Blinds Camarillo | Wood and Faux Wood Blinds | 805 Shutters
https://www.805shutters.com/blinds/camarillo-ca/,JSON-LD[1] $.@graph[1].provider.name,805 Shutters
https://www.805shutters.com/drapery/camarillo-ca/,JSON-LD[0] $.@graph[0].name,805 Shutters
https://www.805shutters.com/drapery/camarillo-ca/,JSON-LD[0] $.@graph[0].legalName,805 Shutters
https://www.805shutters.com/drapery/camarillo-ca/,JSON-LD[0] $.@graph[0].alternateName,805 Shutters
https://www.805shutters.com/drapery/camarillo-ca/,JSON-LD[0] $.@graph[0].hasOfferCatalog.name,805 Shutters window covering services
https://www.805shutters.com/drapery/camarillo-ca/,JSON-LD[0] $.@graph[1].name,805 Shutters
https://www.805shutters.com/drapery/camarillo-ca/,JSON-LD[0] $.@graph[1].alternateName,805 Shutters
https://www.805shutters.com/drapery/camarillo-ca/,JSON-LD[1] $.@graph[0].name,Custom Drapery & Curtains near Camarillo CA - 805 Shutters
https://www.805shutters.com/drapery/camarillo-ca/,JSON-LD[1] $.@graph[1].provider.name,805 Shutters
https://www.805shutters.com/window-coverings/camarillo-ca/,JSON-LD[0] $.@graph[0].name,805 Shutters
https://www.805shutters.com/window-coverings/camarillo-ca/,JSON-LD[0] $.@graph[0].legalName,805 Shutters
https://www.805shutters.com/window-coverings/camarillo-ca/,JSON-LD[0] $.@graph[0].alternateName,805 Shutters
https://www.805shutters.com/window-coverings/camarillo-ca/,JSON-LD[0] $.@graph[0].hasOfferCatalog.name,805 Shutters window covering services
https://www.805shutters.com/window-coverings/camarillo-ca/,JSON-LD[0] $.@graph[1].name,805 Shutters
https://www.805shutters.com/window-coverings/camarillo-ca/,JSON-LD[0] $.@graph[1].alternateName,805 Shutters
https://www.805shutters.com/window-coverings/camarillo-ca/,JSON-LD[1] $.@graph[0].name,Window Coverings near Camarillo CA - 805 Shutters
https://www.805shutters.com/window-coverings/camarillo-ca/,JSON-LD[1] $.@graph[1].provider.name,805 Shutters
https://www.805shutters.com/window-treatments/camarillo-ca/,JSON-LD[0] $.@graph[0].name,805 Shutters
https://www.805shutters.com/window-treatments/camarillo-ca/,JSON-LD[0] $.@graph[0].legalName,805 Shutters
https://www.805shutters.com/window-treatments/camarillo-ca/,JSON-LD[0] $.@graph[0].alternateName,805 Shutters
https://www.805shutters.com/window-treatments/camarillo-ca/,JSON-LD[0] $.@graph[0].hasOfferCatalog.name,805 Shutters window covering services
https://www.805shutters.com/window-treatments/camarillo-ca/,JSON-LD[0] $.@graph[1].name,805 Shutters
https://www.805shutters.com/window-treatments/camarillo-ca/,JSON-LD[0] $.@graph[1].alternateName,805 Shutters
https://www.805shutters.com/window-treatments/camarillo-ca/,JSON-LD[1] $.@graph[0].name,"Window Treatments Camarillo | Shutters, Shades and Blinds | 805 Shutters"
https://www.805shutters.com/window-treatments/camarillo-ca/,JSON-LD[1] $.@graph[1].provider.name,805 Shutters
https://www.805shutters.com/shutters/fillmore/,JSON-LD[0] $.@graph[0].name,805 Shutters
https://www.805shutters.com/shutters/fillmore/,JSON-LD[0] $.@graph[0].legalName,805 Shutters
https://www.805shutters.com/shutters/fillmore/,JSON-LD[0] $.@graph[0].alternateName,805 Shutters
https://www.805shutters.com/shutters/fillmore/,JSON-LD[0] $.@graph[0].hasOfferCatalog.name,805 Shutters window covering services
https://www.805shutters.com/shutters/fillmore/,JSON-LD[0] $.@graph[1].name,805 Shutters
https://www.805shutters.com/shutters/fillmore/,JSON-LD[0] $.@graph[1].alternateName,805 Shutters
https://www.805shutters.com/shutters/fillmore/,JSON-LD[1] $.@graph[0].name,Shutters in Fillmore CA | Fillmore Shutter Installation and Repair | 805 Shutters
https://www.805shutters.com/shutters/fillmore/,JSON-LD[1] $.@graph[1].provider.name,805 Shutters
https://www.805shutters.com/shades/fillmore-ca/,JSON-LD[0] $.@graph[0].name,805 Shutters
https://www.805shutters.com/shades/fillmore-ca/,JSON-LD[0] $.@graph[0].legalName,805 Shutters
https://www.805shutters.com/shades/fillmore-ca/,JSON-LD[0] $.@graph[0].alternateName,805 Shutters
https://www.805shutters.com/shades/fillmore-ca/,JSON-LD[0] $.@graph[0].hasOfferCatalog.name,805 Shutters window covering services
https://www.805shutters.com/shades/fillmore-ca/,JSON-LD[0] $.@graph[1].name,805 Shutters
https://www.805shutters.com/shades/fillmore-ca/,JSON-LD[0] $.@graph[1].alternateName,805 Shutters
https://www.805shutters.com/shades/fillmore-ca/,JSON-LD[1] $.@graph[0].name,Shades near Fillmore CA - 805 Shutters
https://www.805shutters.com/shades/fillmore-ca/,JSON-LD[1] $.@graph[1].provider.name,805 Shutters
https://www.805shutters.com/blinds/fillmore-ca/,JSON-LD[0] $.@graph[0].name,805 Shutters
https://www.805shutters.com/blinds/fillmore-ca/,JSON-LD[0] $.@graph[0].legalName,805 Shutters
https://www.805shutters.com/blinds/fillmore-ca/,JSON-LD[0] $.@graph[0].alternateName,805 Shutters
https://www.805shutters.com/blinds/fillmore-ca/,JSON-LD[0] $.@graph[0].hasOfferCatalog.name,805 Shutters window covering services
https://www.805shutters.com/blinds/fillmore-ca/,JSON-LD[0] $.@graph[1].name,805 Shutters
https://www.805shutters.com/blinds/fillmore-ca/,JSON-LD[0] $.@graph[1].alternateName,805 Shutters
https://www.805shutters.com/blinds/fillmore-ca/,JSON-LD[1] $.@graph[0].name,Blinds near Fillmore CA - 805 Shutters
https://www.805shutters.com/blinds/fillmore-ca/,JSON-LD[1] $.@graph[1].provider.name,805 Shutters
https://www.805shutters.com/drapery/fillmore-ca/,JSON-LD[0] $.@graph[0].name,805 Shutters
https://www.805shutters.com/drapery/fillmore-ca/,JSON-LD[0] $.@graph[0].legalName,805 Shutters
https://www.805shutters.com/drapery/fillmore-ca/,JSON-LD[0] $.@graph[0].alternateName,805 Shutters
https://www.805shutters.com/drapery/fillmore-ca/,JSON-LD[0] $.@graph[0].hasOfferCatalog.name,805 Shutters window covering services
https://www.805shutters.com/drapery/fillmore-ca/,JSON-LD[0] $.@graph[1].name,805 Shutters
https://www.805shutters.com/drapery/fillmore-ca/,JSON-LD[0] $.@graph[1].alternateName,805 Shutters
https://www.805shutters.com/drapery/fillmore-ca/,JSON-LD[1] $.@graph[0].name,Custom Drapery & Curtains near Fillmore CA - 805 Shutters
https://www.805shutters.com/drapery/fillmore-ca/,JSON-LD[1] $.@graph[1].provider.name,805 Shutters
https://www.805shutters.com/window-coverings/fillmore-ca/,JSON-LD[0] $.@graph[0].name,805 Shutters
https://www.805shutters.com/window-coverings/fillmore-ca/,JSON-LD[0] $.@graph[0].legalName,805 Shutters
https://www.805shutters.com/window-coverings/fillmore-ca/,JSON-LD[0] $.@graph[0].alternateName,805 Shutters
https://www.805shutters.com/window-coverings/fillmore-ca/,JSON-LD[0] $.@graph[0].hasOfferCatalog.name,805 Shutters window covering services
https://www.805shutters.com/window-coverings/fillmore-ca/,JSON-LD[0] $.@graph[1].name,805 Shutters
https://www.805shutters.com/window-coverings/fillmore-ca/,JSON-LD[0] $.@graph[1].alternateName,805 Shutters
https://www.805shutters.com/window-coverings/fillmore-ca/,JSON-LD[1] $.@graph[0].name,Window Coverings near Fillmore CA - 805 Shutters
https://www.805shutters.com/window-coverings/fillmore-ca/,JSON-LD[1] $.@graph[1].provider.name,805 Shutters
https://www.805shutters.com/window-treatments/fillmore-ca/,JSON-LD[0] $.@graph[0].name,805 Shutters
https://www.805shutters.com/window-treatments/fillmore-ca/,JSON-LD[0] $.@graph[0].legalName,805 Shutters
https://www.805shutters.com/window-treatments/fillmore-ca/,JSON-LD[0] $.@graph[0].alternateName,805 Shutters
https://www.805shutters.com/window-treatments/fillmore-ca/,JSON-LD[0] $.@graph[0].hasOfferCatalog.name,805 Shutters window covering services
https://www.805shutters.com/window-treatments/fillmore-ca/,JSON-LD[0] $.@graph[1].name,805 Shutters
https://www.805shutters.com/window-treatments/fillmore-ca/,JSON-LD[0] $.@graph[1].alternateName,805 Shutters
https://www.805shutters.com/window-treatments/fillmore-ca/,JSON-LD[1] $.@graph[0].name,Window Treatments near Fillmore CA - 805 Shutters
https://www.805shutters.com/window-treatments/fillmore-ca/,JSON-LD[1] $.@graph[1].provider.name,805 Shutters
https://www.805shutters.com/shutters/moorpark/,JSON-LD[0] $.@graph[0].name,805 Shutters
https://www.805shutters.com/shutters/moorpark/,JSON-LD[0] $.@graph[0].legalName,805 Shutters
https://www.805shutters.com/shutters/moorpark/,JSON-LD[0] $.@graph[0].alternateName,805 Shutters
https://www.805shutters.com/shutters/moorpark/,JSON-LD[0] $.@graph[0].hasOfferCatalog.name,805 Shutters window covering services
https://www.805shutters.com/shutters/moorpark/,JSON-LD[0] $.@graph[1].name,805 Shutters
https://www.805shutters.com/shutters/moorpark/,JSON-LD[0] $.@graph[1].alternateName,805 Shutters
https://www.805shutters.com/shutters/moorpark/,JSON-LD[1] $.@graph[0].name,Shutters in Moorpark CA | Moorpark Shutter Installation and Repair | 805 Shutters
https://www.805shutters.com/shutters/moorpark/,JSON-LD[1] $.@graph[1].provider.name,805 Shutters
https://www.805shutters.com/shades/moorpark-ca/,JSON-LD[0] $.@graph[0].name,805 Shutters
https://www.805shutters.com/shades/moorpark-ca/,JSON-LD[0] $.@graph[0].legalName,805 Shutters
https://www.805shutters.com/shades/moorpark-ca/,JSON-LD[0] $.@graph[0].alternateName,805 Shutters
https://www.805shutters.com/shades/moorpark-ca/,JSON-LD[0] $.@graph[0].hasOfferCatalog.name,805 Shutters window covering services
https://www.805shutters.com/shades/moorpark-ca/,JSON-LD[0] $.@graph[1].name,805 Shutters
https://www.805shutters.com/shades/moorpark-ca/,JSON-LD[0] $.@graph[1].alternateName,805 Shutters
https://www.805shutters.com/shades/moorpark-ca/,JSON-LD[1] $.@graph[0].name,Shades near Moorpark CA - 805 Shutters
https://www.805shutters.com/shades/moorpark-ca/,JSON-LD[1] $.@graph[1].provider.name,805 Shutters
https://www.805shutters.com/blinds/moorpark-ca/,JSON-LD[0] $.@graph[0].name,805 Shutters
https://www.805shutters.com/blinds/moorpark-ca/,JSON-LD[0] $.@graph[0].legalName,805 Shutters
https://www.805shutters.com/blinds/moorpark-ca/,JSON-LD[0] $.@graph[0].alternateName,805 Shutters
https://www.805shutters.com/blinds/moorpark-ca/,JSON-LD[0] $.@graph[0].hasOfferCatalog.name,805 Shutters window covering services
https://www.805shutters.com/blinds/moorpark-ca/,JSON-LD[0] $.@graph[1].name,805 Shutters
https://www.805shutters.com/blinds/moorpark-ca/,JSON-LD[0] $.@graph[1].alternateName,805 Shutters
https://www.805shutters.com/blinds/moorpark-ca/,JSON-LD[1] $.@graph[0].name,Blinds near Moorpark CA - 805 Shutters
https://www.805shutters.com/blinds/moorpark-ca/,JSON-LD[1] $.@graph[1].provider.name,805 Shutters
https://www.805shutters.com/drapery/moorpark-ca/,JSON-LD[0] $.@graph[0].name,805 Shutters
https://www.805shutters.com/drapery/moorpark-ca/,JSON-LD[0] $.@graph[0].legalName,805 Shutters
https://www.805shutters.com/drapery/moorpark-ca/,JSON-LD[0] $.@graph[0].alternateName,805 Shutters
https://www.805shutters.com/drapery/moorpark-ca/,JSON-LD[0] $.@graph[0].hasOfferCatalog.name,805 Shutters window covering services
https://www.805shutters.com/drapery/moorpark-ca/,JSON-LD[0] $.@graph[1].name,805 Shutters
https://www.805shutters.com/drapery/moorpark-ca/,JSON-LD[0] $.@graph[1].alternateName,805 Shutters
https://www.805shutters.com/drapery/moorpark-ca/,JSON-LD[1] $.@graph[0].name,Custom Drapery & Curtains near Moorpark CA - 805 Shutters
https://www.805shutters.com/drapery/moorpark-ca/,JSON-LD[1] $.@graph[1].provider.name,805 Shutters
https://www.805shutters.com/window-coverings/moorpark-ca/,JSON-LD[0] $.@graph[0].name,805 Shutters
https://www.805shutters.com/window-coverings/moorpark-ca/,JSON-LD[0] $.@graph[0].legalName,805 Shutters
https://www.805shutters.com/window-coverings/moorpark-ca/,JSON-LD[0] $.@graph[0].alternateName,805 Shutters
https://www.805shutters.com/window-coverings/moorpark-ca/,JSON-LD[0] $.@graph[0].hasOfferCatalog.name,805 Shutters window covering services
https://www.805shutters.com/window-coverings/moorpark-ca/,JSON-LD[0] $.@graph[1].name,805 Shutters
https://www.805shutters.com/window-coverings/moorpark-ca/,JSON-LD[0] $.@graph[1].alternateName,805 Shutters
https://www.805shutters.com/window-coverings/moorpark-ca/,JSON-LD[1] $.@graph[0].name,Window Coverings near Moorpark CA - 805 Shutters
https://www.805shutters.com/window-coverings/moorpark-ca/,JSON-LD[1] $.@graph[1].provider.name,805 Shutters
https://www.805shutters.com/window-treatments/moorpark-ca/,JSON-LD[0] $.@graph[0].name,805 Shutters
https://www.805shutters.com/window-treatments/moorpark-ca/,JSON-LD[0] $.@graph[0].legalName,805 Shutters
https://www.805shutters.com/window-treatments/moorpark-ca/,JSON-LD[0] $.@graph[0].alternateName,805 Shutters
https://www.805shutters.com/window-treatments/moorpark-ca/,JSON-LD[0] $.@graph[0].hasOfferCatalog.name,805 Shutters window covering services
https://www.805shutters.com/window-treatments/moorpark-ca/,JSON-LD[0] $.@graph[1].name,805 Shutters
https://www.805shutters.com/window-treatments/moorpark-ca/,JSON-LD[0] $.@graph[1].alternateName,805 Shutters
https://www.805shutters.com/window-treatments/moorpark-ca/,JSON-LD[1] $.@graph[0].name,Window Treatments near Moorpark CA - 805 Shutters
https://www.805shutters.com/window-treatments/moorpark-ca/,JSON-LD[1] $.@graph[1].provider.name,805 Shutters
https://www.805shutters.com/shutters/newbury-park/,JSON-LD[0] $.@graph[0].name,805 Shutters
https://www.805shutters.com/shutters/newbury-park/,JSON-LD[0] $.@graph[0].legalName,805 Shutters
https://www.805shutters.com/shutters/newbury-park/,JSON-LD[0] $.@graph[0].alternateName,805 Shutters
https://www.805shutters.com/shutters/newbury-park/,JSON-LD[0] $.@graph[0].hasOfferCatalog.name,805 Shutters window covering services
https://www.805shutters.com/shutters/newbury-park/,JSON-LD[0] $.@graph[1].name,805 Shutters
https://www.805shutters.com/shutters/newbury-park/,JSON-LD[0] $.@graph[1].alternateName,805 Shutters
https://www.805shutters.com/shutters/newbury-park/,JSON-LD[1] $.@graph[0].name,Shutters in Newbury Park CA | Newbury Park Shutter Installation and Repair | 805 Shutters
https://www.805shutters.com/shutters/newbury-park/,JSON-LD[1] $.@graph[1].provider.name,805 Shutters
https://www.805shutters.com/shades/newbury-park-ca/,JSON-LD[0] $.@graph[0].name,805 Shutters
https://www.805shutters.com/shades/newbury-park-ca/,JSON-LD[0] $.@graph[0].legalName,805 Shutters
https://www.805shutters.com/shades/newbury-park-ca/,JSON-LD[0] $.@graph[0].alternateName,805 Shutters
https://www.805shutters.com/shades/newbury-park-ca/,JSON-LD[0] $.@graph[0].hasOfferCatalog.name,805 Shutters window covering services
https://www.805shutters.com/shades/newbury-park-ca/,JSON-LD[0] $.@graph[1].name,805 Shutters
https://www.805shutters.com/shades/newbury-park-ca/,JSON-LD[0] $.@graph[1].alternateName,805 Shutters
https://www.805shutters.com/shades/newbury-park-ca/,JSON-LD[1] $.@graph[0].name,Shades near Newbury Park CA - 805 Shutters
https://www.805shutters.com/shades/newbury-park-ca/,JSON-LD[1] $.@graph[1].provider.name,805 Shutters
https://www.805shutters.com/blinds/newbury-park-ca/,JSON-LD[0] $.@graph[0].name,805 Shutters
https://www.805shutters.com/blinds/newbury-park-ca/,JSON-LD[0] $.@graph[0].legalName,805 Shutters
https://www.805shutters.com/blinds/newbury-park-ca/,JSON-LD[0] $.@graph[0].alternateName,805 Shutters
https://www.805shutters.com/blinds/newbury-park-ca/,JSON-LD[0] $.@graph[0].hasOfferCatalog.name,805 Shutters window covering services
https://www.805shutters.com/blinds/newbury-park-ca/,JSON-LD[0] $.@graph[1].name,805 Shutters
https://www.805shutters.com/blinds/newbury-park-ca/,JSON-LD[0] $.@graph[1].alternateName,805 Shutters
https://www.805shutters.com/blinds/newbury-park-ca/,JSON-LD[1] $.@graph[0].name,Blinds near Newbury Park CA - 805 Shutters
https://www.805shutters.com/blinds/newbury-park-ca/,JSON-LD[1] $.@graph[1].provider.name,805 Shutters
https://www.805shutters.com/drapery/newbury-park-ca/,JSON-LD[0] $.@graph[0].name,805 Shutters
https://www.805shutters.com/drapery/newbury-park-ca/,JSON-LD[0] $.@graph[0].legalName,805 Shutters
https://www.805shutters.com/drapery/newbury-park-ca/,JSON-LD[0] $.@graph[0].alternateName,805 Shutters
https://www.805shutters.com/drapery/newbury-park-ca/,JSON-LD[0] $.@graph[0].hasOfferCatalog.name,805 Shutters window covering services
https://www.805shutters.com/drapery/newbury-park-ca/,JSON-LD[0] $.@graph[1].name,805 Shutters
https://www.805shutters.com/drapery/newbury-park-ca/,JSON-LD[0] $.@graph[1].alternateName,805 Shutters
https://www.805shutters.com/drapery/newbury-park-ca/,JSON-LD[1] $.@graph[0].name,Custom Drapery & Curtains near Newbury Park CA - 805 Shutters
https://www.805shutters.com/drapery/newbury-park-ca/,JSON-LD[1] $.@graph[1].provider.name,805 Shutters
https://www.805shutters.com/window-coverings/newbury-park-ca/,JSON-LD[0] $.@graph[0].name,805 Shutters
https://www.805shutters.com/window-coverings/newbury-park-ca/,JSON-LD[0] $.@graph[0].legalName,805 Shutters
https://www.805shutters.com/window-coverings/newbury-park-ca/,JSON-LD[0] $.@graph[0].alternateName,805 Shutters
https://www.805shutters.com/window-coverings/newbury-park-ca/,JSON-LD[0] $.@graph[0].hasOfferCatalog.name,805 Shutters window covering services
https://www.805shutters.com/window-coverings/newbury-park-ca/,JSON-LD[0] $.@graph[1].name,805 Shutters
https://www.805shutters.com/window-coverings/newbury-park-ca/,JSON-LD[0] $.@graph[1].alternateName,805 Shutters
https://www.805shutters.com/window-coverings/newbury-park-ca/,JSON-LD[1] $.@graph[0].name,Window Coverings near Newbury Park CA - 805 Shutters
https://www.805shutters.com/window-coverings/newbury-park-ca/,JSON-LD[1] $.@graph[1].provider.name,805 Shutters
https://www.805shutters.com/window-treatments/newbury-park-ca/,JSON-LD[0] $.@graph[0].name,805 Shutters
https://www.805shutters.com/window-treatments/newbury-park-ca/,JSON-LD[0] $.@graph[0].legalName,805 Shutters
https://www.805shutters.com/window-treatments/newbury-park-ca/,JSON-LD[0] $.@graph[0].alternateName,805 Shutters
https://www.805shutters.com/window-treatments/newbury-park-ca/,JSON-LD[0] $.@graph[0].hasOfferCatalog.name,805 Shutters window covering services
https://www.805shutters.com/window-treatments/newbury-park-ca/,JSON-LD[0] $.@graph[1].name,805 Shutters
https://www.805shutters.com/window-treatments/newbury-park-ca/,JSON-LD[0] $.@graph[1].alternateName,805 Shutters
https://www.805shutters.com/window-treatments/newbury-park-ca/,JSON-LD[1] $.@graph[0].name,Window Treatments near Newbury Park CA - 805 Shutters
https://www.805shutters.com/window-treatments/newbury-park-ca/,JSON-LD[1] $.@graph[1].provider.name,805 Shutters
https://www.805shutters.com/shutters/oak-park/,JSON-LD[0] $.@graph[0].name,805 Shutters
https://www.805shutters.com/shutters/oak-park/,JSON-LD[0] $.@graph[0].legalName,805 Shutters
https://www.805shutters.com/shutters/oak-park/,JSON-LD[0] $.@graph[0].alternateName,805 Shutters
https://www.805shutters.com/shutters/oak-park/,JSON-LD[0] $.@graph[0].hasOfferCatalog.name,805 Shutters window covering services
https://www.805shutters.com/shutters/oak-park/,JSON-LD[0] $.@graph[1].name,805 Shutters
https://www.805shutters.com/shutters/oak-park/,JSON-LD[0] $.@graph[1].alternateName,805 Shutters
https://www.805shutters.com/shutters/oak-park/,JSON-LD[1] $.@graph[0].name,Shutters in Oak Park CA | Oak Park Shutter Installation and Repair | 805 Shutters
https://www.805shutters.com/shutters/oak-park/,JSON-LD[1] $.@graph[1].provider.name,805 Shutters
https://www.805shutters.com/shades/oak-park-ca/,JSON-LD[0] $.@graph[0].name,805 Shutters
https://www.805shutters.com/shades/oak-park-ca/,JSON-LD[0] $.@graph[0].legalName,805 Shutters
https://www.805shutters.com/shades/oak-park-ca/,JSON-LD[0] $.@graph[0].alternateName,805 Shutters
https://www.805shutters.com/shades/oak-park-ca/,JSON-LD[0] $.@graph[0].hasOfferCatalog.name,805 Shutters window covering services
https://www.805shutters.com/shades/oak-park-ca/,JSON-LD[0] $.@graph[1].name,805 Shutters
https://www.805shutters.com/shades/oak-park-ca/,JSON-LD[0] $.@graph[1].alternateName,805 Shutters
https://www.805shutters.com/shades/oak-park-ca/,JSON-LD[1] $.@graph[0].name,Shades near Oak Park CA - 805 Shutters
https://www.805shutters.com/shades/oak-park-ca/,JSON-LD[1] $.@graph[1].provider.name,805 Shutters
https://www.805shutters.com/blinds/oak-park-ca/,JSON-LD[0] $.@graph[0].name,805 Shutters
https://www.805shutters.com/blinds/oak-park-ca/,JSON-LD[0] $.@graph[0].legalName,805 Shutters
https://www.805shutters.com/blinds/oak-park-ca/,JSON-LD[0] $.@graph[0].alternateName,805 Shutters
https://www.805shutters.com/blinds/oak-park-ca/,JSON-LD[0] $.@graph[0].hasOfferCatalog.name,805 Shutters window covering services
https://www.805shutters.com/blinds/oak-park-ca/,JSON-LD[0] $.@graph[1].name,805 Shutters
https://www.805shutters.com/blinds/oak-park-ca/,JSON-LD[0] $.@graph[1].alternateName,805 Shutters
https://www.805shutters.com/blinds/oak-park-ca/,JSON-LD[1] $.@graph[0].name,Blinds near Oak Park CA - 805 Shutters
https://www.805shutters.com/blinds/oak-park-ca/,JSON-LD[1] $.@graph[1].provider.name,805 Shutters
https://www.805shutters.com/drapery/oak-park-ca/,JSON-LD[0] $.@graph[0].name,805 Shutters
https://www.805shutters.com/drapery/oak-park-ca/,JSON-LD[0] $.@graph[0].legalName,805 Shutters
https://www.805shutters.com/drapery/oak-park-ca/,JSON-LD[0] $.@graph[0].alternateName,805 Shutters
https://www.805shutters.com/drapery/oak-park-ca/,JSON-LD[0] $.@graph[0].hasOfferCatalog.name,805 Shutters window covering services
https://www.805shutters.com/drapery/oak-park-ca/,JSON-LD[0] $.@graph[1].name,805 Shutters
https://www.805shutters.com/drapery/oak-park-ca/,JSON-LD[0] $.@graph[1].alternateName,805 Shutters
https://www.805shutters.com/drapery/oak-park-ca/,JSON-LD[1] $.@graph[0].name,Custom Drapery & Curtains near Oak Park CA - 805 Shutters
https://www.805shutters.com/drapery/oak-park-ca/,JSON-LD[1] $.@graph[1].provider.name,805 Shutters
https://www.805shutters.com/window-coverings/oak-park-ca/,JSON-LD[0] $.@graph[0].name,805 Shutters
https://www.805shutters.com/window-coverings/oak-park-ca/,JSON-LD[0] $.@graph[0].legalName,805 Shutters
https://www.805shutters.com/window-coverings/oak-park-ca/,JSON-LD[0] $.@graph[0].alternateName,805 Shutters
https://www.805shutters.com/window-coverings/oak-park-ca/,JSON-LD[0] $.@graph[0].hasOfferCatalog.name,805 Shutters window covering services
https://www.805shutters.com/window-coverings/oak-park-ca/,JSON-LD[0] $.@graph[1].name,805 Shutters
https://www.805shutters.com/window-coverings/oak-park-ca/,JSON-LD[0] $.@graph[1].alternateName,805 Shutters
https://www.805shutters.com/window-coverings/oak-park-ca/,JSON-LD[1] $.@graph[0].name,Window Coverings near Oak Park CA - 805 Shutters
https://www.805shutters.com/window-coverings/oak-park-ca/,JSON-LD[1] $.@graph[1].provider.name,805 Shutters
https://www.805shutters.com/window-treatments/oak-park-ca/,JSON-LD[0] $.@graph[0].name,805 Shutters
https://www.805shutters.com/window-treatments/oak-park-ca/,JSON-LD[0] $.@graph[0].legalName,805 Shutters
https://www.805shutters.com/window-treatments/oak-park-ca/,JSON-LD[0] $.@graph[0].alternateName,805 Shutters
https://www.805shutters.com/window-treatments/oak-park-ca/,JSON-LD[0] $.@graph[0].hasOfferCatalog.name,805 Shutters window covering services
https://www.805shutters.com/window-treatments/oak-park-ca/,JSON-LD[0] $.@graph[1].name,805 Shutters
https://www.805shutters.com/window-treatments/oak-park-ca/,JSON-LD[0] $.@graph[1].alternateName,805 Shutters
https://www.805shutters.com/window-treatments/oak-park-ca/,JSON-LD[1] $.@graph[0].name,Window Treatments near Oak Park CA - 805 Shutters
https://www.805shutters.com/window-treatments/oak-park-ca/,JSON-LD[1] $.@graph[1].provider.name,805 Shutters
https://www.805shutters.com/shutters/ojai/,JSON-LD[0] $.@graph[0].name,805 Shutters
https://www.805shutters.com/shutters/ojai/,JSON-LD[0] $.@graph[0].legalName,805 Shutters
https://www.805shutters.com/shutters/ojai/,JSON-LD[0] $.@graph[0].alternateName,805 Shutters
https://www.805shutters.com/shutters/ojai/,JSON-LD[0] $.@graph[0].hasOfferCatalog.name,805 Shutters window covering services
https://www.805shutters.com/shutters/ojai/,JSON-LD[0] $.@graph[1].name,805 Shutters
https://www.805shutters.com/shutters/ojai/,JSON-LD[0] $.@graph[1].alternateName,805 Shutters
https://www.805shutters.com/shutters/ojai/,JSON-LD[1] $.@graph[0].name,Shutters in Ojai CA | Ojai Shutter Installation and Repair | 805 Shutters
https://www.805shutters.com/shutters/ojai/,JSON-LD[1] $.@graph[1].provider.name,805 Shutters
https://www.805shutters.com/shades/ojai-ca/,JSON-LD[0] $.@graph[0].name,805 Shutters
https://www.805shutters.com/shades/ojai-ca/,JSON-LD[0] $.@graph[0].legalName,805 Shutters
https://www.805shutters.com/shades/ojai-ca/,JSON-LD[0] $.@graph[0].alternateName,805 Shutters
https://www.805shutters.com/shades/ojai-ca/,JSON-LD[0] $.@graph[0].hasOfferCatalog.name,805 Shutters window covering services
https://www.805shutters.com/shades/ojai-ca/,JSON-LD[0] $.@graph[1].name,805 Shutters
https://www.805shutters.com/shades/ojai-ca/,JSON-LD[0] $.@graph[1].alternateName,805 Shutters
https://www.805shutters.com/shades/ojai-ca/,JSON-LD[1] $.@graph[0].name,Shades near Ojai CA - 805 Shutters
https://www.805shutters.com/shades/ojai-ca/,JSON-LD[1] $.@graph[1].provider.name,805 Shutters
https://www.805shutters.com/blinds/ojai-ca/,JSON-LD[0] $.@graph[0].name,805 Shutters
https://www.805shutters.com/blinds/ojai-ca/,JSON-LD[0] $.@graph[0].legalName,805 Shutters
https://www.805shutters.com/blinds/ojai-ca/,JSON-LD[0] $.@graph[0].alternateName,805 Shutters
https://www.805shutters.com/blinds/ojai-ca/,JSON-LD[0] $.@graph[0].hasOfferCatalog.name,805 Shutters window covering services
https://www.805shutters.com/blinds/ojai-ca/,JSON-LD[0] $.@graph[1].name,805 Shutters
https://www.805shutters.com/blinds/ojai-ca/,JSON-LD[0] $.@graph[1].alternateName,805 Shutters
https://www.805shutters.com/blinds/ojai-ca/,JSON-LD[1] $.@graph[0].name,Blinds near Ojai CA - 805 Shutters
https://www.805shutters.com/blinds/ojai-ca/,JSON-LD[1] $.@graph[1].provider.name,805 Shutters
https://www.805shutters.com/drapery/ojai-ca/,JSON-LD[0] $.@graph[0].name,805 Shutters
https://www.805shutters.com/drapery/ojai-ca/,JSON-LD[0] $.@graph[0].legalName,805 Shutters
https://www.805shutters.com/drapery/ojai-ca/,JSON-LD[0] $.@graph[0].alternateName,805 Shutters
https://www.805shutters.com/drapery/ojai-ca/,JSON-LD[0] $.@graph[0].hasOfferCatalog.name,805 Shutters window covering services
https://www.805shutters.com/drapery/ojai-ca/,JSON-LD[0] $.@graph[1].name,805 Shutters
https://www.805shutters.com/drapery/ojai-ca/,JSON-LD[0] $.@graph[1].alternateName,805 Shutters
https://www.805shutters.com/drapery/ojai-ca/,JSON-LD[1] $.@graph[0].name,Custom Drapery & Curtains near Ojai CA - 805 Shutters
https://www.805shutters.com/drapery/ojai-ca/,JSON-LD[1] $.@graph[1].provider.name,805 Shutters
https://www.805shutters.com/window-coverings/ojai-ca/,JSON-LD[0] $.@graph[0].name,805 Shutters
https://www.805shutters.com/window-coverings/ojai-ca/,JSON-LD[0] $.@graph[0].legalName,805 Shutters
https://www.805shutters.com/window-coverings/ojai-ca/,JSON-LD[0] $.@graph[0].alternateName,805 Shutters
https://www.805shutters.com/window-coverings/ojai-ca/,JSON-LD[0] $.@graph[0].hasOfferCatalog.name,805 Shutters window covering services
https://www.805shutters.com/window-coverings/ojai-ca/,JSON-LD[0] $.@graph[1].name,805 Shutters
https://www.805shutters.com/window-coverings/ojai-ca/,JSON-LD[0] $.@graph[1].alternateName,805 Shutters
https://www.805shutters.com/window-coverings/ojai-ca/,JSON-LD[1] $.@graph[0].name,Window Coverings near Ojai CA - 805 Shutters
https://www.805shutters.com/window-coverings/ojai-ca/,JSON-LD[1] $.@graph[1].provider.name,805 Shutters
https://www.805shutters.com/window-treatments/ojai-ca/,JSON-LD[0] $.@graph[0].name,805 Shutters
https://www.805shutters.com/window-treatments/ojai-ca/,JSON-LD[0] $.@graph[0].legalName,805 Shutters
https://www.805shutters.com/window-treatments/ojai-ca/,JSON-LD[0] $.@graph[0].alternateName,805 Shutters
https://www.805shutters.com/window-treatments/ojai-ca/,JSON-LD[0] $.@graph[0].hasOfferCatalog.name,805 Shutters window covering services
https://www.805shutters.com/window-treatments/ojai-ca/,JSON-LD[0] $.@graph[1].name,805 Shutters
https://www.805shutters.com/window-treatments/ojai-ca/,JSON-LD[0] $.@graph[1].alternateName,805 Shutters
https://www.805shutters.com/window-treatments/ojai-ca/,JSON-LD[1] $.@graph[0].name,Window Treatments near Ojai CA - 805 Shutters
https://www.805shutters.com/window-treatments/ojai-ca/,JSON-LD[1] $.@graph[1].provider.name,805 Shutters
https://www.805shutters.com/shutters/oxnard/,JSON-LD[0] $.@graph[0].name,805 Shutters
https://www.805shutters.com/shutters/oxnard/,JSON-LD[0] $.@graph[0].legalName,805 Shutters
https://www.805shutters.com/shutters/oxnard/,JSON-LD[0] $.@graph[0].alternateName,805 Shutters
https://www.805shutters.com/shutters/oxnard/,JSON-LD[0] $.@graph[0].hasOfferCatalog.name,805 Shutters window covering services
https://www.805shutters.com/shutters/oxnard/,JSON-LD[0] $.@graph[1].name,805 Shutters
https://www.805shutters.com/shutters/oxnard/,JSON-LD[0] $.@graph[1].alternateName,805 Shutters
https://www.805shutters.com/shutters/oxnard/,JSON-LD[1] $.@graph[0].name,Custom Shutters Oxnard | Plantation Shutters | 805 Shutters
https://www.805shutters.com/shutters/oxnard/,JSON-LD[1] $.@graph[1].provider.name,805 Shutters
https://www.805shutters.com/shutters/oxnard/,JSON-LD[1] $.@graph[2].mainEntity[0].name,Does 805 Shutters install plantation shutters in Oxnard?
https://www.805shutters.com/shades/oxnard-ca/,JSON-LD[0] $.@graph[0].name,805 Shutters
https://www.805shutters.com/shades/oxnard-ca/,JSON-LD[0] $.@graph[0].legalName,805 Shutters
https://www.805shutters.com/shades/oxnard-ca/,JSON-LD[0] $.@graph[0].alternateName,805 Shutters
https://www.805shutters.com/shades/oxnard-ca/,JSON-LD[0] $.@graph[0].hasOfferCatalog.name,805 Shutters window covering services
https://www.805shutters.com/shades/oxnard-ca/,JSON-LD[0] $.@graph[1].name,805 Shutters
https://www.805shutters.com/shades/oxnard-ca/,JSON-LD[0] $.@graph[1].alternateName,805 Shutters
https://www.805shutters.com/shades/oxnard-ca/,JSON-LD[1] $.@graph[0].name,Shades near Oxnard CA - 805 Shutters
https://www.805shutters.com/shades/oxnard-ca/,JSON-LD[1] $.@graph[1].provider.name,805 Shutters
https://www.805shutters.com/blinds/oxnard-ca/,JSON-LD[0] $.@graph[0].name,805 Shutters
https://www.805shutters.com/blinds/oxnard-ca/,JSON-LD[0] $.@graph[0].legalName,805 Shutters
https://www.805shutters.com/blinds/oxnard-ca/,JSON-LD[0] $.@graph[0].alternateName,805 Shutters
https://www.805shutters.com/blinds/oxnard-ca/,JSON-LD[0] $.@graph[0].hasOfferCatalog.name,805 Shutters window covering services
https://www.805shutters.com/blinds/oxnard-ca/,JSON-LD[0] $.@graph[1].name,805 Shutters
https://www.805shutters.com/blinds/oxnard-ca/,JSON-LD[0] $.@graph[1].alternateName,805 Shutters
https://www.805shutters.com/blinds/oxnard-ca/,JSON-LD[1] $.@graph[0].name,Blinds near Oxnard CA - 805 Shutters
https://www.805shutters.com/blinds/oxnard-ca/,JSON-LD[1] $.@graph[1].provider.name,805 Shutters
https://www.805shutters.com/drapery/oxnard-ca/,JSON-LD[0] $.@graph[0].name,805 Shutters
https://www.805shutters.com/drapery/oxnard-ca/,JSON-LD[0] $.@graph[0].legalName,805 Shutters
https://www.805shutters.com/drapery/oxnard-ca/,JSON-LD[0] $.@graph[0].alternateName,805 Shutters
https://www.805shutters.com/drapery/oxnard-ca/,JSON-LD[0] $.@graph[0].hasOfferCatalog.name,805 Shutters window covering services
https://www.805shutters.com/drapery/oxnard-ca/,JSON-LD[0] $.@graph[1].name,805 Shutters
https://www.805shutters.com/drapery/oxnard-ca/,JSON-LD[0] $.@graph[1].alternateName,805 Shutters
https://www.805shutters.com/drapery/oxnard-ca/,JSON-LD[1] $.@graph[0].name,Custom Drapery & Curtains near Oxnard CA - 805 Shutters
https://www.805shutters.com/drapery/oxnard-ca/,JSON-LD[1] $.@graph[1].provider.name,805 Shutters
https://www.805shutters.com/window-coverings/oxnard-ca/,JSON-LD[0] $.@graph[0].name,805 Shutters
https://www.805shutters.com/window-coverings/oxnard-ca/,JSON-LD[0] $.@graph[0].legalName,805 Shutters
https://www.805shutters.com/window-coverings/oxnard-ca/,JSON-LD[0] $.@graph[0].alternateName,805 Shutters
https://www.805shutters.com/window-coverings/oxnard-ca/,JSON-LD[0] $.@graph[0].hasOfferCatalog.name,805 Shutters window covering services
https://www.805shutters.com/window-coverings/oxnard-ca/,JSON-LD[0] $.@graph[1].name,805 Shutters
https://www.805shutters.com/window-coverings/oxnard-ca/,JSON-LD[0] $.@graph[1].alternateName,805 Shutters
https://www.805shutters.com/window-coverings/oxnard-ca/,JSON-LD[1] $.@graph[0].name,Window Coverings near Oxnard CA - 805 Shutters
https://www.805shutters.com/window-coverings/oxnard-ca/,JSON-LD[1] $.@graph[1].provider.name,805 Shutters
https://www.805shutters.com/window-treatments/oxnard-ca/,JSON-LD[0] $.@graph[0].name,805 Shutters
https://www.805shutters.com/window-treatments/oxnard-ca/,JSON-LD[0] $.@graph[0].legalName,805 Shutters
https://www.805shutters.com/window-treatments/oxnard-ca/,JSON-LD[0] $.@graph[0].alternateName,805 Shutters
https://www.805shutters.com/window-treatments/oxnard-ca/,JSON-LD[0] $.@graph[0].hasOfferCatalog.name,805 Shutters window covering services
https://www.805shutters.com/window-treatments/oxnard-ca/,JSON-LD[0] $.@graph[1].name,805 Shutters
https://www.805shutters.com/window-treatments/oxnard-ca/,JSON-LD[0] $.@graph[1].alternateName,805 Shutters
https://www.805shutters.com/window-treatments/oxnard-ca/,JSON-LD[1] $.@graph[0].name,Window Treatments near Oxnard CA - 805 Shutters
https://www.805shutters.com/window-treatments/oxnard-ca/,JSON-LD[1] $.@graph[1].provider.name,805 Shutters
https://www.805shutters.com/shutters/port-hueneme/,JSON-LD[0] $.@graph[0].name,805 Shutters
https://www.805shutters.com/shutters/port-hueneme/,JSON-LD[0] $.@graph[0].legalName,805 Shutters
https://www.805shutters.com/shutters/port-hueneme/,JSON-LD[0] $.@graph[0].alternateName,805 Shutters
https://www.805shutters.com/shutters/port-hueneme/,JSON-LD[0] $.@graph[0].hasOfferCatalog.name,805 Shutters window covering services
https://www.805shutters.com/shutters/port-hueneme/,JSON-LD[0] $.@graph[1].name,805 Shutters
https://www.805shutters.com/shutters/port-hueneme/,JSON-LD[0] $.@graph[1].alternateName,805 Shutters
https://www.805shutters.com/shutters/port-hueneme/,JSON-LD[1] $.@graph[0].name,Shutters in Port Hueneme CA | Port Hueneme Shutter Installation and Repair | 805 Shutters
https://www.805shutters.com/shutters/port-hueneme/,JSON-LD[1] $.@graph[1].provider.name,805 Shutters
https://www.805shutters.com/shades/port-hueneme-ca/,JSON-LD[0] $.@graph[0].name,805 Shutters
https://www.805shutters.com/shades/port-hueneme-ca/,JSON-LD[0] $.@graph[0].legalName,805 Shutters
https://www.805shutters.com/shades/port-hueneme-ca/,JSON-LD[0] $.@graph[0].alternateName,805 Shutters
https://www.805shutters.com/shades/port-hueneme-ca/,JSON-LD[0] $.@graph[0].hasOfferCatalog.name,805 Shutters window covering services
https://www.805shutters.com/shades/port-hueneme-ca/,JSON-LD[0] $.@graph[1].name,805 Shutters
https://www.805shutters.com/shades/port-hueneme-ca/,JSON-LD[0] $.@graph[1].alternateName,805 Shutters
https://www.805shutters.com/shades/port-hueneme-ca/,JSON-LD[1] $.@graph[0].name,Shades near Port Hueneme CA - 805 Shutters
https://www.805shutters.com/shades/port-hueneme-ca/,JSON-LD[1] $.@graph[1].provider.name,805 Shutters
https://www.805shutters.com/blinds/port-hueneme-ca/,JSON-LD[0] $.@graph[0].name,805 Shutters
https://www.805shutters.com/blinds/port-hueneme-ca/,JSON-LD[0] $.@graph[0].legalName,805 Shutters
https://www.805shutters.com/blinds/port-hueneme-ca/,JSON-LD[0] $.@graph[0].alternateName,805 Shutters
https://www.805shutters.com/blinds/port-hueneme-ca/,JSON-LD[0] $.@graph[0].hasOfferCatalog.name,805 Shutters window covering services
https://www.805shutters.com/blinds/port-hueneme-ca/,JSON-LD[0] $.@graph[1].name,805 Shutters
https://www.805shutters.com/blinds/port-hueneme-ca/,JSON-LD[0] $.@graph[1].alternateName,805 Shutters
https://www.805shutters.com/blinds/port-hueneme-ca/,JSON-LD[1] $.@graph[0].name,Blinds near Port Hueneme CA - 805 Shutters
https://www.805shutters.com/blinds/port-hueneme-ca/,JSON-LD[1] $.@graph[1].provider.name,805 Shutters
https://www.805shutters.com/drapery/port-hueneme-ca/,JSON-LD[0] $.@graph[0].name,805 Shutters
https://www.805shutters.com/drapery/port-hueneme-ca/,JSON-LD[0] $.@graph[0].legalName,805 Shutters
https://www.805shutters.com/drapery/port-hueneme-ca/,JSON-LD[0] $.@graph[0].alternateName,805 Shutters
https://www.805shutters.com/drapery/port-hueneme-ca/,JSON-LD[0] $.@graph[0].hasOfferCatalog.name,805 Shutters window covering services
https://www.805shutters.com/drapery/port-hueneme-ca/,JSON-LD[0] $.@graph[1].name,805 Shutters
https://www.805shutters.com/drapery/port-hueneme-ca/,JSON-LD[0] $.@graph[1].alternateName,805 Shutters
https://www.805shutters.com/drapery/port-hueneme-ca/,JSON-LD[1] $.@graph[0].name,Custom Drapery & Curtains near Port Hueneme CA - 805 Shutters
https://www.805shutters.com/drapery/port-hueneme-ca/,JSON-LD[1] $.@graph[1].provider.name,805 Shutters
https://www.805shutters.com/window-coverings/port-hueneme-ca/,JSON-LD[0] $.@graph[0].name,805 Shutters
https://www.805shutters.com/window-coverings/port-hueneme-ca/,JSON-LD[0] $.@graph[0].legalName,805 Shutters
https://www.805shutters.com/window-coverings/port-hueneme-ca/,JSON-LD[0] $.@graph[0].alternateName,805 Shutters
https://www.805shutters.com/window-coverings/port-hueneme-ca/,JSON-LD[0] $.@graph[0].hasOfferCatalog.name,805 Shutters window covering services
https://www.805shutters.com/window-coverings/port-hueneme-ca/,JSON-LD[0] $.@graph[1].name,805 Shutters
https://www.805shutters.com/window-coverings/port-hueneme-ca/,JSON-LD[0] $.@graph[1].alternateName,805 Shutters
https://www.805shutters.com/window-coverings/port-hueneme-ca/,JSON-LD[1] $.@graph[0].name,Window Coverings near Port Hueneme CA - 805 Shutters
https://www.805shutters.com/window-coverings/port-hueneme-ca/,JSON-LD[1] $.@graph[1].provider.name,805 Shutters
https://www.805shutters.com/window-treatments/port-hueneme-ca/,JSON-LD[0] $.@graph[0].name,805 Shutters
https://www.805shutters.com/window-treatments/port-hueneme-ca/,JSON-LD[0] $.@graph[0].legalName,805 Shutters
https://www.805shutters.com/window-treatments/port-hueneme-ca/,JSON-LD[0] $.@graph[0].alternateName,805 Shutters
https://www.805shutters.com/window-treatments/port-hueneme-ca/,JSON-LD[0] $.@graph[0].hasOfferCatalog.name,805 Shutters window covering services
https://www.805shutters.com/window-treatments/port-hueneme-ca/,JSON-LD[0] $.@graph[1].name,805 Shutters
https://www.805shutters.com/window-treatments/port-hueneme-ca/,JSON-LD[0] $.@graph[1].alternateName,805 Shutters
https://www.805shutters.com/window-treatments/port-hueneme-ca/,JSON-LD[1] $.@graph[0].name,Window Treatments near Port Hueneme CA - 805 Shutters
https://www.805shutters.com/window-treatments/port-hueneme-ca/,JSON-LD[1] $.@graph[1].provider.name,805 Shutters
https://www.805shutters.com/shutters/santa-paula/,JSON-LD[0] $.@graph[0].name,805 Shutters
https://www.805shutters.com/shutters/santa-paula/,JSON-LD[0] $.@graph[0].legalName,805 Shutters
https://www.805shutters.com/shutters/santa-paula/,JSON-LD[0] $.@graph[0].alternateName,805 Shutters
https://www.805shutters.com/shutters/santa-paula/,JSON-LD[0] $.@graph[0].hasOfferCatalog.name,805 Shutters window covering services
https://www.805shutters.com/shutters/santa-paula/,JSON-LD[0] $.@graph[1].name,805 Shutters
https://www.805shutters.com/shutters/santa-paula/,JSON-LD[0] $.@graph[1].alternateName,805 Shutters
https://www.805shutters.com/shutters/santa-paula/,JSON-LD[1] $.@graph[0].name,Shutters in Santa Paula CA | Santa Paula Shutter Installation and Repair | 805 Shutters
https://www.805shutters.com/shutters/santa-paula/,JSON-LD[1] $.@graph[1].provider.name,805 Shutters
https://www.805shutters.com/shades/santa-paula-ca/,JSON-LD[0] $.@graph[0].name,805 Shutters
https://www.805shutters.com/shades/santa-paula-ca/,JSON-LD[0] $.@graph[0].legalName,805 Shutters
https://www.805shutters.com/shades/santa-paula-ca/,JSON-LD[0] $.@graph[0].alternateName,805 Shutters
https://www.805shutters.com/shades/santa-paula-ca/,JSON-LD[0] $.@graph[0].hasOfferCatalog.name,805 Shutters window covering services
https://www.805shutters.com/shades/santa-paula-ca/,JSON-LD[0] $.@graph[1].name,805 Shutters
https://www.805shutters.com/shades/santa-paula-ca/,JSON-LD[0] $.@graph[1].alternateName,805 Shutters
https://www.805shutters.com/shades/santa-paula-ca/,JSON-LD[1] $.@graph[0].name,Shades near Santa Paula CA - 805 Shutters
https://www.805shutters.com/shades/santa-paula-ca/,JSON-LD[1] $.@graph[1].provider.name,805 Shutters
https://www.805shutters.com/blinds/santa-paula-ca/,JSON-LD[0] $.@graph[0].name,805 Shutters
https://www.805shutters.com/blinds/santa-paula-ca/,JSON-LD[0] $.@graph[0].legalName,805 Shutters
https://www.805shutters.com/blinds/santa-paula-ca/,JSON-LD[0] $.@graph[0].alternateName,805 Shutters
https://www.805shutters.com/blinds/santa-paula-ca/,JSON-LD[0] $.@graph[0].hasOfferCatalog.name,805 Shutters window covering services
https://www.805shutters.com/blinds/santa-paula-ca/,JSON-LD[0] $.@graph[1].name,805 Shutters
https://www.805shutters.com/blinds/santa-paula-ca/,JSON-LD[0] $.@graph[1].alternateName,805 Shutters
https://www.805shutters.com/blinds/santa-paula-ca/,JSON-LD[1] $.@graph[0].name,Blinds near Santa Paula CA - 805 Shutters
https://www.805shutters.com/blinds/santa-paula-ca/,JSON-LD[1] $.@graph[1].provider.name,805 Shutters
https://www.805shutters.com/drapery/santa-paula-ca/,JSON-LD[0] $.@graph[0].name,805 Shutters
https://www.805shutters.com/drapery/santa-paula-ca/,JSON-LD[0] $.@graph[0].legalName,805 Shutters
https://www.805shutters.com/drapery/santa-paula-ca/,JSON-LD[0] $.@graph[0].alternateName,805 Shutters
https://www.805shutters.com/drapery/santa-paula-ca/,JSON-LD[0] $.@graph[0].hasOfferCatalog.name,805 Shutters window covering services
https://www.805shutters.com/drapery/santa-paula-ca/,JSON-LD[0] $.@graph[1].name,805 Shutters
https://www.805shutters.com/drapery/santa-paula-ca/,JSON-LD[0] $.@graph[1].alternateName,805 Shutters
https://www.805shutters.com/drapery/santa-paula-ca/,JSON-LD[1] $.@graph[0].name,Custom Drapery & Curtains near Santa Paula CA - 805 Shutters
https://www.805shutters.com/drapery/santa-paula-ca/,JSON-LD[1] $.@graph[1].provider.name,805 Shutters
https://www.805shutters.com/window-coverings/santa-paula-ca/,JSON-LD[0] $.@graph[0].name,805 Shutters
https://www.805shutters.com/window-coverings/santa-paula-ca/,JSON-LD[0] $.@graph[0].legalName,805 Shutters
https://www.805shutters.com/window-coverings/santa-paula-ca/,JSON-LD[0] $.@graph[0].alternateName,805 Shutters
https://www.805shutters.com/window-coverings/santa-paula-ca/,JSON-LD[0] $.@graph[0].hasOfferCatalog.name,805 Shutters window covering services
https://www.805shutters.com/window-coverings/santa-paula-ca/,JSON-LD[0] $.@graph[1].name,805 Shutters
https://www.805shutters.com/window-coverings/santa-paula-ca/,JSON-LD[0] $.@graph[1].alternateName,805 Shutters
https://www.805shutters.com/window-coverings/santa-paula-ca/,JSON-LD[1] $.@graph[0].name,Window Coverings near Santa Paula CA - 805 Shutters
https://www.805shutters.com/window-coverings/santa-paula-ca/,JSON-LD[1] $.@graph[1].provider.name,805 Shutters
https://www.805shutters.com/window-treatments/santa-paula-ca/,JSON-LD[0] $.@graph[0].name,805 Shutters
https://www.805shutters.com/window-treatments/santa-paula-ca/,JSON-LD[0] $.@graph[0].legalName,805 Shutters
https://www.805shutters.com/window-treatments/santa-paula-ca/,JSON-LD[0] $.@graph[0].alternateName,805 Shutters
https://www.805shutters.com/window-treatments/santa-paula-ca/,JSON-LD[0] $.@graph[0].hasOfferCatalog.name,805 Shutters window covering services
https://www.805shutters.com/window-treatments/santa-paula-ca/,JSON-LD[0] $.@graph[1].name,805 Shutters
https://www.805shutters.com/window-treatments/santa-paula-ca/,JSON-LD[0] $.@graph[1].alternateName,805 Shutters
https://www.805shutters.com/window-treatments/santa-paula-ca/,JSON-LD[1] $.@graph[0].name,Window Treatments near Santa Paula CA - 805 Shutters
https://www.805shutters.com/window-treatments/santa-paula-ca/,JSON-LD[1] $.@graph[1].provider.name,805 Shutters
https://www.805shutters.com/shutters/santa-clarita/,JSON-LD[0] $.@graph[0].name,805 Shutters
https://www.805shutters.com/shutters/santa-clarita/,JSON-LD[0] $.@graph[0].legalName,805 Shutters
https://www.805shutters.com/shutters/santa-clarita/,JSON-LD[0] $.@graph[0].alternateName,805 Shutters
https://www.805shutters.com/shutters/santa-clarita/,JSON-LD[0] $.@graph[0].hasOfferCatalog.name,805 Shutters window covering services
https://www.805shutters.com/shutters/santa-clarita/,JSON-LD[0] $.@graph[1].name,805 Shutters
https://www.805shutters.com/shutters/santa-clarita/,JSON-LD[0] $.@graph[1].alternateName,805 Shutters
https://www.805shutters.com/shutters/santa-clarita/,JSON-LD[1] $.@graph[0].name,Shutters in Santa Clarita CA | Santa Clarita Shutter Installation and Repair | 805 Shutters
https://www.805shutters.com/shutters/santa-clarita/,JSON-LD[1] $.@graph[1].provider.name,805 Shutters
https://www.805shutters.com/shades/santa-clarita-ca/,JSON-LD[0] $.@graph[0].name,805 Shutters
https://www.805shutters.com/shades/santa-clarita-ca/,JSON-LD[0] $.@graph[0].legalName,805 Shutters
https://www.805shutters.com/shades/santa-clarita-ca/,JSON-LD[0] $.@graph[0].alternateName,805 Shutters
https://www.805shutters.com/shades/santa-clarita-ca/,JSON-LD[0] $.@graph[0].hasOfferCatalog.name,805 Shutters window covering services
https://www.805shutters.com/shades/santa-clarita-ca/,JSON-LD[0] $.@graph[1].name,805 Shutters
https://www.805shutters.com/shades/santa-clarita-ca/,JSON-LD[0] $.@graph[1].alternateName,805 Shutters
https://www.805shutters.com/shades/santa-clarita-ca/,JSON-LD[1] $.@graph[0].name,Shades near Santa Clarita CA - 805 Shutters
https://www.805shutters.com/shades/santa-clarita-ca/,JSON-LD[1] $.@graph[1].provider.name,805 Shutters
https://www.805shutters.com/blinds/santa-clarita-ca/,JSON-LD[0] $.@graph[0].name,805 Shutters
https://www.805shutters.com/blinds/santa-clarita-ca/,JSON-LD[0] $.@graph[0].legalName,805 Shutters
https://www.805shutters.com/blinds/santa-clarita-ca/,JSON-LD[0] $.@graph[0].alternateName,805 Shutters
https://www.805shutters.com/blinds/santa-clarita-ca/,JSON-LD[0] $.@graph[0].hasOfferCatalog.name,805 Shutters window covering services
https://www.805shutters.com/blinds/santa-clarita-ca/,JSON-LD[0] $.@graph[1].name,805 Shutters
https://www.805shutters.com/blinds/santa-clarita-ca/,JSON-LD[0] $.@graph[1].alternateName,805 Shutters
https://www.805shutters.com/blinds/santa-clarita-ca/,JSON-LD[1] $.@graph[0].name,Blinds near Santa Clarita CA - 805 Shutters
https://www.805shutters.com/blinds/santa-clarita-ca/,JSON-LD[1] $.@graph[1].provider.name,805 Shutters
https://www.805shutters.com/drapery/santa-clarita-ca/,JSON-LD[0] $.@graph[0].name,805 Shutters
https://www.805shutters.com/drapery/santa-clarita-ca/,JSON-LD[0] $.@graph[0].legalName,805 Shutters
https://www.805shutters.com/drapery/santa-clarita-ca/,JSON-LD[0] $.@graph[0].alternateName,805 Shutters
https://www.805shutters.com/drapery/santa-clarita-ca/,JSON-LD[0] $.@graph[0].hasOfferCatalog.name,805 Shutters window covering services
https://www.805shutters.com/drapery/santa-clarita-ca/,JSON-LD[0] $.@graph[1].name,805 Shutters
https://www.805shutters.com/drapery/santa-clarita-ca/,JSON-LD[0] $.@graph[1].alternateName,805 Shutters
https://www.805shutters.com/drapery/santa-clarita-ca/,JSON-LD[1] $.@graph[0].name,Custom Drapery & Curtains near Santa Clarita CA - 805 Shutters
https://www.805shutters.com/drapery/santa-clarita-ca/,JSON-LD[1] $.@graph[1].provider.name,805 Shutters
https://www.805shutters.com/window-coverings/santa-clarita-ca/,JSON-LD[0] $.@graph[0].name,805 Shutters
https://www.805shutters.com/window-coverings/santa-clarita-ca/,JSON-LD[0] $.@graph[0].legalName,805 Shutters
https://www.805shutters.com/window-coverings/santa-clarita-ca/,JSON-LD[0] $.@graph[0].alternateName,805 Shutters
https://www.805shutters.com/window-coverings/santa-clarita-ca/,JSON-LD[0] $.@graph[0].hasOfferCatalog.name,805 Shutters window covering services
https://www.805shutters.com/window-coverings/santa-clarita-ca/,JSON-LD[0] $.@graph[1].name,805 Shutters
https://www.805shutters.com/window-coverings/santa-clarita-ca/,JSON-LD[0] $.@graph[1].alternateName,805 Shutters
https://www.805shutters.com/window-coverings/santa-clarita-ca/,JSON-LD[1] $.@graph[0].name,Window Coverings near Santa Clarita CA - 805 Shutters
https://www.805shutters.com/window-coverings/santa-clarita-ca/,JSON-LD[1] $.@graph[1].provider.name,805 Shutters
https://www.805shutters.com/window-treatments/santa-clarita-ca/,JSON-LD[0] $.@graph[0].name,805 Shutters
https://www.805shutters.com/window-treatments/santa-clarita-ca/,JSON-LD[0] $.@graph[0].legalName,805 Shutters
https://www.805shutters.com/window-treatments/santa-clarita-ca/,JSON-LD[0] $.@graph[0].alternateName,805 Shutters
https://www.805shutters.com/window-treatments/santa-clarita-ca/,JSON-LD[0] $.@graph[0].hasOfferCatalog.name,805 Shutters window covering services
https://www.805shutters.com/window-treatments/santa-clarita-ca/,JSON-LD[0] $.@graph[1].name,805 Shutters
https://www.805shutters.com/window-treatments/santa-clarita-ca/,JSON-LD[0] $.@graph[1].alternateName,805 Shutters
https://www.805shutters.com/window-treatments/santa-clarita-ca/,JSON-LD[1] $.@graph[0].name,Window Treatments near Santa Clarita CA - 805 Shutters
https://www.805shutters.com/window-treatments/santa-clarita-ca/,JSON-LD[1] $.@graph[1].provider.name,805 Shutters
https://www.805shutters.com/shutters/santa-rosa-valley/,JSON-LD[0] $.@graph[0].name,805 Shutters
https://www.805shutters.com/shutters/santa-rosa-valley/,JSON-LD[0] $.@graph[0].legalName,805 Shutters
https://www.805shutters.com/shutters/santa-rosa-valley/,JSON-LD[0] $.@graph[0].alternateName,805 Shutters
https://www.805shutters.com/shutters/santa-rosa-valley/,JSON-LD[0] $.@graph[0].hasOfferCatalog.name,805 Shutters window covering services
https://www.805shutters.com/shutters/santa-rosa-valley/,JSON-LD[0] $.@graph[1].name,805 Shutters
https://www.805shutters.com/shutters/santa-rosa-valley/,JSON-LD[0] $.@graph[1].alternateName,805 Shutters
https://www.805shutters.com/shutters/santa-rosa-valley/,JSON-LD[1] $.@graph[0].name,Shutters in Santa Rosa Valley CA | Santa Rosa Valley Shutter Installation and Repair | 805 Shutters
https://www.805shutters.com/shutters/santa-rosa-valley/,JSON-LD[1] $.@graph[1].provider.name,805 Shutters
https://www.805shutters.com/shades/santa-rosa-valley-ca/,JSON-LD[0] $.@graph[0].name,805 Shutters
https://www.805shutters.com/shades/santa-rosa-valley-ca/,JSON-LD[0] $.@graph[0].legalName,805 Shutters
https://www.805shutters.com/shades/santa-rosa-valley-ca/,JSON-LD[0] $.@graph[0].alternateName,805 Shutters
https://www.805shutters.com/shades/santa-rosa-valley-ca/,JSON-LD[0] $.@graph[0].hasOfferCatalog.name,805 Shutters window covering services
https://www.805shutters.com/shades/santa-rosa-valley-ca/,JSON-LD[0] $.@graph[1].name,805 Shutters
https://www.805shutters.com/shades/santa-rosa-valley-ca/,JSON-LD[0] $.@graph[1].alternateName,805 Shutters
https://www.805shutters.com/shades/santa-rosa-valley-ca/,JSON-LD[1] $.@graph[0].name,Shades near Santa Rosa Valley CA - 805 Shutters
https://www.805shutters.com/shades/santa-rosa-valley-ca/,JSON-LD[1] $.@graph[1].provider.name,805 Shutters
https://www.805shutters.com/blinds/santa-rosa-valley-ca/,JSON-LD[0] $.@graph[0].name,805 Shutters
https://www.805shutters.com/blinds/santa-rosa-valley-ca/,JSON-LD[0] $.@graph[0].legalName,805 Shutters
https://www.805shutters.com/blinds/santa-rosa-valley-ca/,JSON-LD[0] $.@graph[0].alternateName,805 Shutters
https://www.805shutters.com/blinds/santa-rosa-valley-ca/,JSON-LD[0] $.@graph[0].hasOfferCatalog.name,805 Shutters window covering services
https://www.805shutters.com/blinds/santa-rosa-valley-ca/,JSON-LD[0] $.@graph[1].name,805 Shutters
https://www.805shutters.com/blinds/santa-rosa-valley-ca/,JSON-LD[0] $.@graph[1].alternateName,805 Shutters
https://www.805shutters.com/blinds/santa-rosa-valley-ca/,JSON-LD[1] $.@graph[0].name,Blinds near Santa Rosa Valley CA - 805 Shutters
https://www.805shutters.com/blinds/santa-rosa-valley-ca/,JSON-LD[1] $.@graph[1].provider.name,805 Shutters
https://www.805shutters.com/drapery/santa-rosa-valley-ca/,JSON-LD[0] $.@graph[0].name,805 Shutters
https://www.805shutters.com/drapery/santa-rosa-valley-ca/,JSON-LD[0] $.@graph[0].legalName,805 Shutters
https://www.805shutters.com/drapery/santa-rosa-valley-ca/,JSON-LD[0] $.@graph[0].alternateName,805 Shutters
https://www.805shutters.com/drapery/santa-rosa-valley-ca/,JSON-LD[0] $.@graph[0].hasOfferCatalog.name,805 Shutters window covering services
https://www.805shutters.com/drapery/santa-rosa-valley-ca/,JSON-LD[0] $.@graph[1].name,805 Shutters
https://www.805shutters.com/drapery/santa-rosa-valley-ca/,JSON-LD[0] $.@graph[1].alternateName,805 Shutters
https://www.805shutters.com/drapery/santa-rosa-valley-ca/,JSON-LD[1] $.@graph[0].name,Custom Drapery & Curtains near Santa Rosa Valley CA - 805 Shutters
https://www.805shutters.com/drapery/santa-rosa-valley-ca/,JSON-LD[1] $.@graph[1].provider.name,805 Shutters
https://www.805shutters.com/window-coverings/santa-rosa-valley-ca/,JSON-LD[0] $.@graph[0].name,805 Shutters
https://www.805shutters.com/window-coverings/santa-rosa-valley-ca/,JSON-LD[0] $.@graph[0].legalName,805 Shutters
https://www.805shutters.com/window-coverings/santa-rosa-valley-ca/,JSON-LD[0] $.@graph[0].alternateName,805 Shutters
https://www.805shutters.com/window-coverings/santa-rosa-valley-ca/,JSON-LD[0] $.@graph[0].hasOfferCatalog.name,805 Shutters window covering services
https://www.805shutters.com/window-coverings/santa-rosa-valley-ca/,JSON-LD[0] $.@graph[1].name,805 Shutters
https://www.805shutters.com/window-coverings/santa-rosa-valley-ca/,JSON-LD[0] $.@graph[1].alternateName,805 Shutters
https://www.805shutters.com/window-coverings/santa-rosa-valley-ca/,JSON-LD[1] $.@graph[0].name,Window Coverings near Santa Rosa Valley CA - 805 Shutters
https://www.805shutters.com/window-coverings/santa-rosa-valley-ca/,JSON-LD[1] $.@graph[1].provider.name,805 Shutters
https://www.805shutters.com/window-treatments/santa-rosa-valley-ca/,JSON-LD[0] $.@graph[0].name,805 Shutters
https://www.805shutters.com/window-treatments/santa-rosa-valley-ca/,JSON-LD[0] $.@graph[0].legalName,805 Shutters
https://www.805shutters.com/window-treatments/santa-rosa-valley-ca/,JSON-LD[0] $.@graph[0].alternateName,805 Shutters
https://www.805shutters.com/window-treatments/santa-rosa-valley-ca/,JSON-LD[0] $.@graph[0].hasOfferCatalog.name,805 Shutters window covering services
https://www.805shutters.com/window-treatments/santa-rosa-valley-ca/,JSON-LD[0] $.@graph[1].name,805 Shutters
https://www.805shutters.com/window-treatments/santa-rosa-valley-ca/,JSON-LD[0] $.@graph[1].alternateName,805 Shutters
https://www.805shutters.com/window-treatments/santa-rosa-valley-ca/,JSON-LD[1] $.@graph[0].name,Window Treatments near Santa Rosa Valley CA - 805 Shutters
https://www.805shutters.com/window-treatments/santa-rosa-valley-ca/,JSON-LD[1] $.@graph[1].provider.name,805 Shutters
https://www.805shutters.com/shutters/simi-valley/,JSON-LD[0] $.@graph[0].name,805 Shutters
https://www.805shutters.com/shutters/simi-valley/,JSON-LD[0] $.@graph[0].legalName,805 Shutters
https://www.805shutters.com/shutters/simi-valley/,JSON-LD[0] $.@graph[0].alternateName,805 Shutters
https://www.805shutters.com/shutters/simi-valley/,JSON-LD[0] $.@graph[0].hasOfferCatalog.name,805 Shutters window covering services
https://www.805shutters.com/shutters/simi-valley/,JSON-LD[0] $.@graph[1].name,805 Shutters
https://www.805shutters.com/shutters/simi-valley/,JSON-LD[0] $.@graph[1].alternateName,805 Shutters
https://www.805shutters.com/shutters/simi-valley/,JSON-LD[1] $.@graph[0].name,Shutters in Simi Valley CA | Simi Valley Shutter Installation and Repair | 805 Shutters
https://www.805shutters.com/shutters/simi-valley/,JSON-LD[1] $.@graph[1].provider.name,805 Shutters
https://www.805shutters.com/shades/simi-valley-ca/,JSON-LD[0] $.@graph[0].name,805 Shutters
https://www.805shutters.com/shades/simi-valley-ca/,JSON-LD[0] $.@graph[0].legalName,805 Shutters
https://www.805shutters.com/shades/simi-valley-ca/,JSON-LD[0] $.@graph[0].alternateName,805 Shutters
https://www.805shutters.com/shades/simi-valley-ca/,JSON-LD[0] $.@graph[0].hasOfferCatalog.name,805 Shutters window covering services
https://www.805shutters.com/shades/simi-valley-ca/,JSON-LD[0] $.@graph[1].name,805 Shutters
https://www.805shutters.com/shades/simi-valley-ca/,JSON-LD[0] $.@graph[1].alternateName,805 Shutters
https://www.805shutters.com/shades/simi-valley-ca/,JSON-LD[1] $.@graph[0].name,Shades near Simi Valley CA - 805 Shutters
https://www.805shutters.com/shades/simi-valley-ca/,JSON-LD[1] $.@graph[1].provider.name,805 Shutters
https://www.805shutters.com/blinds/simi-valley-ca/,JSON-LD[0] $.@graph[0].name,805 Shutters
https://www.805shutters.com/blinds/simi-valley-ca/,JSON-LD[0] $.@graph[0].legalName,805 Shutters
https://www.805shutters.com/blinds/simi-valley-ca/,JSON-LD[0] $.@graph[0].alternateName,805 Shutters
https://www.805shutters.com/blinds/simi-valley-ca/,JSON-LD[0] $.@graph[0].hasOfferCatalog.name,805 Shutters window covering services
https://www.805shutters.com/blinds/simi-valley-ca/,JSON-LD[0] $.@graph[1].name,805 Shutters
https://www.805shutters.com/blinds/simi-valley-ca/,JSON-LD[0] $.@graph[1].alternateName,805 Shutters
https://www.805shutters.com/blinds/simi-valley-ca/,JSON-LD[1] $.@graph[0].name,Blinds near Simi Valley CA - 805 Shutters
https://www.805shutters.com/blinds/simi-valley-ca/,JSON-LD[1] $.@graph[1].provider.name,805 Shutters
https://www.805shutters.com/drapery/simi-valley-ca/,JSON-LD[0] $.@graph[0].name,805 Shutters
https://www.805shutters.com/drapery/simi-valley-ca/,JSON-LD[0] $.@graph[0].legalName,805 Shutters
https://www.805shutters.com/drapery/simi-valley-ca/,JSON-LD[0] $.@graph[0].alternateName,805 Shutters
https://www.805shutters.com/drapery/simi-valley-ca/,JSON-LD[0] $.@graph[0].hasOfferCatalog.name,805 Shutters window covering services
https://www.805shutters.com/drapery/simi-valley-ca/,JSON-LD[0] $.@graph[1].name,805 Shutters
https://www.805shutters.com/drapery/simi-valley-ca/,JSON-LD[0] $.@graph[1].alternateName,805 Shutters
https://www.805shutters.com/drapery/simi-valley-ca/,JSON-LD[1] $.@graph[0].name,Custom Drapery & Curtains near Simi Valley CA - 805 Shutters
https://www.805shutters.com/drapery/simi-valley-ca/,JSON-LD[1] $.@graph[1].provider.name,805 Shutters
https://www.805shutters.com/window-coverings/simi-valley-ca/,JSON-LD[0] $.@graph[0].name,805 Shutters
https://www.805shutters.com/window-coverings/simi-valley-ca/,JSON-LD[0] $.@graph[0].legalName,805 Shutters
https://www.805shutters.com/window-coverings/simi-valley-ca/,JSON-LD[0] $.@graph[0].alternateName,805 Shutters
https://www.805shutters.com/window-coverings/simi-valley-ca/,JSON-LD[0] $.@graph[0].hasOfferCatalog.name,805 Shutters window covering services
https://www.805shutters.com/window-coverings/simi-valley-ca/,JSON-LD[0] $.@graph[1].name,805 Shutters
https://www.805shutters.com/window-coverings/simi-valley-ca/,JSON-LD[0] $.@graph[1].alternateName,805 Shutters
https://www.805shutters.com/window-coverings/simi-valley-ca/,JSON-LD[1] $.@graph[0].name,Window Coverings near Simi Valley CA - 805 Shutters
https://www.805shutters.com/window-coverings/simi-valley-ca/,JSON-LD[1] $.@graph[1].provider.name,805 Shutters
https://www.805shutters.com/window-treatments/simi-valley-ca/,JSON-LD[0] $.@graph[0].name,805 Shutters
https://www.805shutters.com/window-treatments/simi-valley-ca/,JSON-LD[0] $.@graph[0].legalName,805 Shutters
https://www.805shutters.com/window-treatments/simi-valley-ca/,JSON-LD[0] $.@graph[0].alternateName,805 Shutters
https://www.805shutters.com/window-treatments/simi-valley-ca/,JSON-LD[0] $.@graph[0].hasOfferCatalog.name,805 Shutters window covering services
https://www.805shutters.com/window-treatments/simi-valley-ca/,JSON-LD[0] $.@graph[1].name,805 Shutters
https://www.805shutters.com/window-treatments/simi-valley-ca/,JSON-LD[0] $.@graph[1].alternateName,805 Shutters
https://www.805shutters.com/window-treatments/simi-valley-ca/,JSON-LD[1] $.@graph[0].name,Window Treatments near Simi Valley CA - 805 Shutters
https://www.805shutters.com/window-treatments/simi-valley-ca/,JSON-LD[1] $.@graph[1].provider.name,805 Shutters
https://www.805shutters.com/shutters/thousand-oaks/,JSON-LD[0] $.@graph[0].name,805 Shutters
https://www.805shutters.com/shutters/thousand-oaks/,JSON-LD[0] $.@graph[0].legalName,805 Shutters
https://www.805shutters.com/shutters/thousand-oaks/,JSON-LD[0] $.@graph[0].alternateName,805 Shutters
https://www.805shutters.com/shutters/thousand-oaks/,JSON-LD[0] $.@graph[0].hasOfferCatalog.name,805 Shutters window covering services
https://www.805shutters.com/shutters/thousand-oaks/,JSON-LD[0] $.@graph[1].name,805 Shutters
https://www.805shutters.com/shutters/thousand-oaks/,JSON-LD[0] $.@graph[1].alternateName,805 Shutters
https://www.805shutters.com/shutters/thousand-oaks/,JSON-LD[1] $.@graph[0].name,Custom Shutters Thousand Oaks | Plantation Shutters | 805 Shutters
https://www.805shutters.com/shutters/thousand-oaks/,JSON-LD[1] $.@graph[1].provider.name,805 Shutters
https://www.805shutters.com/shades/thousand-oaks-ca/,JSON-LD[0] $.@graph[0].name,805 Shutters
https://www.805shutters.com/shades/thousand-oaks-ca/,JSON-LD[0] $.@graph[0].legalName,805 Shutters
https://www.805shutters.com/shades/thousand-oaks-ca/,JSON-LD[0] $.@graph[0].alternateName,805 Shutters
https://www.805shutters.com/shades/thousand-oaks-ca/,JSON-LD[0] $.@graph[0].hasOfferCatalog.name,805 Shutters window covering services
https://www.805shutters.com/shades/thousand-oaks-ca/,JSON-LD[0] $.@graph[1].name,805 Shutters
https://www.805shutters.com/shades/thousand-oaks-ca/,JSON-LD[0] $.@graph[1].alternateName,805 Shutters
https://www.805shutters.com/shades/thousand-oaks-ca/,JSON-LD[1] $.@graph[0].name,Shades near Thousand Oaks CA - 805 Shutters
https://www.805shutters.com/shades/thousand-oaks-ca/,JSON-LD[1] $.@graph[1].provider.name,805 Shutters
https://www.805shutters.com/blinds/thousand-oaks-ca/,JSON-LD[0] $.@graph[0].name,805 Shutters
https://www.805shutters.com/blinds/thousand-oaks-ca/,JSON-LD[0] $.@graph[0].legalName,805 Shutters
https://www.805shutters.com/blinds/thousand-oaks-ca/,JSON-LD[0] $.@graph[0].alternateName,805 Shutters
https://www.805shutters.com/blinds/thousand-oaks-ca/,JSON-LD[0] $.@graph[0].hasOfferCatalog.name,805 Shutters window covering services
https://www.805shutters.com/blinds/thousand-oaks-ca/,JSON-LD[0] $.@graph[1].name,805 Shutters
https://www.805shutters.com/blinds/thousand-oaks-ca/,JSON-LD[0] $.@graph[1].alternateName,805 Shutters
https://www.805shutters.com/blinds/thousand-oaks-ca/,JSON-LD[1] $.@graph[0].name,Blinds near Thousand Oaks CA - 805 Shutters
https://www.805shutters.com/blinds/thousand-oaks-ca/,JSON-LD[1] $.@graph[1].provider.name,805 Shutters
https://www.805shutters.com/drapery/thousand-oaks-ca/,JSON-LD[0] $.@graph[0].name,805 Shutters
https://www.805shutters.com/drapery/thousand-oaks-ca/,JSON-LD[0] $.@graph[0].legalName,805 Shutters
https://www.805shutters.com/drapery/thousand-oaks-ca/,JSON-LD[0] $.@graph[0].alternateName,805 Shutters
https://www.805shutters.com/drapery/thousand-oaks-ca/,JSON-LD[0] $.@graph[0].hasOfferCatalog.name,805 Shutters window covering services
https://www.805shutters.com/drapery/thousand-oaks-ca/,JSON-LD[0] $.@graph[1].name,805 Shutters
https://www.805shutters.com/drapery/thousand-oaks-ca/,JSON-LD[0] $.@graph[1].alternateName,805 Shutters
https://www.805shutters.com/drapery/thousand-oaks-ca/,JSON-LD[1] $.@graph[0].name,Custom Drapery & Curtains near Thousand Oaks CA - 805 Shutters
https://www.805shutters.com/drapery/thousand-oaks-ca/,JSON-LD[1] $.@graph[1].provider.name,805 Shutters
https://www.805shutters.com/window-coverings/thousand-oaks-ca/,JSON-LD[0] $.@graph[0].name,805 Shutters
https://www.805shutters.com/window-coverings/thousand-oaks-ca/,JSON-LD[0] $.@graph[0].legalName,805 Shutters
https://www.805shutters.com/window-coverings/thousand-oaks-ca/,JSON-LD[0] $.@graph[0].alternateName,805 Shutters
https://www.805shutters.com/window-coverings/thousand-oaks-ca/,JSON-LD[0] $.@graph[0].hasOfferCatalog.name,805 Shutters window covering services
https://www.805shutters.com/window-coverings/thousand-oaks-ca/,JSON-LD[0] $.@graph[1].name,805 Shutters
https://www.805shutters.com/window-coverings/thousand-oaks-ca/,JSON-LD[0] $.@graph[1].alternateName,805 Shutters
https://www.805shutters.com/window-coverings/thousand-oaks-ca/,JSON-LD[1] $.@graph[0].name,Window Coverings Thousand Oaks | 805 Shutters
https://www.805shutters.com/window-coverings/thousand-oaks-ca/,JSON-LD[1] $.@graph[1].provider.name,805 Shutters
https://www.805shutters.com/window-treatments/thousand-oaks-ca/,JSON-LD[0] $.@graph[0].name,805 Shutters
https://www.805shutters.com/window-treatments/thousand-oaks-ca/,JSON-LD[0] $.@graph[0].legalName,805 Shutters
https://www.805shutters.com/window-treatments/thousand-oaks-ca/,JSON-LD[0] $.@graph[0].alternateName,805 Shutters
https://www.805shutters.com/window-treatments/thousand-oaks-ca/,JSON-LD[0] $.@graph[0].hasOfferCatalog.name,805 Shutters window covering services
https://www.805shutters.com/window-treatments/thousand-oaks-ca/,JSON-LD[0] $.@graph[1].name,805 Shutters
https://www.805shutters.com/window-treatments/thousand-oaks-ca/,JSON-LD[0] $.@graph[1].alternateName,805 Shutters
https://www.805shutters.com/window-treatments/thousand-oaks-ca/,JSON-LD[1] $.@graph[0].name,Window Treatments near Thousand Oaks CA - 805 Shutters
https://www.805shutters.com/window-treatments/thousand-oaks-ca/,JSON-LD[1] $.@graph[1].provider.name,805 Shutters
https://www.805shutters.com/shutters/ventura/,JSON-LD[0] $.@graph[0].name,805 Shutters
https://www.805shutters.com/shutters/ventura/,JSON-LD[0] $.@graph[0].legalName,805 Shutters
https://www.805shutters.com/shutters/ventura/,JSON-LD[0] $.@graph[0].alternateName,805 Shutters
https://www.805shutters.com/shutters/ventura/,JSON-LD[0] $.@graph[0].hasOfferCatalog.name,805 Shutters window covering services
https://www.805shutters.com/shutters/ventura/,JSON-LD[0] $.@graph[1].name,805 Shutters
https://www.805shutters.com/shutters/ventura/,JSON-LD[0] $.@graph[1].alternateName,805 Shutters
https://www.805shutters.com/shutters/ventura/,JSON-LD[1] $.@graph[0].name,Custom Shutters Ventura CA | Plantation Shutters | 805 Shutters
https://www.805shutters.com/shutters/ventura/,JSON-LD[1] $.@graph[1].provider.name,805 Shutters
https://www.805shutters.com/shades/ventura-ca/,JSON-LD[0] $.@graph[0].name,805 Shutters
https://www.805shutters.com/shades/ventura-ca/,JSON-LD[0] $.@graph[0].legalName,805 Shutters
https://www.805shutters.com/shades/ventura-ca/,JSON-LD[0] $.@graph[0].alternateName,805 Shutters
https://www.805shutters.com/shades/ventura-ca/,JSON-LD[0] $.@graph[0].hasOfferCatalog.name,805 Shutters window covering services
https://www.805shutters.com/shades/ventura-ca/,JSON-LD[0] $.@graph[1].name,805 Shutters
https://www.805shutters.com/shades/ventura-ca/,JSON-LD[0] $.@graph[1].alternateName,805 Shutters
https://www.805shutters.com/shades/ventura-ca/,JSON-LD[1] $.@graph[0].name,Shades near Ventura CA - 805 Shutters
https://www.805shutters.com/shades/ventura-ca/,JSON-LD[1] $.@graph[1].provider.name,805 Shutters
https://www.805shutters.com/blinds/ventura-ca/,JSON-LD[0] $.@graph[0].name,805 Shutters
https://www.805shutters.com/blinds/ventura-ca/,JSON-LD[0] $.@graph[0].legalName,805 Shutters
https://www.805shutters.com/blinds/ventura-ca/,JSON-LD[0] $.@graph[0].alternateName,805 Shutters
https://www.805shutters.com/blinds/ventura-ca/,JSON-LD[0] $.@graph[0].hasOfferCatalog.name,805 Shutters window covering services
https://www.805shutters.com/blinds/ventura-ca/,JSON-LD[0] $.@graph[1].name,805 Shutters
https://www.805shutters.com/blinds/ventura-ca/,JSON-LD[0] $.@graph[1].alternateName,805 Shutters
https://www.805shutters.com/blinds/ventura-ca/,JSON-LD[1] $.@graph[0].name,Blinds near Ventura CA - 805 Shutters
https://www.805shutters.com/blinds/ventura-ca/,JSON-LD[1] $.@graph[1].provider.name,805 Shutters
https://www.805shutters.com/drapery/ventura-ca/,JSON-LD[0] $.@graph[0].name,805 Shutters
https://www.805shutters.com/drapery/ventura-ca/,JSON-LD[0] $.@graph[0].legalName,805 Shutters
https://www.805shutters.com/drapery/ventura-ca/,JSON-LD[0] $.@graph[0].alternateName,805 Shutters
https://www.805shutters.com/drapery/ventura-ca/,JSON-LD[0] $.@graph[0].hasOfferCatalog.name,805 Shutters window covering services
https://www.805shutters.com/drapery/ventura-ca/,JSON-LD[0] $.@graph[1].name,805 Shutters
https://www.805shutters.com/drapery/ventura-ca/,JSON-LD[0] $.@graph[1].alternateName,805 Shutters
https://www.805shutters.com/drapery/ventura-ca/,JSON-LD[1] $.@graph[0].name,Custom Drapery & Curtains near Ventura CA - 805 Shutters
https://www.805shutters.com/drapery/ventura-ca/,JSON-LD[1] $.@graph[1].provider.name,805 Shutters
https://www.805shutters.com/window-coverings/ventura-ca/,JSON-LD[0] $.@graph[0].name,805 Shutters
https://www.805shutters.com/window-coverings/ventura-ca/,JSON-LD[0] $.@graph[0].legalName,805 Shutters
https://www.805shutters.com/window-coverings/ventura-ca/,JSON-LD[0] $.@graph[0].alternateName,805 Shutters
https://www.805shutters.com/window-coverings/ventura-ca/,JSON-LD[0] $.@graph[0].hasOfferCatalog.name,805 Shutters window covering services
https://www.805shutters.com/window-coverings/ventura-ca/,JSON-LD[0] $.@graph[1].name,805 Shutters
https://www.805shutters.com/window-coverings/ventura-ca/,JSON-LD[0] $.@graph[1].alternateName,805 Shutters
https://www.805shutters.com/window-coverings/ventura-ca/,JSON-LD[1] $.@graph[0].name,Window Coverings near Ventura CA - 805 Shutters
https://www.805shutters.com/window-coverings/ventura-ca/,JSON-LD[1] $.@graph[1].provider.name,805 Shutters
https://www.805shutters.com/window-treatments/ventura-ca/,JSON-LD[0] $.@graph[0].name,805 Shutters
https://www.805shutters.com/window-treatments/ventura-ca/,JSON-LD[0] $.@graph[0].legalName,805 Shutters
https://www.805shutters.com/window-treatments/ventura-ca/,JSON-LD[0] $.@graph[0].alternateName,805 Shutters
https://www.805shutters.com/window-treatments/ventura-ca/,JSON-LD[0] $.@graph[0].hasOfferCatalog.name,805 Shutters window covering services
https://www.805shutters.com/window-treatments/ventura-ca/,JSON-LD[0] $.@graph[1].name,805 Shutters
https://www.805shutters.com/window-treatments/ventura-ca/,JSON-LD[0] $.@graph[1].alternateName,805 Shutters
https://www.805shutters.com/window-treatments/ventura-ca/,JSON-LD[1] $.@graph[0].name,Window Treatments near Ventura CA - 805 Shutters
https://www.805shutters.com/window-treatments/ventura-ca/,JSON-LD[1] $.@graph[1].provider.name,805 Shutters
https://www.805shutters.com/shutters/westlake-village/,JSON-LD[0] $.@graph[0].name,805 Shutters
https://www.805shutters.com/shutters/westlake-village/,JSON-LD[0] $.@graph[0].legalName,805 Shutters
https://www.805shutters.com/shutters/westlake-village/,JSON-LD[0] $.@graph[0].alternateName,805 Shutters
https://www.805shutters.com/shutters/westlake-village/,JSON-LD[0] $.@graph[0].hasOfferCatalog.name,805 Shutters window covering services
https://www.805shutters.com/shutters/westlake-village/,JSON-LD[0] $.@graph[1].name,805 Shutters
https://www.805shutters.com/shutters/westlake-village/,JSON-LD[0] $.@graph[1].alternateName,805 Shutters
https://www.805shutters.com/shutters/westlake-village/,JSON-LD[1] $.@graph[0].name,Shutters in Westlake Village CA | Westlake Village Shutter Installation and Repair | 805 Shutters
https://www.805shutters.com/shutters/westlake-village/,JSON-LD[1] $.@graph[1].provider.name,805 Shutters
https://www.805shutters.com/shades/westlake-village-ca/,JSON-LD[0] $.@graph[0].name,805 Shutters
https://www.805shutters.com/shades/westlake-village-ca/,JSON-LD[0] $.@graph[0].legalName,805 Shutters
https://www.805shutters.com/shades/westlake-village-ca/,JSON-LD[0] $.@graph[0].alternateName,805 Shutters
https://www.805shutters.com/shades/westlake-village-ca/,JSON-LD[0] $.@graph[0].hasOfferCatalog.name,805 Shutters window covering services
https://www.805shutters.com/shades/westlake-village-ca/,JSON-LD[0] $.@graph[1].name,805 Shutters
https://www.805shutters.com/shades/westlake-village-ca/,JSON-LD[0] $.@graph[1].alternateName,805 Shutters
https://www.805shutters.com/shades/westlake-village-ca/,JSON-LD[1] $.@graph[0].name,Shades near Westlake Village CA - 805 Shutters
https://www.805shutters.com/shades/westlake-village-ca/,JSON-LD[1] $.@graph[1].provider.name,805 Shutters
https://www.805shutters.com/blinds/westlake-village-ca/,JSON-LD[0] $.@graph[0].name,805 Shutters
https://www.805shutters.com/blinds/westlake-village-ca/,JSON-LD[0] $.@graph[0].legalName,805 Shutters
https://www.805shutters.com/blinds/westlake-village-ca/,JSON-LD[0] $.@graph[0].alternateName,805 Shutters
https://www.805shutters.com/blinds/westlake-village-ca/,JSON-LD[0] $.@graph[0].hasOfferCatalog.name,805 Shutters window covering services
https://www.805shutters.com/blinds/westlake-village-ca/,JSON-LD[0] $.@graph[1].name,805 Shutters
https://www.805shutters.com/blinds/westlake-village-ca/,JSON-LD[0] $.@graph[1].alternateName,805 Shutters
https://www.805shutters.com/blinds/westlake-village-ca/,JSON-LD[1] $.@graph[0].name,Blinds near Westlake Village CA - 805 Shutters
https://www.805shutters.com/blinds/westlake-village-ca/,JSON-LD[1] $.@graph[1].provider.name,805 Shutters
https://www.805shutters.com/drapery/westlake-village-ca/,JSON-LD[0] $.@graph[0].name,805 Shutters
https://www.805shutters.com/drapery/westlake-village-ca/,JSON-LD[0] $.@graph[0].legalName,805 Shutters
https://www.805shutters.com/drapery/westlake-village-ca/,JSON-LD[0] $.@graph[0].alternateName,805 Shutters
https://www.805shutters.com/drapery/westlake-village-ca/,JSON-LD[0] $.@graph[0].hasOfferCatalog.name,805 Shutters window covering services
https://www.805shutters.com/drapery/westlake-village-ca/,JSON-LD[0] $.@graph[1].name,805 Shutters
https://www.805shutters.com/drapery/westlake-village-ca/,JSON-LD[0] $.@graph[1].alternateName,805 Shutters
https://www.805shutters.com/drapery/westlake-village-ca/,JSON-LD[1] $.@graph[0].name,Custom Drapery & Curtains near Westlake Village CA - 805 Shutters
https://www.805shutters.com/drapery/westlake-village-ca/,JSON-LD[1] $.@graph[1].provider.name,805 Shutters
https://www.805shutters.com/window-coverings/westlake-village-ca/,JSON-LD[0] $.@graph[0].name,805 Shutters
https://www.805shutters.com/window-coverings/westlake-village-ca/,JSON-LD[0] $.@graph[0].legalName,805 Shutters
https://www.805shutters.com/window-coverings/westlake-village-ca/,JSON-LD[0] $.@graph[0].alternateName,805 Shutters
https://www.805shutters.com/window-coverings/westlake-village-ca/,JSON-LD[0] $.@graph[0].hasOfferCatalog.name,805 Shutters window covering services
https://www.805shutters.com/window-coverings/westlake-village-ca/,JSON-LD[0] $.@graph[1].name,805 Shutters
https://www.805shutters.com/window-coverings/westlake-village-ca/,JSON-LD[0] $.@graph[1].alternateName,805 Shutters
https://www.805shutters.com/window-coverings/westlake-village-ca/,JSON-LD[1] $.@graph[0].name,Window Coverings near Westlake Village CA - 805 Shutters
https://www.805shutters.com/window-coverings/westlake-village-ca/,JSON-LD[1] $.@graph[1].provider.name,805 Shutters
https://www.805shutters.com/window-treatments/westlake-village-ca/,JSON-LD[0] $.@graph[0].name,805 Shutters
https://www.805shutters.com/window-treatments/westlake-village-ca/,JSON-LD[0] $.@graph[0].legalName,805 Shutters
https://www.805shutters.com/window-treatments/westlake-village-ca/,JSON-LD[0] $.@graph[0].alternateName,805 Shutters
https://www.805shutters.com/window-treatments/westlake-village-ca/,JSON-LD[0] $.@graph[0].hasOfferCatalog.name,805 Shutters window covering services
https://www.805shutters.com/window-treatments/westlake-village-ca/,JSON-LD[0] $.@graph[1].name,805 Shutters
https://www.805shutters.com/window-treatments/westlake-village-ca/,JSON-LD[0] $.@graph[1].alternateName,805 Shutters
https://www.805shutters.com/window-treatments/westlake-village-ca/,JSON-LD[1] $.@graph[0].name,Window Treatments near Westlake Village CA - 805 Shutters
https://www.805shutters.com/window-treatments/westlake-village-ca/,JSON-LD[1] $.@graph[1].provider.name,805 Shutters
https://www.805shutters.com/commercial-window-coverings/camarillo-ca/,JSON-LD[0] $.@graph[0].name,805 Shutters
https://www.805shutters.com/commercial-window-coverings/camarillo-ca/,JSON-LD[0] $.@graph[0].legalName,805 Shutters
https://www.805shutters.com/commercial-window-coverings/camarillo-ca/,JSON-LD[0] $.@graph[0].alternateName,805 Shutters
https://www.805shutters.com/commercial-window-coverings/camarillo-ca/,JSON-LD[0] $.@graph[0].hasOfferCatalog.name,805 Shutters window covering services
https://www.805shutters.com/commercial-window-coverings/camarillo-ca/,JSON-LD[0] $.@graph[1].name,805 Shutters
https://www.805shutters.com/commercial-window-coverings/camarillo-ca/,JSON-LD[0] $.@graph[1].alternateName,805 Shutters
https://www.805shutters.com/commercial-window-coverings/camarillo-ca/,JSON-LD[1] $.@graph[0].name,"Commercial Window Coverings Camarillo CA | Office, Retail & Warehouse Shades | 805 Shutters"
https://www.805shutters.com/commercial-window-coverings/camarillo-ca/,JSON-LD[1] $.@graph[1].provider.name,805 Shutters
https://www.805shutters.com/commercial-window-coverings/fillmore-ca/,JSON-LD[0] $.@graph[0].name,805 Shutters
https://www.805shutters.com/commercial-window-coverings/fillmore-ca/,JSON-LD[0] $.@graph[0].legalName,805 Shutters
https://www.805shutters.com/commercial-window-coverings/fillmore-ca/,JSON-LD[0] $.@graph[0].alternateName,805 Shutters
https://www.805shutters.com/commercial-window-coverings/fillmore-ca/,JSON-LD[0] $.@graph[0].hasOfferCatalog.name,805 Shutters window covering services
https://www.805shutters.com/commercial-window-coverings/fillmore-ca/,JSON-LD[0] $.@graph[1].name,805 Shutters
https://www.805shutters.com/commercial-window-coverings/fillmore-ca/,JSON-LD[0] $.@graph[1].alternateName,805 Shutters
https://www.805shutters.com/commercial-window-coverings/fillmore-ca/,JSON-LD[1] $.@graph[0].name,"Commercial Window Coverings Fillmore CA | Office, Retail & Warehouse Shades | 805 Shutters"
https://www.805shutters.com/commercial-window-coverings/fillmore-ca/,JSON-LD[1] $.@graph[1].provider.name,805 Shutters
https://www.805shutters.com/commercial-window-coverings/moorpark-ca/,JSON-LD[0] $.@graph[0].name,805 Shutters
https://www.805shutters.com/commercial-window-coverings/moorpark-ca/,JSON-LD[0] $.@graph[0].legalName,805 Shutters
https://www.805shutters.com/commercial-window-coverings/moorpark-ca/,JSON-LD[0] $.@graph[0].alternateName,805 Shutters
https://www.805shutters.com/commercial-window-coverings/moorpark-ca/,JSON-LD[0] $.@graph[0].hasOfferCatalog.name,805 Shutters window covering services
https://www.805shutters.com/commercial-window-coverings/moorpark-ca/,JSON-LD[0] $.@graph[1].name,805 Shutters
https://www.805shutters.com/commercial-window-coverings/moorpark-ca/,JSON-LD[0] $.@graph[1].alternateName,805 Shutters
https://www.805shutters.com/commercial-window-coverings/moorpark-ca/,JSON-LD[1] $.@graph[0].name,"Commercial Window Coverings Moorpark CA | Office, Retail & Warehouse Shades | 805 Shutters"
https://www.805shutters.com/commercial-window-coverings/moorpark-ca/,JSON-LD[1] $.@graph[1].provider.name,805 Shutters
https://www.805shutters.com/commercial-window-coverings/newbury-park-ca/,JSON-LD[0] $.@graph[0].name,805 Shutters
https://www.805shutters.com/commercial-window-coverings/newbury-park-ca/,JSON-LD[0] $.@graph[0].legalName,805 Shutters
https://www.805shutters.com/commercial-window-coverings/newbury-park-ca/,JSON-LD[0] $.@graph[0].alternateName,805 Shutters
https://www.805shutters.com/commercial-window-coverings/newbury-park-ca/,JSON-LD[0] $.@graph[0].hasOfferCatalog.name,805 Shutters window covering services
https://www.805shutters.com/commercial-window-coverings/newbury-park-ca/,JSON-LD[0] $.@graph[1].name,805 Shutters
https://www.805shutters.com/commercial-window-coverings/newbury-park-ca/,JSON-LD[0] $.@graph[1].alternateName,805 Shutters
https://www.805shutters.com/commercial-window-coverings/newbury-park-ca/,JSON-LD[1] $.@graph[0].name,"Commercial Window Coverings Newbury Park CA | Office, Retail & Warehouse Shades | 805 Shutters"
https://www.805shutters.com/commercial-window-coverings/newbury-park-ca/,JSON-LD[1] $.@graph[1].provider.name,805 Shutters
https://www.805shutters.com/commercial-window-coverings/oak-park-ca/,JSON-LD[0] $.@graph[0].name,805 Shutters
https://www.805shutters.com/commercial-window-coverings/oak-park-ca/,JSON-LD[0] $.@graph[0].legalName,805 Shutters
https://www.805shutters.com/commercial-window-coverings/oak-park-ca/,JSON-LD[0] $.@graph[0].alternateName,805 Shutters
https://www.805shutters.com/commercial-window-coverings/oak-park-ca/,JSON-LD[0] $.@graph[0].hasOfferCatalog.name,805 Shutters window covering services
https://www.805shutters.com/commercial-window-coverings/oak-park-ca/,JSON-LD[0] $.@graph[1].name,805 Shutters
https://www.805shutters.com/commercial-window-coverings/oak-park-ca/,JSON-LD[0] $.@graph[1].alternateName,805 Shutters
https://www.805shutters.com/commercial-window-coverings/oak-park-ca/,JSON-LD[1] $.@graph[0].name,"Commercial Window Coverings Oak Park CA | Office, Retail & Warehouse Shades | 805 Shutters"
https://www.805shutters.com/commercial-window-coverings/oak-park-ca/,JSON-LD[1] $.@graph[1].provider.name,805 Shutters
https://www.805shutters.com/commercial-window-coverings/ojai-ca/,JSON-LD[0] $.@graph[0].name,805 Shutters
https://www.805shutters.com/commercial-window-coverings/ojai-ca/,JSON-LD[0] $.@graph[0].legalName,805 Shutters
https://www.805shutters.com/commercial-window-coverings/ojai-ca/,JSON-LD[0] $.@graph[0].alternateName,805 Shutters
https://www.805shutters.com/commercial-window-coverings/ojai-ca/,JSON-LD[0] $.@graph[0].hasOfferCatalog.name,805 Shutters window covering services
https://www.805shutters.com/commercial-window-coverings/ojai-ca/,JSON-LD[0] $.@graph[1].name,805 Shutters
https://www.805shutters.com/commercial-window-coverings/ojai-ca/,JSON-LD[0] $.@graph[1].alternateName,805 Shutters
https://www.805shutters.com/commercial-window-coverings/ojai-ca/,JSON-LD[1] $.@graph[0].name,"Commercial Window Coverings Ojai CA | Office, Retail & Warehouse Shades | 805 Shutters"
https://www.805shutters.com/commercial-window-coverings/ojai-ca/,JSON-LD[1] $.@graph[1].provider.name,805 Shutters
https://www.805shutters.com/commercial-window-coverings/oxnard-ca/,JSON-LD[0] $.@graph[0].name,805 Shutters
https://www.805shutters.com/commercial-window-coverings/oxnard-ca/,JSON-LD[0] $.@graph[0].legalName,805 Shutters
https://www.805shutters.com/commercial-window-coverings/oxnard-ca/,JSON-LD[0] $.@graph[0].alternateName,805 Shutters
https://www.805shutters.com/commercial-window-coverings/oxnard-ca/,JSON-LD[0] $.@graph[0].hasOfferCatalog.name,805 Shutters window covering services
https://www.805shutters.com/commercial-window-coverings/oxnard-ca/,JSON-LD[0] $.@graph[1].name,805 Shutters
https://www.805shutters.com/commercial-window-coverings/oxnard-ca/,JSON-LD[0] $.@graph[1].alternateName,805 Shutters
https://www.805shutters.com/commercial-window-coverings/oxnard-ca/,JSON-LD[1] $.@graph[0].name,"Commercial Window Coverings Oxnard CA | Office, Retail & Warehouse Shades | 805 Shutters"
https://www.805shutters.com/commercial-window-coverings/oxnard-ca/,JSON-LD[1] $.@graph[1].provider.name,805 Shutters
https://www.805shutters.com/commercial-window-coverings/port-hueneme-ca/,JSON-LD[0] $.@graph[0].name,805 Shutters
https://www.805shutters.com/commercial-window-coverings/port-hueneme-ca/,JSON-LD[0] $.@graph[0].legalName,805 Shutters
https://www.805shutters.com/commercial-window-coverings/port-hueneme-ca/,JSON-LD[0] $.@graph[0].alternateName,805 Shutters
https://www.805shutters.com/commercial-window-coverings/port-hueneme-ca/,JSON-LD[0] $.@graph[0].hasOfferCatalog.name,805 Shutters window covering services
https://www.805shutters.com/commercial-window-coverings/port-hueneme-ca/,JSON-LD[0] $.@graph[1].name,805 Shutters
https://www.805shutters.com/commercial-window-coverings/port-hueneme-ca/,JSON-LD[0] $.@graph[1].alternateName,805 Shutters
https://www.805shutters.com/commercial-window-coverings/port-hueneme-ca/,JSON-LD[1] $.@graph[0].name,"Commercial Window Coverings Port Hueneme CA | Office, Retail & Warehouse Shades | 805 Shutters"
https://www.805shutters.com/commercial-window-coverings/port-hueneme-ca/,JSON-LD[1] $.@graph[1].provider.name,805 Shutters
https://www.805shutters.com/commercial-window-coverings/santa-paula-ca/,JSON-LD[0] $.@graph[0].name,805 Shutters
https://www.805shutters.com/commercial-window-coverings/santa-paula-ca/,JSON-LD[0] $.@graph[0].legalName,805 Shutters
https://www.805shutters.com/commercial-window-coverings/santa-paula-ca/,JSON-LD[0] $.@graph[0].alternateName,805 Shutters
https://www.805shutters.com/commercial-window-coverings/santa-paula-ca/,JSON-LD[0] $.@graph[0].hasOfferCatalog.name,805 Shutters window covering services
https://www.805shutters.com/commercial-window-coverings/santa-paula-ca/,JSON-LD[0] $.@graph[1].name,805 Shutters
https://www.805shutters.com/commercial-window-coverings/santa-paula-ca/,JSON-LD[0] $.@graph[1].alternateName,805 Shutters
https://www.805shutters.com/commercial-window-coverings/santa-paula-ca/,JSON-LD[1] $.@graph[0].name,"Commercial Window Coverings Santa Paula CA | Office, Retail & Warehouse Shades | 805 Shutters"
https://www.805shutters.com/commercial-window-coverings/santa-paula-ca/,JSON-LD[1] $.@graph[1].provider.name,805 Shutters
https://www.805shutters.com/commercial-window-coverings/santa-clarita-ca/,JSON-LD[0] $.@graph[0].name,805 Shutters
https://www.805shutters.com/commercial-window-coverings/santa-clarita-ca/,JSON-LD[0] $.@graph[0].legalName,805 Shutters
https://www.805shutters.com/commercial-window-coverings/santa-clarita-ca/,JSON-LD[0] $.@graph[0].alternateName,805 Shutters
https://www.805shutters.com/commercial-window-coverings/santa-clarita-ca/,JSON-LD[0] $.@graph[0].hasOfferCatalog.name,805 Shutters window covering services
https://www.805shutters.com/commercial-window-coverings/santa-clarita-ca/,JSON-LD[0] $.@graph[1].name,805 Shutters
https://www.805shutters.com/commercial-window-coverings/santa-clarita-ca/,JSON-LD[0] $.@graph[1].alternateName,805 Shutters
https://www.805shutters.com/commercial-window-coverings/santa-clarita-ca/,JSON-LD[1] $.@graph[0].name,"Commercial Window Coverings Santa Clarita CA | Office, Retail & Warehouse Shades | 805 Shutters"
https://www.805shutters.com/commercial-window-coverings/santa-clarita-ca/,JSON-LD[1] $.@graph[1].provider.name,805 Shutters
https://www.805shutters.com/commercial-window-coverings/santa-rosa-valley-ca/,JSON-LD[0] $.@graph[0].name,805 Shutters
https://www.805shutters.com/commercial-window-coverings/santa-rosa-valley-ca/,JSON-LD[0] $.@graph[0].legalName,805 Shutters
https://www.805shutters.com/commercial-window-coverings/santa-rosa-valley-ca/,JSON-LD[0] $.@graph[0].alternateName,805 Shutters
https://www.805shutters.com/commercial-window-coverings/santa-rosa-valley-ca/,JSON-LD[0] $.@graph[0].hasOfferCatalog.name,805 Shutters window covering services
https://www.805shutters.com/commercial-window-coverings/santa-rosa-valley-ca/,JSON-LD[0] $.@graph[1].name,805 Shutters
https://www.805shutters.com/commercial-window-coverings/santa-rosa-valley-ca/,JSON-LD[0] $.@graph[1].alternateName,805 Shutters
https://www.805shutters.com/commercial-window-coverings/santa-rosa-valley-ca/,JSON-LD[1] $.@graph[0].name,"Commercial Window Coverings Santa Rosa Valley CA | Office, Retail & Warehouse Shades | 805 Shutters"
https://www.805shutters.com/commercial-window-coverings/santa-rosa-valley-ca/,JSON-LD[1] $.@graph[1].provider.name,805 Shutters
https://www.805shutters.com/commercial-window-coverings/simi-valley-ca/,JSON-LD[0] $.@graph[0].name,805 Shutters
https://www.805shutters.com/commercial-window-coverings/simi-valley-ca/,JSON-LD[0] $.@graph[0].legalName,805 Shutters
https://www.805shutters.com/commercial-window-coverings/simi-valley-ca/,JSON-LD[0] $.@graph[0].alternateName,805 Shutters
https://www.805shutters.com/commercial-window-coverings/simi-valley-ca/,JSON-LD[0] $.@graph[0].hasOfferCatalog.name,805 Shutters window covering services
https://www.805shutters.com/commercial-window-coverings/simi-valley-ca/,JSON-LD[0] $.@graph[1].name,805 Shutters
https://www.805shutters.com/commercial-window-coverings/simi-valley-ca/,JSON-LD[0] $.@graph[1].alternateName,805 Shutters
https://www.805shutters.com/commercial-window-coverings/simi-valley-ca/,JSON-LD[1] $.@graph[0].name,"Commercial Window Coverings Simi Valley CA | Office, Retail & Warehouse Shades | 805 Shutters"
https://www.805shutters.com/commercial-window-coverings/simi-valley-ca/,JSON-LD[1] $.@graph[1].provider.name,805 Shutters
https://www.805shutters.com/commercial-window-coverings/thousand-oaks-ca/,JSON-LD[0] $.@graph[0].name,805 Shutters
https://www.805shutters.com/commercial-window-coverings/thousand-oaks-ca/,JSON-LD[0] $.@graph[0].legalName,805 Shutters
https://www.805shutters.com/commercial-window-coverings/thousand-oaks-ca/,JSON-LD[0] $.@graph[0].alternateName,805 Shutters
https://www.805shutters.com/commercial-window-coverings/thousand-oaks-ca/,JSON-LD[0] $.@graph[0].hasOfferCatalog.name,805 Shutters window covering services
https://www.805shutters.com/commercial-window-coverings/thousand-oaks-ca/,JSON-LD[0] $.@graph[1].name,805 Shutters
https://www.805shutters.com/commercial-window-coverings/thousand-oaks-ca/,JSON-LD[0] $.@graph[1].alternateName,805 Shutters
https://www.805shutters.com/commercial-window-coverings/thousand-oaks-ca/,JSON-LD[1] $.@graph[0].name,"Commercial Window Coverings Thousand Oaks CA | Office, Retail & Warehouse Shades | 805 Shutters"
https://www.805shutters.com/commercial-window-coverings/thousand-oaks-ca/,JSON-LD[1] $.@graph[1].provider.name,805 Shutters
https://www.805shutters.com/commercial-window-coverings/ventura-ca/,JSON-LD[0] $.@graph[0].name,805 Shutters
https://www.805shutters.com/commercial-window-coverings/ventura-ca/,JSON-LD[0] $.@graph[0].legalName,805 Shutters
https://www.805shutters.com/commercial-window-coverings/ventura-ca/,JSON-LD[0] $.@graph[0].alternateName,805 Shutters
https://www.805shutters.com/commercial-window-coverings/ventura-ca/,JSON-LD[0] $.@graph[0].hasOfferCatalog.name,805 Shutters window covering services
https://www.805shutters.com/commercial-window-coverings/ventura-ca/,JSON-LD[0] $.@graph[1].name,805 Shutters
https://www.805shutters.com/commercial-window-coverings/ventura-ca/,JSON-LD[0] $.@graph[1].alternateName,805 Shutters
https://www.805shutters.com/commercial-window-coverings/ventura-ca/,JSON-LD[1] $.@graph[0].name,"Commercial Window Coverings Ventura CA | Office, Retail & Warehouse Shades | 805 Shutters"
https://www.805shutters.com/commercial-window-coverings/ventura-ca/,JSON-LD[1] $.@graph[1].provider.name,805 Shutters
https://www.805shutters.com/commercial-window-coverings/westlake-village-ca/,JSON-LD[0] $.@graph[0].name,805 Shutters
https://www.805shutters.com/commercial-window-coverings/westlake-village-ca/,JSON-LD[0] $.@graph[0].legalName,805 Shutters
https://www.805shutters.com/commercial-window-coverings/westlake-village-ca/,JSON-LD[0] $.@graph[0].alternateName,805 Shutters
https://www.805shutters.com/commercial-window-coverings/westlake-village-ca/,JSON-LD[0] $.@graph[0].hasOfferCatalog.name,805 Shutters window covering services
https://www.805shutters.com/commercial-window-coverings/westlake-village-ca/,JSON-LD[0] $.@graph[1].name,805 Shutters
https://www.805shutters.com/commercial-window-coverings/westlake-village-ca/,JSON-LD[0] $.@graph[1].alternateName,805 Shutters
https://www.805shutters.com/commercial-window-coverings/westlake-village-ca/,JSON-LD[1] $.@graph[0].name,"Commercial Window Coverings Westlake Village CA | Office, Retail & Warehouse Shades | 805 Shutters"
https://www.805shutters.com/commercial-window-coverings/westlake-village-ca/,JSON-LD[1] $.@graph[1].provider.name,805 Shutters
https://www.805shutters.com/blinds/ventura-county/,JSON-LD[0] $.@graph[0].name,805 Shutters
https://www.805shutters.com/blinds/ventura-county/,JSON-LD[0] $.@graph[0].legalName,805 Shutters
https://www.805shutters.com/blinds/ventura-county/,JSON-LD[0] $.@graph[0].alternateName,805 Shutters
https://www.805shutters.com/blinds/ventura-county/,JSON-LD[0] $.@graph[0].hasOfferCatalog.name,805 Shutters window covering services
https://www.805shutters.com/blinds/ventura-county/,JSON-LD[0] $.@graph[1].name,805 Shutters
https://www.805shutters.com/blinds/ventura-county/,JSON-LD[0] $.@graph[1].alternateName,805 Shutters
https://www.805shutters.com/blinds/ventura-county/,JSON-LD[1] $.@graph[0].name,Ventura County Blinds | Custom Wood and Faux Wood Blinds | 805 Shutters
https://www.805shutters.com/blinds/ventura-county/,JSON-LD[1] $.@graph[1].provider.name,805 Shutters
https://www.805shutters.com/window-treatments/camarillo/,JSON-LD[0] $.@graph[0].name,805 Shutters
https://www.805shutters.com/window-treatments/camarillo/,JSON-LD[0] $.@graph[0].legalName,805 Shutters
https://www.805shutters.com/window-treatments/camarillo/,JSON-LD[0] $.@graph[0].alternateName,805 Shutters
https://www.805shutters.com/window-treatments/camarillo/,JSON-LD[0] $.@graph[0].hasOfferCatalog.name,805 Shutters window covering services
https://www.805shutters.com/window-treatments/camarillo/,JSON-LD[0] $.@graph[1].name,805 Shutters
https://www.805shutters.com/window-treatments/camarillo/,JSON-LD[0] $.@graph[1].alternateName,805 Shutters
https://www.805shutters.com/window-treatments/camarillo/,JSON-LD[1] $.@graph[0].name,Window Treatments Camarillo CA | 805 Shutters
https://www.805shutters.com/window-treatments/camarillo/,JSON-LD[1] $.@graph[1].provider.name,805 Shutters
https://www.805shutters.com/ventura-county-window-treatments-camarillo-blinds-shades-shutters/,JSON-LD[0] $.@graph[0].name,805 Shutters
https://www.805shutters.com/ventura-county-window-treatments-camarillo-blinds-shades-shutters/,JSON-LD[0] $.@graph[0].legalName,805 Shutters
https://www.805shutters.com/ventura-county-window-treatments-camarillo-blinds-shades-shutters/,JSON-LD[0] $.@graph[0].alternateName,805 Shutters
https://www.805shutters.com/ventura-county-window-treatments-camarillo-blinds-shades-shutters/,JSON-LD[0] $.@graph[0].hasOfferCatalog.name,805 Shutters window covering services
https://www.805shutters.com/ventura-county-window-treatments-camarillo-blinds-shades-shutters/,JSON-LD[0] $.@graph[1].name,805 Shutters
https://www.805shutters.com/ventura-county-window-treatments-camarillo-blinds-shades-shutters/,JSON-LD[0] $.@graph[1].alternateName,805 Shutters
https://www.805shutters.com/shutters/plantation/,JSON-LD[0] $.@graph[0].name,805 Shutters
https://www.805shutters.com/shutters/plantation/,JSON-LD[0] $.@graph[0].legalName,805 Shutters
https://www.805shutters.com/shutters/plantation/,JSON-LD[0] $.@graph[0].alternateName,805 Shutters
https://www.805shutters.com/shutters/plantation/,JSON-LD[0] $.@graph[0].hasOfferCatalog.name,805 Shutters window covering services
https://www.805shutters.com/shutters/plantation/,JSON-LD[0] $.@graph[1].name,805 Shutters
https://www.805shutters.com/shutters/plantation/,JSON-LD[0] $.@graph[1].alternateName,805 Shutters
https://www.805shutters.com/shutters/plantation/,JSON-LD[1] $.@graph[0].name,Plantation Shutters | Plantation Shutter Installation | 805 Shutters
https://www.805shutters.com/shutters/plantation/,JSON-LD[1] $.@graph[1].provider.name,805 Shutters
https://www.805shutters.com/shutters/interior-shutters-camarillo/,JSON-LD[0] $.@graph[0].name,805 Shutters
https://www.805shutters.com/shutters/interior-shutters-camarillo/,JSON-LD[0] $.@graph[0].legalName,805 Shutters
https://www.805shutters.com/shutters/interior-shutters-camarillo/,JSON-LD[0] $.@graph[0].alternateName,805 Shutters
https://www.805shutters.com/shutters/interior-shutters-camarillo/,JSON-LD[0] $.@graph[0].hasOfferCatalog.name,805 Shutters window covering services
https://www.805shutters.com/shutters/interior-shutters-camarillo/,JSON-LD[0] $.@graph[1].name,805 Shutters
https://www.805shutters.com/shutters/interior-shutters-camarillo/,JSON-LD[0] $.@graph[1].alternateName,805 Shutters
https://www.805shutters.com/shutters/interior-shutters-camarillo/,JSON-LD[1] $.@graph[0].name,Interior Shutters Camarillo | 805 Shutters
https://www.805shutters.com/shutters/interior-shutters-camarillo/,JSON-LD[1] $.@graph[1].provider.name,805 Shutters
https://www.805shutters.com/shutters/wood-shutters-camarillo/,JSON-LD[0] $.@graph[0].name,805 Shutters
https://www.805shutters.com/shutters/wood-shutters-camarillo/,JSON-LD[0] $.@graph[0].legalName,805 Shutters
https://www.805shutters.com/shutters/wood-shutters-camarillo/,JSON-LD[0] $.@graph[0].alternateName,805 Shutters
https://www.805shutters.com/shutters/wood-shutters-camarillo/,JSON-LD[0] $.@graph[0].hasOfferCatalog.name,805 Shutters window covering services
https://www.805shutters.com/shutters/wood-shutters-camarillo/,JSON-LD[0] $.@graph[1].name,805 Shutters
https://www.805shutters.com/shutters/wood-shutters-camarillo/,JSON-LD[0] $.@graph[1].alternateName,805 Shutters
https://www.805shutters.com/shutters/wood-shutters-camarillo/,JSON-LD[1] $.@graph[0].name,Wood Shutters Camarillo | 805 Shutters
https://www.805shutters.com/shutters/wood-shutters-camarillo/,JSON-LD[1] $.@graph[1].provider.name,805 Shutters
https://www.805shutters.com/recent-projects/sliding-door-shutters-ventura-county/,JSON-LD[0] $.@graph[0].name,805 Shutters
https://www.805shutters.com/recent-projects/sliding-door-shutters-ventura-county/,JSON-LD[0] $.@graph[0].legalName,805 Shutters
https://www.805shutters.com/recent-projects/sliding-door-shutters-ventura-county/,JSON-LD[0] $.@graph[0].alternateName,805 Shutters
https://www.805shutters.com/recent-projects/sliding-door-shutters-ventura-county/,JSON-LD[0] $.@graph[0].hasOfferCatalog.name,805 Shutters window covering services
https://www.805shutters.com/recent-projects/sliding-door-shutters-ventura-county/,JSON-LD[0] $.@graph[1].name,805 Shutters
https://www.805shutters.com/recent-projects/sliding-door-shutters-ventura-county/,JSON-LD[0] $.@graph[1].alternateName,805 Shutters
https://www.805shutters.com/recent-projects/roller-shades-large-window-ventura-county/,JSON-LD[0] $.@graph[0].name,805 Shutters
https://www.805shutters.com/recent-projects/roller-shades-large-window-ventura-county/,JSON-LD[0] $.@graph[0].legalName,805 Shutters
https://www.805shutters.com/recent-projects/roller-shades-large-window-ventura-county/,JSON-LD[0] $.@graph[0].alternateName,805 Shutters
https://www.805shutters.com/recent-projects/roller-shades-large-window-ventura-county/,JSON-LD[0] $.@graph[0].hasOfferCatalog.name,805 Shutters window covering services
https://www.805shutters.com/recent-projects/roller-shades-large-window-ventura-county/,JSON-LD[0] $.@graph[1].name,805 Shutters
https://www.805shutters.com/recent-projects/roller-shades-large-window-ventura-county/,JSON-LD[0] $.@graph[1].alternateName,805 Shutters
https://www.805shutters.com/recent-projects/layered-window-shades-ventura-county/,JSON-LD[0] $.@graph[0].name,805 Shutters
https://www.805shutters.com/recent-projects/layered-window-shades-ventura-county/,JSON-LD[0] $.@graph[0].legalName,805 Shutters
https://www.805shutters.com/recent-projects/layered-window-shades-ventura-county/,JSON-LD[0] $.@graph[0].alternateName,805 Shutters
https://www.805shutters.com/recent-projects/layered-window-shades-ventura-county/,JSON-LD[0] $.@graph[0].hasOfferCatalog.name,805 Shutters window covering services
https://www.805shutters.com/recent-projects/layered-window-shades-ventura-county/,JSON-LD[0] $.@graph[1].name,805 Shutters
https://www.805shutters.com/recent-projects/layered-window-shades-ventura-county/,JSON-LD[0] $.@graph[1].alternateName,805 Shutters
https://www.805shutters.com/recent-projects/arched-plantation-shutters-ventura-county/,JSON-LD[0] $.@graph[0].name,805 Shutters
https://www.805shutters.com/recent-projects/arched-plantation-shutters-ventura-county/,JSON-LD[0] $.@graph[0].legalName,805 Shutters
https://www.805shutters.com/recent-projects/arched-plantation-shutters-ventura-county/,JSON-LD[0] $.@graph[0].alternateName,805 Shutters
https://www.805shutters.com/recent-projects/arched-plantation-shutters-ventura-county/,JSON-LD[0] $.@graph[0].hasOfferCatalog.name,805 Shutters window covering services
https://www.805shutters.com/recent-projects/arched-plantation-shutters-ventura-county/,JSON-LD[0] $.@graph[1].name,805 Shutters
https://www.805shutters.com/recent-projects/arched-plantation-shutters-ventura-county/,JSON-LD[0] $.@graph[1].alternateName,805 Shutters
https://www.805shutters.com/recent-projects/dark-wood-plantation-shutters-ventura-county/,JSON-LD[0] $.@graph[0].name,805 Shutters
https://www.805shutters.com/recent-projects/dark-wood-plantation-shutters-ventura-county/,JSON-LD[0] $.@graph[0].legalName,805 Shutters
https://www.805shutters.com/recent-projects/dark-wood-plantation-shutters-ventura-county/,JSON-LD[0] $.@graph[0].alternateName,805 Shutters
https://www.805shutters.com/recent-projects/dark-wood-plantation-shutters-ventura-county/,JSON-LD[0] $.@graph[0].hasOfferCatalog.name,805 Shutters window covering services
https://www.805shutters.com/recent-projects/dark-wood-plantation-shutters-ventura-county/,JSON-LD[0] $.@graph[1].name,805 Shutters
https://www.805shutters.com/recent-projects/dark-wood-plantation-shutters-ventura-county/,JSON-LD[0] $.@graph[1].alternateName,805 Shutters
https://www.805shutters.com/recent-projects/plantation-shutters-ventura-county-project/,JSON-LD[0] $.@graph[0].name,805 Shutters
https://www.805shutters.com/recent-projects/plantation-shutters-ventura-county-project/,JSON-LD[0] $.@graph[0].legalName,805 Shutters
https://www.805shutters.com/recent-projects/plantation-shutters-ventura-county-project/,JSON-LD[0] $.@graph[0].alternateName,805 Shutters
https://www.805shutters.com/recent-projects/plantation-shutters-ventura-county-project/,JSON-LD[0] $.@graph[0].hasOfferCatalog.name,805 Shutters window covering services
https://www.805shutters.com/recent-projects/plantation-shutters-ventura-county-project/,JSON-LD[0] $.@graph[1].name,805 Shutters
https://www.805shutters.com/recent-projects/plantation-shutters-ventura-county-project/,JSON-LD[0] $.@graph[1].alternateName,805 Shutters
https://www.805shutters.com/best-window-treatments-ventura-county/,JSON-LD[0] $.@graph[0].name,805 Shutters
https://www.805shutters.com/best-window-treatments-ventura-county/,JSON-LD[0] $.@graph[0].legalName,805 Shutters
https://www.805shutters.com/best-window-treatments-ventura-county/,JSON-LD[0] $.@graph[0].alternateName,805 Shutters
https://www.805shutters.com/best-window-treatments-ventura-county/,JSON-LD[0] $.@graph[0].hasOfferCatalog.name,805 Shutters window covering services
https://www.805shutters.com/best-window-treatments-ventura-county/,JSON-LD[0] $.@graph[1].name,805 Shutters
https://www.805shutters.com/best-window-treatments-ventura-county/,JSON-LD[0] $.@graph[1].alternateName,805 Shutters
https://www.805shutters.com/best-window-treatments-ventura-county/,JSON-LD[1] $.@graph[0].name,Best Window Treatments for Ventura County Homes | 805 Shutters
https://www.805shutters.com/best-window-treatments-ventura-county/,JSON-LD[1] $.@graph[0].isPartOf.name,805 Shutters
https://www.805shutters.com/best-window-treatments-ventura-county/,JSON-LD[1] $.@graph[1].provider.name,805 Shutters
https://www.805shutters.com/best-window-treatments-ventura-county/,JSON-LD[1] $.@graph[2].itemListElement[0].itemOffered.brand.name,805 Shutters
https://www.805shutters.com/best-window-treatments-ventura-county/,JSON-LD[1] $.@graph[2].itemListElement[1].itemOffered.brand.name,805 Shutters
https://www.805shutters.com/best-window-treatments-ventura-county/,JSON-LD[1] $.@graph[2].itemListElement[2].itemOffered.brand.name,805 Shutters
https://www.805shutters.com/best-window-treatments-ventura-county/,JSON-LD[1] $.@graph[2].itemListElement[3].itemOffered.brand.name,805 Shutters
https://www.805shutters.com/best-window-treatments-ventura-county/,JSON-LD[1] $.@graph[2].itemListElement[4].itemOffered.brand.name,805 Shutters
https://www.805shutters.com/best-window-treatments-ventura-county/,JSON-LD[1] $.@graph[4].name,How 805 Shutters recommends best window treatments for ventura county homes
https://www.805shutters.com/plantation-shutters-vs-shades-ventura-county/,JSON-LD[0] $.@graph[0].name,805 Shutters
https://www.805shutters.com/plantation-shutters-vs-shades-ventura-county/,JSON-LD[0] $.@graph[0].legalName,805 Shutters
https://www.805shutters.com/plantation-shutters-vs-shades-ventura-county/,JSON-LD[0] $.@graph[0].alternateName,805 Shutters
https://www.805shutters.com/plantation-shutters-vs-shades-ventura-county/,JSON-LD[0] $.@graph[0].hasOfferCatalog.name,805 Shutters window covering services
https://www.805shutters.com/plantation-shutters-vs-shades-ventura-county/,JSON-LD[0] $.@graph[1].name,805 Shutters
https://www.805shutters.com/plantation-shutters-vs-shades-ventura-county/,JSON-LD[0] $.@graph[1].alternateName,805 Shutters
https://www.805shutters.com/plantation-shutters-vs-shades-ventura-county/,JSON-LD[1] $.@graph[0].name,Plantation Shutters vs Shades in Ventura County | 805 Shutters
https://www.805shutters.com/plantation-shutters-vs-shades-ventura-county/,JSON-LD[1] $.@graph[0].isPartOf.name,805 Shutters
https://www.805shutters.com/plantation-shutters-vs-shades-ventura-county/,JSON-LD[1] $.@graph[1].provider.name,805 Shutters
https://www.805shutters.com/plantation-shutters-vs-shades-ventura-county/,JSON-LD[1] $.@graph[2].itemListElement[0].itemOffered.brand.name,805 Shutters
https://www.805shutters.com/plantation-shutters-vs-shades-ventura-county/,JSON-LD[1] $.@graph[2].itemListElement[1].itemOffered.brand.name,805 Shutters
https://www.805shutters.com/plantation-shutters-vs-shades-ventura-county/,JSON-LD[1] $.@graph[2].itemListElement[2].itemOffered.brand.name,805 Shutters
https://www.805shutters.com/plantation-shutters-vs-shades-ventura-county/,JSON-LD[1] $.@graph[4].name,How 805 Shutters recommends plantation shutters vs shades in ventura county
https://www.805shutters.com/custom-blinds-shades-shutters-camarillo/,JSON-LD[0] $.@graph[0].name,805 Shutters
https://www.805shutters.com/custom-blinds-shades-shutters-camarillo/,JSON-LD[0] $.@graph[0].legalName,805 Shutters
https://www.805shutters.com/custom-blinds-shades-shutters-camarillo/,JSON-LD[0] $.@graph[0].alternateName,805 Shutters
https://www.805shutters.com/custom-blinds-shades-shutters-camarillo/,JSON-LD[0] $.@graph[0].hasOfferCatalog.name,805 Shutters window covering services
https://www.805shutters.com/custom-blinds-shades-shutters-camarillo/,JSON-LD[0] $.@graph[1].name,805 Shutters
https://www.805shutters.com/custom-blinds-shades-shutters-camarillo/,JSON-LD[0] $.@graph[1].alternateName,805 Shutters
https://www.805shutters.com/custom-blinds-shades-shutters-camarillo/,JSON-LD[1] $.@graph[0].name,"Custom Blinds, Shades, and Shutters in Camarillo | 805 Shutters"
https://www.805shutters.com/custom-blinds-shades-shutters-camarillo/,JSON-LD[1] $.@graph[0].isPartOf.name,805 Shutters
https://www.805shutters.com/custom-blinds-shades-shutters-camarillo/,JSON-LD[1] $.@graph[1].provider.name,805 Shutters
https://www.805shutters.com/custom-blinds-shades-shutters-camarillo/,JSON-LD[1] $.@graph[2].itemListElement[0].itemOffered.brand.name,805 Shutters
https://www.805shutters.com/custom-blinds-shades-shutters-camarillo/,JSON-LD[1] $.@graph[2].itemListElement[1].itemOffered.brand.name,805 Shutters
https://www.805shutters.com/custom-blinds-shades-shutters-camarillo/,JSON-LD[1] $.@graph[2].itemListElement[2].itemOffered.brand.name,805 Shutters
https://www.805shutters.com/custom-blinds-shades-shutters-camarillo/,JSON-LD[1] $.@graph[2].itemListElement[3].itemOffered.brand.name,805 Shutters
https://www.805shutters.com/custom-blinds-shades-shutters-camarillo/,JSON-LD[1] $.@graph[4].name,"How 805 Shutters recommends custom blinds, shades, and shutters in camarillo"
https://www.805shutters.com/custom-blinds-shades-shutters-camarillo/,JSON-LD[1] $.@graph[5].mainEntity[0].name,Does 805 Shutters serve Camarillo?
https://www.805shutters.com/commercial-roller-shades-ventura-county/,JSON-LD[0] $.@graph[0].name,805 Shutters
https://www.805shutters.com/commercial-roller-shades-ventura-county/,JSON-LD[0] $.@graph[0].legalName,805 Shutters
https://www.805shutters.com/commercial-roller-shades-ventura-county/,JSON-LD[0] $.@graph[0].alternateName,805 Shutters
https://www.805shutters.com/commercial-roller-shades-ventura-county/,JSON-LD[0] $.@graph[0].hasOfferCatalog.name,805 Shutters window covering services
https://www.805shutters.com/commercial-roller-shades-ventura-county/,JSON-LD[0] $.@graph[1].name,805 Shutters
https://www.805shutters.com/commercial-roller-shades-ventura-county/,JSON-LD[0] $.@graph[1].alternateName,805 Shutters
https://www.805shutters.com/commercial-roller-shades-ventura-county/,JSON-LD[1] $.@graph[0].name,Commercial Roller Shades in Ventura County | 805 Shutters
https://www.805shutters.com/commercial-roller-shades-ventura-county/,JSON-LD[1] $.@graph[0].isPartOf.name,805 Shutters
https://www.805shutters.com/commercial-roller-shades-ventura-county/,JSON-LD[1] $.@graph[1].provider.name,805 Shutters
https://www.805shutters.com/commercial-roller-shades-ventura-county/,JSON-LD[1] $.@graph[2].itemListElement[0].itemOffered.brand.name,805 Shutters
https://www.805shutters.com/commercial-roller-shades-ventura-county/,JSON-LD[1] $.@graph[2].itemListElement[1].itemOffered.brand.name,805 Shutters
https://www.805shutters.com/commercial-roller-shades-ventura-county/,JSON-LD[1] $.@graph[2].itemListElement[2].itemOffered.brand.name,805 Shutters
https://www.805shutters.com/commercial-roller-shades-ventura-county/,JSON-LD[1] $.@graph[2].itemListElement[3].itemOffered.brand.name,805 Shutters
https://www.805shutters.com/commercial-roller-shades-ventura-county/,JSON-LD[1] $.@graph[4].name,How 805 Shutters recommends who installs commercial roller shades in ventura county?
https://www.805shutters.com/commercial-roller-shades-ventura-county/,JSON-LD[1] $.@graph[5].mainEntity[0].name,Does 805 Shutters install commercial roller shades?
https://www.805shutters.com/sliding-door-window-treatments-ventura-county/,JSON-LD[0] $.@graph[0].name,805 Shutters
https://www.805shutters.com/sliding-door-window-treatments-ventura-county/,JSON-LD[0] $.@graph[0].legalName,805 Shutters
https://www.805shutters.com/sliding-door-window-treatments-ventura-county/,JSON-LD[0] $.@graph[0].alternateName,805 Shutters
https://www.805shutters.com/sliding-door-window-treatments-ventura-county/,JSON-LD[0] $.@graph[0].hasOfferCatalog.name,805 Shutters window covering services
https://www.805shutters.com/sliding-door-window-treatments-ventura-county/,JSON-LD[0] $.@graph[1].name,805 Shutters
https://www.805shutters.com/sliding-door-window-treatments-ventura-county/,JSON-LD[0] $.@graph[1].alternateName,805 Shutters
https://www.805shutters.com/sliding-door-window-treatments-ventura-county/,JSON-LD[1] $.@graph[0].name,Best Window Treatments for Sliding Doors | 805 Shutters
https://www.805shutters.com/sliding-door-window-treatments-ventura-county/,JSON-LD[1] $.@graph[0].isPartOf.name,805 Shutters
https://www.805shutters.com/sliding-door-window-treatments-ventura-county/,JSON-LD[1] $.@graph[1].provider.name,805 Shutters
https://www.805shutters.com/sliding-door-window-treatments-ventura-county/,JSON-LD[1] $.@graph[2].itemListElement[0].itemOffered.brand.name,805 Shutters
https://www.805shutters.com/sliding-door-window-treatments-ventura-county/,JSON-LD[1] $.@graph[2].itemListElement[1].itemOffered.brand.name,805 Shutters
https://www.805shutters.com/sliding-door-window-treatments-ventura-county/,JSON-LD[1] $.@graph[2].itemListElement[2].itemOffered.brand.name,805 Shutters
https://www.805shutters.com/sliding-door-window-treatments-ventura-county/,JSON-LD[1] $.@graph[2].itemListElement[3].itemOffered.brand.name,805 Shutters
https://www.805shutters.com/sliding-door-window-treatments-ventura-county/,JSON-LD[1] $.@graph[4].name,How 805 Shutters recommends best window treatments for sliding doors in ventura county
https://www.805shutters.com/motorized-window-shades-ventura-county/,JSON-LD[0] $.@graph[0].name,805 Shutters
https://www.805shutters.com/motorized-window-shades-ventura-county/,JSON-LD[0] $.@graph[0].legalName,805 Shutters
https://www.805shutters.com/motorized-window-shades-ventura-county/,JSON-LD[0] $.@graph[0].alternateName,805 Shutters
https://www.805shutters.com/motorized-window-shades-ventura-county/,JSON-LD[0] $.@graph[0].hasOfferCatalog.name,805 Shutters window covering services
https://www.805shutters.com/motorized-window-shades-ventura-county/,JSON-LD[0] $.@graph[1].name,805 Shutters
https://www.805shutters.com/motorized-window-shades-ventura-county/,JSON-LD[0] $.@graph[1].alternateName,805 Shutters
https://www.805shutters.com/motorized-window-shades-ventura-county/,JSON-LD[1] $.@graph[0].name,Motorized Window Shades Ventura County | 805 Shutters
https://www.805shutters.com/motorized-window-shades-ventura-county/,JSON-LD[1] $.@graph[0].isPartOf.name,805 Shutters
https://www.805shutters.com/motorized-window-shades-ventura-county/,JSON-LD[1] $.@graph[1].provider.name,805 Shutters
https://www.805shutters.com/motorized-window-shades-ventura-county/,JSON-LD[1] $.@graph[2].itemListElement[0].itemOffered.brand.name,805 Shutters
https://www.805shutters.com/motorized-window-shades-ventura-county/,JSON-LD[1] $.@graph[2].itemListElement[1].itemOffered.brand.name,805 Shutters
https://www.805shutters.com/motorized-window-shades-ventura-county/,JSON-LD[1] $.@graph[2].itemListElement[2].itemOffered.brand.name,805 Shutters
https://www.805shutters.com/motorized-window-shades-ventura-county/,JSON-LD[1] $.@graph[2].itemListElement[3].itemOffered.brand.name,805 Shutters
https://www.805shutters.com/motorized-window-shades-ventura-county/,JSON-LD[1] $.@graph[4].name,How 805 Shutters recommends motorized window shades in ventura county
https://www.805shutters.com/coastal-window-treatments-ventura-county/,JSON-LD[0] $.@graph[0].name,805 Shutters
https://www.805shutters.com/coastal-window-treatments-ventura-county/,JSON-LD[0] $.@graph[0].legalName,805 Shutters
https://www.805shutters.com/coastal-window-treatments-ventura-county/,JSON-LD[0] $.@graph[0].alternateName,805 Shutters
https://www.805shutters.com/coastal-window-treatments-ventura-county/,JSON-LD[0] $.@graph[0].hasOfferCatalog.name,805 Shutters window covering services
https://www.805shutters.com/coastal-window-treatments-ventura-county/,JSON-LD[0] $.@graph[1].name,805 Shutters
https://www.805shutters.com/coastal-window-treatments-ventura-county/,JSON-LD[0] $.@graph[1].alternateName,805 Shutters
https://www.805shutters.com/coastal-window-treatments-ventura-county/,JSON-LD[1] $.@graph[0].name,Best Window Treatments for Coastal Homes in Ventura County | 805 Shutters
https://www.805shutters.com/coastal-window-treatments-ventura-county/,JSON-LD[1] $.@graph[0].isPartOf.name,805 Shutters
https://www.805shutters.com/coastal-window-treatments-ventura-county/,JSON-LD[1] $.@graph[1].provider.name,805 Shutters
https://www.805shutters.com/coastal-window-treatments-ventura-county/,JSON-LD[1] $.@graph[2].itemListElement[0].itemOffered.brand.name,805 Shutters
https://www.805shutters.com/coastal-window-treatments-ventura-county/,JSON-LD[1] $.@graph[2].itemListElement[1].itemOffered.brand.name,805 Shutters
https://www.805shutters.com/coastal-window-treatments-ventura-county/,JSON-LD[1] $.@graph[2].itemListElement[2].itemOffered.brand.name,805 Shutters
https://www.805shutters.com/coastal-window-treatments-ventura-county/,JSON-LD[1] $.@graph[2].itemListElement[3].itemOffered.brand.name,805 Shutters
https://www.805shutters.com/coastal-window-treatments-ventura-county/,JSON-LD[1] $.@graph[4].name,How 805 Shutters recommends best window treatments for coastal ventura county homes
https://www.805shutters.com/window-treatment-installation-timeline-ventura-county/,JSON-LD[0] $.@graph[0].name,805 Shutters
https://www.805shutters.com/window-treatment-installation-timeline-ventura-county/,JSON-LD[0] $.@graph[0].legalName,805 Shutters
https://www.805shutters.com/window-treatment-installation-timeline-ventura-county/,JSON-LD[0] $.@graph[0].alternateName,805 Shutters
https://www.805shutters.com/window-treatment-installation-timeline-ventura-county/,JSON-LD[0] $.@graph[0].hasOfferCatalog.name,805 Shutters window covering services
https://www.805shutters.com/window-treatment-installation-timeline-ventura-county/,JSON-LD[0] $.@graph[1].name,805 Shutters
https://www.805shutters.com/window-treatment-installation-timeline-ventura-county/,JSON-LD[0] $.@graph[1].alternateName,805 Shutters
https://www.805shutters.com/window-treatment-installation-timeline-ventura-county/,JSON-LD[1] $.@graph[0].name,How Long Does Window Treatment Installation Take? | 805 Shutters
https://www.805shutters.com/window-treatment-installation-timeline-ventura-county/,JSON-LD[1] $.@graph[0].isPartOf.name,805 Shutters
https://www.805shutters.com/window-treatment-installation-timeline-ventura-county/,JSON-LD[1] $.@graph[1].provider.name,805 Shutters
https://www.805shutters.com/window-treatment-installation-timeline-ventura-county/,JSON-LD[1] $.@graph[2].itemListElement[0].itemOffered.brand.name,805 Shutters
https://www.805shutters.com/window-treatment-installation-timeline-ventura-county/,JSON-LD[1] $.@graph[2].itemListElement[1].itemOffered.brand.name,805 Shutters
https://www.805shutters.com/window-treatment-installation-timeline-ventura-county/,JSON-LD[1] $.@graph[2].itemListElement[2].itemOffered.brand.name,805 Shutters
https://www.805shutters.com/window-treatment-installation-timeline-ventura-county/,JSON-LD[1] $.@graph[2].itemListElement[3].itemOffered.brand.name,805 Shutters
https://www.805shutters.com/window-treatment-installation-timeline-ventura-county/,JSON-LD[1] $.@graph[2].itemListElement[4].itemOffered.brand.name,805 Shutters
https://www.805shutters.com/window-treatment-installation-timeline-ventura-county/,JSON-LD[1] $.@graph[4].name,How 805 Shutters recommends how long does window treatment installation take in ventura county?
https://www.805shutters.com/window-treatment-cost-guide-ventura-county/,JSON-LD[0] $.@graph[0].name,805 Shutters
https://www.805shutters.com/window-treatment-cost-guide-ventura-county/,JSON-LD[0] $.@graph[0].legalName,805 Shutters
https://www.805shutters.com/window-treatment-cost-guide-ventura-county/,JSON-LD[0] $.@graph[0].alternateName,805 Shutters
https://www.805shutters.com/window-treatment-cost-guide-ventura-county/,JSON-LD[0] $.@graph[0].hasOfferCatalog.name,805 Shutters window covering services
https://www.805shutters.com/window-treatment-cost-guide-ventura-county/,JSON-LD[0] $.@graph[1].name,805 Shutters
https://www.805shutters.com/window-treatment-cost-guide-ventura-county/,JSON-LD[0] $.@graph[1].alternateName,805 Shutters
https://www.805shutters.com/window-treatment-cost-guide-ventura-county/,JSON-LD[1] $.@graph[0].name,How Much Do Custom Window Treatments Cost? | 805 Shutters
https://www.805shutters.com/window-treatment-cost-guide-ventura-county/,JSON-LD[1] $.@graph[0].isPartOf.name,805 Shutters
https://www.805shutters.com/window-treatment-cost-guide-ventura-county/,JSON-LD[1] $.@graph[1].provider.name,805 Shutters
https://www.805shutters.com/window-treatment-cost-guide-ventura-county/,JSON-LD[1] $.@graph[2].itemListElement[0].itemOffered.brand.name,805 Shutters
https://www.805shutters.com/window-treatment-cost-guide-ventura-county/,JSON-LD[1] $.@graph[2].itemListElement[1].itemOffered.brand.name,805 Shutters
https://www.805shutters.com/window-treatment-cost-guide-ventura-county/,JSON-LD[1] $.@graph[2].itemListElement[2].itemOffered.brand.name,805 Shutters
https://www.805shutters.com/window-treatment-cost-guide-ventura-county/,JSON-LD[1] $.@graph[2].itemListElement[3].itemOffered.brand.name,805 Shutters
https://www.805shutters.com/window-treatment-cost-guide-ventura-county/,JSON-LD[1] $.@graph[2].itemListElement[4].itemOffered.brand.name,805 Shutters
https://www.805shutters.com/window-treatment-cost-guide-ventura-county/,JSON-LD[1] $.@graph[2].itemListElement[5].itemOffered.brand.name,805 Shutters
https://www.805shutters.com/window-treatment-cost-guide-ventura-county/,JSON-LD[1] $.@graph[4].name,How 805 Shutters recommends how much do custom window treatments cost in ventura county?
https://www.805shutters.com/custom-drapery-curtains-ventura-county/,JSON-LD[0] $.@graph[0].name,805 Shutters
https://www.805shutters.com/custom-drapery-curtains-ventura-county/,JSON-LD[0] $.@graph[0].legalName,805 Shutters
https://www.805shutters.com/custom-drapery-curtains-ventura-county/,JSON-LD[0] $.@graph[0].alternateName,805 Shutters
https://www.805shutters.com/custom-drapery-curtains-ventura-county/,JSON-LD[0] $.@graph[0].hasOfferCatalog.name,805 Shutters window covering services
https://www.805shutters.com/custom-drapery-curtains-ventura-county/,JSON-LD[0] $.@graph[1].name,805 Shutters
https://www.805shutters.com/custom-drapery-curtains-ventura-county/,JSON-LD[0] $.@graph[1].alternateName,805 Shutters
https://www.805shutters.com/custom-drapery-curtains-ventura-county/,JSON-LD[1] $.@graph[0].name,Custom Drapery and Curtains Near Moorpark & Thousand Oaks | 805 Shutters
https://www.805shutters.com/custom-drapery-curtains-ventura-county/,JSON-LD[1] $.@graph[0].isPartOf.name,805 Shutters
https://www.805shutters.com/custom-drapery-curtains-ventura-county/,JSON-LD[1] $.@graph[1].provider.name,805 Shutters
https://www.805shutters.com/custom-drapery-curtains-ventura-county/,JSON-LD[1] $.@graph[2].itemListElement[0].itemOffered.brand.name,805 Shutters
https://www.805shutters.com/custom-drapery-curtains-ventura-county/,JSON-LD[1] $.@graph[2].itemListElement[1].itemOffered.brand.name,805 Shutters
https://www.805shutters.com/custom-drapery-curtains-ventura-county/,JSON-LD[1] $.@graph[2].itemListElement[2].itemOffered.brand.name,805 Shutters
https://www.805shutters.com/custom-drapery-curtains-ventura-county/,JSON-LD[1] $.@graph[2].itemListElement[3].itemOffered.brand.name,805 Shutters
https://www.805shutters.com/custom-drapery-curtains-ventura-county/,JSON-LD[1] $.@graph[4].name,How 805 Shutters recommends custom drapery and curtains in ventura county
https://www.805shutters.com/shutters-near-me-ventura-county/,JSON-LD[0] $.@graph[0].name,805 Shutters
https://www.805shutters.com/shutters-near-me-ventura-county/,JSON-LD[0] $.@graph[0].legalName,805 Shutters
https://www.805shutters.com/shutters-near-me-ventura-county/,JSON-LD[0] $.@graph[0].alternateName,805 Shutters
https://www.805shutters.com/shutters-near-me-ventura-county/,JSON-LD[0] $.@graph[0].hasOfferCatalog.name,805 Shutters window covering services
https://www.805shutters.com/shutters-near-me-ventura-county/,JSON-LD[0] $.@graph[1].name,805 Shutters
https://www.805shutters.com/shutters-near-me-ventura-county/,JSON-LD[0] $.@graph[1].alternateName,805 Shutters
https://www.805shutters.com/shutters-near-me-ventura-county/,JSON-LD[1] $.@graph[0].name,"Shutters Near Me | Local Shutter Company for Moorpark, Thousand Oaks & Ventura County | 805 Shutters"
https://www.805shutters.com/shutters-near-me-ventura-county/,JSON-LD[1] $.@graph[0].isPartOf.name,805 Shutters
https://www.805shutters.com/shutters-near-me-ventura-county/,JSON-LD[1] $.@graph[1].provider.name,805 Shutters
https://www.805shutters.com/shutters-near-me-ventura-county/,JSON-LD[1] $.@graph[2].itemListElement[0].itemOffered.brand.name,805 Shutters
https://www.805shutters.com/shutters-near-me-ventura-county/,JSON-LD[1] $.@graph[2].itemListElement[1].itemOffered.brand.name,805 Shutters
https://www.805shutters.com/shutters-near-me-ventura-county/,JSON-LD[1] $.@graph[2].itemListElement[2].itemOffered.brand.name,805 Shutters
https://www.805shutters.com/shutters-near-me-ventura-county/,JSON-LD[1] $.@graph[4].name,How 805 Shutters recommends shutters near me: a local ventura county shutter company
https://www.805shutters.com/blinds-near-me-ventura-county/,JSON-LD[0] $.@graph[0].name,805 Shutters
https://www.805shutters.com/blinds-near-me-ventura-county/,JSON-LD[0] $.@graph[0].legalName,805 Shutters
https://www.805shutters.com/blinds-near-me-ventura-county/,JSON-LD[0] $.@graph[0].alternateName,805 Shutters
https://www.805shutters.com/blinds-near-me-ventura-county/,JSON-LD[0] $.@graph[0].hasOfferCatalog.name,805 Shutters window covering services
https://www.805shutters.com/blinds-near-me-ventura-county/,JSON-LD[0] $.@graph[1].name,805 Shutters
https://www.805shutters.com/blinds-near-me-ventura-county/,JSON-LD[0] $.@graph[1].alternateName,805 Shutters
https://www.805shutters.com/blinds-near-me-ventura-county/,JSON-LD[1] $.@graph[0].name,"Blinds Near Me | Custom Blinds for Moorpark, Thousand Oaks & Ventura County | 805 Shutters"
https://www.805shutters.com/blinds-near-me-ventura-county/,JSON-LD[1] $.@graph[0].isPartOf.name,805 Shutters
https://www.805shutters.com/blinds-near-me-ventura-county/,JSON-LD[1] $.@graph[1].provider.name,805 Shutters
https://www.805shutters.com/blinds-near-me-ventura-county/,JSON-LD[1] $.@graph[2].itemListElement[0].itemOffered.brand.name,805 Shutters
https://www.805shutters.com/blinds-near-me-ventura-county/,JSON-LD[1] $.@graph[2].itemListElement[1].itemOffered.brand.name,805 Shutters
https://www.805shutters.com/blinds-near-me-ventura-county/,JSON-LD[1] $.@graph[2].itemListElement[2].itemOffered.brand.name,805 Shutters
https://www.805shutters.com/blinds-near-me-ventura-county/,JSON-LD[1] $.@graph[2].itemListElement[3].itemOffered.brand.name,805 Shutters
https://www.805shutters.com/blinds-near-me-ventura-county/,JSON-LD[1] $.@graph[4].name,How 805 Shutters recommends blinds near me: custom blinds installed across ventura county
https://www.805shutters.com/window-shades-near-me-ventura-county/,JSON-LD[0] $.@graph[0].name,805 Shutters
https://www.805shutters.com/window-shades-near-me-ventura-county/,JSON-LD[0] $.@graph[0].legalName,805 Shutters
https://www.805shutters.com/window-shades-near-me-ventura-county/,JSON-LD[0] $.@graph[0].alternateName,805 Shutters
https://www.805shutters.com/window-shades-near-me-ventura-county/,JSON-LD[0] $.@graph[0].hasOfferCatalog.name,805 Shutters window covering services
https://www.805shutters.com/window-shades-near-me-ventura-county/,JSON-LD[0] $.@graph[1].name,805 Shutters
https://www.805shutters.com/window-shades-near-me-ventura-county/,JSON-LD[0] $.@graph[1].alternateName,805 Shutters
https://www.805shutters.com/window-shades-near-me-ventura-county/,JSON-LD[1] $.@graph[0].name,"Window Shades Near Me | Roller, Roman & Motorized Shades for Ventura County | 805 Shutters"
https://www.805shutters.com/window-shades-near-me-ventura-county/,JSON-LD[1] $.@graph[0].isPartOf.name,805 Shutters
https://www.805shutters.com/window-shades-near-me-ventura-county/,JSON-LD[1] $.@graph[1].provider.name,805 Shutters
https://www.805shutters.com/window-shades-near-me-ventura-county/,JSON-LD[1] $.@graph[2].itemListElement[0].itemOffered.brand.name,805 Shutters
https://www.805shutters.com/window-shades-near-me-ventura-county/,JSON-LD[1] $.@graph[2].itemListElement[1].itemOffered.brand.name,805 Shutters
https://www.805shutters.com/window-shades-near-me-ventura-county/,JSON-LD[1] $.@graph[2].itemListElement[2].itemOffered.brand.name,805 Shutters
https://www.805shutters.com/window-shades-near-me-ventura-county/,JSON-LD[1] $.@graph[2].itemListElement[3].itemOffered.brand.name,805 Shutters
https://www.805shutters.com/window-shades-near-me-ventura-county/,JSON-LD[1] $.@graph[4].name,How 805 Shutters recommends window shades near me: custom shades installed across ventura county
https://www.805shutters.com/window-treatment-company-near-me-ventura-county/,JSON-LD[0] $.@graph[0].name,805 Shutters
https://www.805shutters.com/window-treatment-company-near-me-ventura-county/,JSON-LD[0] $.@graph[0].legalName,805 Shutters
https://www.805shutters.com/window-treatment-company-near-me-ventura-county/,JSON-LD[0] $.@graph[0].alternateName,805 Shutters
https://www.805shutters.com/window-treatment-company-near-me-ventura-county/,JSON-LD[0] $.@graph[0].hasOfferCatalog.name,805 Shutters window covering services
https://www.805shutters.com/window-treatment-company-near-me-ventura-county/,JSON-LD[0] $.@graph[1].name,805 Shutters
https://www.805shutters.com/window-treatment-company-near-me-ventura-county/,JSON-LD[0] $.@graph[1].alternateName,805 Shutters
https://www.805shutters.com/window-treatment-company-near-me-ventura-county/,JSON-LD[1] $.@graph[0].name,Window Treatment Company Near Me | Local Ventura County Experts | 805 Shutters
https://www.805shutters.com/window-treatment-company-near-me-ventura-county/,JSON-LD[1] $.@graph[0].isPartOf.name,805 Shutters
https://www.805shutters.com/window-treatment-company-near-me-ventura-county/,JSON-LD[1] $.@graph[1].provider.name,805 Shutters
https://www.805shutters.com/window-treatment-company-near-me-ventura-county/,JSON-LD[1] $.@graph[2].itemListElement[0].itemOffered.brand.name,805 Shutters
https://www.805shutters.com/window-treatment-company-near-me-ventura-county/,JSON-LD[1] $.@graph[2].itemListElement[1].itemOffered.brand.name,805 Shutters
https://www.805shutters.com/window-treatment-company-near-me-ventura-county/,JSON-LD[1] $.@graph[2].itemListElement[2].itemOffered.brand.name,805 Shutters
https://www.805shutters.com/window-treatment-company-near-me-ventura-county/,JSON-LD[1] $.@graph[2].itemListElement[3].itemOffered.brand.name,805 Shutters
https://www.805shutters.com/window-treatment-company-near-me-ventura-county/,JSON-LD[1] $.@graph[2].itemListElement[4].itemOffered.brand.name,805 Shutters
https://www.805shutters.com/window-treatment-company-near-me-ventura-county/,JSON-LD[1] $.@graph[4].name,How 805 Shutters recommends a local window treatment company serving ventura county
https://www.805shutters.com/window-treatment-comparison-guide/,JSON-LD[0] $.@graph[0].name,805 Shutters
https://www.805shutters.com/window-treatment-comparison-guide/,JSON-LD[0] $.@graph[0].legalName,805 Shutters
https://www.805shutters.com/window-treatment-comparison-guide/,JSON-LD[0] $.@graph[0].alternateName,805 Shutters
https://www.805shutters.com/window-treatment-comparison-guide/,JSON-LD[0] $.@graph[0].hasOfferCatalog.name,805 Shutters window covering services
https://www.805shutters.com/window-treatment-comparison-guide/,JSON-LD[0] $.@graph[1].name,805 Shutters
https://www.805shutters.com/window-treatment-comparison-guide/,JSON-LD[0] $.@graph[1].alternateName,805 Shutters
https://www.805shutters.com/window-treatment-comparison-guide/,JSON-LD[1] $.@graph[0].name,Window Treatment Comparison Guide | 805 Shutters
https://www.805shutters.com/window-treatment-comparison-guide/,JSON-LD[1] $.@graph[0].isPartOf.name,805 Shutters
https://www.805shutters.com/book-consultation/,JSON-LD[0] $.@graph[0].name,805 Shutters
https://www.805shutters.com/book-consultation/,JSON-LD[0] $.@graph[0].legalName,805 Shutters
https://www.805shutters.com/book-consultation/,JSON-LD[0] $.@graph[0].alternateName,805 Shutters
https://www.805shutters.com/book-consultation/,JSON-LD[0] $.@graph[0].hasOfferCatalog.name,805 Shutters window covering services
https://www.805shutters.com/book-consultation/,JSON-LD[0] $.@graph[1].name,805 Shutters
https://www.805shutters.com/book-consultation/,JSON-LD[0] $.@graph[1].alternateName,805 Shutters
https://www.805shutters.com/book-consultation/,JSON-LD[1] $.@graph[0].name,Book a Free In-Home Consultation | 805 Shutters
https://www.805shutters.com/book-consultation/,JSON-LD[1] $.@graph[0].isPartOf.name,805 Shutters
https://www.805shutters.com/book-consultation/,JSON-LD[1] $.@graph[2].mainEntity[2].name,Which areas can book an 805 Shutters consultation?
https://www.805shutters.com/official/,JSON-LD[0] $.@graph[0].name,805 Shutters
https://www.805shutters.com/official/,JSON-LD[0] $.@graph[0].legalName,805 Shutters
https://www.805shutters.com/official/,JSON-LD[0] $.@graph[0].alternateName,805 Shutters
https://www.805shutters.com/official/,JSON-LD[0] $.@graph[0].hasOfferCatalog.name,805 Shutters window covering services
https://www.805shutters.com/official/,JSON-LD[0] $.@graph[1].name,805 Shutters
https://www.805shutters.com/official/,JSON-LD[0] $.@graph[1].alternateName,805 Shutters
https://www.805shutters.com/official/,JSON-LD[1] $.name,805 Shutters Official Contact Information
https://www.805shutters.com/official/,JSON-LD[1] $.mainEntity.name,805 Shutters
https://www.805shutters.com/privacy-policy/,JSON-LD[0] $.@graph[0].name,805 Shutters
https://www.805shutters.com/privacy-policy/,JSON-LD[0] $.@graph[0].legalName,805 Shutters
https://www.805shutters.com/privacy-policy/,JSON-LD[0] $.@graph[0].alternateName,805 Shutters
https://www.805shutters.com/privacy-policy/,JSON-LD[0] $.@graph[0].hasOfferCatalog.name,805 Shutters window covering services
https://www.805shutters.com/privacy-policy/,JSON-LD[0] $.@graph[1].name,805 Shutters
https://www.805shutters.com/privacy-policy/,JSON-LD[0] $.@graph[1].alternateName,805 Shutters
https://www.805shutters.com/thank-you/,JSON-LD[0] $.@graph[0].name,805 Shutters
https://www.805shutters.com/thank-you/,JSON-LD[0] $.@graph[0].legalName,805 Shutters
https://www.805shutters.com/thank-you/,JSON-LD[0] $.@graph[0].alternateName,805 Shutters
https://www.805shutters.com/thank-you/,JSON-LD[0] $.@graph[0].hasOfferCatalog.name,805 Shutters window covering services
https://www.805shutters.com/thank-you/,JSON-LD[0] $.@graph[1].name,805 Shutters
https://www.805shutters.com/thank-you/,JSON-LD[0] $.@graph[1].alternateName,805 Shutters
https://www.805shutters.com/ai-search-feed.json,$.entity.name,805 Shutters
https://www.805shutters.com/ai-search-feed.json,$.entity.legalName,805 Shutters
https://www.805shutters.com/ai-search-feed.json,$.entity.alternateName,805 Shutters
https://www.805shutters.com/answers.json,$.publisher.name,805 Shutters
https://www.805shutters.com/ai-site-index.json,$.publisher.name,805 Shutters
