kind,observed_value,url,location,decision
phone,805-806-9344,https://www.805shutters.com/,JSON-LD[0] $.@graph[0].contactPoint.telephone,current contact; unchanged
phone,805-806-9344,https://www.805shutters.com/,JSON-LD[0] $.@graph[0].telephone,current contact; unchanged
phone,805-806-9344,https://www.805shutters.com/,page text,current contact; unchanged
phone,805-806-9344,https://www.805shutters.com/about/,JSON-LD[0] $.@graph[0].contactPoint.telephone,current contact; unchanged
phone,805-806-9344,https://www.805shutters.com/about/,JSON-LD[0] $.@graph[0].telephone,current contact; unchanged
phone,805-806-9344,https://www.805shutters.com/about/,page text,current contact; unchanged
phone,805-806-9344,https://www.805shutters.com/ai-search-feed.json,$.entity.phone,current contact; unchanged
phone,805-806-9344,https://www.805shutters.com/ai-site-index.json,$.pages[93].description,current contact; unchanged
phone,805-806-9344,https://www.805shutters.com/ai-site-index.json,$.publisher.phone,current contact; unchanged
phone,805-806-9344,https://www.805shutters.com/answers.json,$.publisher.phone,current contact; unchanged
phone,805-806-9344,https://www.805shutters.com/best-window-treatments-ventura-county/,JSON-LD[0] $.@graph[0].contactPoint.telephone,current contact; unchanged
phone,805-806-9344,https://www.805shutters.com/best-window-treatments-ventura-county/,JSON-LD[0] $.@graph[0].telephone,current contact; unchanged
phone,805-806-9344,https://www.805shutters.com/best-window-treatments-ventura-county/,JSON-LD[1] $.@graph[1].availableChannel.servicePhone,current contact; unchanged
phone,805-806-9344,https://www.805shutters.com/best-window-treatments-ventura-county/,JSON-LD[1] $.@graph[1].provider.telephone,current contact; unchanged
phone,805-806-9344,https://www.805shutters.com/best-window-treatments-ventura-county/,page text,current contact; unchanged
phone,805-806-9344,https://www.805shutters.com/blinds-near-me-ventura-county/,JSON-LD[0] $.@graph[0].contactPoint.telephone,current contact; unchanged
phone,805-806-9344,https://www.805shutters.com/blinds-near-me-ventura-county/,JSON-LD[0] $.@graph[0].telephone,current contact; unchanged
phone,805-806-9344,https://www.805shutters.com/blinds-near-me-ventura-county/,JSON-LD[1] $.@graph[1].availableChannel.servicePhone,current contact; unchanged
phone,805-806-9344,https://www.805shutters.com/blinds-near-me-ventura-county/,JSON-LD[1] $.@graph[1].provider.telephone,current contact; unchanged
phone,805-806-9344,https://www.805shutters.com/blinds-near-me-ventura-county/,page text,current contact; unchanged
phone,805-806-9344,https://www.805shutters.com/blinds/,JSON-LD[0] $.@graph[0].contactPoint.telephone,current contact; unchanged
phone,805-806-9344,https://www.805shutters.com/blinds/,JSON-LD[0] $.@graph[0].telephone,current contact; unchanged
phone,805-806-9344,https://www.805shutters.com/blinds/,JSON-LD[1] $.@graph[1].provider.telephone,current contact; unchanged
phone,805-806-9344,https://www.805shutters.com/blinds/,page text,current contact; unchanged
phone,805-806-9344,https://www.805shutters.com/blinds/camarillo-ca/,JSON-LD[0] $.@graph[0].contactPoint.telephone,current contact; unchanged
phone,805-806-9344,https://www.805shutters.com/blinds/camarillo-ca/,JSON-LD[0] $.@graph[0].telephone,current contact; unchanged
phone,805-806-9344,https://www.805shutters.com/blinds/camarillo-ca/,JSON-LD[1] $.@graph[1].provider.telephone,current contact; unchanged
phone,805-806-9344,https://www.805shutters.com/blinds/camarillo-ca/,page text,current contact; unchanged
phone,805-806-9344,https://www.805shutters.com/blinds/fillmore-ca/,JSON-LD[0] $.@graph[0].contactPoint.telephone,current contact; unchanged
phone,805-806-9344,https://www.805shutters.com/blinds/fillmore-ca/,JSON-LD[0] $.@graph[0].telephone,current contact; unchanged
phone,805-806-9344,https://www.805shutters.com/blinds/fillmore-ca/,JSON-LD[1] $.@graph[1].provider.telephone,current contact; unchanged
phone,805-806-9344,https://www.805shutters.com/blinds/fillmore-ca/,page text,current contact; unchanged
phone,805-806-9344,https://www.805shutters.com/blinds/moorpark-ca/,JSON-LD[0] $.@graph[0].contactPoint.telephone,current contact; unchanged
phone,805-806-9344,https://www.805shutters.com/blinds/moorpark-ca/,JSON-LD[0] $.@graph[0].telephone,current contact; unchanged
phone,805-806-9344,https://www.805shutters.com/blinds/moorpark-ca/,JSON-LD[1] $.@graph[1].provider.telephone,current contact; unchanged
phone,805-806-9344,https://www.805shutters.com/blinds/moorpark-ca/,page text,current contact; unchanged
phone,805-806-9344,https://www.805shutters.com/blinds/newbury-park-ca/,JSON-LD[0] $.@graph[0].contactPoint.telephone,current contact; unchanged
phone,805-806-9344,https://www.805shutters.com/blinds/newbury-park-ca/,JSON-LD[0] $.@graph[0].telephone,current contact; unchanged
phone,805-806-9344,https://www.805shutters.com/blinds/newbury-park-ca/,JSON-LD[1] $.@graph[1].provider.telephone,current contact; unchanged
phone,805-806-9344,https://www.805shutters.com/blinds/newbury-park-ca/,page text,current contact; unchanged
phone,805-806-9344,https://www.805shutters.com/blinds/oak-park-ca/,JSON-LD[0] $.@graph[0].contactPoint.telephone,current contact; unchanged
phone,805-806-9344,https://www.805shutters.com/blinds/oak-park-ca/,JSON-LD[0] $.@graph[0].telephone,current contact; unchanged
phone,805-806-9344,https://www.805shutters.com/blinds/oak-park-ca/,JSON-LD[1] $.@graph[1].provider.telephone,current contact; unchanged
phone,805-806-9344,https://www.805shutters.com/blinds/oak-park-ca/,page text,current contact; unchanged
phone,805-806-9344,https://www.805shutters.com/blinds/ojai-ca/,JSON-LD[0] $.@graph[0].contactPoint.telephone,current contact; unchanged
phone,805-806-9344,https://www.805shutters.com/blinds/ojai-ca/,JSON-LD[0] $.@graph[0].telephone,current contact; unchanged
phone,805-806-9344,https://www.805shutters.com/blinds/ojai-ca/,JSON-LD[1] $.@graph[1].provider.telephone,current contact; unchanged
phone,805-806-9344,https://www.805shutters.com/blinds/ojai-ca/,page text,current contact; unchanged
phone,805-806-9344,https://www.805shutters.com/blinds/oxnard-ca/,JSON-LD[0] $.@graph[0].contactPoint.telephone,current contact; unchanged
phone,805-806-9344,https://www.805shutters.com/blinds/oxnard-ca/,JSON-LD[0] $.@graph[0].telephone,current contact; unchanged
phone,805-806-9344,https://www.805shutters.com/blinds/oxnard-ca/,JSON-LD[1] $.@graph[1].provider.telephone,current contact; unchanged
phone,805-806-9344,https://www.805shutters.com/blinds/oxnard-ca/,page text,current contact; unchanged
phone,805-806-9344,https://www.805shutters.com/blinds/port-hueneme-ca/,JSON-LD[0] $.@graph[0].contactPoint.telephone,current contact; unchanged
phone,805-806-9344,https://www.805shutters.com/blinds/port-hueneme-ca/,JSON-LD[0] $.@graph[0].telephone,current contact; unchanged
phone,805-806-9344,https://www.805shutters.com/blinds/port-hueneme-ca/,JSON-LD[1] $.@graph[1].provider.telephone,current contact; unchanged
phone,805-806-9344,https://www.805shutters.com/blinds/port-hueneme-ca/,page text,current contact; unchanged
phone,805-806-9344,https://www.805shutters.com/blinds/santa-clarita-ca/,JSON-LD[0] $.@graph[0].contactPoint.telephone,current contact; unchanged
phone,805-806-9344,https://www.805shutters.com/blinds/santa-clarita-ca/,JSON-LD[0] $.@graph[0].telephone,current contact; unchanged
phone,805-806-9344,https://www.805shutters.com/blinds/santa-clarita-ca/,JSON-LD[1] $.@graph[1].provider.telephone,current contact; unchanged
phone,805-806-9344,https://www.805shutters.com/blinds/santa-clarita-ca/,page text,current contact; unchanged
phone,805-806-9344,https://www.805shutters.com/blinds/santa-paula-ca/,JSON-LD[0] $.@graph[0].contactPoint.telephone,current contact; unchanged
phone,805-806-9344,https://www.805shutters.com/blinds/santa-paula-ca/,JSON-LD[0] $.@graph[0].telephone,current contact; unchanged
phone,805-806-9344,https://www.805shutters.com/blinds/santa-paula-ca/,JSON-LD[1] $.@graph[1].provider.telephone,current contact; unchanged
phone,805-806-9344,https://www.805shutters.com/blinds/santa-paula-ca/,page text,current contact; unchanged
phone,805-806-9344,https://www.805shutters.com/blinds/santa-rosa-valley-ca/,JSON-LD[0] $.@graph[0].contactPoint.telephone,current contact; unchanged
phone,805-806-9344,https://www.805shutters.com/blinds/santa-rosa-valley-ca/,JSON-LD[0] $.@graph[0].telephone,current contact; unchanged
phone,805-806-9344,https://www.805shutters.com/blinds/santa-rosa-valley-ca/,JSON-LD[1] $.@graph[1].provider.telephone,current contact; unchanged
phone,805-806-9344,https://www.805shutters.com/blinds/santa-rosa-valley-ca/,page text,current contact; unchanged
phone,805-806-9344,https://www.805shutters.com/blinds/simi-valley-ca/,JSON-LD[0] $.@graph[0].contactPoint.telephone,current contact; unchanged
phone,805-806-9344,https://www.805shutters.com/blinds/simi-valley-ca/,JSON-LD[0] $.@graph[0].telephone,current contact; unchanged
phone,805-806-9344,https://www.805shutters.com/blinds/simi-valley-ca/,JSON-LD[1] $.@graph[1].provider.telephone,current contact; unchanged
phone,805-806-9344,https://www.805shutters.com/blinds/simi-valley-ca/,page text,current contact; unchanged
phone,805-806-9344,https://www.805shutters.com/blinds/thousand-oaks-ca/,JSON-LD[0] $.@graph[0].contactPoint.telephone,current contact; unchanged
phone,805-806-9344,https://www.805shutters.com/blinds/thousand-oaks-ca/,JSON-LD[0] $.@graph[0].telephone,current contact; unchanged
phone,805-806-9344,https://www.805shutters.com/blinds/thousand-oaks-ca/,JSON-LD[1] $.@graph[1].provider.telephone,current contact; unchanged
phone,805-806-9344,https://www.805shutters.com/blinds/thousand-oaks-ca/,page text,current contact; unchanged
phone,805-806-9344,https://www.805shutters.com/blinds/ventura-ca/,JSON-LD[0] $.@graph[0].contactPoint.telephone,current contact; unchanged
phone,805-806-9344,https://www.805shutters.com/blinds/ventura-ca/,JSON-LD[0] $.@graph[0].telephone,current contact; unchanged
phone,805-806-9344,https://www.805shutters.com/blinds/ventura-ca/,JSON-LD[1] $.@graph[1].provider.telephone,current contact; unchanged
phone,805-806-9344,https://www.805shutters.com/blinds/ventura-ca/,page text,current contact; unchanged
phone,805-806-9344,https://www.805shutters.com/blinds/ventura-county/,JSON-LD[0] $.@graph[0].contactPoint.telephone,current contact; unchanged
phone,805-806-9344,https://www.805shutters.com/blinds/ventura-county/,JSON-LD[0] $.@graph[0].telephone,current contact; unchanged
phone,805-806-9344,https://www.805shutters.com/blinds/ventura-county/,JSON-LD[1] $.@graph[1].provider.telephone,current contact; unchanged
phone,805-806-9344,https://www.805shutters.com/blinds/ventura-county/,page text,current contact; unchanged
phone,805-806-9344,https://www.805shutters.com/blinds/westlake-village-ca/,JSON-LD[0] $.@graph[0].contactPoint.telephone,current contact; unchanged
phone,805-806-9344,https://www.805shutters.com/blinds/westlake-village-ca/,JSON-LD[0] $.@graph[0].telephone,current contact; unchanged
phone,805-806-9344,https://www.805shutters.com/blinds/westlake-village-ca/,JSON-LD[1] $.@graph[1].provider.telephone,current contact; unchanged
phone,805-806-9344,https://www.805shutters.com/blinds/westlake-village-ca/,page text,current contact; unchanged
phone,805-806-9344,https://www.805shutters.com/book-consultation/,JSON-LD[0] $.@graph[0].contactPoint.telephone,current contact; unchanged
phone,805-806-9344,https://www.805shutters.com/book-consultation/,JSON-LD[0] $.@graph[0].telephone,current contact; unchanged
phone,805-806-9344,https://www.805shutters.com/book-consultation/,page text,current contact; unchanged
phone,805-806-9344,https://www.805shutters.com/coastal-window-treatments-ventura-county/,JSON-LD[0] $.@graph[0].contactPoint.telephone,current contact; unchanged
phone,805-806-9344,https://www.805shutters.com/coastal-window-treatments-ventura-county/,JSON-LD[0] $.@graph[0].telephone,current contact; unchanged
phone,805-806-9344,https://www.805shutters.com/coastal-window-treatments-ventura-county/,JSON-LD[1] $.@graph[1].availableChannel.servicePhone,current contact; unchanged
phone,805-806-9344,https://www.805shutters.com/coastal-window-treatments-ventura-county/,JSON-LD[1] $.@graph[1].provider.telephone,current contact; unchanged
phone,805-806-9344,https://www.805shutters.com/coastal-window-treatments-ventura-county/,page text,current contact; unchanged
phone,805-806-9344,https://www.805shutters.com/commercial-roller-shades-ventura-county/,JSON-LD[0] $.@graph[0].contactPoint.telephone,current contact; unchanged
phone,805-806-9344,https://www.805shutters.com/commercial-roller-shades-ventura-county/,JSON-LD[0] $.@graph[0].telephone,current contact; unchanged
phone,805-806-9344,https://www.805shutters.com/commercial-roller-shades-ventura-county/,JSON-LD[1] $.@graph[1].availableChannel.servicePhone,current contact; unchanged
phone,805-806-9344,https://www.805shutters.com/commercial-roller-shades-ventura-county/,JSON-LD[1] $.@graph[1].provider.telephone,current contact; unchanged
phone,805-806-9344,https://www.805shutters.com/commercial-roller-shades-ventura-county/,page text,current contact; unchanged
phone,805-806-9344,https://www.805shutters.com/commercial-roller-shades/,JSON-LD[0] $.@graph[0].contactPoint.telephone,current contact; unchanged
phone,805-806-9344,https://www.805shutters.com/commercial-roller-shades/,JSON-LD[0] $.@graph[0].telephone,current contact; unchanged
phone,805-806-9344,https://www.805shutters.com/commercial-roller-shades/,JSON-LD[1] $.@graph[1].provider.telephone,current contact; unchanged
phone,805-806-9344,https://www.805shutters.com/commercial-roller-shades/,page text,current contact; unchanged
phone,805-806-9344,https://www.805shutters.com/commercial-window-coverings/,JSON-LD[0] $.@graph[0].contactPoint.telephone,current contact; unchanged
phone,805-806-9344,https://www.805shutters.com/commercial-window-coverings/,JSON-LD[0] $.@graph[0].telephone,current contact; unchanged
phone,805-806-9344,https://www.805shutters.com/commercial-window-coverings/,JSON-LD[1] $.@graph[1].provider.telephone,current contact; unchanged
phone,805-806-9344,https://www.805shutters.com/commercial-window-coverings/,page text,current contact; unchanged
phone,805-806-9344,https://www.805shutters.com/commercial-window-coverings/camarillo-ca/,JSON-LD[0] $.@graph[0].contactPoint.telephone,current contact; unchanged
phone,805-806-9344,https://www.805shutters.com/commercial-window-coverings/camarillo-ca/,JSON-LD[0] $.@graph[0].telephone,current contact; unchanged
phone,805-806-9344,https://www.805shutters.com/commercial-window-coverings/camarillo-ca/,JSON-LD[1] $.@graph[1].provider.telephone,current contact; unchanged
phone,805-806-9344,https://www.805shutters.com/commercial-window-coverings/camarillo-ca/,page text,current contact; unchanged
phone,805-806-9344,https://www.805shutters.com/commercial-window-coverings/fillmore-ca/,JSON-LD[0] $.@graph[0].contactPoint.telephone,current contact; unchanged
phone,805-806-9344,https://www.805shutters.com/commercial-window-coverings/fillmore-ca/,JSON-LD[0] $.@graph[0].telephone,current contact; unchanged
phone,805-806-9344,https://www.805shutters.com/commercial-window-coverings/fillmore-ca/,JSON-LD[1] $.@graph[1].provider.telephone,current contact; unchanged
phone,805-806-9344,https://www.805shutters.com/commercial-window-coverings/fillmore-ca/,page text,current contact; unchanged
phone,805-806-9344,https://www.805shutters.com/commercial-window-coverings/moorpark-ca/,JSON-LD[0] $.@graph[0].contactPoint.telephone,current contact; unchanged
phone,805-806-9344,https://www.805shutters.com/commercial-window-coverings/moorpark-ca/,JSON-LD[0] $.@graph[0].telephone,current contact; unchanged
phone,805-806-9344,https://www.805shutters.com/commercial-window-coverings/moorpark-ca/,JSON-LD[1] $.@graph[1].provider.telephone,current contact; unchanged
phone,805-806-9344,https://www.805shutters.com/commercial-window-coverings/moorpark-ca/,page text,current contact; unchanged
phone,805-806-9344,https://www.805shutters.com/commercial-window-coverings/newbury-park-ca/,JSON-LD[0] $.@graph[0].contactPoint.telephone,current contact; unchanged
phone,805-806-9344,https://www.805shutters.com/commercial-window-coverings/newbury-park-ca/,JSON-LD[0] $.@graph[0].telephone,current contact; unchanged
phone,805-806-9344,https://www.805shutters.com/commercial-window-coverings/newbury-park-ca/,JSON-LD[1] $.@graph[1].provider.telephone,current contact; unchanged
phone,805-806-9344,https://www.805shutters.com/commercial-window-coverings/newbury-park-ca/,page text,current contact; unchanged
phone,805-806-9344,https://www.805shutters.com/commercial-window-coverings/oak-park-ca/,JSON-LD[0] $.@graph[0].contactPoint.telephone,current contact; unchanged
phone,805-806-9344,https://www.805shutters.com/commercial-window-coverings/oak-park-ca/,JSON-LD[0] $.@graph[0].telephone,current contact; unchanged
phone,805-806-9344,https://www.805shutters.com/commercial-window-coverings/oak-park-ca/,JSON-LD[1] $.@graph[1].provider.telephone,current contact; unchanged
phone,805-806-9344,https://www.805shutters.com/commercial-window-coverings/oak-park-ca/,page text,current contact; unchanged
phone,805-806-9344,https://www.805shutters.com/commercial-window-coverings/ojai-ca/,JSON-LD[0] $.@graph[0].contactPoint.telephone,current contact; unchanged
phone,805-806-9344,https://www.805shutters.com/commercial-window-coverings/ojai-ca/,JSON-LD[0] $.@graph[0].telephone,current contact; unchanged
phone,805-806-9344,https://www.805shutters.com/commercial-window-coverings/ojai-ca/,JSON-LD[1] $.@graph[1].provider.telephone,current contact; unchanged
phone,805-806-9344,https://www.805shutters.com/commercial-window-coverings/ojai-ca/,page text,current contact; unchanged
phone,805-806-9344,https://www.805shutters.com/commercial-window-coverings/oxnard-ca/,JSON-LD[0] $.@graph[0].contactPoint.telephone,current contact; unchanged
phone,805-806-9344,https://www.805shutters.com/commercial-window-coverings/oxnard-ca/,JSON-LD[0] $.@graph[0].telephone,current contact; unchanged
phone,805-806-9344,https://www.805shutters.com/commercial-window-coverings/oxnard-ca/,JSON-LD[1] $.@graph[1].provider.telephone,current contact; unchanged
phone,805-806-9344,https://www.805shutters.com/commercial-window-coverings/oxnard-ca/,page text,current contact; unchanged
phone,805-806-9344,https://www.805shutters.com/commercial-window-coverings/port-hueneme-ca/,JSON-LD[0] $.@graph[0].contactPoint.telephone,current contact; unchanged
phone,805-806-9344,https://www.805shutters.com/commercial-window-coverings/port-hueneme-ca/,JSON-LD[0] $.@graph[0].telephone,current contact; unchanged
phone,805-806-9344,https://www.805shutters.com/commercial-window-coverings/port-hueneme-ca/,JSON-LD[1] $.@graph[1].provider.telephone,current contact; unchanged
phone,805-806-9344,https://www.805shutters.com/commercial-window-coverings/port-hueneme-ca/,page text,current contact; unchanged
phone,805-806-9344,https://www.805shutters.com/commercial-window-coverings/santa-clarita-ca/,JSON-LD[0] $.@graph[0].contactPoint.telephone,current contact; unchanged
phone,805-806-9344,https://www.805shutters.com/commercial-window-coverings/santa-clarita-ca/,JSON-LD[0] $.@graph[0].telephone,current contact; unchanged
phone,805-806-9344,https://www.805shutters.com/commercial-window-coverings/santa-clarita-ca/,JSON-LD[1] $.@graph[1].provider.telephone,current contact; unchanged
phone,805-806-9344,https://www.805shutters.com/commercial-window-coverings/santa-clarita-ca/,page text,current contact; unchanged
phone,805-806-9344,https://www.805shutters.com/commercial-window-coverings/santa-paula-ca/,JSON-LD[0] $.@graph[0].contactPoint.telephone,current contact; unchanged
phone,805-806-9344,https://www.805shutters.com/commercial-window-coverings/santa-paula-ca/,JSON-LD[0] $.@graph[0].telephone,current contact; unchanged
phone,805-806-9344,https://www.805shutters.com/commercial-window-coverings/santa-paula-ca/,JSON-LD[1] $.@graph[1].provider.telephone,current contact; unchanged
phone,805-806-9344,https://www.805shutters.com/commercial-window-coverings/santa-paula-ca/,page text,current contact; unchanged
phone,805-806-9344,https://www.805shutters.com/commercial-window-coverings/santa-rosa-valley-ca/,JSON-LD[0] $.@graph[0].contactPoint.telephone,current contact; unchanged
phone,805-806-9344,https://www.805shutters.com/commercial-window-coverings/santa-rosa-valley-ca/,JSON-LD[0] $.@graph[0].telephone,current contact; unchanged
phone,805-806-9344,https://www.805shutters.com/commercial-window-coverings/santa-rosa-valley-ca/,JSON-LD[1] $.@graph[1].provider.telephone,current contact; unchanged
phone,805-806-9344,https://www.805shutters.com/commercial-window-coverings/santa-rosa-valley-ca/,page text,current contact; unchanged
phone,805-806-9344,https://www.805shutters.com/commercial-window-coverings/simi-valley-ca/,JSON-LD[0] $.@graph[0].contactPoint.telephone,current contact; unchanged
phone,805-806-9344,https://www.805shutters.com/commercial-window-coverings/simi-valley-ca/,JSON-LD[0] $.@graph[0].telephone,current contact; unchanged
phone,805-806-9344,https://www.805shutters.com/commercial-window-coverings/simi-valley-ca/,JSON-LD[1] $.@graph[1].provider.telephone,current contact; unchanged
phone,805-806-9344,https://www.805shutters.com/commercial-window-coverings/simi-valley-ca/,page text,current contact; unchanged
phone,805-806-9344,https://www.805shutters.com/commercial-window-coverings/thousand-oaks-ca/,JSON-LD[0] $.@graph[0].contactPoint.telephone,current contact; unchanged
phone,805-806-9344,https://www.805shutters.com/commercial-window-coverings/thousand-oaks-ca/,JSON-LD[0] $.@graph[0].telephone,current contact; unchanged
phone,805-806-9344,https://www.805shutters.com/commercial-window-coverings/thousand-oaks-ca/,JSON-LD[1] $.@graph[1].provider.telephone,current contact; unchanged
phone,805-806-9344,https://www.805shutters.com/commercial-window-coverings/thousand-oaks-ca/,page text,current contact; unchanged
phone,805-806-9344,https://www.805shutters.com/commercial-window-coverings/ventura-ca/,JSON-LD[0] $.@graph[0].contactPoint.telephone,current contact; unchanged
phone,805-806-9344,https://www.805shutters.com/commercial-window-coverings/ventura-ca/,JSON-LD[0] $.@graph[0].telephone,current contact; unchanged
phone,805-806-9344,https://www.805shutters.com/commercial-window-coverings/ventura-ca/,JSON-LD[1] $.@graph[1].provider.telephone,current contact; unchanged
phone,805-806-9344,https://www.805shutters.com/commercial-window-coverings/ventura-ca/,page text,current contact; unchanged
phone,805-806-9344,https://www.805shutters.com/commercial-window-coverings/westlake-village-ca/,JSON-LD[0] $.@graph[0].contactPoint.telephone,current contact; unchanged
phone,805-806-9344,https://www.805shutters.com/commercial-window-coverings/westlake-village-ca/,JSON-LD[0] $.@graph[0].telephone,current contact; unchanged
phone,805-806-9344,https://www.805shutters.com/commercial-window-coverings/westlake-village-ca/,JSON-LD[1] $.@graph[1].provider.telephone,current contact; unchanged
phone,805-806-9344,https://www.805shutters.com/commercial-window-coverings/westlake-village-ca/,page text,current contact; unchanged
phone,805-806-9344,https://www.805shutters.com/contact/,JSON-LD[0] $.@graph[0].contactPoint.telephone,current contact; unchanged
phone,805-806-9344,https://www.805shutters.com/contact/,JSON-LD[0] $.@graph[0].telephone,current contact; unchanged
phone,805-806-9344,https://www.805shutters.com/contact/,page text,current contact; unchanged
phone,805-806-9344,https://www.805shutters.com/custom-blinds-shades-shutters-camarillo/,JSON-LD[0] $.@graph[0].contactPoint.telephone,current contact; unchanged
phone,805-806-9344,https://www.805shutters.com/custom-blinds-shades-shutters-camarillo/,JSON-LD[0] $.@graph[0].telephone,current contact; unchanged
phone,805-806-9344,https://www.805shutters.com/custom-blinds-shades-shutters-camarillo/,JSON-LD[1] $.@graph[1].availableChannel.servicePhone,current contact; unchanged
phone,805-806-9344,https://www.805shutters.com/custom-blinds-shades-shutters-camarillo/,JSON-LD[1] $.@graph[1].provider.telephone,current contact; unchanged
phone,805-806-9344,https://www.805shutters.com/custom-blinds-shades-shutters-camarillo/,page text,current contact; unchanged
phone,805-806-9344,https://www.805shutters.com/custom-drapery-curtains-ventura-county/,JSON-LD[0] $.@graph[0].contactPoint.telephone,current contact; unchanged
phone,805-806-9344,https://www.805shutters.com/custom-drapery-curtains-ventura-county/,JSON-LD[0] $.@graph[0].telephone,current contact; unchanged
phone,805-806-9344,https://www.805shutters.com/custom-drapery-curtains-ventura-county/,JSON-LD[1] $.@graph[1].availableChannel.servicePhone,current contact; unchanged
phone,805-806-9344,https://www.805shutters.com/custom-drapery-curtains-ventura-county/,JSON-LD[1] $.@graph[1].provider.telephone,current contact; unchanged
phone,805-806-9344,https://www.805shutters.com/custom-drapery-curtains-ventura-county/,page text,current contact; unchanged
phone,805-806-9344,https://www.805shutters.com/drapery/,JSON-LD[0] $.@graph[0].contactPoint.telephone,current contact; unchanged
phone,805-806-9344,https://www.805shutters.com/drapery/,JSON-LD[0] $.@graph[0].telephone,current contact; unchanged
phone,805-806-9344,https://www.805shutters.com/drapery/,JSON-LD[1] $.@graph[1].provider.telephone,current contact; unchanged
phone,805-806-9344,https://www.805shutters.com/drapery/,page text,current contact; unchanged
phone,805-806-9344,https://www.805shutters.com/drapery/camarillo-ca/,JSON-LD[0] $.@graph[0].contactPoint.telephone,current contact; unchanged
phone,805-806-9344,https://www.805shutters.com/drapery/camarillo-ca/,JSON-LD[0] $.@graph[0].telephone,current contact; unchanged
phone,805-806-9344,https://www.805shutters.com/drapery/camarillo-ca/,JSON-LD[1] $.@graph[1].provider.telephone,current contact; unchanged
phone,805-806-9344,https://www.805shutters.com/drapery/camarillo-ca/,page text,current contact; unchanged
phone,805-806-9344,https://www.805shutters.com/drapery/fillmore-ca/,JSON-LD[0] $.@graph[0].contactPoint.telephone,current contact; unchanged
phone,805-806-9344,https://www.805shutters.com/drapery/fillmore-ca/,JSON-LD[0] $.@graph[0].telephone,current contact; unchanged
phone,805-806-9344,https://www.805shutters.com/drapery/fillmore-ca/,JSON-LD[1] $.@graph[1].provider.telephone,current contact; unchanged
phone,805-806-9344,https://www.805shutters.com/drapery/fillmore-ca/,page text,current contact; unchanged
phone,805-806-9344,https://www.805shutters.com/drapery/moorpark-ca/,JSON-LD[0] $.@graph[0].contactPoint.telephone,current contact; unchanged
phone,805-806-9344,https://www.805shutters.com/drapery/moorpark-ca/,JSON-LD[0] $.@graph[0].telephone,current contact; unchanged
phone,805-806-9344,https://www.805shutters.com/drapery/moorpark-ca/,JSON-LD[1] $.@graph[1].provider.telephone,current contact; unchanged
phone,805-806-9344,https://www.805shutters.com/drapery/moorpark-ca/,page text,current contact; unchanged
phone,805-806-9344,https://www.805shutters.com/drapery/newbury-park-ca/,JSON-LD[0] $.@graph[0].contactPoint.telephone,current contact; unchanged
phone,805-806-9344,https://www.805shutters.com/drapery/newbury-park-ca/,JSON-LD[0] $.@graph[0].telephone,current contact; unchanged
phone,805-806-9344,https://www.805shutters.com/drapery/newbury-park-ca/,JSON-LD[1] $.@graph[1].provider.telephone,current contact; unchanged
phone,805-806-9344,https://www.805shutters.com/drapery/newbury-park-ca/,page text,current contact; unchanged
phone,805-806-9344,https://www.805shutters.com/drapery/oak-park-ca/,JSON-LD[0] $.@graph[0].contactPoint.telephone,current contact; unchanged
phone,805-806-9344,https://www.805shutters.com/drapery/oak-park-ca/,JSON-LD[0] $.@graph[0].telephone,current contact; unchanged
phone,805-806-9344,https://www.805shutters.com/drapery/oak-park-ca/,JSON-LD[1] $.@graph[1].provider.telephone,current contact; unchanged
phone,805-806-9344,https://www.805shutters.com/drapery/oak-park-ca/,page text,current contact; unchanged
phone,805-806-9344,https://www.805shutters.com/drapery/ojai-ca/,JSON-LD[0] $.@graph[0].contactPoint.telephone,current contact; unchanged
phone,805-806-9344,https://www.805shutters.com/drapery/ojai-ca/,JSON-LD[0] $.@graph[0].telephone,current contact; unchanged
phone,805-806-9344,https://www.805shutters.com/drapery/ojai-ca/,JSON-LD[1] $.@graph[1].provider.telephone,current contact; unchanged
phone,805-806-9344,https://www.805shutters.com/drapery/ojai-ca/,page text,current contact; unchanged
phone,805-806-9344,https://www.805shutters.com/drapery/oxnard-ca/,JSON-LD[0] $.@graph[0].contactPoint.telephone,current contact; unchanged
phone,805-806-9344,https://www.805shutters.com/drapery/oxnard-ca/,JSON-LD[0] $.@graph[0].telephone,current contact; unchanged
phone,805-806-9344,https://www.805shutters.com/drapery/oxnard-ca/,JSON-LD[1] $.@graph[1].provider.telephone,current contact; unchanged
phone,805-806-9344,https://www.805shutters.com/drapery/oxnard-ca/,page text,current contact; unchanged
phone,805-806-9344,https://www.805shutters.com/drapery/port-hueneme-ca/,JSON-LD[0] $.@graph[0].contactPoint.telephone,current contact; unchanged
phone,805-806-9344,https://www.805shutters.com/drapery/port-hueneme-ca/,JSON-LD[0] $.@graph[0].telephone,current contact; unchanged
phone,805-806-9344,https://www.805shutters.com/drapery/port-hueneme-ca/,JSON-LD[1] $.@graph[1].provider.telephone,current contact; unchanged
phone,805-806-9344,https://www.805shutters.com/drapery/port-hueneme-ca/,page text,current contact; unchanged
phone,805-806-9344,https://www.805shutters.com/drapery/santa-clarita-ca/,JSON-LD[0] $.@graph[0].contactPoint.telephone,current contact; unchanged
phone,805-806-9344,https://www.805shutters.com/drapery/santa-clarita-ca/,JSON-LD[0] $.@graph[0].telephone,current contact; unchanged
phone,805-806-9344,https://www.805shutters.com/drapery/santa-clarita-ca/,JSON-LD[1] $.@graph[1].provider.telephone,current contact; unchanged
phone,805-806-9344,https://www.805shutters.com/drapery/santa-clarita-ca/,page text,current contact; unchanged
phone,805-806-9344,https://www.805shutters.com/drapery/santa-paula-ca/,JSON-LD[0] $.@graph[0].contactPoint.telephone,current contact; unchanged
phone,805-806-9344,https://www.805shutters.com/drapery/santa-paula-ca/,JSON-LD[0] $.@graph[0].telephone,current contact; unchanged
phone,805-806-9344,https://www.805shutters.com/drapery/santa-paula-ca/,JSON-LD[1] $.@graph[1].provider.telephone,current contact; unchanged
phone,805-806-9344,https://www.805shutters.com/drapery/santa-paula-ca/,page text,current contact; unchanged
phone,805-806-9344,https://www.805shutters.com/drapery/santa-rosa-valley-ca/,JSON-LD[0] $.@graph[0].contactPoint.telephone,current contact; unchanged
phone,805-806-9344,https://www.805shutters.com/drapery/santa-rosa-valley-ca/,JSON-LD[0] $.@graph[0].telephone,current contact; unchanged
phone,805-806-9344,https://www.805shutters.com/drapery/santa-rosa-valley-ca/,JSON-LD[1] $.@graph[1].provider.telephone,current contact; unchanged
phone,805-806-9344,https://www.805shutters.com/drapery/santa-rosa-valley-ca/,page text,current contact; unchanged
phone,805-806-9344,https://www.805shutters.com/drapery/simi-valley-ca/,JSON-LD[0] $.@graph[0].contactPoint.telephone,current contact; unchanged
phone,805-806-9344,https://www.805shutters.com/drapery/simi-valley-ca/,JSON-LD[0] $.@graph[0].telephone,current contact; unchanged
phone,805-806-9344,https://www.805shutters.com/drapery/simi-valley-ca/,JSON-LD[1] $.@graph[1].provider.telephone,current contact; unchanged
phone,805-806-9344,https://www.805shutters.com/drapery/simi-valley-ca/,page text,current contact; unchanged
phone,805-806-9344,https://www.805shutters.com/drapery/thousand-oaks-ca/,JSON-LD[0] $.@graph[0].contactPoint.telephone,current contact; unchanged
phone,805-806-9344,https://www.805shutters.com/drapery/thousand-oaks-ca/,JSON-LD[0] $.@graph[0].telephone,current contact; unchanged
phone,805-806-9344,https://www.805shutters.com/drapery/thousand-oaks-ca/,JSON-LD[1] $.@graph[1].provider.telephone,current contact; unchanged
phone,805-806-9344,https://www.805shutters.com/drapery/thousand-oaks-ca/,page text,current contact; unchanged
phone,805-806-9344,https://www.805shutters.com/drapery/ventura-ca/,JSON-LD[0] $.@graph[0].contactPoint.telephone,current contact; unchanged
phone,805-806-9344,https://www.805shutters.com/drapery/ventura-ca/,JSON-LD[0] $.@graph[0].telephone,current contact; unchanged
phone,805-806-9344,https://www.805shutters.com/drapery/ventura-ca/,JSON-LD[1] $.@graph[1].provider.telephone,current contact; unchanged
phone,805-806-9344,https://www.805shutters.com/drapery/ventura-ca/,page text,current contact; unchanged
phone,805-806-9344,https://www.805shutters.com/drapery/westlake-village-ca/,JSON-LD[0] $.@graph[0].contactPoint.telephone,current contact; unchanged
phone,805-806-9344,https://www.805shutters.com/drapery/westlake-village-ca/,JSON-LD[0] $.@graph[0].telephone,current contact; unchanged
phone,805-806-9344,https://www.805shutters.com/drapery/westlake-village-ca/,JSON-LD[1] $.@graph[1].provider.telephone,current contact; unchanged
phone,805-806-9344,https://www.805shutters.com/drapery/westlake-village-ca/,page text,current contact; unchanged
phone,805-806-9344,https://www.805shutters.com/exterior-shades/,JSON-LD[0] $.@graph[0].contactPoint.telephone,current contact; unchanged
phone,805-806-9344,https://www.805shutters.com/exterior-shades/,JSON-LD[0] $.@graph[0].telephone,current contact; unchanged
phone,805-806-9344,https://www.805shutters.com/exterior-shades/,JSON-LD[1] $.@graph[1].provider.telephone,current contact; unchanged
phone,805-806-9344,https://www.805shutters.com/exterior-shades/,page text,current contact; unchanged
phone,805-806-9344,https://www.805shutters.com/faq/,JSON-LD[0] $.@graph[0].contactPoint.telephone,current contact; unchanged
phone,805-806-9344,https://www.805shutters.com/faq/,JSON-LD[0] $.@graph[0].telephone,current contact; unchanged
phone,805-806-9344,https://www.805shutters.com/faq/,page text,current contact; unchanged
phone,805-806-9344,https://www.805shutters.com/financing/,JSON-LD[0] $.@graph[0].contactPoint.telephone,current contact; unchanged
phone,805-806-9344,https://www.805shutters.com/financing/,JSON-LD[0] $.@graph[0].telephone,current contact; unchanged
phone,805-806-9344,https://www.805shutters.com/financing/,JSON-LD[1] $.@graph[1].provider.telephone,current contact; unchanged
phone,805-806-9344,https://www.805shutters.com/financing/,JSON-LD[1] $.@graph[2].mainEntity[3].acceptedAnswer.text,current contact; unchanged
phone,805-806-9344,https://www.805shutters.com/financing/,page text,current contact; unchanged
phone,805-806-9344,https://www.805shutters.com/free-window-treatment-consultation/,JSON-LD[0] $.@graph[0].contactPoint.telephone,current contact; unchanged
phone,805-806-9344,https://www.805shutters.com/free-window-treatment-consultation/,JSON-LD[0] $.@graph[0].telephone,current contact; unchanged
phone,805-806-9344,https://www.805shutters.com/free-window-treatment-consultation/,page text,current contact; unchanged
phone,805-806-9344,https://www.805shutters.com/gallery/,JSON-LD[0] $.@graph[0].contactPoint.telephone,current contact; unchanged
phone,805-806-9344,https://www.805shutters.com/gallery/,JSON-LD[0] $.@graph[0].telephone,current contact; unchanged
phone,805-806-9344,https://www.805shutters.com/gallery/,page text,current contact; unchanged
phone,805-806-9344,https://www.805shutters.com/llms.txt,line 12,current contact; unchanged
phone,805-806-9344,https://www.805shutters.com/llms.txt,line 17,current contact; unchanged
phone,805-806-9344,https://www.805shutters.com/motorized-window-shades-ventura-county/,JSON-LD[0] $.@graph[0].contactPoint.telephone,current contact; unchanged
phone,805-806-9344,https://www.805shutters.com/motorized-window-shades-ventura-county/,JSON-LD[0] $.@graph[0].telephone,current contact; unchanged
phone,805-806-9344,https://www.805shutters.com/motorized-window-shades-ventura-county/,JSON-LD[1] $.@graph[1].availableChannel.servicePhone,current contact; unchanged
phone,805-806-9344,https://www.805shutters.com/motorized-window-shades-ventura-county/,JSON-LD[1] $.@graph[1].provider.telephone,current contact; unchanged
phone,805-806-9344,https://www.805shutters.com/motorized-window-shades-ventura-county/,page text,current contact; unchanged
phone,805-806-9344,https://www.805shutters.com/official/,JSON-LD[0] $.@graph[0].contactPoint.telephone,current contact; unchanged
phone,805-806-9344,https://www.805shutters.com/official/,JSON-LD[0] $.@graph[0].telephone,current contact; unchanged
phone,805-806-9344,https://www.805shutters.com/official/,JSON-LD[1] $.mainEntity.telephone,current contact; unchanged
phone,805-806-9344,https://www.805shutters.com/official/,page text,current contact; unchanged
phone,805-806-9344,https://www.805shutters.com/plantation-shutters-vs-shades-ventura-county/,JSON-LD[0] $.@graph[0].contactPoint.telephone,current contact; unchanged
phone,805-806-9344,https://www.805shutters.com/plantation-shutters-vs-shades-ventura-county/,JSON-LD[0] $.@graph[0].telephone,current contact; unchanged
phone,805-806-9344,https://www.805shutters.com/plantation-shutters-vs-shades-ventura-county/,JSON-LD[1] $.@graph[1].availableChannel.servicePhone,current contact; unchanged
phone,805-806-9344,https://www.805shutters.com/plantation-shutters-vs-shades-ventura-county/,JSON-LD[1] $.@graph[1].provider.telephone,current contact; unchanged
phone,805-806-9344,https://www.805shutters.com/plantation-shutters-vs-shades-ventura-county/,page text,current contact; unchanged
phone,805-806-9344,https://www.805shutters.com/privacy-policy/,JSON-LD[0] $.@graph[0].contactPoint.telephone,current contact; unchanged
phone,805-806-9344,https://www.805shutters.com/privacy-policy/,JSON-LD[0] $.@graph[0].telephone,current contact; unchanged
phone,805-806-9344,https://www.805shutters.com/privacy-policy/,page text,current contact; unchanged
phone,805-806-9344,https://www.805shutters.com/recent-projects/,JSON-LD[0] $.@graph[0].contactPoint.telephone,current contact; unchanged
phone,805-806-9344,https://www.805shutters.com/recent-projects/,JSON-LD[0] $.@graph[0].telephone,current contact; unchanged
phone,805-806-9344,https://www.805shutters.com/recent-projects/,page text,current contact; unchanged
phone,805-806-9344,https://www.805shutters.com/recent-projects/arched-plantation-shutters-ventura-county/,JSON-LD[0] $.@graph[0].contactPoint.telephone,current contact; unchanged
phone,805-806-9344,https://www.805shutters.com/recent-projects/arched-plantation-shutters-ventura-county/,JSON-LD[0] $.@graph[0].telephone,current contact; unchanged
phone,805-806-9344,https://www.805shutters.com/recent-projects/arched-plantation-shutters-ventura-county/,page text,current contact; unchanged
phone,805-806-9344,https://www.805shutters.com/recent-projects/dark-wood-plantation-shutters-ventura-county/,JSON-LD[0] $.@graph[0].contactPoint.telephone,current contact; unchanged
phone,805-806-9344,https://www.805shutters.com/recent-projects/dark-wood-plantation-shutters-ventura-county/,JSON-LD[0] $.@graph[0].telephone,current contact; unchanged
phone,805-806-9344,https://www.805shutters.com/recent-projects/dark-wood-plantation-shutters-ventura-county/,page text,current contact; unchanged
phone,805-806-9344,https://www.805shutters.com/recent-projects/layered-window-shades-ventura-county/,JSON-LD[0] $.@graph[0].contactPoint.telephone,current contact; unchanged
phone,805-806-9344,https://www.805shutters.com/recent-projects/layered-window-shades-ventura-county/,JSON-LD[0] $.@graph[0].telephone,current contact; unchanged
phone,805-806-9344,https://www.805shutters.com/recent-projects/layered-window-shades-ventura-county/,page text,current contact; unchanged
phone,805-806-9344,https://www.805shutters.com/recent-projects/plantation-shutters-ventura-county-project/,JSON-LD[0] $.@graph[0].contactPoint.telephone,current contact; unchanged
phone,805-806-9344,https://www.805shutters.com/recent-projects/plantation-shutters-ventura-county-project/,JSON-LD[0] $.@graph[0].telephone,current contact; unchanged
phone,805-806-9344,https://www.805shutters.com/recent-projects/plantation-shutters-ventura-county-project/,page text,current contact; unchanged
phone,805-806-9344,https://www.805shutters.com/recent-projects/roller-shades-large-window-ventura-county/,JSON-LD[0] $.@graph[0].contactPoint.telephone,current contact; unchanged
phone,805-806-9344,https://www.805shutters.com/recent-projects/roller-shades-large-window-ventura-county/,JSON-LD[0] $.@graph[0].telephone,current contact; unchanged
phone,805-806-9344,https://www.805shutters.com/recent-projects/roller-shades-large-window-ventura-county/,page text,current contact; unchanged
phone,805-806-9344,https://www.805shutters.com/recent-projects/sliding-door-shutters-ventura-county/,JSON-LD[0] $.@graph[0].contactPoint.telephone,current contact; unchanged
phone,805-806-9344,https://www.805shutters.com/recent-projects/sliding-door-shutters-ventura-county/,JSON-LD[0] $.@graph[0].telephone,current contact; unchanged
phone,805-806-9344,https://www.805shutters.com/recent-projects/sliding-door-shutters-ventura-county/,page text,current contact; unchanged
phone,805-806-9344,https://www.805shutters.com/reviews/,JSON-LD[0] $.@graph[0].contactPoint.telephone,current contact; unchanged
phone,805-806-9344,https://www.805shutters.com/reviews/,JSON-LD[0] $.@graph[0].telephone,current contact; unchanged
phone,805-806-9344,https://www.805shutters.com/reviews/,JSON-LD[1] $.@graph[1].provider.telephone,current contact; unchanged
phone,805-806-9344,https://www.805shutters.com/reviews/,page text,current contact; unchanged
phone,805-806-9344,https://www.805shutters.com/shades/,JSON-LD[0] $.@graph[0].contactPoint.telephone,current contact; unchanged
phone,805-806-9344,https://www.805shutters.com/shades/,JSON-LD[0] $.@graph[0].telephone,current contact; unchanged
phone,805-806-9344,https://www.805shutters.com/shades/,JSON-LD[1] $.@graph[1].provider.telephone,current contact; unchanged
phone,805-806-9344,https://www.805shutters.com/shades/,page text,current contact; unchanged
phone,805-806-9344,https://www.805shutters.com/shades/camarillo-ca/,JSON-LD[0] $.@graph[0].contactPoint.telephone,current contact; unchanged
phone,805-806-9344,https://www.805shutters.com/shades/camarillo-ca/,JSON-LD[0] $.@graph[0].telephone,current contact; unchanged
phone,805-806-9344,https://www.805shutters.com/shades/camarillo-ca/,JSON-LD[1] $.@graph[1].provider.telephone,current contact; unchanged
phone,805-806-9344,https://www.805shutters.com/shades/camarillo-ca/,page text,current contact; unchanged
phone,805-806-9344,https://www.805shutters.com/shades/fillmore-ca/,JSON-LD[0] $.@graph[0].contactPoint.telephone,current contact; unchanged
phone,805-806-9344,https://www.805shutters.com/shades/fillmore-ca/,JSON-LD[0] $.@graph[0].telephone,current contact; unchanged
phone,805-806-9344,https://www.805shutters.com/shades/fillmore-ca/,JSON-LD[1] $.@graph[1].provider.telephone,current contact; unchanged
phone,805-806-9344,https://www.805shutters.com/shades/fillmore-ca/,page text,current contact; unchanged
phone,805-806-9344,https://www.805shutters.com/shades/moorpark-ca/,JSON-LD[0] $.@graph[0].contactPoint.telephone,current contact; unchanged
phone,805-806-9344,https://www.805shutters.com/shades/moorpark-ca/,JSON-LD[0] $.@graph[0].telephone,current contact; unchanged
phone,805-806-9344,https://www.805shutters.com/shades/moorpark-ca/,JSON-LD[1] $.@graph[1].provider.telephone,current contact; unchanged
phone,805-806-9344,https://www.805shutters.com/shades/moorpark-ca/,page text,current contact; unchanged
phone,805-806-9344,https://www.805shutters.com/shades/newbury-park-ca/,JSON-LD[0] $.@graph[0].contactPoint.telephone,current contact; unchanged
phone,805-806-9344,https://www.805shutters.com/shades/newbury-park-ca/,JSON-LD[0] $.@graph[0].telephone,current contact; unchanged
phone,805-806-9344,https://www.805shutters.com/shades/newbury-park-ca/,JSON-LD[1] $.@graph[1].provider.telephone,current contact; unchanged
phone,805-806-9344,https://www.805shutters.com/shades/newbury-park-ca/,page text,current contact; unchanged
phone,805-806-9344,https://www.805shutters.com/shades/oak-park-ca/,JSON-LD[0] $.@graph[0].contactPoint.telephone,current contact; unchanged
phone,805-806-9344,https://www.805shutters.com/shades/oak-park-ca/,JSON-LD[0] $.@graph[0].telephone,current contact; unchanged
phone,805-806-9344,https://www.805shutters.com/shades/oak-park-ca/,JSON-LD[1] $.@graph[1].provider.telephone,current contact; unchanged
phone,805-806-9344,https://www.805shutters.com/shades/oak-park-ca/,page text,current contact; unchanged
phone,805-806-9344,https://www.805shutters.com/shades/ojai-ca/,JSON-LD[0] $.@graph[0].contactPoint.telephone,current contact; unchanged
phone,805-806-9344,https://www.805shutters.com/shades/ojai-ca/,JSON-LD[0] $.@graph[0].telephone,current contact; unchanged
phone,805-806-9344,https://www.805shutters.com/shades/ojai-ca/,JSON-LD[1] $.@graph[1].provider.telephone,current contact; unchanged
phone,805-806-9344,https://www.805shutters.com/shades/ojai-ca/,page text,current contact; unchanged
phone,805-806-9344,https://www.805shutters.com/shades/oxnard-ca/,JSON-LD[0] $.@graph[0].contactPoint.telephone,current contact; unchanged
phone,805-806-9344,https://www.805shutters.com/shades/oxnard-ca/,JSON-LD[0] $.@graph[0].telephone,current contact; unchanged
phone,805-806-9344,https://www.805shutters.com/shades/oxnard-ca/,JSON-LD[1] $.@graph[1].provider.telephone,current contact; unchanged
phone,805-806-9344,https://www.805shutters.com/shades/oxnard-ca/,page text,current contact; unchanged
phone,805-806-9344,https://www.805shutters.com/shades/port-hueneme-ca/,JSON-LD[0] $.@graph[0].contactPoint.telephone,current contact; unchanged
phone,805-806-9344,https://www.805shutters.com/shades/port-hueneme-ca/,JSON-LD[0] $.@graph[0].telephone,current contact; unchanged
phone,805-806-9344,https://www.805shutters.com/shades/port-hueneme-ca/,JSON-LD[1] $.@graph[1].provider.telephone,current contact; unchanged
phone,805-806-9344,https://www.805shutters.com/shades/port-hueneme-ca/,page text,current contact; unchanged
phone,805-806-9344,https://www.805shutters.com/shades/santa-clarita-ca/,JSON-LD[0] $.@graph[0].contactPoint.telephone,current contact; unchanged
phone,805-806-9344,https://www.805shutters.com/shades/santa-clarita-ca/,JSON-LD[0] $.@graph[0].telephone,current contact; unchanged
phone,805-806-9344,https://www.805shutters.com/shades/santa-clarita-ca/,JSON-LD[1] $.@graph[1].provider.telephone,current contact; unchanged
phone,805-806-9344,https://www.805shutters.com/shades/santa-clarita-ca/,page text,current contact; unchanged
phone,805-806-9344,https://www.805shutters.com/shades/santa-paula-ca/,JSON-LD[0] $.@graph[0].contactPoint.telephone,current contact; unchanged
phone,805-806-9344,https://www.805shutters.com/shades/santa-paula-ca/,JSON-LD[0] $.@graph[0].telephone,current contact; unchanged
phone,805-806-9344,https://www.805shutters.com/shades/santa-paula-ca/,JSON-LD[1] $.@graph[1].provider.telephone,current contact; unchanged
phone,805-806-9344,https://www.805shutters.com/shades/santa-paula-ca/,page text,current contact; unchanged
phone,805-806-9344,https://www.805shutters.com/shades/santa-rosa-valley-ca/,JSON-LD[0] $.@graph[0].contactPoint.telephone,current contact; unchanged
phone,805-806-9344,https://www.805shutters.com/shades/santa-rosa-valley-ca/,JSON-LD[0] $.@graph[0].telephone,current contact; unchanged
phone,805-806-9344,https://www.805shutters.com/shades/santa-rosa-valley-ca/,JSON-LD[1] $.@graph[1].provider.telephone,current contact; unchanged
phone,805-806-9344,https://www.805shutters.com/shades/santa-rosa-valley-ca/,page text,current contact; unchanged
phone,805-806-9344,https://www.805shutters.com/shades/simi-valley-ca/,JSON-LD[0] $.@graph[0].contactPoint.telephone,current contact; unchanged
phone,805-806-9344,https://www.805shutters.com/shades/simi-valley-ca/,JSON-LD[0] $.@graph[0].telephone,current contact; unchanged
phone,805-806-9344,https://www.805shutters.com/shades/simi-valley-ca/,JSON-LD[1] $.@graph[1].provider.telephone,current contact; unchanged
phone,805-806-9344,https://www.805shutters.com/shades/simi-valley-ca/,page text,current contact; unchanged
phone,805-806-9344,https://www.805shutters.com/shades/thousand-oaks-ca/,JSON-LD[0] $.@graph[0].contactPoint.telephone,current contact; unchanged
phone,805-806-9344,https://www.805shutters.com/shades/thousand-oaks-ca/,JSON-LD[0] $.@graph[0].telephone,current contact; unchanged
phone,805-806-9344,https://www.805shutters.com/shades/thousand-oaks-ca/,JSON-LD[1] $.@graph[1].provider.telephone,current contact; unchanged
phone,805-806-9344,https://www.805shutters.com/shades/thousand-oaks-ca/,page text,current contact; unchanged
phone,805-806-9344,https://www.805shutters.com/shades/ventura-ca/,JSON-LD[0] $.@graph[0].contactPoint.telephone,current contact; unchanged
phone,805-806-9344,https://www.805shutters.com/shades/ventura-ca/,JSON-LD[0] $.@graph[0].telephone,current contact; unchanged
phone,805-806-9344,https://www.805shutters.com/shades/ventura-ca/,JSON-LD[1] $.@graph[1].provider.telephone,current contact; unchanged
phone,805-806-9344,https://www.805shutters.com/shades/ventura-ca/,page text,current contact; unchanged
phone,805-806-9344,https://www.805shutters.com/shades/westlake-village-ca/,JSON-LD[0] $.@graph[0].contactPoint.telephone,current contact; unchanged
phone,805-806-9344,https://www.805shutters.com/shades/westlake-village-ca/,JSON-LD[0] $.@graph[0].telephone,current contact; unchanged
phone,805-806-9344,https://www.805shutters.com/shades/westlake-village-ca/,JSON-LD[1] $.@graph[1].provider.telephone,current contact; unchanged
phone,805-806-9344,https://www.805shutters.com/shades/westlake-village-ca/,page text,current contact; unchanged
phone,805-806-9344,https://www.805shutters.com/shutters-near-me-ventura-county/,JSON-LD[0] $.@graph[0].contactPoint.telephone,current contact; unchanged
phone,805-806-9344,https://www.805shutters.com/shutters-near-me-ventura-county/,JSON-LD[0] $.@graph[0].telephone,current contact; unchanged
phone,805-806-9344,https://www.805shutters.com/shutters-near-me-ventura-county/,JSON-LD[1] $.@graph[1].availableChannel.servicePhone,current contact; unchanged
phone,805-806-9344,https://www.805shutters.com/shutters-near-me-ventura-county/,JSON-LD[1] $.@graph[1].provider.telephone,current contact; unchanged
phone,805-806-9344,https://www.805shutters.com/shutters-near-me-ventura-county/,page text,current contact; unchanged
phone,805-806-9344,https://www.805shutters.com/shutters/,JSON-LD[0] $.@graph[0].contactPoint.telephone,current contact; unchanged
phone,805-806-9344,https://www.805shutters.com/shutters/,JSON-LD[0] $.@graph[0].telephone,current contact; unchanged
phone,805-806-9344,https://www.805shutters.com/shutters/,JSON-LD[1] $.@graph[1].provider.telephone,current contact; unchanged
phone,805-806-9344,https://www.805shutters.com/shutters/,page text,current contact; unchanged
phone,805-806-9344,https://www.805shutters.com/shutters/camarillo/,JSON-LD[0] $.@graph[0].contactPoint.telephone,current contact; unchanged
phone,805-806-9344,https://www.805shutters.com/shutters/camarillo/,JSON-LD[0] $.@graph[0].telephone,current contact; unchanged
phone,805-806-9344,https://www.805shutters.com/shutters/camarillo/,JSON-LD[1] $.@graph[0].description,current contact; unchanged
phone,805-806-9344,https://www.805shutters.com/shutters/camarillo/,JSON-LD[1] $.@graph[1].description,current contact; unchanged
phone,805-806-9344,https://www.805shutters.com/shutters/camarillo/,JSON-LD[1] $.@graph[1].provider.telephone,current contact; unchanged
phone,805-806-9344,https://www.805shutters.com/shutters/camarillo/,page text,current contact; unchanged
phone,805-806-9344,https://www.805shutters.com/shutters/fillmore/,JSON-LD[0] $.@graph[0].contactPoint.telephone,current contact; unchanged
phone,805-806-9344,https://www.805shutters.com/shutters/fillmore/,JSON-LD[0] $.@graph[0].telephone,current contact; unchanged
phone,805-806-9344,https://www.805shutters.com/shutters/fillmore/,JSON-LD[1] $.@graph[1].provider.telephone,current contact; unchanged
phone,805-806-9344,https://www.805shutters.com/shutters/fillmore/,page text,current contact; unchanged
phone,805-806-9344,https://www.805shutters.com/shutters/interior-shutters-camarillo/,JSON-LD[0] $.@graph[0].contactPoint.telephone,current contact; unchanged
phone,805-806-9344,https://www.805shutters.com/shutters/interior-shutters-camarillo/,JSON-LD[0] $.@graph[0].telephone,current contact; unchanged
phone,805-806-9344,https://www.805shutters.com/shutters/interior-shutters-camarillo/,JSON-LD[1] $.@graph[1].provider.telephone,current contact; unchanged
phone,805-806-9344,https://www.805shutters.com/shutters/interior-shutters-camarillo/,page text,current contact; unchanged
phone,805-806-9344,https://www.805shutters.com/shutters/moorpark/,JSON-LD[0] $.@graph[0].contactPoint.telephone,current contact; unchanged
phone,805-806-9344,https://www.805shutters.com/shutters/moorpark/,JSON-LD[0] $.@graph[0].telephone,current contact; unchanged
phone,805-806-9344,https://www.805shutters.com/shutters/moorpark/,JSON-LD[1] $.@graph[1].provider.telephone,current contact; unchanged
phone,805-806-9344,https://www.805shutters.com/shutters/moorpark/,page text,current contact; unchanged
phone,805-806-9344,https://www.805shutters.com/shutters/newbury-park/,JSON-LD[0] $.@graph[0].contactPoint.telephone,current contact; unchanged
phone,805-806-9344,https://www.805shutters.com/shutters/newbury-park/,JSON-LD[0] $.@graph[0].telephone,current contact; unchanged
phone,805-806-9344,https://www.805shutters.com/shutters/newbury-park/,JSON-LD[1] $.@graph[1].provider.telephone,current contact; unchanged
phone,805-806-9344,https://www.805shutters.com/shutters/newbury-park/,page text,current contact; unchanged
phone,805-806-9344,https://www.805shutters.com/shutters/oak-park/,JSON-LD[0] $.@graph[0].contactPoint.telephone,current contact; unchanged
phone,805-806-9344,https://www.805shutters.com/shutters/oak-park/,JSON-LD[0] $.@graph[0].telephone,current contact; unchanged
phone,805-806-9344,https://www.805shutters.com/shutters/oak-park/,JSON-LD[1] $.@graph[1].provider.telephone,current contact; unchanged
phone,805-806-9344,https://www.805shutters.com/shutters/oak-park/,page text,current contact; unchanged
phone,805-806-9344,https://www.805shutters.com/shutters/ojai/,JSON-LD[0] $.@graph[0].contactPoint.telephone,current contact; unchanged
phone,805-806-9344,https://www.805shutters.com/shutters/ojai/,JSON-LD[0] $.@graph[0].telephone,current contact; unchanged
phone,805-806-9344,https://www.805shutters.com/shutters/ojai/,JSON-LD[1] $.@graph[1].provider.telephone,current contact; unchanged
phone,805-806-9344,https://www.805shutters.com/shutters/ojai/,page text,current contact; unchanged
phone,805-806-9344,https://www.805shutters.com/shutters/oxnard/,JSON-LD[0] $.@graph[0].contactPoint.telephone,current contact; unchanged
phone,805-806-9344,https://www.805shutters.com/shutters/oxnard/,JSON-LD[0] $.@graph[0].telephone,current contact; unchanged
phone,805-806-9344,https://www.805shutters.com/shutters/oxnard/,JSON-LD[1] $.@graph[1].provider.telephone,current contact; unchanged
phone,805-806-9344,https://www.805shutters.com/shutters/oxnard/,page text,current contact; unchanged
phone,805-806-9344,https://www.805shutters.com/shutters/plantation/,JSON-LD[0] $.@graph[0].contactPoint.telephone,current contact; unchanged
phone,805-806-9344,https://www.805shutters.com/shutters/plantation/,JSON-LD[0] $.@graph[0].telephone,current contact; unchanged
phone,805-806-9344,https://www.805shutters.com/shutters/plantation/,JSON-LD[1] $.@graph[1].provider.telephone,current contact; unchanged
phone,805-806-9344,https://www.805shutters.com/shutters/plantation/,page text,current contact; unchanged
phone,805-806-9344,https://www.805shutters.com/shutters/port-hueneme/,JSON-LD[0] $.@graph[0].contactPoint.telephone,current contact; unchanged
phone,805-806-9344,https://www.805shutters.com/shutters/port-hueneme/,JSON-LD[0] $.@graph[0].telephone,current contact; unchanged
phone,805-806-9344,https://www.805shutters.com/shutters/port-hueneme/,JSON-LD[1] $.@graph[1].provider.telephone,current contact; unchanged
phone,805-806-9344,https://www.805shutters.com/shutters/port-hueneme/,page text,current contact; unchanged
phone,805-806-9344,https://www.805shutters.com/shutters/santa-clarita/,JSON-LD[0] $.@graph[0].contactPoint.telephone,current contact; unchanged
phone,805-806-9344,https://www.805shutters.com/shutters/santa-clarita/,JSON-LD[0] $.@graph[0].telephone,current contact; unchanged
phone,805-806-9344,https://www.805shutters.com/shutters/santa-clarita/,JSON-LD[1] $.@graph[1].provider.telephone,current contact; unchanged
phone,805-806-9344,https://www.805shutters.com/shutters/santa-clarita/,page text,current contact; unchanged
phone,805-806-9344,https://www.805shutters.com/shutters/santa-paula/,JSON-LD[0] $.@graph[0].contactPoint.telephone,current contact; unchanged
phone,805-806-9344,https://www.805shutters.com/shutters/santa-paula/,JSON-LD[0] $.@graph[0].telephone,current contact; unchanged
phone,805-806-9344,https://www.805shutters.com/shutters/santa-paula/,JSON-LD[1] $.@graph[1].provider.telephone,current contact; unchanged
phone,805-806-9344,https://www.805shutters.com/shutters/santa-paula/,page text,current contact; unchanged
phone,805-806-9344,https://www.805shutters.com/shutters/santa-rosa-valley/,JSON-LD[0] $.@graph[0].contactPoint.telephone,current contact; unchanged
phone,805-806-9344,https://www.805shutters.com/shutters/santa-rosa-valley/,JSON-LD[0] $.@graph[0].telephone,current contact; unchanged
phone,805-806-9344,https://www.805shutters.com/shutters/santa-rosa-valley/,JSON-LD[1] $.@graph[1].provider.telephone,current contact; unchanged
phone,805-806-9344,https://www.805shutters.com/shutters/santa-rosa-valley/,page text,current contact; unchanged
phone,805-806-9344,https://www.805shutters.com/shutters/simi-valley/,JSON-LD[0] $.@graph[0].contactPoint.telephone,current contact; unchanged
phone,805-806-9344,https://www.805shutters.com/shutters/simi-valley/,JSON-LD[0] $.@graph[0].telephone,current contact; unchanged
phone,805-806-9344,https://www.805shutters.com/shutters/simi-valley/,JSON-LD[1] $.@graph[1].provider.telephone,current contact; unchanged
phone,805-806-9344,https://www.805shutters.com/shutters/simi-valley/,page text,current contact; unchanged
phone,805-806-9344,https://www.805shutters.com/shutters/thousand-oaks/,JSON-LD[0] $.@graph[0].contactPoint.telephone,current contact; unchanged
phone,805-806-9344,https://www.805shutters.com/shutters/thousand-oaks/,JSON-LD[0] $.@graph[0].telephone,current contact; unchanged
phone,805-806-9344,https://www.805shutters.com/shutters/thousand-oaks/,JSON-LD[1] $.@graph[1].provider.telephone,current contact; unchanged
phone,805-806-9344,https://www.805shutters.com/shutters/thousand-oaks/,page text,current contact; unchanged
phone,805-806-9344,https://www.805shutters.com/shutters/ventura/,JSON-LD[0] $.@graph[0].contactPoint.telephone,current contact; unchanged
phone,805-806-9344,https://www.805shutters.com/shutters/ventura/,JSON-LD[0] $.@graph[0].telephone,current contact; unchanged
phone,805-806-9344,https://www.805shutters.com/shutters/ventura/,JSON-LD[1] $.@graph[1].provider.telephone,current contact; unchanged
phone,805-806-9344,https://www.805shutters.com/shutters/ventura/,page text,current contact; unchanged
phone,805-806-9344,https://www.805shutters.com/shutters/westlake-village/,JSON-LD[0] $.@graph[0].contactPoint.telephone,current contact; unchanged
phone,805-806-9344,https://www.805shutters.com/shutters/westlake-village/,JSON-LD[0] $.@graph[0].telephone,current contact; unchanged
phone,805-806-9344,https://www.805shutters.com/shutters/westlake-village/,JSON-LD[1] $.@graph[1].provider.telephone,current contact; unchanged
phone,805-806-9344,https://www.805shutters.com/shutters/westlake-village/,page text,current contact; unchanged
phone,805-806-9344,https://www.805shutters.com/shutters/wood-shutters-camarillo/,JSON-LD[0] $.@graph[0].contactPoint.telephone,current contact; unchanged
phone,805-806-9344,https://www.805shutters.com/shutters/wood-shutters-camarillo/,JSON-LD[0] $.@graph[0].telephone,current contact; unchanged
phone,805-806-9344,https://www.805shutters.com/shutters/wood-shutters-camarillo/,JSON-LD[1] $.@graph[1].provider.telephone,current contact; unchanged
phone,805-806-9344,https://www.805shutters.com/shutters/wood-shutters-camarillo/,page text,current contact; unchanged
phone,805-806-9344,https://www.805shutters.com/sliding-door-window-treatments-ventura-county/,JSON-LD[0] $.@graph[0].contactPoint.telephone,current contact; unchanged
phone,805-806-9344,https://www.805shutters.com/sliding-door-window-treatments-ventura-county/,JSON-LD[0] $.@graph[0].telephone,current contact; unchanged
phone,805-806-9344,https://www.805shutters.com/sliding-door-window-treatments-ventura-county/,JSON-LD[1] $.@graph[1].availableChannel.servicePhone,current contact; unchanged
phone,805-806-9344,https://www.805shutters.com/sliding-door-window-treatments-ventura-county/,JSON-LD[1] $.@graph[1].provider.telephone,current contact; unchanged
phone,805-806-9344,https://www.805shutters.com/sliding-door-window-treatments-ventura-county/,page text,current contact; unchanged
phone,805-806-9344,https://www.805shutters.com/thank-you/,JSON-LD[0] $.@graph[0].contactPoint.telephone,current contact; unchanged
phone,805-806-9344,https://www.805shutters.com/thank-you/,JSON-LD[0] $.@graph[0].telephone,current contact; unchanged
phone,805-806-9344,https://www.805shutters.com/thank-you/,page text,current contact; unchanged
phone,805-806-9344,https://www.805shutters.com/ventura-county-window-treatments-camarillo-blinds-shades-shutters/,JSON-LD[0] $.@graph[0].contactPoint.telephone,current contact; unchanged
phone,805-806-9344,https://www.805shutters.com/ventura-county-window-treatments-camarillo-blinds-shades-shutters/,JSON-LD[0] $.@graph[0].telephone,current contact; unchanged
phone,805-806-9344,https://www.805shutters.com/ventura-county-window-treatments-camarillo-blinds-shades-shutters/,page text,current contact; unchanged
phone,805-806-9344,https://www.805shutters.com/window-coverings/,JSON-LD[0] $.@graph[0].contactPoint.telephone,current contact; unchanged
phone,805-806-9344,https://www.805shutters.com/window-coverings/,JSON-LD[0] $.@graph[0].telephone,current contact; unchanged
phone,805-806-9344,https://www.805shutters.com/window-coverings/,JSON-LD[1] $.@graph[1].provider.telephone,current contact; unchanged
phone,805-806-9344,https://www.805shutters.com/window-coverings/,page text,current contact; unchanged
phone,805-806-9344,https://www.805shutters.com/window-coverings/camarillo-ca/,JSON-LD[0] $.@graph[0].contactPoint.telephone,current contact; unchanged
phone,805-806-9344,https://www.805shutters.com/window-coverings/camarillo-ca/,JSON-LD[0] $.@graph[0].telephone,current contact; unchanged
phone,805-806-9344,https://www.805shutters.com/window-coverings/camarillo-ca/,JSON-LD[1] $.@graph[1].provider.telephone,current contact; unchanged
phone,805-806-9344,https://www.805shutters.com/window-coverings/camarillo-ca/,page text,current contact; unchanged
phone,805-806-9344,https://www.805shutters.com/window-coverings/fillmore-ca/,JSON-LD[0] $.@graph[0].contactPoint.telephone,current contact; unchanged
phone,805-806-9344,https://www.805shutters.com/window-coverings/fillmore-ca/,JSON-LD[0] $.@graph[0].telephone,current contact; unchanged
phone,805-806-9344,https://www.805shutters.com/window-coverings/fillmore-ca/,JSON-LD[1] $.@graph[1].provider.telephone,current contact; unchanged
phone,805-806-9344,https://www.805shutters.com/window-coverings/fillmore-ca/,page text,current contact; unchanged
phone,805-806-9344,https://www.805shutters.com/window-coverings/moorpark-ca/,JSON-LD[0] $.@graph[0].contactPoint.telephone,current contact; unchanged
phone,805-806-9344,https://www.805shutters.com/window-coverings/moorpark-ca/,JSON-LD[0] $.@graph[0].telephone,current contact; unchanged
phone,805-806-9344,https://www.805shutters.com/window-coverings/moorpark-ca/,JSON-LD[1] $.@graph[1].provider.telephone,current contact; unchanged
phone,805-806-9344,https://www.805shutters.com/window-coverings/moorpark-ca/,page text,current contact; unchanged
phone,805-806-9344,https://www.805shutters.com/window-coverings/newbury-park-ca/,JSON-LD[0] $.@graph[0].contactPoint.telephone,current contact; unchanged
phone,805-806-9344,https://www.805shutters.com/window-coverings/newbury-park-ca/,JSON-LD[0] $.@graph[0].telephone,current contact; unchanged
phone,805-806-9344,https://www.805shutters.com/window-coverings/newbury-park-ca/,JSON-LD[1] $.@graph[1].provider.telephone,current contact; unchanged
phone,805-806-9344,https://www.805shutters.com/window-coverings/newbury-park-ca/,page text,current contact; unchanged
phone,805-806-9344,https://www.805shutters.com/window-coverings/oak-park-ca/,JSON-LD[0] $.@graph[0].contactPoint.telephone,current contact; unchanged
phone,805-806-9344,https://www.805shutters.com/window-coverings/oak-park-ca/,JSON-LD[0] $.@graph[0].telephone,current contact; unchanged
phone,805-806-9344,https://www.805shutters.com/window-coverings/oak-park-ca/,JSON-LD[1] $.@graph[1].provider.telephone,current contact; unchanged
phone,805-806-9344,https://www.805shutters.com/window-coverings/oak-park-ca/,page text,current contact; unchanged
phone,805-806-9344,https://www.805shutters.com/window-coverings/ojai-ca/,JSON-LD[0] $.@graph[0].contactPoint.telephone,current contact; unchanged
phone,805-806-9344,https://www.805shutters.com/window-coverings/ojai-ca/,JSON-LD[0] $.@graph[0].telephone,current contact; unchanged
phone,805-806-9344,https://www.805shutters.com/window-coverings/ojai-ca/,JSON-LD[1] $.@graph[1].provider.telephone,current contact; unchanged
phone,805-806-9344,https://www.805shutters.com/window-coverings/ojai-ca/,page text,current contact; unchanged
phone,805-806-9344,https://www.805shutters.com/window-coverings/oxnard-ca/,JSON-LD[0] $.@graph[0].contactPoint.telephone,current contact; unchanged
phone,805-806-9344,https://www.805shutters.com/window-coverings/oxnard-ca/,JSON-LD[0] $.@graph[0].telephone,current contact; unchanged
phone,805-806-9344,https://www.805shutters.com/window-coverings/oxnard-ca/,JSON-LD[1] $.@graph[1].provider.telephone,current contact; unchanged
phone,805-806-9344,https://www.805shutters.com/window-coverings/oxnard-ca/,page text,current contact; unchanged
phone,805-806-9344,https://www.805shutters.com/window-coverings/port-hueneme-ca/,JSON-LD[0] $.@graph[0].contactPoint.telephone,current contact; unchanged
phone,805-806-9344,https://www.805shutters.com/window-coverings/port-hueneme-ca/,JSON-LD[0] $.@graph[0].telephone,current contact; unchanged
phone,805-806-9344,https://www.805shutters.com/window-coverings/port-hueneme-ca/,JSON-LD[1] $.@graph[1].provider.telephone,current contact; unchanged
phone,805-806-9344,https://www.805shutters.com/window-coverings/port-hueneme-ca/,page text,current contact; unchanged
phone,805-806-9344,https://www.805shutters.com/window-coverings/santa-clarita-ca/,JSON-LD[0] $.@graph[0].contactPoint.telephone,current contact; unchanged
phone,805-806-9344,https://www.805shutters.com/window-coverings/santa-clarita-ca/,JSON-LD[0] $.@graph[0].telephone,current contact; unchanged
phone,805-806-9344,https://www.805shutters.com/window-coverings/santa-clarita-ca/,JSON-LD[1] $.@graph[1].provider.telephone,current contact; unchanged
phone,805-806-9344,https://www.805shutters.com/window-coverings/santa-clarita-ca/,page text,current contact; unchanged
phone,805-806-9344,https://www.805shutters.com/window-coverings/santa-paula-ca/,JSON-LD[0] $.@graph[0].contactPoint.telephone,current contact; unchanged
phone,805-806-9344,https://www.805shutters.com/window-coverings/santa-paula-ca/,JSON-LD[0] $.@graph[0].telephone,current contact; unchanged
phone,805-806-9344,https://www.805shutters.com/window-coverings/santa-paula-ca/,JSON-LD[1] $.@graph[1].provider.telephone,current contact; unchanged
phone,805-806-9344,https://www.805shutters.com/window-coverings/santa-paula-ca/,page text,current contact; unchanged
phone,805-806-9344,https://www.805shutters.com/window-coverings/santa-rosa-valley-ca/,JSON-LD[0] $.@graph[0].contactPoint.telephone,current contact; unchanged
phone,805-806-9344,https://www.805shutters.com/window-coverings/santa-rosa-valley-ca/,JSON-LD[0] $.@graph[0].telephone,current contact; unchanged
phone,805-806-9344,https://www.805shutters.com/window-coverings/santa-rosa-valley-ca/,JSON-LD[1] $.@graph[1].provider.telephone,current contact; unchanged
phone,805-806-9344,https://www.805shutters.com/window-coverings/santa-rosa-valley-ca/,page text,current contact; unchanged
phone,805-806-9344,https://www.805shutters.com/window-coverings/simi-valley-ca/,JSON-LD[0] $.@graph[0].contactPoint.telephone,current contact; unchanged
phone,805-806-9344,https://www.805shutters.com/window-coverings/simi-valley-ca/,JSON-LD[0] $.@graph[0].telephone,current contact; unchanged
phone,805-806-9344,https://www.805shutters.com/window-coverings/simi-valley-ca/,JSON-LD[1] $.@graph[1].provider.telephone,current contact; unchanged
phone,805-806-9344,https://www.805shutters.com/window-coverings/simi-valley-ca/,page text,current contact; unchanged
phone,805-806-9344,https://www.805shutters.com/window-coverings/thousand-oaks-ca/,JSON-LD[0] $.@graph[0].contactPoint.telephone,current contact; unchanged
phone,805-806-9344,https://www.805shutters.com/window-coverings/thousand-oaks-ca/,JSON-LD[0] $.@graph[0].telephone,current contact; unchanged
phone,805-806-9344,https://www.805shutters.com/window-coverings/thousand-oaks-ca/,JSON-LD[1] $.@graph[1].provider.telephone,current contact; unchanged
phone,805-806-9344,https://www.805shutters.com/window-coverings/thousand-oaks-ca/,page text,current contact; unchanged
phone,805-806-9344,https://www.805shutters.com/window-coverings/ventura-ca/,JSON-LD[0] $.@graph[0].contactPoint.telephone,current contact; unchanged
phone,805-806-9344,https://www.805shutters.com/window-coverings/ventura-ca/,JSON-LD[0] $.@graph[0].telephone,current contact; unchanged
phone,805-806-9344,https://www.805shutters.com/window-coverings/ventura-ca/,JSON-LD[1] $.@graph[1].provider.telephone,current contact; unchanged
phone,805-806-9344,https://www.805shutters.com/window-coverings/ventura-ca/,page text,current contact; unchanged
phone,805-806-9344,https://www.805shutters.com/window-coverings/westlake-village-ca/,JSON-LD[0] $.@graph[0].contactPoint.telephone,current contact; unchanged
phone,805-806-9344,https://www.805shutters.com/window-coverings/westlake-village-ca/,JSON-LD[0] $.@graph[0].telephone,current contact; unchanged
phone,805-806-9344,https://www.805shutters.com/window-coverings/westlake-village-ca/,JSON-LD[1] $.@graph[1].provider.telephone,current contact; unchanged
phone,805-806-9344,https://www.805shutters.com/window-coverings/westlake-village-ca/,page text,current contact; unchanged
phone,805-806-9344,https://www.805shutters.com/window-shades-near-me-ventura-county/,JSON-LD[0] $.@graph[0].contactPoint.telephone,current contact; unchanged
phone,805-806-9344,https://www.805shutters.com/window-shades-near-me-ventura-county/,JSON-LD[0] $.@graph[0].telephone,current contact; unchanged
phone,805-806-9344,https://www.805shutters.com/window-shades-near-me-ventura-county/,JSON-LD[1] $.@graph[1].availableChannel.servicePhone,current contact; unchanged
phone,805-806-9344,https://www.805shutters.com/window-shades-near-me-ventura-county/,JSON-LD[1] $.@graph[1].provider.telephone,current contact; unchanged
phone,805-806-9344,https://www.805shutters.com/window-shades-near-me-ventura-county/,page text,current contact; unchanged
phone,805-806-9344,https://www.805shutters.com/window-treatment-company-near-me-ventura-county/,JSON-LD[0] $.@graph[0].contactPoint.telephone,current contact; unchanged
phone,805-806-9344,https://www.805shutters.com/window-treatment-company-near-me-ventura-county/,JSON-LD[0] $.@graph[0].telephone,current contact; unchanged
phone,805-806-9344,https://www.805shutters.com/window-treatment-company-near-me-ventura-county/,JSON-LD[1] $.@graph[1].availableChannel.servicePhone,current contact; unchanged
phone,805-806-9344,https://www.805shutters.com/window-treatment-company-near-me-ventura-county/,JSON-LD[1] $.@graph[1].provider.telephone,current contact; unchanged
phone,805-806-9344,https://www.805shutters.com/window-treatment-company-near-me-ventura-county/,page text,current contact; unchanged
phone,805-806-9344,https://www.805shutters.com/window-treatment-comparison-guide/,JSON-LD[0] $.@graph[0].contactPoint.telephone,current contact; unchanged
phone,805-806-9344,https://www.805shutters.com/window-treatment-comparison-guide/,JSON-LD[0] $.@graph[0].telephone,current contact; unchanged
phone,805-806-9344,https://www.805shutters.com/window-treatment-comparison-guide/,page text,current contact; unchanged
phone,805-806-9344,https://www.805shutters.com/window-treatment-cost-guide-ventura-county/,JSON-LD[0] $.@graph[0].contactPoint.telephone,current contact; unchanged
phone,805-806-9344,https://www.805shutters.com/window-treatment-cost-guide-ventura-county/,JSON-LD[0] $.@graph[0].telephone,current contact; unchanged
phone,805-806-9344,https://www.805shutters.com/window-treatment-cost-guide-ventura-county/,JSON-LD[1] $.@graph[1].availableChannel.servicePhone,current contact; unchanged
phone,805-806-9344,https://www.805shutters.com/window-treatment-cost-guide-ventura-county/,JSON-LD[1] $.@graph[1].provider.telephone,current contact; unchanged
phone,805-806-9344,https://www.805shutters.com/window-treatment-cost-guide-ventura-county/,page text,current contact; unchanged
phone,805-806-9344,https://www.805shutters.com/window-treatment-installation-timeline-ventura-county/,JSON-LD[0] $.@graph[0].contactPoint.telephone,current contact; unchanged
phone,805-806-9344,https://www.805shutters.com/window-treatment-installation-timeline-ventura-county/,JSON-LD[0] $.@graph[0].telephone,current contact; unchanged
phone,805-806-9344,https://www.805shutters.com/window-treatment-installation-timeline-ventura-county/,JSON-LD[1] $.@graph[1].availableChannel.servicePhone,current contact; unchanged
phone,805-806-9344,https://www.805shutters.com/window-treatment-installation-timeline-ventura-county/,JSON-LD[1] $.@graph[1].provider.telephone,current contact; unchanged
phone,805-806-9344,https://www.805shutters.com/window-treatment-installation-timeline-ventura-county/,page text,current contact; unchanged
phone,805-806-9344,https://www.805shutters.com/window-treatments/,JSON-LD[0] $.@graph[0].contactPoint.telephone,current contact; unchanged
phone,805-806-9344,https://www.805shutters.com/window-treatments/,JSON-LD[0] $.@graph[0].telephone,current contact; unchanged
phone,805-806-9344,https://www.805shutters.com/window-treatments/,JSON-LD[1] $.@graph[1].provider.telephone,current contact; unchanged
phone,805-806-9344,https://www.805shutters.com/window-treatments/,page text,current contact; unchanged
phone,805-806-9344,https://www.805shutters.com/window-treatments/camarillo-ca/,JSON-LD[0] $.@graph[0].contactPoint.telephone,current contact; unchanged
phone,805-806-9344,https://www.805shutters.com/window-treatments/camarillo-ca/,JSON-LD[0] $.@graph[0].telephone,current contact; unchanged
phone,805-806-9344,https://www.805shutters.com/window-treatments/camarillo-ca/,JSON-LD[1] $.@graph[1].provider.telephone,current contact; unchanged
phone,805-806-9344,https://www.805shutters.com/window-treatments/camarillo-ca/,page text,current contact; unchanged
phone,805-806-9344,https://www.805shutters.com/window-treatments/camarillo/,JSON-LD[0] $.@graph[0].contactPoint.telephone,current contact; unchanged
phone,805-806-9344,https://www.805shutters.com/window-treatments/camarillo/,JSON-LD[0] $.@graph[0].telephone,current contact; unchanged
phone,805-806-9344,https://www.805shutters.com/window-treatments/camarillo/,JSON-LD[1] $.@graph[1].provider.telephone,current contact; unchanged
phone,805-806-9344,https://www.805shutters.com/window-treatments/camarillo/,page text,current contact; unchanged
phone,805-806-9344,https://www.805shutters.com/window-treatments/fillmore-ca/,JSON-LD[0] $.@graph[0].contactPoint.telephone,current contact; unchanged
phone,805-806-9344,https://www.805shutters.com/window-treatments/fillmore-ca/,JSON-LD[0] $.@graph[0].telephone,current contact; unchanged
phone,805-806-9344,https://www.805shutters.com/window-treatments/fillmore-ca/,JSON-LD[1] $.@graph[1].provider.telephone,current contact; unchanged
phone,805-806-9344,https://www.805shutters.com/window-treatments/fillmore-ca/,page text,current contact; unchanged
phone,805-806-9344,https://www.805shutters.com/window-treatments/moorpark-ca/,JSON-LD[0] $.@graph[0].contactPoint.telephone,current contact; unchanged
phone,805-806-9344,https://www.805shutters.com/window-treatments/moorpark-ca/,JSON-LD[0] $.@graph[0].telephone,current contact; unchanged
phone,805-806-9344,https://www.805shutters.com/window-treatments/moorpark-ca/,JSON-LD[1] $.@graph[1].provider.telephone,current contact; unchanged
phone,805-806-9344,https://www.805shutters.com/window-treatments/moorpark-ca/,page text,current contact; unchanged
phone,805-806-9344,https://www.805shutters.com/window-treatments/newbury-park-ca/,JSON-LD[0] $.@graph[0].contactPoint.telephone,current contact; unchanged
phone,805-806-9344,https://www.805shutters.com/window-treatments/newbury-park-ca/,JSON-LD[0] $.@graph[0].telephone,current contact; unchanged
phone,805-806-9344,https://www.805shutters.com/window-treatments/newbury-park-ca/,JSON-LD[1] $.@graph[1].provider.telephone,current contact; unchanged
phone,805-806-9344,https://www.805shutters.com/window-treatments/newbury-park-ca/,page text,current contact; unchanged
phone,805-806-9344,https://www.805shutters.com/window-treatments/oak-park-ca/,JSON-LD[0] $.@graph[0].contactPoint.telephone,current contact; unchanged
phone,805-806-9344,https://www.805shutters.com/window-treatments/oak-park-ca/,JSON-LD[0] $.@graph[0].telephone,current contact; unchanged
phone,805-806-9344,https://www.805shutters.com/window-treatments/oak-park-ca/,JSON-LD[1] $.@graph[1].provider.telephone,current contact; unchanged
phone,805-806-9344,https://www.805shutters.com/window-treatments/oak-park-ca/,page text,current contact; unchanged
phone,805-806-9344,https://www.805shutters.com/window-treatments/ojai-ca/,JSON-LD[0] $.@graph[0].contactPoint.telephone,current contact; unchanged
phone,805-806-9344,https://www.805shutters.com/window-treatments/ojai-ca/,JSON-LD[0] $.@graph[0].telephone,current contact; unchanged
phone,805-806-9344,https://www.805shutters.com/window-treatments/ojai-ca/,JSON-LD[1] $.@graph[1].provider.telephone,current contact; unchanged
phone,805-806-9344,https://www.805shutters.com/window-treatments/ojai-ca/,page text,current contact; unchanged
phone,805-806-9344,https://www.805shutters.com/window-treatments/oxnard-ca/,JSON-LD[0] $.@graph[0].contactPoint.telephone,current contact; unchanged
phone,805-806-9344,https://www.805shutters.com/window-treatments/oxnard-ca/,JSON-LD[0] $.@graph[0].telephone,current contact; unchanged
phone,805-806-9344,https://www.805shutters.com/window-treatments/oxnard-ca/,JSON-LD[1] $.@graph[1].provider.telephone,current contact; unchanged
phone,805-806-9344,https://www.805shutters.com/window-treatments/oxnard-ca/,page text,current contact; unchanged
phone,805-806-9344,https://www.805shutters.com/window-treatments/port-hueneme-ca/,JSON-LD[0] $.@graph[0].contactPoint.telephone,current contact; unchanged
phone,805-806-9344,https://www.805shutters.com/window-treatments/port-hueneme-ca/,JSON-LD[0] $.@graph[0].telephone,current contact; unchanged
phone,805-806-9344,https://www.805shutters.com/window-treatments/port-hueneme-ca/,JSON-LD[1] $.@graph[1].provider.telephone,current contact; unchanged
phone,805-806-9344,https://www.805shutters.com/window-treatments/port-hueneme-ca/,page text,current contact; unchanged
phone,805-806-9344,https://www.805shutters.com/window-treatments/santa-clarita-ca/,JSON-LD[0] $.@graph[0].contactPoint.telephone,current contact; unchanged
phone,805-806-9344,https://www.805shutters.com/window-treatments/santa-clarita-ca/,JSON-LD[0] $.@graph[0].telephone,current contact; unchanged
phone,805-806-9344,https://www.805shutters.com/window-treatments/santa-clarita-ca/,JSON-LD[1] $.@graph[1].provider.telephone,current contact; unchanged
phone,805-806-9344,https://www.805shutters.com/window-treatments/santa-clarita-ca/,page text,current contact; unchanged
phone,805-806-9344,https://www.805shutters.com/window-treatments/santa-paula-ca/,JSON-LD[0] $.@graph[0].contactPoint.telephone,current contact; unchanged
phone,805-806-9344,https://www.805shutters.com/window-treatments/santa-paula-ca/,JSON-LD[0] $.@graph[0].telephone,current contact; unchanged
phone,805-806-9344,https://www.805shutters.com/window-treatments/santa-paula-ca/,JSON-LD[1] $.@graph[1].provider.telephone,current contact; unchanged
phone,805-806-9344,https://www.805shutters.com/window-treatments/santa-paula-ca/,page text,current contact; unchanged
phone,805-806-9344,https://www.805shutters.com/window-treatments/santa-rosa-valley-ca/,JSON-LD[0] $.@graph[0].contactPoint.telephone,current contact; unchanged
phone,805-806-9344,https://www.805shutters.com/window-treatments/santa-rosa-valley-ca/,JSON-LD[0] $.@graph[0].telephone,current contact; unchanged
phone,805-806-9344,https://www.805shutters.com/window-treatments/santa-rosa-valley-ca/,JSON-LD[1] $.@graph[1].provider.telephone,current contact; unchanged
phone,805-806-9344,https://www.805shutters.com/window-treatments/santa-rosa-valley-ca/,page text,current contact; unchanged
phone,805-806-9344,https://www.805shutters.com/window-treatments/simi-valley-ca/,JSON-LD[0] $.@graph[0].contactPoint.telephone,current contact; unchanged
phone,805-806-9344,https://www.805shutters.com/window-treatments/simi-valley-ca/,JSON-LD[0] $.@graph[0].telephone,current contact; unchanged
phone,805-806-9344,https://www.805shutters.com/window-treatments/simi-valley-ca/,JSON-LD[1] $.@graph[1].provider.telephone,current contact; unchanged
phone,805-806-9344,https://www.805shutters.com/window-treatments/simi-valley-ca/,page text,current contact; unchanged
phone,805-806-9344,https://www.805shutters.com/window-treatments/thousand-oaks-ca/,JSON-LD[0] $.@graph[0].contactPoint.telephone,current contact; unchanged
phone,805-806-9344,https://www.805shutters.com/window-treatments/thousand-oaks-ca/,JSON-LD[0] $.@graph[0].telephone,current contact; unchanged
phone,805-806-9344,https://www.805shutters.com/window-treatments/thousand-oaks-ca/,JSON-LD[1] $.@graph[1].provider.telephone,current contact; unchanged
phone,805-806-9344,https://www.805shutters.com/window-treatments/thousand-oaks-ca/,page text,current contact; unchanged
phone,805-806-9344,https://www.805shutters.com/window-treatments/ventura-ca/,JSON-LD[0] $.@graph[0].contactPoint.telephone,current contact; unchanged
phone,805-806-9344,https://www.805shutters.com/window-treatments/ventura-ca/,JSON-LD[0] $.@graph[0].telephone,current contact; unchanged
phone,805-806-9344,https://www.805shutters.com/window-treatments/ventura-ca/,JSON-LD[1] $.@graph[1].provider.telephone,current contact; unchanged
phone,805-806-9344,https://www.805shutters.com/window-treatments/ventura-ca/,page text,current contact; unchanged
phone,805-806-9344,https://www.805shutters.com/window-treatments/westlake-village-ca/,JSON-LD[0] $.@graph[0].contactPoint.telephone,current contact; unchanged
phone,805-806-9344,https://www.805shutters.com/window-treatments/westlake-village-ca/,JSON-LD[0] $.@graph[0].telephone,current contact; unchanged
phone,805-806-9344,https://www.805shutters.com/window-treatments/westlake-village-ca/,JSON-LD[1] $.@graph[1].provider.telephone,current contact; unchanged
phone,805-806-9344,https://www.805shutters.com/window-treatments/westlake-village-ca/,page text,current contact; unchanged
phone,(805) 806-9344,https://www.805shutters.com/about/,page text,current contact; unchanged
phone,(805) 806-9344,https://www.805shutters.com/official/,page text,current contact; unchanged
email,805@805shutters.com,https://www.805shutters.com/,JSON-LD[0] $.@graph[0].contactPoint.email,current contact; unchanged
email,805@805shutters.com,https://www.805shutters.com/,JSON-LD[0] $.@graph[0].email,current contact; unchanged
email,805@805shutters.com,https://www.805shutters.com/,page text,current contact; unchanged
email,805@805shutters.com,https://www.805shutters.com/about/,JSON-LD[0] $.@graph[0].contactPoint.email,current contact; unchanged
email,805@805shutters.com,https://www.805shutters.com/about/,JSON-LD[0] $.@graph[0].email,current contact; unchanged
email,805@805shutters.com,https://www.805shutters.com/about/,page text,current contact; unchanged
email,805@805shutters.com,https://www.805shutters.com/ai-search-feed.json,$.entity.email,current contact; unchanged
email,805@805shutters.com,https://www.805shutters.com/answers.json,$.publisher.email,current contact; unchanged
email,805@805shutters.com,https://www.805shutters.com/best-window-treatments-ventura-county/,JSON-LD[0] $.@graph[0].contactPoint.email,current contact; unchanged
email,805@805shutters.com,https://www.805shutters.com/best-window-treatments-ventura-county/,JSON-LD[0] $.@graph[0].email,current contact; unchanged
email,805@805shutters.com,https://www.805shutters.com/best-window-treatments-ventura-county/,page text,current contact; unchanged
email,805@805shutters.com,https://www.805shutters.com/blinds-near-me-ventura-county/,JSON-LD[0] $.@graph[0].contactPoint.email,current contact; unchanged
email,805@805shutters.com,https://www.805shutters.com/blinds-near-me-ventura-county/,JSON-LD[0] $.@graph[0].email,current contact; unchanged
email,805@805shutters.com,https://www.805shutters.com/blinds-near-me-ventura-county/,page text,current contact; unchanged
email,805@805shutters.com,https://www.805shutters.com/blinds/,JSON-LD[0] $.@graph[0].contactPoint.email,current contact; unchanged
email,805@805shutters.com,https://www.805shutters.com/blinds/,JSON-LD[0] $.@graph[0].email,current contact; unchanged
email,805@805shutters.com,https://www.805shutters.com/blinds/,page text,current contact; unchanged
email,805@805shutters.com,https://www.805shutters.com/blinds/camarillo-ca/,JSON-LD[0] $.@graph[0].contactPoint.email,current contact; unchanged
email,805@805shutters.com,https://www.805shutters.com/blinds/camarillo-ca/,JSON-LD[0] $.@graph[0].email,current contact; unchanged
email,805@805shutters.com,https://www.805shutters.com/blinds/camarillo-ca/,page text,current contact; unchanged
email,805@805shutters.com,https://www.805shutters.com/blinds/fillmore-ca/,JSON-LD[0] $.@graph[0].contactPoint.email,current contact; unchanged
email,805@805shutters.com,https://www.805shutters.com/blinds/fillmore-ca/,JSON-LD[0] $.@graph[0].email,current contact; unchanged
email,805@805shutters.com,https://www.805shutters.com/blinds/fillmore-ca/,page text,current contact; unchanged
email,805@805shutters.com,https://www.805shutters.com/blinds/moorpark-ca/,JSON-LD[0] $.@graph[0].contactPoint.email,current contact; unchanged
email,805@805shutters.com,https://www.805shutters.com/blinds/moorpark-ca/,JSON-LD[0] $.@graph[0].email,current contact; unchanged
email,805@805shutters.com,https://www.805shutters.com/blinds/moorpark-ca/,page text,current contact; unchanged
email,805@805shutters.com,https://www.805shutters.com/blinds/newbury-park-ca/,JSON-LD[0] $.@graph[0].contactPoint.email,current contact; unchanged
email,805@805shutters.com,https://www.805shutters.com/blinds/newbury-park-ca/,JSON-LD[0] $.@graph[0].email,current contact; unchanged
email,805@805shutters.com,https://www.805shutters.com/blinds/newbury-park-ca/,page text,current contact; unchanged
email,805@805shutters.com,https://www.805shutters.com/blinds/oak-park-ca/,JSON-LD[0] $.@graph[0].contactPoint.email,current contact; unchanged
email,805@805shutters.com,https://www.805shutters.com/blinds/oak-park-ca/,JSON-LD[0] $.@graph[0].email,current contact; unchanged
email,805@805shutters.com,https://www.805shutters.com/blinds/oak-park-ca/,page text,current contact; unchanged
email,805@805shutters.com,https://www.805shutters.com/blinds/ojai-ca/,JSON-LD[0] $.@graph[0].contactPoint.email,current contact; unchanged
email,805@805shutters.com,https://www.805shutters.com/blinds/ojai-ca/,JSON-LD[0] $.@graph[0].email,current contact; unchanged
email,805@805shutters.com,https://www.805shutters.com/blinds/ojai-ca/,page text,current contact; unchanged
email,805@805shutters.com,https://www.805shutters.com/blinds/oxnard-ca/,JSON-LD[0] $.@graph[0].contactPoint.email,current contact; unchanged
email,805@805shutters.com,https://www.805shutters.com/blinds/oxnard-ca/,JSON-LD[0] $.@graph[0].email,current contact; unchanged
email,805@805shutters.com,https://www.805shutters.com/blinds/oxnard-ca/,page text,current contact; unchanged
email,805@805shutters.com,https://www.805shutters.com/blinds/port-hueneme-ca/,JSON-LD[0] $.@graph[0].contactPoint.email,current contact; unchanged
email,805@805shutters.com,https://www.805shutters.com/blinds/port-hueneme-ca/,JSON-LD[0] $.@graph[0].email,current contact; unchanged
email,805@805shutters.com,https://www.805shutters.com/blinds/port-hueneme-ca/,page text,current contact; unchanged
email,805@805shutters.com,https://www.805shutters.com/blinds/santa-clarita-ca/,JSON-LD[0] $.@graph[0].contactPoint.email,current contact; unchanged
email,805@805shutters.com,https://www.805shutters.com/blinds/santa-clarita-ca/,JSON-LD[0] $.@graph[0].email,current contact; unchanged
email,805@805shutters.com,https://www.805shutters.com/blinds/santa-clarita-ca/,page text,current contact; unchanged
email,805@805shutters.com,https://www.805shutters.com/blinds/santa-paula-ca/,JSON-LD[0] $.@graph[0].contactPoint.email,current contact; unchanged
email,805@805shutters.com,https://www.805shutters.com/blinds/santa-paula-ca/,JSON-LD[0] $.@graph[0].email,current contact; unchanged
email,805@805shutters.com,https://www.805shutters.com/blinds/santa-paula-ca/,page text,current contact; unchanged
email,805@805shutters.com,https://www.805shutters.com/blinds/santa-rosa-valley-ca/,JSON-LD[0] $.@graph[0].contactPoint.email,current contact; unchanged
email,805@805shutters.com,https://www.805shutters.com/blinds/santa-rosa-valley-ca/,JSON-LD[0] $.@graph[0].email,current contact; unchanged
email,805@805shutters.com,https://www.805shutters.com/blinds/santa-rosa-valley-ca/,page text,current contact; unchanged
email,805@805shutters.com,https://www.805shutters.com/blinds/simi-valley-ca/,JSON-LD[0] $.@graph[0].contactPoint.email,current contact; unchanged
email,805@805shutters.com,https://www.805shutters.com/blinds/simi-valley-ca/,JSON-LD[0] $.@graph[0].email,current contact; unchanged
email,805@805shutters.com,https://www.805shutters.com/blinds/simi-valley-ca/,page text,current contact; unchanged
email,805@805shutters.com,https://www.805shutters.com/blinds/thousand-oaks-ca/,JSON-LD[0] $.@graph[0].contactPoint.email,current contact; unchanged
email,805@805shutters.com,https://www.805shutters.com/blinds/thousand-oaks-ca/,JSON-LD[0] $.@graph[0].email,current contact; unchanged
email,805@805shutters.com,https://www.805shutters.com/blinds/thousand-oaks-ca/,page text,current contact; unchanged
email,805@805shutters.com,https://www.805shutters.com/blinds/ventura-ca/,JSON-LD[0] $.@graph[0].contactPoint.email,current contact; unchanged
email,805@805shutters.com,https://www.805shutters.com/blinds/ventura-ca/,JSON-LD[0] $.@graph[0].email,current contact; unchanged
email,805@805shutters.com,https://www.805shutters.com/blinds/ventura-ca/,page text,current contact; unchanged
email,805@805shutters.com,https://www.805shutters.com/blinds/ventura-county/,JSON-LD[0] $.@graph[0].contactPoint.email,current contact; unchanged
email,805@805shutters.com,https://www.805shutters.com/blinds/ventura-county/,JSON-LD[0] $.@graph[0].email,current contact; unchanged
email,805@805shutters.com,https://www.805shutters.com/blinds/ventura-county/,page text,current contact; unchanged
email,805@805shutters.com,https://www.805shutters.com/blinds/westlake-village-ca/,JSON-LD[0] $.@graph[0].contactPoint.email,current contact; unchanged
email,805@805shutters.com,https://www.805shutters.com/blinds/westlake-village-ca/,JSON-LD[0] $.@graph[0].email,current contact; unchanged
email,805@805shutters.com,https://www.805shutters.com/blinds/westlake-village-ca/,page text,current contact; unchanged
email,805@805shutters.com,https://www.805shutters.com/book-consultation/,JSON-LD[0] $.@graph[0].contactPoint.email,current contact; unchanged
email,805@805shutters.com,https://www.805shutters.com/book-consultation/,JSON-LD[0] $.@graph[0].email,current contact; unchanged
email,805@805shutters.com,https://www.805shutters.com/book-consultation/,page text,current contact; unchanged
email,805@805shutters.com,https://www.805shutters.com/coastal-window-treatments-ventura-county/,JSON-LD[0] $.@graph[0].contactPoint.email,current contact; unchanged
email,805@805shutters.com,https://www.805shutters.com/coastal-window-treatments-ventura-county/,JSON-LD[0] $.@graph[0].email,current contact; unchanged
email,805@805shutters.com,https://www.805shutters.com/coastal-window-treatments-ventura-county/,page text,current contact; unchanged
email,805@805shutters.com,https://www.805shutters.com/commercial-roller-shades-ventura-county/,JSON-LD[0] $.@graph[0].contactPoint.email,current contact; unchanged
email,805@805shutters.com,https://www.805shutters.com/commercial-roller-shades-ventura-county/,JSON-LD[0] $.@graph[0].email,current contact; unchanged
email,805@805shutters.com,https://www.805shutters.com/commercial-roller-shades-ventura-county/,page text,current contact; unchanged
email,805@805shutters.com,https://www.805shutters.com/commercial-roller-shades/,JSON-LD[0] $.@graph[0].contactPoint.email,current contact; unchanged
email,805@805shutters.com,https://www.805shutters.com/commercial-roller-shades/,JSON-LD[0] $.@graph[0].email,current contact; unchanged
email,805@805shutters.com,https://www.805shutters.com/commercial-roller-shades/,page text,current contact; unchanged
email,805@805shutters.com,https://www.805shutters.com/commercial-window-coverings/,JSON-LD[0] $.@graph[0].contactPoint.email,current contact; unchanged
email,805@805shutters.com,https://www.805shutters.com/commercial-window-coverings/,JSON-LD[0] $.@graph[0].email,current contact; unchanged
email,805@805shutters.com,https://www.805shutters.com/commercial-window-coverings/,page text,current contact; unchanged
email,805@805shutters.com,https://www.805shutters.com/commercial-window-coverings/camarillo-ca/,JSON-LD[0] $.@graph[0].contactPoint.email,current contact; unchanged
email,805@805shutters.com,https://www.805shutters.com/commercial-window-coverings/camarillo-ca/,JSON-LD[0] $.@graph[0].email,current contact; unchanged
email,805@805shutters.com,https://www.805shutters.com/commercial-window-coverings/camarillo-ca/,page text,current contact; unchanged
email,805@805shutters.com,https://www.805shutters.com/commercial-window-coverings/fillmore-ca/,JSON-LD[0] $.@graph[0].contactPoint.email,current contact; unchanged
email,805@805shutters.com,https://www.805shutters.com/commercial-window-coverings/fillmore-ca/,JSON-LD[0] $.@graph[0].email,current contact; unchanged
email,805@805shutters.com,https://www.805shutters.com/commercial-window-coverings/fillmore-ca/,page text,current contact; unchanged
email,805@805shutters.com,https://www.805shutters.com/commercial-window-coverings/moorpark-ca/,JSON-LD[0] $.@graph[0].contactPoint.email,current contact; unchanged
email,805@805shutters.com,https://www.805shutters.com/commercial-window-coverings/moorpark-ca/,JSON-LD[0] $.@graph[0].email,current contact; unchanged
email,805@805shutters.com,https://www.805shutters.com/commercial-window-coverings/moorpark-ca/,page text,current contact; unchanged
email,805@805shutters.com,https://www.805shutters.com/commercial-window-coverings/newbury-park-ca/,JSON-LD[0] $.@graph[0].contactPoint.email,current contact; unchanged
email,805@805shutters.com,https://www.805shutters.com/commercial-window-coverings/newbury-park-ca/,JSON-LD[0] $.@graph[0].email,current contact; unchanged
email,805@805shutters.com,https://www.805shutters.com/commercial-window-coverings/newbury-park-ca/,page text,current contact; unchanged
email,805@805shutters.com,https://www.805shutters.com/commercial-window-coverings/oak-park-ca/,JSON-LD[0] $.@graph[0].contactPoint.email,current contact; unchanged
email,805@805shutters.com,https://www.805shutters.com/commercial-window-coverings/oak-park-ca/,JSON-LD[0] $.@graph[0].email,current contact; unchanged
email,805@805shutters.com,https://www.805shutters.com/commercial-window-coverings/oak-park-ca/,page text,current contact; unchanged
email,805@805shutters.com,https://www.805shutters.com/commercial-window-coverings/ojai-ca/,JSON-LD[0] $.@graph[0].contactPoint.email,current contact; unchanged
email,805@805shutters.com,https://www.805shutters.com/commercial-window-coverings/ojai-ca/,JSON-LD[0] $.@graph[0].email,current contact; unchanged
email,805@805shutters.com,https://www.805shutters.com/commercial-window-coverings/ojai-ca/,page text,current contact; unchanged
email,805@805shutters.com,https://www.805shutters.com/commercial-window-coverings/oxnard-ca/,JSON-LD[0] $.@graph[0].contactPoint.email,current contact; unchanged
email,805@805shutters.com,https://www.805shutters.com/commercial-window-coverings/oxnard-ca/,JSON-LD[0] $.@graph[0].email,current contact; unchanged
email,805@805shutters.com,https://www.805shutters.com/commercial-window-coverings/oxnard-ca/,page text,current contact; unchanged
email,805@805shutters.com,https://www.805shutters.com/commercial-window-coverings/port-hueneme-ca/,JSON-LD[0] $.@graph[0].contactPoint.email,current contact; unchanged
email,805@805shutters.com,https://www.805shutters.com/commercial-window-coverings/port-hueneme-ca/,JSON-LD[0] $.@graph[0].email,current contact; unchanged
email,805@805shutters.com,https://www.805shutters.com/commercial-window-coverings/port-hueneme-ca/,page text,current contact; unchanged
email,805@805shutters.com,https://www.805shutters.com/commercial-window-coverings/santa-clarita-ca/,JSON-LD[0] $.@graph[0].contactPoint.email,current contact; unchanged
email,805@805shutters.com,https://www.805shutters.com/commercial-window-coverings/santa-clarita-ca/,JSON-LD[0] $.@graph[0].email,current contact; unchanged
email,805@805shutters.com,https://www.805shutters.com/commercial-window-coverings/santa-clarita-ca/,page text,current contact; unchanged
email,805@805shutters.com,https://www.805shutters.com/commercial-window-coverings/santa-paula-ca/,JSON-LD[0] $.@graph[0].contactPoint.email,current contact; unchanged
email,805@805shutters.com,https://www.805shutters.com/commercial-window-coverings/santa-paula-ca/,JSON-LD[0] $.@graph[0].email,current contact; unchanged
email,805@805shutters.com,https://www.805shutters.com/commercial-window-coverings/santa-paula-ca/,page text,current contact; unchanged
email,805@805shutters.com,https://www.805shutters.com/commercial-window-coverings/santa-rosa-valley-ca/,JSON-LD[0] $.@graph[0].contactPoint.email,current contact; unchanged
email,805@805shutters.com,https://www.805shutters.com/commercial-window-coverings/santa-rosa-valley-ca/,JSON-LD[0] $.@graph[0].email,current contact; unchanged
email,805@805shutters.com,https://www.805shutters.com/commercial-window-coverings/santa-rosa-valley-ca/,page text,current contact; unchanged
email,805@805shutters.com,https://www.805shutters.com/commercial-window-coverings/simi-valley-ca/,JSON-LD[0] $.@graph[0].contactPoint.email,current contact; unchanged
email,805@805shutters.com,https://www.805shutters.com/commercial-window-coverings/simi-valley-ca/,JSON-LD[0] $.@graph[0].email,current contact; unchanged
email,805@805shutters.com,https://www.805shutters.com/commercial-window-coverings/simi-valley-ca/,page text,current contact; unchanged
email,805@805shutters.com,https://www.805shutters.com/commercial-window-coverings/thousand-oaks-ca/,JSON-LD[0] $.@graph[0].contactPoint.email,current contact; unchanged
email,805@805shutters.com,https://www.805shutters.com/commercial-window-coverings/thousand-oaks-ca/,JSON-LD[0] $.@graph[0].email,current contact; unchanged
email,805@805shutters.com,https://www.805shutters.com/commercial-window-coverings/thousand-oaks-ca/,page text,current contact; unchanged
email,805@805shutters.com,https://www.805shutters.com/commercial-window-coverings/ventura-ca/,JSON-LD[0] $.@graph[0].contactPoint.email,current contact; unchanged
email,805@805shutters.com,https://www.805shutters.com/commercial-window-coverings/ventura-ca/,JSON-LD[0] $.@graph[0].email,current contact; unchanged
email,805@805shutters.com,https://www.805shutters.com/commercial-window-coverings/ventura-ca/,page text,current contact; unchanged
email,805@805shutters.com,https://www.805shutters.com/commercial-window-coverings/westlake-village-ca/,JSON-LD[0] $.@graph[0].contactPoint.email,current contact; unchanged
email,805@805shutters.com,https://www.805shutters.com/commercial-window-coverings/westlake-village-ca/,JSON-LD[0] $.@graph[0].email,current contact; unchanged
email,805@805shutters.com,https://www.805shutters.com/commercial-window-coverings/westlake-village-ca/,page text,current contact; unchanged
email,805@805shutters.com,https://www.805shutters.com/contact/,JSON-LD[0] $.@graph[0].contactPoint.email,current contact; unchanged
email,805@805shutters.com,https://www.805shutters.com/contact/,JSON-LD[0] $.@graph[0].email,current contact; unchanged
email,805@805shutters.com,https://www.805shutters.com/contact/,page text,current contact; unchanged
email,805@805shutters.com,https://www.805shutters.com/custom-blinds-shades-shutters-camarillo/,JSON-LD[0] $.@graph[0].contactPoint.email,current contact; unchanged
email,805@805shutters.com,https://www.805shutters.com/custom-blinds-shades-shutters-camarillo/,JSON-LD[0] $.@graph[0].email,current contact; unchanged
email,805@805shutters.com,https://www.805shutters.com/custom-blinds-shades-shutters-camarillo/,page text,current contact; unchanged
email,805@805shutters.com,https://www.805shutters.com/custom-drapery-curtains-ventura-county/,JSON-LD[0] $.@graph[0].contactPoint.email,current contact; unchanged
email,805@805shutters.com,https://www.805shutters.com/custom-drapery-curtains-ventura-county/,JSON-LD[0] $.@graph[0].email,current contact; unchanged
email,805@805shutters.com,https://www.805shutters.com/custom-drapery-curtains-ventura-county/,page text,current contact; unchanged
email,805@805shutters.com,https://www.805shutters.com/drapery/,JSON-LD[0] $.@graph[0].contactPoint.email,current contact; unchanged
email,805@805shutters.com,https://www.805shutters.com/drapery/,JSON-LD[0] $.@graph[0].email,current contact; unchanged
email,805@805shutters.com,https://www.805shutters.com/drapery/,page text,current contact; unchanged
email,805@805shutters.com,https://www.805shutters.com/drapery/camarillo-ca/,JSON-LD[0] $.@graph[0].contactPoint.email,current contact; unchanged
email,805@805shutters.com,https://www.805shutters.com/drapery/camarillo-ca/,JSON-LD[0] $.@graph[0].email,current contact; unchanged
email,805@805shutters.com,https://www.805shutters.com/drapery/camarillo-ca/,page text,current contact; unchanged
email,805@805shutters.com,https://www.805shutters.com/drapery/fillmore-ca/,JSON-LD[0] $.@graph[0].contactPoint.email,current contact; unchanged
email,805@805shutters.com,https://www.805shutters.com/drapery/fillmore-ca/,JSON-LD[0] $.@graph[0].email,current contact; unchanged
email,805@805shutters.com,https://www.805shutters.com/drapery/fillmore-ca/,page text,current contact; unchanged
email,805@805shutters.com,https://www.805shutters.com/drapery/moorpark-ca/,JSON-LD[0] $.@graph[0].contactPoint.email,current contact; unchanged
email,805@805shutters.com,https://www.805shutters.com/drapery/moorpark-ca/,JSON-LD[0] $.@graph[0].email,current contact; unchanged
email,805@805shutters.com,https://www.805shutters.com/drapery/moorpark-ca/,page text,current contact; unchanged
email,805@805shutters.com,https://www.805shutters.com/drapery/newbury-park-ca/,JSON-LD[0] $.@graph[0].contactPoint.email,current contact; unchanged
email,805@805shutters.com,https://www.805shutters.com/drapery/newbury-park-ca/,JSON-LD[0] $.@graph[0].email,current contact; unchanged
email,805@805shutters.com,https://www.805shutters.com/drapery/newbury-park-ca/,page text,current contact; unchanged
email,805@805shutters.com,https://www.805shutters.com/drapery/oak-park-ca/,JSON-LD[0] $.@graph[0].contactPoint.email,current contact; unchanged
email,805@805shutters.com,https://www.805shutters.com/drapery/oak-park-ca/,JSON-LD[0] $.@graph[0].email,current contact; unchanged
email,805@805shutters.com,https://www.805shutters.com/drapery/oak-park-ca/,page text,current contact; unchanged
email,805@805shutters.com,https://www.805shutters.com/drapery/ojai-ca/,JSON-LD[0] $.@graph[0].contactPoint.email,current contact; unchanged
email,805@805shutters.com,https://www.805shutters.com/drapery/ojai-ca/,JSON-LD[0] $.@graph[0].email,current contact; unchanged
email,805@805shutters.com,https://www.805shutters.com/drapery/ojai-ca/,page text,current contact; unchanged
email,805@805shutters.com,https://www.805shutters.com/drapery/oxnard-ca/,JSON-LD[0] $.@graph[0].contactPoint.email,current contact; unchanged
email,805@805shutters.com,https://www.805shutters.com/drapery/oxnard-ca/,JSON-LD[0] $.@graph[0].email,current contact; unchanged
email,805@805shutters.com,https://www.805shutters.com/drapery/oxnard-ca/,page text,current contact; unchanged
email,805@805shutters.com,https://www.805shutters.com/drapery/port-hueneme-ca/,JSON-LD[0] $.@graph[0].contactPoint.email,current contact; unchanged
email,805@805shutters.com,https://www.805shutters.com/drapery/port-hueneme-ca/,JSON-LD[0] $.@graph[0].email,current contact; unchanged
email,805@805shutters.com,https://www.805shutters.com/drapery/port-hueneme-ca/,page text,current contact; unchanged
email,805@805shutters.com,https://www.805shutters.com/drapery/santa-clarita-ca/,JSON-LD[0] $.@graph[0].contactPoint.email,current contact; unchanged
email,805@805shutters.com,https://www.805shutters.com/drapery/santa-clarita-ca/,JSON-LD[0] $.@graph[0].email,current contact; unchanged
email,805@805shutters.com,https://www.805shutters.com/drapery/santa-clarita-ca/,page text,current contact; unchanged
email,805@805shutters.com,https://www.805shutters.com/drapery/santa-paula-ca/,JSON-LD[0] $.@graph[0].contactPoint.email,current contact; unchanged
email,805@805shutters.com,https://www.805shutters.com/drapery/santa-paula-ca/,JSON-LD[0] $.@graph[0].email,current contact; unchanged
email,805@805shutters.com,https://www.805shutters.com/drapery/santa-paula-ca/,page text,current contact; unchanged
email,805@805shutters.com,https://www.805shutters.com/drapery/santa-rosa-valley-ca/,JSON-LD[0] $.@graph[0].contactPoint.email,current contact; unchanged
email,805@805shutters.com,https://www.805shutters.com/drapery/santa-rosa-valley-ca/,JSON-LD[0] $.@graph[0].email,current contact; unchanged
email,805@805shutters.com,https://www.805shutters.com/drapery/santa-rosa-valley-ca/,page text,current contact; unchanged
email,805@805shutters.com,https://www.805shutters.com/drapery/simi-valley-ca/,JSON-LD[0] $.@graph[0].contactPoint.email,current contact; unchanged
email,805@805shutters.com,https://www.805shutters.com/drapery/simi-valley-ca/,JSON-LD[0] $.@graph[0].email,current contact; unchanged
email,805@805shutters.com,https://www.805shutters.com/drapery/simi-valley-ca/,page text,current contact; unchanged
email,805@805shutters.com,https://www.805shutters.com/drapery/thousand-oaks-ca/,JSON-LD[0] $.@graph[0].contactPoint.email,current contact; unchanged
email,805@805shutters.com,https://www.805shutters.com/drapery/thousand-oaks-ca/,JSON-LD[0] $.@graph[0].email,current contact; unchanged
email,805@805shutters.com,https://www.805shutters.com/drapery/thousand-oaks-ca/,page text,current contact; unchanged
email,805@805shutters.com,https://www.805shutters.com/drapery/ventura-ca/,JSON-LD[0] $.@graph[0].contactPoint.email,current contact; unchanged
email,805@805shutters.com,https://www.805shutters.com/drapery/ventura-ca/,JSON-LD[0] $.@graph[0].email,current contact; unchanged
email,805@805shutters.com,https://www.805shutters.com/drapery/ventura-ca/,page text,current contact; unchanged
email,805@805shutters.com,https://www.805shutters.com/drapery/westlake-village-ca/,JSON-LD[0] $.@graph[0].contactPoint.email,current contact; unchanged
email,805@805shutters.com,https://www.805shutters.com/drapery/westlake-village-ca/,JSON-LD[0] $.@graph[0].email,current contact; unchanged
email,805@805shutters.com,https://www.805shutters.com/drapery/westlake-village-ca/,page text,current contact; unchanged
email,805@805shutters.com,https://www.805shutters.com/exterior-shades/,JSON-LD[0] $.@graph[0].contactPoint.email,current contact; unchanged
email,805@805shutters.com,https://www.805shutters.com/exterior-shades/,JSON-LD[0] $.@graph[0].email,current contact; unchanged
email,805@805shutters.com,https://www.805shutters.com/exterior-shades/,page text,current contact; unchanged
email,805@805shutters.com,https://www.805shutters.com/faq/,JSON-LD[0] $.@graph[0].contactPoint.email,current contact; unchanged
email,805@805shutters.com,https://www.805shutters.com/faq/,JSON-LD[0] $.@graph[0].email,current contact; unchanged
email,805@805shutters.com,https://www.805shutters.com/faq/,page text,current contact; unchanged
email,805@805shutters.com,https://www.805shutters.com/financing/,JSON-LD[0] $.@graph[0].contactPoint.email,current contact; unchanged
email,805@805shutters.com,https://www.805shutters.com/financing/,JSON-LD[0] $.@graph[0].email,current contact; unchanged
email,805@805shutters.com,https://www.805shutters.com/financing/,page text,current contact; unchanged
email,805@805shutters.com,https://www.805shutters.com/free-window-treatment-consultation/,JSON-LD[0] $.@graph[0].contactPoint.email,current contact; unchanged
email,805@805shutters.com,https://www.805shutters.com/free-window-treatment-consultation/,JSON-LD[0] $.@graph[0].email,current contact; unchanged
email,805@805shutters.com,https://www.805shutters.com/free-window-treatment-consultation/,page text,current contact; unchanged
email,805@805shutters.com,https://www.805shutters.com/gallery/,JSON-LD[0] $.@graph[0].contactPoint.email,current contact; unchanged
email,805@805shutters.com,https://www.805shutters.com/gallery/,JSON-LD[0] $.@graph[0].email,current contact; unchanged
email,805@805shutters.com,https://www.805shutters.com/gallery/,page text,current contact; unchanged
email,805@805shutters.com,https://www.805shutters.com/llms.txt,line 13,current contact; unchanged
email,805@805shutters.com,https://www.805shutters.com/llms.txt,line 17,current contact; unchanged
email,805@805shutters.com,https://www.805shutters.com/motorized-window-shades-ventura-county/,JSON-LD[0] $.@graph[0].contactPoint.email,current contact; unchanged
email,805@805shutters.com,https://www.805shutters.com/motorized-window-shades-ventura-county/,JSON-LD[0] $.@graph[0].email,current contact; unchanged
email,805@805shutters.com,https://www.805shutters.com/motorized-window-shades-ventura-county/,page text,current contact; unchanged
email,805@805shutters.com,https://www.805shutters.com/official/,JSON-LD[0] $.@graph[0].contactPoint.email,current contact; unchanged
email,805@805shutters.com,https://www.805shutters.com/official/,JSON-LD[0] $.@graph[0].email,current contact; unchanged
email,805@805shutters.com,https://www.805shutters.com/official/,JSON-LD[1] $.mainEntity.email,current contact; unchanged
email,805@805shutters.com,https://www.805shutters.com/official/,page text,current contact; unchanged
email,805@805shutters.com,https://www.805shutters.com/plantation-shutters-vs-shades-ventura-county/,JSON-LD[0] $.@graph[0].contactPoint.email,current contact; unchanged
email,805@805shutters.com,https://www.805shutters.com/plantation-shutters-vs-shades-ventura-county/,JSON-LD[0] $.@graph[0].email,current contact; unchanged
email,805@805shutters.com,https://www.805shutters.com/plantation-shutters-vs-shades-ventura-county/,page text,current contact; unchanged
email,805@805shutters.com,https://www.805shutters.com/privacy-policy/,JSON-LD[0] $.@graph[0].contactPoint.email,current contact; unchanged
email,805@805shutters.com,https://www.805shutters.com/privacy-policy/,JSON-LD[0] $.@graph[0].email,current contact; unchanged
email,805@805shutters.com,https://www.805shutters.com/privacy-policy/,page text,current contact; unchanged
email,805@805shutters.com,https://www.805shutters.com/recent-projects/,JSON-LD[0] $.@graph[0].contactPoint.email,current contact; unchanged
email,805@805shutters.com,https://www.805shutters.com/recent-projects/,JSON-LD[0] $.@graph[0].email,current contact; unchanged
email,805@805shutters.com,https://www.805shutters.com/recent-projects/,page text,current contact; unchanged
email,805@805shutters.com,https://www.805shutters.com/recent-projects/arched-plantation-shutters-ventura-county/,JSON-LD[0] $.@graph[0].contactPoint.email,current contact; unchanged
email,805@805shutters.com,https://www.805shutters.com/recent-projects/arched-plantation-shutters-ventura-county/,JSON-LD[0] $.@graph[0].email,current contact; unchanged
email,805@805shutters.com,https://www.805shutters.com/recent-projects/arched-plantation-shutters-ventura-county/,page text,current contact; unchanged
email,805@805shutters.com,https://www.805shutters.com/recent-projects/dark-wood-plantation-shutters-ventura-county/,JSON-LD[0] $.@graph[0].contactPoint.email,current contact; unchanged
email,805@805shutters.com,https://www.805shutters.com/recent-projects/dark-wood-plantation-shutters-ventura-county/,JSON-LD[0] $.@graph[0].email,current contact; unchanged
email,805@805shutters.com,https://www.805shutters.com/recent-projects/dark-wood-plantation-shutters-ventura-county/,page text,current contact; unchanged
email,805@805shutters.com,https://www.805shutters.com/recent-projects/layered-window-shades-ventura-county/,JSON-LD[0] $.@graph[0].contactPoint.email,current contact; unchanged
email,805@805shutters.com,https://www.805shutters.com/recent-projects/layered-window-shades-ventura-county/,JSON-LD[0] $.@graph[0].email,current contact; unchanged
email,805@805shutters.com,https://www.805shutters.com/recent-projects/layered-window-shades-ventura-county/,page text,current contact; unchanged
email,805@805shutters.com,https://www.805shutters.com/recent-projects/plantation-shutters-ventura-county-project/,JSON-LD[0] $.@graph[0].contactPoint.email,current contact; unchanged
email,805@805shutters.com,https://www.805shutters.com/recent-projects/plantation-shutters-ventura-county-project/,JSON-LD[0] $.@graph[0].email,current contact; unchanged
email,805@805shutters.com,https://www.805shutters.com/recent-projects/plantation-shutters-ventura-county-project/,page text,current contact; unchanged
email,805@805shutters.com,https://www.805shutters.com/recent-projects/roller-shades-large-window-ventura-county/,JSON-LD[0] $.@graph[0].contactPoint.email,current contact; unchanged
email,805@805shutters.com,https://www.805shutters.com/recent-projects/roller-shades-large-window-ventura-county/,JSON-LD[0] $.@graph[0].email,current contact; unchanged
email,805@805shutters.com,https://www.805shutters.com/recent-projects/roller-shades-large-window-ventura-county/,page text,current contact; unchanged
email,805@805shutters.com,https://www.805shutters.com/recent-projects/sliding-door-shutters-ventura-county/,JSON-LD[0] $.@graph[0].contactPoint.email,current contact; unchanged
email,805@805shutters.com,https://www.805shutters.com/recent-projects/sliding-door-shutters-ventura-county/,JSON-LD[0] $.@graph[0].email,current contact; unchanged
email,805@805shutters.com,https://www.805shutters.com/recent-projects/sliding-door-shutters-ventura-county/,page text,current contact; unchanged
email,805@805shutters.com,https://www.805shutters.com/reviews/,JSON-LD[0] $.@graph[0].contactPoint.email,current contact; unchanged
email,805@805shutters.com,https://www.805shutters.com/reviews/,JSON-LD[0] $.@graph[0].email,current contact; unchanged
email,805@805shutters.com,https://www.805shutters.com/reviews/,page text,current contact; unchanged
email,805@805shutters.com,https://www.805shutters.com/shades/,JSON-LD[0] $.@graph[0].contactPoint.email,current contact; unchanged
email,805@805shutters.com,https://www.805shutters.com/shades/,JSON-LD[0] $.@graph[0].email,current contact; unchanged
email,805@805shutters.com,https://www.805shutters.com/shades/,page text,current contact; unchanged
email,805@805shutters.com,https://www.805shutters.com/shades/camarillo-ca/,JSON-LD[0] $.@graph[0].contactPoint.email,current contact; unchanged
email,805@805shutters.com,https://www.805shutters.com/shades/camarillo-ca/,JSON-LD[0] $.@graph[0].email,current contact; unchanged
email,805@805shutters.com,https://www.805shutters.com/shades/camarillo-ca/,page text,current contact; unchanged
email,805@805shutters.com,https://www.805shutters.com/shades/fillmore-ca/,JSON-LD[0] $.@graph[0].contactPoint.email,current contact; unchanged
email,805@805shutters.com,https://www.805shutters.com/shades/fillmore-ca/,JSON-LD[0] $.@graph[0].email,current contact; unchanged
email,805@805shutters.com,https://www.805shutters.com/shades/fillmore-ca/,page text,current contact; unchanged
email,805@805shutters.com,https://www.805shutters.com/shades/moorpark-ca/,JSON-LD[0] $.@graph[0].contactPoint.email,current contact; unchanged
email,805@805shutters.com,https://www.805shutters.com/shades/moorpark-ca/,JSON-LD[0] $.@graph[0].email,current contact; unchanged
email,805@805shutters.com,https://www.805shutters.com/shades/moorpark-ca/,page text,current contact; unchanged
email,805@805shutters.com,https://www.805shutters.com/shades/newbury-park-ca/,JSON-LD[0] $.@graph[0].contactPoint.email,current contact; unchanged
email,805@805shutters.com,https://www.805shutters.com/shades/newbury-park-ca/,JSON-LD[0] $.@graph[0].email,current contact; unchanged
email,805@805shutters.com,https://www.805shutters.com/shades/newbury-park-ca/,page text,current contact; unchanged
email,805@805shutters.com,https://www.805shutters.com/shades/oak-park-ca/,JSON-LD[0] $.@graph[0].contactPoint.email,current contact; unchanged
email,805@805shutters.com,https://www.805shutters.com/shades/oak-park-ca/,JSON-LD[0] $.@graph[0].email,current contact; unchanged
email,805@805shutters.com,https://www.805shutters.com/shades/oak-park-ca/,page text,current contact; unchanged
email,805@805shutters.com,https://www.805shutters.com/shades/ojai-ca/,JSON-LD[0] $.@graph[0].contactPoint.email,current contact; unchanged
email,805@805shutters.com,https://www.805shutters.com/shades/ojai-ca/,JSON-LD[0] $.@graph[0].email,current contact; unchanged
email,805@805shutters.com,https://www.805shutters.com/shades/ojai-ca/,page text,current contact; unchanged
email,805@805shutters.com,https://www.805shutters.com/shades/oxnard-ca/,JSON-LD[0] $.@graph[0].contactPoint.email,current contact; unchanged
email,805@805shutters.com,https://www.805shutters.com/shades/oxnard-ca/,JSON-LD[0] $.@graph[0].email,current contact; unchanged
email,805@805shutters.com,https://www.805shutters.com/shades/oxnard-ca/,page text,current contact; unchanged
email,805@805shutters.com,https://www.805shutters.com/shades/port-hueneme-ca/,JSON-LD[0] $.@graph[0].contactPoint.email,current contact; unchanged
email,805@805shutters.com,https://www.805shutters.com/shades/port-hueneme-ca/,JSON-LD[0] $.@graph[0].email,current contact; unchanged
email,805@805shutters.com,https://www.805shutters.com/shades/port-hueneme-ca/,page text,current contact; unchanged
email,805@805shutters.com,https://www.805shutters.com/shades/santa-clarita-ca/,JSON-LD[0] $.@graph[0].contactPoint.email,current contact; unchanged
email,805@805shutters.com,https://www.805shutters.com/shades/santa-clarita-ca/,JSON-LD[0] $.@graph[0].email,current contact; unchanged
email,805@805shutters.com,https://www.805shutters.com/shades/santa-clarita-ca/,page text,current contact; unchanged
email,805@805shutters.com,https://www.805shutters.com/shades/santa-paula-ca/,JSON-LD[0] $.@graph[0].contactPoint.email,current contact; unchanged
email,805@805shutters.com,https://www.805shutters.com/shades/santa-paula-ca/,JSON-LD[0] $.@graph[0].email,current contact; unchanged
email,805@805shutters.com,https://www.805shutters.com/shades/santa-paula-ca/,page text,current contact; unchanged
email,805@805shutters.com,https://www.805shutters.com/shades/santa-rosa-valley-ca/,JSON-LD[0] $.@graph[0].contactPoint.email,current contact; unchanged
email,805@805shutters.com,https://www.805shutters.com/shades/santa-rosa-valley-ca/,JSON-LD[0] $.@graph[0].email,current contact; unchanged
email,805@805shutters.com,https://www.805shutters.com/shades/santa-rosa-valley-ca/,page text,current contact; unchanged
email,805@805shutters.com,https://www.805shutters.com/shades/simi-valley-ca/,JSON-LD[0] $.@graph[0].contactPoint.email,current contact; unchanged
email,805@805shutters.com,https://www.805shutters.com/shades/simi-valley-ca/,JSON-LD[0] $.@graph[0].email,current contact; unchanged
email,805@805shutters.com,https://www.805shutters.com/shades/simi-valley-ca/,page text,current contact; unchanged
email,805@805shutters.com,https://www.805shutters.com/shades/thousand-oaks-ca/,JSON-LD[0] $.@graph[0].contactPoint.email,current contact; unchanged
email,805@805shutters.com,https://www.805shutters.com/shades/thousand-oaks-ca/,JSON-LD[0] $.@graph[0].email,current contact; unchanged
email,805@805shutters.com,https://www.805shutters.com/shades/thousand-oaks-ca/,page text,current contact; unchanged
email,805@805shutters.com,https://www.805shutters.com/shades/ventura-ca/,JSON-LD[0] $.@graph[0].contactPoint.email,current contact; unchanged
email,805@805shutters.com,https://www.805shutters.com/shades/ventura-ca/,JSON-LD[0] $.@graph[0].email,current contact; unchanged
email,805@805shutters.com,https://www.805shutters.com/shades/ventura-ca/,page text,current contact; unchanged
email,805@805shutters.com,https://www.805shutters.com/shades/westlake-village-ca/,JSON-LD[0] $.@graph[0].contactPoint.email,current contact; unchanged
email,805@805shutters.com,https://www.805shutters.com/shades/westlake-village-ca/,JSON-LD[0] $.@graph[0].email,current contact; unchanged
email,805@805shutters.com,https://www.805shutters.com/shades/westlake-village-ca/,page text,current contact; unchanged
email,805@805shutters.com,https://www.805shutters.com/shutters-near-me-ventura-county/,JSON-LD[0] $.@graph[0].contactPoint.email,current contact; unchanged
email,805@805shutters.com,https://www.805shutters.com/shutters-near-me-ventura-county/,JSON-LD[0] $.@graph[0].email,current contact; unchanged
email,805@805shutters.com,https://www.805shutters.com/shutters-near-me-ventura-county/,page text,current contact; unchanged
email,805@805shutters.com,https://www.805shutters.com/shutters/,JSON-LD[0] $.@graph[0].contactPoint.email,current contact; unchanged
email,805@805shutters.com,https://www.805shutters.com/shutters/,JSON-LD[0] $.@graph[0].email,current contact; unchanged
email,805@805shutters.com,https://www.805shutters.com/shutters/,page text,current contact; unchanged
email,805@805shutters.com,https://www.805shutters.com/shutters/camarillo/,JSON-LD[0] $.@graph[0].contactPoint.email,current contact; unchanged
email,805@805shutters.com,https://www.805shutters.com/shutters/camarillo/,JSON-LD[0] $.@graph[0].email,current contact; unchanged
email,805@805shutters.com,https://www.805shutters.com/shutters/camarillo/,page text,current contact; unchanged
email,805@805shutters.com,https://www.805shutters.com/shutters/fillmore/,JSON-LD[0] $.@graph[0].contactPoint.email,current contact; unchanged
email,805@805shutters.com,https://www.805shutters.com/shutters/fillmore/,JSON-LD[0] $.@graph[0].email,current contact; unchanged
email,805@805shutters.com,https://www.805shutters.com/shutters/fillmore/,page text,current contact; unchanged
email,805@805shutters.com,https://www.805shutters.com/shutters/interior-shutters-camarillo/,JSON-LD[0] $.@graph[0].contactPoint.email,current contact; unchanged
email,805@805shutters.com,https://www.805shutters.com/shutters/interior-shutters-camarillo/,JSON-LD[0] $.@graph[0].email,current contact; unchanged
email,805@805shutters.com,https://www.805shutters.com/shutters/interior-shutters-camarillo/,page text,current contact; unchanged
email,805@805shutters.com,https://www.805shutters.com/shutters/moorpark/,JSON-LD[0] $.@graph[0].contactPoint.email,current contact; unchanged
email,805@805shutters.com,https://www.805shutters.com/shutters/moorpark/,JSON-LD[0] $.@graph[0].email,current contact; unchanged
email,805@805shutters.com,https://www.805shutters.com/shutters/moorpark/,page text,current contact; unchanged
email,805@805shutters.com,https://www.805shutters.com/shutters/newbury-park/,JSON-LD[0] $.@graph[0].contactPoint.email,current contact; unchanged
email,805@805shutters.com,https://www.805shutters.com/shutters/newbury-park/,JSON-LD[0] $.@graph[0].email,current contact; unchanged
email,805@805shutters.com,https://www.805shutters.com/shutters/newbury-park/,page text,current contact; unchanged
email,805@805shutters.com,https://www.805shutters.com/shutters/oak-park/,JSON-LD[0] $.@graph[0].contactPoint.email,current contact; unchanged
email,805@805shutters.com,https://www.805shutters.com/shutters/oak-park/,JSON-LD[0] $.@graph[0].email,current contact; unchanged
email,805@805shutters.com,https://www.805shutters.com/shutters/oak-park/,page text,current contact; unchanged
email,805@805shutters.com,https://www.805shutters.com/shutters/ojai/,JSON-LD[0] $.@graph[0].contactPoint.email,current contact; unchanged
email,805@805shutters.com,https://www.805shutters.com/shutters/ojai/,JSON-LD[0] $.@graph[0].email,current contact; unchanged
email,805@805shutters.com,https://www.805shutters.com/shutters/ojai/,page text,current contact; unchanged
email,805@805shutters.com,https://www.805shutters.com/shutters/oxnard/,JSON-LD[0] $.@graph[0].contactPoint.email,current contact; unchanged
email,805@805shutters.com,https://www.805shutters.com/shutters/oxnard/,JSON-LD[0] $.@graph[0].email,current contact; unchanged
email,805@805shutters.com,https://www.805shutters.com/shutters/oxnard/,page text,current contact; unchanged
email,805@805shutters.com,https://www.805shutters.com/shutters/plantation/,JSON-LD[0] $.@graph[0].contactPoint.email,current contact; unchanged
email,805@805shutters.com,https://www.805shutters.com/shutters/plantation/,JSON-LD[0] $.@graph[0].email,current contact; unchanged
email,805@805shutters.com,https://www.805shutters.com/shutters/plantation/,page text,current contact; unchanged
email,805@805shutters.com,https://www.805shutters.com/shutters/port-hueneme/,JSON-LD[0] $.@graph[0].contactPoint.email,current contact; unchanged
email,805@805shutters.com,https://www.805shutters.com/shutters/port-hueneme/,JSON-LD[0] $.@graph[0].email,current contact; unchanged
email,805@805shutters.com,https://www.805shutters.com/shutters/port-hueneme/,page text,current contact; unchanged
email,805@805shutters.com,https://www.805shutters.com/shutters/santa-clarita/,JSON-LD[0] $.@graph[0].contactPoint.email,current contact; unchanged
email,805@805shutters.com,https://www.805shutters.com/shutters/santa-clarita/,JSON-LD[0] $.@graph[0].email,current contact; unchanged
email,805@805shutters.com,https://www.805shutters.com/shutters/santa-clarita/,page text,current contact; unchanged
email,805@805shutters.com,https://www.805shutters.com/shutters/santa-paula/,JSON-LD[0] $.@graph[0].contactPoint.email,current contact; unchanged
email,805@805shutters.com,https://www.805shutters.com/shutters/santa-paula/,JSON-LD[0] $.@graph[0].email,current contact; unchanged
email,805@805shutters.com,https://www.805shutters.com/shutters/santa-paula/,page text,current contact; unchanged
email,805@805shutters.com,https://www.805shutters.com/shutters/santa-rosa-valley/,JSON-LD[0] $.@graph[0].contactPoint.email,current contact; unchanged
email,805@805shutters.com,https://www.805shutters.com/shutters/santa-rosa-valley/,JSON-LD[0] $.@graph[0].email,current contact; unchanged
email,805@805shutters.com,https://www.805shutters.com/shutters/santa-rosa-valley/,page text,current contact; unchanged
email,805@805shutters.com,https://www.805shutters.com/shutters/simi-valley/,JSON-LD[0] $.@graph[0].contactPoint.email,current contact; unchanged
email,805@805shutters.com,https://www.805shutters.com/shutters/simi-valley/,JSON-LD[0] $.@graph[0].email,current contact; unchanged
email,805@805shutters.com,https://www.805shutters.com/shutters/simi-valley/,page text,current contact; unchanged
email,805@805shutters.com,https://www.805shutters.com/shutters/thousand-oaks/,JSON-LD[0] $.@graph[0].contactPoint.email,current contact; unchanged
email,805@805shutters.com,https://www.805shutters.com/shutters/thousand-oaks/,JSON-LD[0] $.@graph[0].email,current contact; unchanged
email,805@805shutters.com,https://www.805shutters.com/shutters/thousand-oaks/,page text,current contact; unchanged
email,805@805shutters.com,https://www.805shutters.com/shutters/ventura/,JSON-LD[0] $.@graph[0].contactPoint.email,current contact; unchanged
email,805@805shutters.com,https://www.805shutters.com/shutters/ventura/,JSON-LD[0] $.@graph[0].email,current contact; unchanged
email,805@805shutters.com,https://www.805shutters.com/shutters/ventura/,page text,current contact; unchanged
email,805@805shutters.com,https://www.805shutters.com/shutters/westlake-village/,JSON-LD[0] $.@graph[0].contactPoint.email,current contact; unchanged
email,805@805shutters.com,https://www.805shutters.com/shutters/westlake-village/,JSON-LD[0] $.@graph[0].email,current contact; unchanged
email,805@805shutters.com,https://www.805shutters.com/shutters/westlake-village/,page text,current contact; unchanged
email,805@805shutters.com,https://www.805shutters.com/shutters/wood-shutters-camarillo/,JSON-LD[0] $.@graph[0].contactPoint.email,current contact; unchanged
email,805@805shutters.com,https://www.805shutters.com/shutters/wood-shutters-camarillo/,JSON-LD[0] $.@graph[0].email,current contact; unchanged
email,805@805shutters.com,https://www.805shutters.com/shutters/wood-shutters-camarillo/,page text,current contact; unchanged
email,805@805shutters.com,https://www.805shutters.com/sliding-door-window-treatments-ventura-county/,JSON-LD[0] $.@graph[0].contactPoint.email,current contact; unchanged
email,805@805shutters.com,https://www.805shutters.com/sliding-door-window-treatments-ventura-county/,JSON-LD[0] $.@graph[0].email,current contact; unchanged
email,805@805shutters.com,https://www.805shutters.com/sliding-door-window-treatments-ventura-county/,page text,current contact; unchanged
email,805@805shutters.com,https://www.805shutters.com/thank-you/,JSON-LD[0] $.@graph[0].contactPoint.email,current contact; unchanged
email,805@805shutters.com,https://www.805shutters.com/thank-you/,JSON-LD[0] $.@graph[0].email,current contact; unchanged
email,805@805shutters.com,https://www.805shutters.com/thank-you/,page text,current contact; unchanged
email,805@805shutters.com,https://www.805shutters.com/ventura-county-window-treatments-camarillo-blinds-shades-shutters/,JSON-LD[0] $.@graph[0].contactPoint.email,current contact; unchanged
email,805@805shutters.com,https://www.805shutters.com/ventura-county-window-treatments-camarillo-blinds-shades-shutters/,JSON-LD[0] $.@graph[0].email,current contact; unchanged
email,805@805shutters.com,https://www.805shutters.com/ventura-county-window-treatments-camarillo-blinds-shades-shutters/,page text,current contact; unchanged
email,805@805shutters.com,https://www.805shutters.com/window-coverings/,JSON-LD[0] $.@graph[0].contactPoint.email,current contact; unchanged
email,805@805shutters.com,https://www.805shutters.com/window-coverings/,JSON-LD[0] $.@graph[0].email,current contact; unchanged
email,805@805shutters.com,https://www.805shutters.com/window-coverings/,page text,current contact; unchanged
email,805@805shutters.com,https://www.805shutters.com/window-coverings/camarillo-ca/,JSON-LD[0] $.@graph[0].contactPoint.email,current contact; unchanged
email,805@805shutters.com,https://www.805shutters.com/window-coverings/camarillo-ca/,JSON-LD[0] $.@graph[0].email,current contact; unchanged
email,805@805shutters.com,https://www.805shutters.com/window-coverings/camarillo-ca/,page text,current contact; unchanged
email,805@805shutters.com,https://www.805shutters.com/window-coverings/fillmore-ca/,JSON-LD[0] $.@graph[0].contactPoint.email,current contact; unchanged
email,805@805shutters.com,https://www.805shutters.com/window-coverings/fillmore-ca/,JSON-LD[0] $.@graph[0].email,current contact; unchanged
email,805@805shutters.com,https://www.805shutters.com/window-coverings/fillmore-ca/,page text,current contact; unchanged
email,805@805shutters.com,https://www.805shutters.com/window-coverings/moorpark-ca/,JSON-LD[0] $.@graph[0].contactPoint.email,current contact; unchanged
email,805@805shutters.com,https://www.805shutters.com/window-coverings/moorpark-ca/,JSON-LD[0] $.@graph[0].email,current contact; unchanged
email,805@805shutters.com,https://www.805shutters.com/window-coverings/moorpark-ca/,page text,current contact; unchanged
email,805@805shutters.com,https://www.805shutters.com/window-coverings/newbury-park-ca/,JSON-LD[0] $.@graph[0].contactPoint.email,current contact; unchanged
email,805@805shutters.com,https://www.805shutters.com/window-coverings/newbury-park-ca/,JSON-LD[0] $.@graph[0].email,current contact; unchanged
email,805@805shutters.com,https://www.805shutters.com/window-coverings/newbury-park-ca/,page text,current contact; unchanged
email,805@805shutters.com,https://www.805shutters.com/window-coverings/oak-park-ca/,JSON-LD[0] $.@graph[0].contactPoint.email,current contact; unchanged
email,805@805shutters.com,https://www.805shutters.com/window-coverings/oak-park-ca/,JSON-LD[0] $.@graph[0].email,current contact; unchanged
email,805@805shutters.com,https://www.805shutters.com/window-coverings/oak-park-ca/,page text,current contact; unchanged
email,805@805shutters.com,https://www.805shutters.com/window-coverings/ojai-ca/,JSON-LD[0] $.@graph[0].contactPoint.email,current contact; unchanged
email,805@805shutters.com,https://www.805shutters.com/window-coverings/ojai-ca/,JSON-LD[0] $.@graph[0].email,current contact; unchanged
email,805@805shutters.com,https://www.805shutters.com/window-coverings/ojai-ca/,page text,current contact; unchanged
email,805@805shutters.com,https://www.805shutters.com/window-coverings/oxnard-ca/,JSON-LD[0] $.@graph[0].contactPoint.email,current contact; unchanged
email,805@805shutters.com,https://www.805shutters.com/window-coverings/oxnard-ca/,JSON-LD[0] $.@graph[0].email,current contact; unchanged
email,805@805shutters.com,https://www.805shutters.com/window-coverings/oxnard-ca/,page text,current contact; unchanged
email,805@805shutters.com,https://www.805shutters.com/window-coverings/port-hueneme-ca/,JSON-LD[0] $.@graph[0].contactPoint.email,current contact; unchanged
email,805@805shutters.com,https://www.805shutters.com/window-coverings/port-hueneme-ca/,JSON-LD[0] $.@graph[0].email,current contact; unchanged
email,805@805shutters.com,https://www.805shutters.com/window-coverings/port-hueneme-ca/,page text,current contact; unchanged
email,805@805shutters.com,https://www.805shutters.com/window-coverings/santa-clarita-ca/,JSON-LD[0] $.@graph[0].contactPoint.email,current contact; unchanged
email,805@805shutters.com,https://www.805shutters.com/window-coverings/santa-clarita-ca/,JSON-LD[0] $.@graph[0].email,current contact; unchanged
email,805@805shutters.com,https://www.805shutters.com/window-coverings/santa-clarita-ca/,page text,current contact; unchanged
email,805@805shutters.com,https://www.805shutters.com/window-coverings/santa-paula-ca/,JSON-LD[0] $.@graph[0].contactPoint.email,current contact; unchanged
email,805@805shutters.com,https://www.805shutters.com/window-coverings/santa-paula-ca/,JSON-LD[0] $.@graph[0].email,current contact; unchanged
email,805@805shutters.com,https://www.805shutters.com/window-coverings/santa-paula-ca/,page text,current contact; unchanged
email,805@805shutters.com,https://www.805shutters.com/window-coverings/santa-rosa-valley-ca/,JSON-LD[0] $.@graph[0].contactPoint.email,current contact; unchanged
email,805@805shutters.com,https://www.805shutters.com/window-coverings/santa-rosa-valley-ca/,JSON-LD[0] $.@graph[0].email,current contact; unchanged
email,805@805shutters.com,https://www.805shutters.com/window-coverings/santa-rosa-valley-ca/,page text,current contact; unchanged
email,805@805shutters.com,https://www.805shutters.com/window-coverings/simi-valley-ca/,JSON-LD[0] $.@graph[0].contactPoint.email,current contact; unchanged
email,805@805shutters.com,https://www.805shutters.com/window-coverings/simi-valley-ca/,JSON-LD[0] $.@graph[0].email,current contact; unchanged
email,805@805shutters.com,https://www.805shutters.com/window-coverings/simi-valley-ca/,page text,current contact; unchanged
email,805@805shutters.com,https://www.805shutters.com/window-coverings/thousand-oaks-ca/,JSON-LD[0] $.@graph[0].contactPoint.email,current contact; unchanged
email,805@805shutters.com,https://www.805shutters.com/window-coverings/thousand-oaks-ca/,JSON-LD[0] $.@graph[0].email,current contact; unchanged
email,805@805shutters.com,https://www.805shutters.com/window-coverings/thousand-oaks-ca/,page text,current contact; unchanged
email,805@805shutters.com,https://www.805shutters.com/window-coverings/ventura-ca/,JSON-LD[0] $.@graph[0].contactPoint.email,current contact; unchanged
email,805@805shutters.com,https://www.805shutters.com/window-coverings/ventura-ca/,JSON-LD[0] $.@graph[0].email,current contact; unchanged
email,805@805shutters.com,https://www.805shutters.com/window-coverings/ventura-ca/,page text,current contact; unchanged
email,805@805shutters.com,https://www.805shutters.com/window-coverings/westlake-village-ca/,JSON-LD[0] $.@graph[0].contactPoint.email,current contact; unchanged
email,805@805shutters.com,https://www.805shutters.com/window-coverings/westlake-village-ca/,JSON-LD[0] $.@graph[0].email,current contact; unchanged
email,805@805shutters.com,https://www.805shutters.com/window-coverings/westlake-village-ca/,page text,current contact; unchanged
email,805@805shutters.com,https://www.805shutters.com/window-shades-near-me-ventura-county/,JSON-LD[0] $.@graph[0].contactPoint.email,current contact; unchanged
email,805@805shutters.com,https://www.805shutters.com/window-shades-near-me-ventura-county/,JSON-LD[0] $.@graph[0].email,current contact; unchanged
email,805@805shutters.com,https://www.805shutters.com/window-shades-near-me-ventura-county/,page text,current contact; unchanged
email,805@805shutters.com,https://www.805shutters.com/window-treatment-company-near-me-ventura-county/,JSON-LD[0] $.@graph[0].contactPoint.email,current contact; unchanged
email,805@805shutters.com,https://www.805shutters.com/window-treatment-company-near-me-ventura-county/,JSON-LD[0] $.@graph[0].email,current contact; unchanged
email,805@805shutters.com,https://www.805shutters.com/window-treatment-company-near-me-ventura-county/,page text,current contact; unchanged
email,805@805shutters.com,https://www.805shutters.com/window-treatment-comparison-guide/,JSON-LD[0] $.@graph[0].contactPoint.email,current contact; unchanged
email,805@805shutters.com,https://www.805shutters.com/window-treatment-comparison-guide/,JSON-LD[0] $.@graph[0].email,current contact; unchanged
email,805@805shutters.com,https://www.805shutters.com/window-treatment-comparison-guide/,page text,current contact; unchanged
email,805@805shutters.com,https://www.805shutters.com/window-treatment-cost-guide-ventura-county/,JSON-LD[0] $.@graph[0].contactPoint.email,current contact; unchanged
email,805@805shutters.com,https://www.805shutters.com/window-treatment-cost-guide-ventura-county/,JSON-LD[0] $.@graph[0].email,current contact; unchanged
email,805@805shutters.com,https://www.805shutters.com/window-treatment-cost-guide-ventura-county/,page text,current contact; unchanged
email,805@805shutters.com,https://www.805shutters.com/window-treatment-installation-timeline-ventura-county/,JSON-LD[0] $.@graph[0].contactPoint.email,current contact; unchanged
email,805@805shutters.com,https://www.805shutters.com/window-treatment-installation-timeline-ventura-county/,JSON-LD[0] $.@graph[0].email,current contact; unchanged
email,805@805shutters.com,https://www.805shutters.com/window-treatment-installation-timeline-ventura-county/,page text,current contact; unchanged
email,805@805shutters.com,https://www.805shutters.com/window-treatments/,JSON-LD[0] $.@graph[0].contactPoint.email,current contact; unchanged
email,805@805shutters.com,https://www.805shutters.com/window-treatments/,JSON-LD[0] $.@graph[0].email,current contact; unchanged
email,805@805shutters.com,https://www.805shutters.com/window-treatments/,page text,current contact; unchanged
email,805@805shutters.com,https://www.805shutters.com/window-treatments/camarillo-ca/,JSON-LD[0] $.@graph[0].contactPoint.email,current contact; unchanged
email,805@805shutters.com,https://www.805shutters.com/window-treatments/camarillo-ca/,JSON-LD[0] $.@graph[0].email,current contact; unchanged
email,805@805shutters.com,https://www.805shutters.com/window-treatments/camarillo-ca/,page text,current contact; unchanged
email,805@805shutters.com,https://www.805shutters.com/window-treatments/camarillo/,JSON-LD[0] $.@graph[0].contactPoint.email,current contact; unchanged
email,805@805shutters.com,https://www.805shutters.com/window-treatments/camarillo/,JSON-LD[0] $.@graph[0].email,current contact; unchanged
email,805@805shutters.com,https://www.805shutters.com/window-treatments/camarillo/,page text,current contact; unchanged
email,805@805shutters.com,https://www.805shutters.com/window-treatments/fillmore-ca/,JSON-LD[0] $.@graph[0].contactPoint.email,current contact; unchanged
email,805@805shutters.com,https://www.805shutters.com/window-treatments/fillmore-ca/,JSON-LD[0] $.@graph[0].email,current contact; unchanged
email,805@805shutters.com,https://www.805shutters.com/window-treatments/fillmore-ca/,page text,current contact; unchanged
email,805@805shutters.com,https://www.805shutters.com/window-treatments/moorpark-ca/,JSON-LD[0] $.@graph[0].contactPoint.email,current contact; unchanged
email,805@805shutters.com,https://www.805shutters.com/window-treatments/moorpark-ca/,JSON-LD[0] $.@graph[0].email,current contact; unchanged
email,805@805shutters.com,https://www.805shutters.com/window-treatments/moorpark-ca/,page text,current contact; unchanged
email,805@805shutters.com,https://www.805shutters.com/window-treatments/newbury-park-ca/,JSON-LD[0] $.@graph[0].contactPoint.email,current contact; unchanged
email,805@805shutters.com,https://www.805shutters.com/window-treatments/newbury-park-ca/,JSON-LD[0] $.@graph[0].email,current contact; unchanged
email,805@805shutters.com,https://www.805shutters.com/window-treatments/newbury-park-ca/,page text,current contact; unchanged
email,805@805shutters.com,https://www.805shutters.com/window-treatments/oak-park-ca/,JSON-LD[0] $.@graph[0].contactPoint.email,current contact; unchanged
email,805@805shutters.com,https://www.805shutters.com/window-treatments/oak-park-ca/,JSON-LD[0] $.@graph[0].email,current contact; unchanged
email,805@805shutters.com,https://www.805shutters.com/window-treatments/oak-park-ca/,page text,current contact; unchanged
email,805@805shutters.com,https://www.805shutters.com/window-treatments/ojai-ca/,JSON-LD[0] $.@graph[0].contactPoint.email,current contact; unchanged
email,805@805shutters.com,https://www.805shutters.com/window-treatments/ojai-ca/,JSON-LD[0] $.@graph[0].email,current contact; unchanged
email,805@805shutters.com,https://www.805shutters.com/window-treatments/ojai-ca/,page text,current contact; unchanged
email,805@805shutters.com,https://www.805shutters.com/window-treatments/oxnard-ca/,JSON-LD[0] $.@graph[0].contactPoint.email,current contact; unchanged
email,805@805shutters.com,https://www.805shutters.com/window-treatments/oxnard-ca/,JSON-LD[0] $.@graph[0].email,current contact; unchanged
email,805@805shutters.com,https://www.805shutters.com/window-treatments/oxnard-ca/,page text,current contact; unchanged
email,805@805shutters.com,https://www.805shutters.com/window-treatments/port-hueneme-ca/,JSON-LD[0] $.@graph[0].contactPoint.email,current contact; unchanged
email,805@805shutters.com,https://www.805shutters.com/window-treatments/port-hueneme-ca/,JSON-LD[0] $.@graph[0].email,current contact; unchanged
email,805@805shutters.com,https://www.805shutters.com/window-treatments/port-hueneme-ca/,page text,current contact; unchanged
email,805@805shutters.com,https://www.805shutters.com/window-treatments/santa-clarita-ca/,JSON-LD[0] $.@graph[0].contactPoint.email,current contact; unchanged
email,805@805shutters.com,https://www.805shutters.com/window-treatments/santa-clarita-ca/,JSON-LD[0] $.@graph[0].email,current contact; unchanged
email,805@805shutters.com,https://www.805shutters.com/window-treatments/santa-clarita-ca/,page text,current contact; unchanged
email,805@805shutters.com,https://www.805shutters.com/window-treatments/santa-paula-ca/,JSON-LD[0] $.@graph[0].contactPoint.email,current contact; unchanged
email,805@805shutters.com,https://www.805shutters.com/window-treatments/santa-paula-ca/,JSON-LD[0] $.@graph[0].email,current contact; unchanged
email,805@805shutters.com,https://www.805shutters.com/window-treatments/santa-paula-ca/,page text,current contact; unchanged
email,805@805shutters.com,https://www.805shutters.com/window-treatments/santa-rosa-valley-ca/,JSON-LD[0] $.@graph[0].contactPoint.email,current contact; unchanged
email,805@805shutters.com,https://www.805shutters.com/window-treatments/santa-rosa-valley-ca/,JSON-LD[0] $.@graph[0].email,current contact; unchanged
email,805@805shutters.com,https://www.805shutters.com/window-treatments/santa-rosa-valley-ca/,page text,current contact; unchanged
email,805@805shutters.com,https://www.805shutters.com/window-treatments/simi-valley-ca/,JSON-LD[0] $.@graph[0].contactPoint.email,current contact; unchanged
email,805@805shutters.com,https://www.805shutters.com/window-treatments/simi-valley-ca/,JSON-LD[0] $.@graph[0].email,current contact; unchanged
email,805@805shutters.com,https://www.805shutters.com/window-treatments/simi-valley-ca/,page text,current contact; unchanged
email,805@805shutters.com,https://www.805shutters.com/window-treatments/thousand-oaks-ca/,JSON-LD[0] $.@graph[0].contactPoint.email,current contact; unchanged
email,805@805shutters.com,https://www.805shutters.com/window-treatments/thousand-oaks-ca/,JSON-LD[0] $.@graph[0].email,current contact; unchanged
email,805@805shutters.com,https://www.805shutters.com/window-treatments/thousand-oaks-ca/,page text,current contact; unchanged
email,805@805shutters.com,https://www.805shutters.com/window-treatments/ventura-ca/,JSON-LD[0] $.@graph[0].contactPoint.email,current contact; unchanged
email,805@805shutters.com,https://www.805shutters.com/window-treatments/ventura-ca/,JSON-LD[0] $.@graph[0].email,current contact; unchanged
email,805@805shutters.com,https://www.805shutters.com/window-treatments/ventura-ca/,page text,current contact; unchanged
email,805@805shutters.com,https://www.805shutters.com/window-treatments/westlake-village-ca/,JSON-LD[0] $.@graph[0].contactPoint.email,current contact; unchanged
email,805@805shutters.com,https://www.805shutters.com/window-treatments/westlake-village-ca/,JSON-LD[0] $.@graph[0].email,current contact; unchanged
email,805@805shutters.com,https://www.805shutters.com/window-treatments/westlake-village-ca/,page text,current contact; unchanged
