source_page,href,first_status,first_location,decision
https://www.805shutters.com/,/financing/,200,,already direct; unchanged
https://www.805shutters.com/,/financing/,200,,already direct; unchanged
https://www.805shutters.com/,/financing/,200,,already direct; unchanged
https://www.805shutters.com/,/financing/,200,,already direct; unchanged
https://www.805shutters.com/shutters/,/financing/,200,,already direct; unchanged
https://www.805shutters.com/shutters/,/financing/,200,,already direct; unchanged
https://www.805shutters.com/shutters/,/financing/,200,,already direct; unchanged
https://www.805shutters.com/shades/,/financing/,200,,already direct; unchanged
https://www.805shutters.com/shades/,/financing/,200,,already direct; unchanged
https://www.805shutters.com/shades/,/financing/,200,,already direct; unchanged
https://www.805shutters.com/blinds/,/financing/,200,,already direct; unchanged
https://www.805shutters.com/blinds/,/financing/,200,,already direct; unchanged
https://www.805shutters.com/blinds/,/financing/,200,,already direct; unchanged
https://www.805shutters.com/drapery/,/financing/,200,,already direct; unchanged
https://www.805shutters.com/drapery/,/financing/,200,,already direct; unchanged
https://www.805shutters.com/drapery/,/financing/,200,,already direct; unchanged
https://www.805shutters.com/exterior-shades/,/financing/,200,,already direct; unchanged
https://www.805shutters.com/exterior-shades/,/financing/,200,,already direct; unchanged
https://www.805shutters.com/exterior-shades/,/financing/,200,,already direct; unchanged
https://www.805shutters.com/window-treatments/,/financing/,200,,already direct; unchanged
https://www.805shutters.com/window-treatments/,/financing/,200,,already direct; unchanged
https://www.805shutters.com/window-treatments/,/financing/,200,,already direct; unchanged
https://www.805shutters.com/window-coverings/,/financing/,200,,already direct; unchanged
https://www.805shutters.com/window-coverings/,/financing/,200,,already direct; unchanged
https://www.805shutters.com/window-coverings/,/financing/,200,,already direct; unchanged
https://www.805shutters.com/commercial-window-coverings/,/financing/,200,,already direct; unchanged
https://www.805shutters.com/commercial-window-coverings/,/financing/,200,,already direct; unchanged
https://www.805shutters.com/commercial-window-coverings/,/financing/,200,,already direct; unchanged
https://www.805shutters.com/commercial-roller-shades/,/financing/,200,,already direct; unchanged
https://www.805shutters.com/commercial-roller-shades/,/financing/,200,,already direct; unchanged
https://www.805shutters.com/commercial-roller-shades/,/financing/,200,,already direct; unchanged
https://www.805shutters.com/about/,/financing/,200,,already direct; unchanged
https://www.805shutters.com/about/,/financing/,200,,already direct; unchanged
https://www.805shutters.com/about/,/financing/,200,,already direct; unchanged
https://www.805shutters.com/contact/,/financing/,200,,already direct; unchanged
https://www.805shutters.com/contact/,/financing/,200,,already direct; unchanged
https://www.805shutters.com/contact/,/financing/,200,,already direct; unchanged
https://www.805shutters.com/free-window-treatment-consultation/,/financing/,200,,already direct; unchanged
https://www.805shutters.com/free-window-treatment-consultation/,/financing/,200,,already direct; unchanged
https://www.805shutters.com/free-window-treatment-consultation/,/financing/,200,,already direct; unchanged
https://www.805shutters.com/financing/,/financing/,200,,already direct; unchanged
https://www.805shutters.com/financing/,/financing/,200,,already direct; unchanged
https://www.805shutters.com/financing/,/financing/,200,,already direct; unchanged
https://www.805shutters.com/faq/,/financing/,200,,already direct; unchanged
https://www.805shutters.com/faq/,/financing/,200,,already direct; unchanged
https://www.805shutters.com/faq/,/financing/,200,,already direct; unchanged
https://www.805shutters.com/faq/,/financing/,200,,already direct; unchanged
https://www.805shutters.com/gallery/,/financing/,200,,already direct; unchanged
https://www.805shutters.com/gallery/,/financing/,200,,already direct; unchanged
https://www.805shutters.com/gallery/,/financing/,200,,already direct; unchanged
https://www.805shutters.com/reviews/,/financing/,200,,already direct; unchanged
https://www.805shutters.com/reviews/,/financing/,200,,already direct; unchanged
https://www.805shutters.com/reviews/,/financing/,200,,already direct; unchanged
https://www.805shutters.com/recent-projects/,/financing/,200,,already direct; unchanged
https://www.805shutters.com/recent-projects/,/financing/,200,,already direct; unchanged
https://www.805shutters.com/recent-projects/,/financing/,200,,already direct; unchanged
https://www.805shutters.com/shutters/camarillo/,/financing/,200,,already direct; unchanged
https://www.805shutters.com/shutters/camarillo/,/financing/,200,,already direct; unchanged
https://www.805shutters.com/shutters/camarillo/,/financing/,200,,already direct; unchanged
https://www.805shutters.com/shades/camarillo-ca/,/financing/,200,,already direct; unchanged
https://www.805shutters.com/shades/camarillo-ca/,/financing/,200,,already direct; unchanged
https://www.805shutters.com/shades/camarillo-ca/,/financing/,200,,already direct; unchanged
https://www.805shutters.com/blinds/camarillo-ca/,/financing/,200,,already direct; unchanged
https://www.805shutters.com/blinds/camarillo-ca/,/financing/,200,,already direct; unchanged
https://www.805shutters.com/blinds/camarillo-ca/,/financing/,200,,already direct; unchanged
https://www.805shutters.com/drapery/camarillo-ca/,/financing/,200,,already direct; unchanged
https://www.805shutters.com/drapery/camarillo-ca/,/financing/,200,,already direct; unchanged
https://www.805shutters.com/drapery/camarillo-ca/,/financing/,200,,already direct; unchanged
https://www.805shutters.com/window-coverings/camarillo-ca/,/financing/,200,,already direct; unchanged
https://www.805shutters.com/window-coverings/camarillo-ca/,/financing/,200,,already direct; unchanged
https://www.805shutters.com/window-coverings/camarillo-ca/,/financing/,200,,already direct; unchanged
https://www.805shutters.com/window-treatments/camarillo-ca/,/financing/,200,,already direct; unchanged
https://www.805shutters.com/window-treatments/camarillo-ca/,/financing/,200,,already direct; unchanged
https://www.805shutters.com/window-treatments/camarillo-ca/,/financing/,200,,already direct; unchanged
https://www.805shutters.com/shutters/fillmore/,/financing/,200,,already direct; unchanged
https://www.805shutters.com/shutters/fillmore/,/financing/,200,,already direct; unchanged
https://www.805shutters.com/shutters/fillmore/,/financing/,200,,already direct; unchanged
https://www.805shutters.com/shades/fillmore-ca/,/financing/,200,,already direct; unchanged
https://www.805shutters.com/shades/fillmore-ca/,/financing/,200,,already direct; unchanged
https://www.805shutters.com/shades/fillmore-ca/,/financing/,200,,already direct; unchanged
https://www.805shutters.com/blinds/fillmore-ca/,/financing/,200,,already direct; unchanged
https://www.805shutters.com/blinds/fillmore-ca/,/financing/,200,,already direct; unchanged
https://www.805shutters.com/blinds/fillmore-ca/,/financing/,200,,already direct; unchanged
https://www.805shutters.com/drapery/fillmore-ca/,/financing/,200,,already direct; unchanged
https://www.805shutters.com/drapery/fillmore-ca/,/financing/,200,,already direct; unchanged
https://www.805shutters.com/drapery/fillmore-ca/,/financing/,200,,already direct; unchanged
https://www.805shutters.com/window-coverings/fillmore-ca/,/financing/,200,,already direct; unchanged
https://www.805shutters.com/window-coverings/fillmore-ca/,/financing/,200,,already direct; unchanged
https://www.805shutters.com/window-coverings/fillmore-ca/,/financing/,200,,already direct; unchanged
https://www.805shutters.com/window-treatments/fillmore-ca/,/financing/,200,,already direct; unchanged
https://www.805shutters.com/window-treatments/fillmore-ca/,/financing/,200,,already direct; unchanged
https://www.805shutters.com/window-treatments/fillmore-ca/,/financing/,200,,already direct; unchanged
https://www.805shutters.com/shutters/moorpark/,/financing/,200,,already direct; unchanged
https://www.805shutters.com/shutters/moorpark/,/financing/,200,,already direct; unchanged
https://www.805shutters.com/shutters/moorpark/,/financing/,200,,already direct; unchanged
https://www.805shutters.com/shades/moorpark-ca/,/financing/,200,,already direct; unchanged
https://www.805shutters.com/shades/moorpark-ca/,/financing/,200,,already direct; unchanged
https://www.805shutters.com/shades/moorpark-ca/,/financing/,200,,already direct; unchanged
https://www.805shutters.com/blinds/moorpark-ca/,/financing/,200,,already direct; unchanged
https://www.805shutters.com/blinds/moorpark-ca/,/financing/,200,,already direct; unchanged
https://www.805shutters.com/blinds/moorpark-ca/,/financing/,200,,already direct; unchanged
https://www.805shutters.com/drapery/moorpark-ca/,/financing/,200,,already direct; unchanged
https://www.805shutters.com/drapery/moorpark-ca/,/financing/,200,,already direct; unchanged
https://www.805shutters.com/drapery/moorpark-ca/,/financing/,200,,already direct; unchanged
https://www.805shutters.com/window-coverings/moorpark-ca/,/financing/,200,,already direct; unchanged
https://www.805shutters.com/window-coverings/moorpark-ca/,/financing/,200,,already direct; unchanged
https://www.805shutters.com/window-coverings/moorpark-ca/,/financing/,200,,already direct; unchanged
https://www.805shutters.com/window-treatments/moorpark-ca/,/financing/,200,,already direct; unchanged
https://www.805shutters.com/window-treatments/moorpark-ca/,/financing/,200,,already direct; unchanged
https://www.805shutters.com/window-treatments/moorpark-ca/,/financing/,200,,already direct; unchanged
https://www.805shutters.com/shutters/newbury-park/,/financing/,200,,already direct; unchanged
https://www.805shutters.com/shutters/newbury-park/,/financing/,200,,already direct; unchanged
https://www.805shutters.com/shutters/newbury-park/,/financing/,200,,already direct; unchanged
https://www.805shutters.com/shades/newbury-park-ca/,/financing/,200,,already direct; unchanged
https://www.805shutters.com/shades/newbury-park-ca/,/financing/,200,,already direct; unchanged
https://www.805shutters.com/shades/newbury-park-ca/,/financing/,200,,already direct; unchanged
https://www.805shutters.com/blinds/newbury-park-ca/,/financing/,200,,already direct; unchanged
https://www.805shutters.com/blinds/newbury-park-ca/,/financing/,200,,already direct; unchanged
https://www.805shutters.com/blinds/newbury-park-ca/,/financing/,200,,already direct; unchanged
https://www.805shutters.com/drapery/newbury-park-ca/,/financing/,200,,already direct; unchanged
https://www.805shutters.com/drapery/newbury-park-ca/,/financing/,200,,already direct; unchanged
https://www.805shutters.com/drapery/newbury-park-ca/,/financing/,200,,already direct; unchanged
https://www.805shutters.com/window-coverings/newbury-park-ca/,/financing/,200,,already direct; unchanged
https://www.805shutters.com/window-coverings/newbury-park-ca/,/financing/,200,,already direct; unchanged
https://www.805shutters.com/window-coverings/newbury-park-ca/,/financing/,200,,already direct; unchanged
https://www.805shutters.com/window-treatments/newbury-park-ca/,/financing/,200,,already direct; unchanged
https://www.805shutters.com/window-treatments/newbury-park-ca/,/financing/,200,,already direct; unchanged
https://www.805shutters.com/window-treatments/newbury-park-ca/,/financing/,200,,already direct; unchanged
https://www.805shutters.com/shutters/oak-park/,/financing/,200,,already direct; unchanged
https://www.805shutters.com/shutters/oak-park/,/financing/,200,,already direct; unchanged
https://www.805shutters.com/shutters/oak-park/,/financing/,200,,already direct; unchanged
https://www.805shutters.com/shades/oak-park-ca/,/financing/,200,,already direct; unchanged
https://www.805shutters.com/shades/oak-park-ca/,/financing/,200,,already direct; unchanged
https://www.805shutters.com/shades/oak-park-ca/,/financing/,200,,already direct; unchanged
https://www.805shutters.com/blinds/oak-park-ca/,/financing/,200,,already direct; unchanged
https://www.805shutters.com/blinds/oak-park-ca/,/financing/,200,,already direct; unchanged
https://www.805shutters.com/blinds/oak-park-ca/,/financing/,200,,already direct; unchanged
https://www.805shutters.com/drapery/oak-park-ca/,/financing/,200,,already direct; unchanged
https://www.805shutters.com/drapery/oak-park-ca/,/financing/,200,,already direct; unchanged
https://www.805shutters.com/drapery/oak-park-ca/,/financing/,200,,already direct; unchanged
https://www.805shutters.com/window-coverings/oak-park-ca/,/financing/,200,,already direct; unchanged
https://www.805shutters.com/window-coverings/oak-park-ca/,/financing/,200,,already direct; unchanged
https://www.805shutters.com/window-coverings/oak-park-ca/,/financing/,200,,already direct; unchanged
https://www.805shutters.com/window-treatments/oak-park-ca/,/financing/,200,,already direct; unchanged
https://www.805shutters.com/window-treatments/oak-park-ca/,/financing/,200,,already direct; unchanged
https://www.805shutters.com/window-treatments/oak-park-ca/,/financing/,200,,already direct; unchanged
https://www.805shutters.com/shutters/ojai/,/financing/,200,,already direct; unchanged
https://www.805shutters.com/shutters/ojai/,/financing/,200,,already direct; unchanged
https://www.805shutters.com/shutters/ojai/,/financing/,200,,already direct; unchanged
https://www.805shutters.com/shades/ojai-ca/,/financing/,200,,already direct; unchanged
https://www.805shutters.com/shades/ojai-ca/,/financing/,200,,already direct; unchanged
https://www.805shutters.com/shades/ojai-ca/,/financing/,200,,already direct; unchanged
https://www.805shutters.com/blinds/ojai-ca/,/financing/,200,,already direct; unchanged
https://www.805shutters.com/blinds/ojai-ca/,/financing/,200,,already direct; unchanged
https://www.805shutters.com/blinds/ojai-ca/,/financing/,200,,already direct; unchanged
https://www.805shutters.com/drapery/ojai-ca/,/financing/,200,,already direct; unchanged
https://www.805shutters.com/drapery/ojai-ca/,/financing/,200,,already direct; unchanged
https://www.805shutters.com/drapery/ojai-ca/,/financing/,200,,already direct; unchanged
https://www.805shutters.com/window-coverings/ojai-ca/,/financing/,200,,already direct; unchanged
https://www.805shutters.com/window-coverings/ojai-ca/,/financing/,200,,already direct; unchanged
https://www.805shutters.com/window-coverings/ojai-ca/,/financing/,200,,already direct; unchanged
https://www.805shutters.com/window-treatments/ojai-ca/,/financing/,200,,already direct; unchanged
https://www.805shutters.com/window-treatments/ojai-ca/,/financing/,200,,already direct; unchanged
https://www.805shutters.com/window-treatments/ojai-ca/,/financing/,200,,already direct; unchanged
https://www.805shutters.com/shutters/oxnard/,/financing/,200,,already direct; unchanged
https://www.805shutters.com/shutters/oxnard/,/financing/,200,,already direct; unchanged
https://www.805shutters.com/shutters/oxnard/,/financing/,200,,already direct; unchanged
https://www.805shutters.com/shades/oxnard-ca/,/financing/,200,,already direct; unchanged
https://www.805shutters.com/shades/oxnard-ca/,/financing/,200,,already direct; unchanged
https://www.805shutters.com/shades/oxnard-ca/,/financing/,200,,already direct; unchanged
https://www.805shutters.com/blinds/oxnard-ca/,/financing/,200,,already direct; unchanged
https://www.805shutters.com/blinds/oxnard-ca/,/financing/,200,,already direct; unchanged
https://www.805shutters.com/blinds/oxnard-ca/,/financing/,200,,already direct; unchanged
https://www.805shutters.com/drapery/oxnard-ca/,/financing/,200,,already direct; unchanged
https://www.805shutters.com/drapery/oxnard-ca/,/financing/,200,,already direct; unchanged
https://www.805shutters.com/drapery/oxnard-ca/,/financing/,200,,already direct; unchanged
https://www.805shutters.com/window-coverings/oxnard-ca/,/financing/,200,,already direct; unchanged
https://www.805shutters.com/window-coverings/oxnard-ca/,/financing/,200,,already direct; unchanged
https://www.805shutters.com/window-coverings/oxnard-ca/,/financing/,200,,already direct; unchanged
https://www.805shutters.com/window-treatments/oxnard-ca/,/financing/,200,,already direct; unchanged
https://www.805shutters.com/window-treatments/oxnard-ca/,/financing/,200,,already direct; unchanged
https://www.805shutters.com/window-treatments/oxnard-ca/,/financing/,200,,already direct; unchanged
https://www.805shutters.com/shutters/port-hueneme/,/financing/,200,,already direct; unchanged
https://www.805shutters.com/shutters/port-hueneme/,/financing/,200,,already direct; unchanged
https://www.805shutters.com/shutters/port-hueneme/,/financing/,200,,already direct; unchanged
https://www.805shutters.com/shades/port-hueneme-ca/,/financing/,200,,already direct; unchanged
https://www.805shutters.com/shades/port-hueneme-ca/,/financing/,200,,already direct; unchanged
https://www.805shutters.com/shades/port-hueneme-ca/,/financing/,200,,already direct; unchanged
https://www.805shutters.com/blinds/port-hueneme-ca/,/financing/,200,,already direct; unchanged
https://www.805shutters.com/blinds/port-hueneme-ca/,/financing/,200,,already direct; unchanged
https://www.805shutters.com/blinds/port-hueneme-ca/,/financing/,200,,already direct; unchanged
https://www.805shutters.com/drapery/port-hueneme-ca/,/financing/,200,,already direct; unchanged
https://www.805shutters.com/drapery/port-hueneme-ca/,/financing/,200,,already direct; unchanged
https://www.805shutters.com/drapery/port-hueneme-ca/,/financing/,200,,already direct; unchanged
https://www.805shutters.com/window-coverings/port-hueneme-ca/,/financing/,200,,already direct; unchanged
https://www.805shutters.com/window-coverings/port-hueneme-ca/,/financing/,200,,already direct; unchanged
https://www.805shutters.com/window-coverings/port-hueneme-ca/,/financing/,200,,already direct; unchanged
https://www.805shutters.com/window-treatments/port-hueneme-ca/,/financing/,200,,already direct; unchanged
https://www.805shutters.com/window-treatments/port-hueneme-ca/,/financing/,200,,already direct; unchanged
https://www.805shutters.com/window-treatments/port-hueneme-ca/,/financing/,200,,already direct; unchanged
https://www.805shutters.com/shutters/santa-paula/,/financing/,200,,already direct; unchanged
https://www.805shutters.com/shutters/santa-paula/,/financing/,200,,already direct; unchanged
https://www.805shutters.com/shutters/santa-paula/,/financing/,200,,already direct; unchanged
https://www.805shutters.com/shades/santa-paula-ca/,/financing/,200,,already direct; unchanged
https://www.805shutters.com/shades/santa-paula-ca/,/financing/,200,,already direct; unchanged
https://www.805shutters.com/shades/santa-paula-ca/,/financing/,200,,already direct; unchanged
https://www.805shutters.com/blinds/santa-paula-ca/,/financing/,200,,already direct; unchanged
https://www.805shutters.com/blinds/santa-paula-ca/,/financing/,200,,already direct; unchanged
https://www.805shutters.com/blinds/santa-paula-ca/,/financing/,200,,already direct; unchanged
https://www.805shutters.com/drapery/santa-paula-ca/,/financing/,200,,already direct; unchanged
https://www.805shutters.com/drapery/santa-paula-ca/,/financing/,200,,already direct; unchanged
https://www.805shutters.com/drapery/santa-paula-ca/,/financing/,200,,already direct; unchanged
https://www.805shutters.com/window-coverings/santa-paula-ca/,/financing/,200,,already direct; unchanged
https://www.805shutters.com/window-coverings/santa-paula-ca/,/financing/,200,,already direct; unchanged
https://www.805shutters.com/window-coverings/santa-paula-ca/,/financing/,200,,already direct; unchanged
https://www.805shutters.com/window-treatments/santa-paula-ca/,/financing/,200,,already direct; unchanged
https://www.805shutters.com/window-treatments/santa-paula-ca/,/financing/,200,,already direct; unchanged
https://www.805shutters.com/window-treatments/santa-paula-ca/,/financing/,200,,already direct; unchanged
https://www.805shutters.com/shutters/santa-clarita/,/financing/,200,,already direct; unchanged
https://www.805shutters.com/shutters/santa-clarita/,/financing/,200,,already direct; unchanged
https://www.805shutters.com/shutters/santa-clarita/,/financing/,200,,already direct; unchanged
https://www.805shutters.com/shades/santa-clarita-ca/,/financing/,200,,already direct; unchanged
https://www.805shutters.com/shades/santa-clarita-ca/,/financing/,200,,already direct; unchanged
https://www.805shutters.com/shades/santa-clarita-ca/,/financing/,200,,already direct; unchanged
https://www.805shutters.com/blinds/santa-clarita-ca/,/financing/,200,,already direct; unchanged
https://www.805shutters.com/blinds/santa-clarita-ca/,/financing/,200,,already direct; unchanged
https://www.805shutters.com/blinds/santa-clarita-ca/,/financing/,200,,already direct; unchanged
https://www.805shutters.com/drapery/santa-clarita-ca/,/financing/,200,,already direct; unchanged
https://www.805shutters.com/drapery/santa-clarita-ca/,/financing/,200,,already direct; unchanged
https://www.805shutters.com/drapery/santa-clarita-ca/,/financing/,200,,already direct; unchanged
https://www.805shutters.com/window-coverings/santa-clarita-ca/,/financing/,200,,already direct; unchanged
https://www.805shutters.com/window-coverings/santa-clarita-ca/,/financing/,200,,already direct; unchanged
https://www.805shutters.com/window-coverings/santa-clarita-ca/,/financing/,200,,already direct; unchanged
https://www.805shutters.com/window-treatments/santa-clarita-ca/,/financing/,200,,already direct; unchanged
https://www.805shutters.com/window-treatments/santa-clarita-ca/,/financing/,200,,already direct; unchanged
https://www.805shutters.com/window-treatments/santa-clarita-ca/,/financing/,200,,already direct; unchanged
https://www.805shutters.com/shutters/santa-rosa-valley/,/financing/,200,,already direct; unchanged
https://www.805shutters.com/shutters/santa-rosa-valley/,/financing/,200,,already direct; unchanged
https://www.805shutters.com/shutters/santa-rosa-valley/,/financing/,200,,already direct; unchanged
https://www.805shutters.com/shades/santa-rosa-valley-ca/,/financing/,200,,already direct; unchanged
https://www.805shutters.com/shades/santa-rosa-valley-ca/,/financing/,200,,already direct; unchanged
https://www.805shutters.com/shades/santa-rosa-valley-ca/,/financing/,200,,already direct; unchanged
https://www.805shutters.com/blinds/santa-rosa-valley-ca/,/financing/,200,,already direct; unchanged
https://www.805shutters.com/blinds/santa-rosa-valley-ca/,/financing/,200,,already direct; unchanged
https://www.805shutters.com/blinds/santa-rosa-valley-ca/,/financing/,200,,already direct; unchanged
https://www.805shutters.com/drapery/santa-rosa-valley-ca/,/financing/,200,,already direct; unchanged
https://www.805shutters.com/drapery/santa-rosa-valley-ca/,/financing/,200,,already direct; unchanged
https://www.805shutters.com/drapery/santa-rosa-valley-ca/,/financing/,200,,already direct; unchanged
https://www.805shutters.com/window-coverings/santa-rosa-valley-ca/,/financing/,200,,already direct; unchanged
https://www.805shutters.com/window-coverings/santa-rosa-valley-ca/,/financing/,200,,already direct; unchanged
https://www.805shutters.com/window-coverings/santa-rosa-valley-ca/,/financing/,200,,already direct; unchanged
https://www.805shutters.com/window-treatments/santa-rosa-valley-ca/,/financing/,200,,already direct; unchanged
https://www.805shutters.com/window-treatments/santa-rosa-valley-ca/,/financing/,200,,already direct; unchanged
https://www.805shutters.com/window-treatments/santa-rosa-valley-ca/,/financing/,200,,already direct; unchanged
https://www.805shutters.com/shutters/simi-valley/,/financing/,200,,already direct; unchanged
https://www.805shutters.com/shutters/simi-valley/,/financing/,200,,already direct; unchanged
https://www.805shutters.com/shutters/simi-valley/,/financing/,200,,already direct; unchanged
https://www.805shutters.com/shades/simi-valley-ca/,/financing/,200,,already direct; unchanged
https://www.805shutters.com/shades/simi-valley-ca/,/financing/,200,,already direct; unchanged
https://www.805shutters.com/shades/simi-valley-ca/,/financing/,200,,already direct; unchanged
https://www.805shutters.com/blinds/simi-valley-ca/,/financing/,200,,already direct; unchanged
https://www.805shutters.com/blinds/simi-valley-ca/,/financing/,200,,already direct; unchanged
https://www.805shutters.com/blinds/simi-valley-ca/,/financing/,200,,already direct; unchanged
https://www.805shutters.com/drapery/simi-valley-ca/,/financing/,200,,already direct; unchanged
https://www.805shutters.com/drapery/simi-valley-ca/,/financing/,200,,already direct; unchanged
https://www.805shutters.com/drapery/simi-valley-ca/,/financing/,200,,already direct; unchanged
https://www.805shutters.com/window-coverings/simi-valley-ca/,/financing/,200,,already direct; unchanged
https://www.805shutters.com/window-coverings/simi-valley-ca/,/financing/,200,,already direct; unchanged
https://www.805shutters.com/window-coverings/simi-valley-ca/,/financing/,200,,already direct; unchanged
https://www.805shutters.com/window-treatments/simi-valley-ca/,/financing/,200,,already direct; unchanged
https://www.805shutters.com/window-treatments/simi-valley-ca/,/financing/,200,,already direct; unchanged
https://www.805shutters.com/window-treatments/simi-valley-ca/,/financing/,200,,already direct; unchanged
https://www.805shutters.com/shutters/thousand-oaks/,/financing/,200,,already direct; unchanged
https://www.805shutters.com/shutters/thousand-oaks/,/financing/,200,,already direct; unchanged
https://www.805shutters.com/shutters/thousand-oaks/,/financing/,200,,already direct; unchanged
https://www.805shutters.com/shades/thousand-oaks-ca/,/financing/,200,,already direct; unchanged
https://www.805shutters.com/shades/thousand-oaks-ca/,/financing/,200,,already direct; unchanged
https://www.805shutters.com/shades/thousand-oaks-ca/,/financing/,200,,already direct; unchanged
https://www.805shutters.com/blinds/thousand-oaks-ca/,/financing/,200,,already direct; unchanged
https://www.805shutters.com/blinds/thousand-oaks-ca/,/financing/,200,,already direct; unchanged
https://www.805shutters.com/blinds/thousand-oaks-ca/,/financing/,200,,already direct; unchanged
https://www.805shutters.com/drapery/thousand-oaks-ca/,/financing/,200,,already direct; unchanged
https://www.805shutters.com/drapery/thousand-oaks-ca/,/financing/,200,,already direct; unchanged
https://www.805shutters.com/drapery/thousand-oaks-ca/,/financing/,200,,already direct; unchanged
https://www.805shutters.com/window-coverings/thousand-oaks-ca/,/financing/,200,,already direct; unchanged
https://www.805shutters.com/window-coverings/thousand-oaks-ca/,/financing/,200,,already direct; unchanged
https://www.805shutters.com/window-coverings/thousand-oaks-ca/,/financing/,200,,already direct; unchanged
https://www.805shutters.com/window-treatments/thousand-oaks-ca/,/financing/,200,,already direct; unchanged
https://www.805shutters.com/window-treatments/thousand-oaks-ca/,/financing/,200,,already direct; unchanged
https://www.805shutters.com/window-treatments/thousand-oaks-ca/,/financing/,200,,already direct; unchanged
https://www.805shutters.com/shutters/ventura/,/financing/,200,,already direct; unchanged
https://www.805shutters.com/shutters/ventura/,/financing/,200,,already direct; unchanged
https://www.805shutters.com/shutters/ventura/,/financing/,200,,already direct; unchanged
https://www.805shutters.com/shades/ventura-ca/,/financing/,200,,already direct; unchanged
https://www.805shutters.com/shades/ventura-ca/,/financing/,200,,already direct; unchanged
https://www.805shutters.com/shades/ventura-ca/,/financing/,200,,already direct; unchanged
https://www.805shutters.com/blinds/ventura-ca/,/financing/,200,,already direct; unchanged
https://www.805shutters.com/blinds/ventura-ca/,/financing/,200,,already direct; unchanged
https://www.805shutters.com/blinds/ventura-ca/,/financing/,200,,already direct; unchanged
https://www.805shutters.com/drapery/ventura-ca/,/financing/,200,,already direct; unchanged
https://www.805shutters.com/drapery/ventura-ca/,/financing/,200,,already direct; unchanged
https://www.805shutters.com/drapery/ventura-ca/,/financing/,200,,already direct; unchanged
https://www.805shutters.com/window-coverings/ventura-ca/,/financing/,200,,already direct; unchanged
https://www.805shutters.com/window-coverings/ventura-ca/,/financing/,200,,already direct; unchanged
https://www.805shutters.com/window-coverings/ventura-ca/,/financing/,200,,already direct; unchanged
https://www.805shutters.com/window-treatments/ventura-ca/,/financing/,200,,already direct; unchanged
https://www.805shutters.com/window-treatments/ventura-ca/,/financing/,200,,already direct; unchanged
https://www.805shutters.com/window-treatments/ventura-ca/,/financing/,200,,already direct; unchanged
https://www.805shutters.com/shutters/westlake-village/,/financing/,200,,already direct; unchanged
https://www.805shutters.com/shutters/westlake-village/,/financing/,200,,already direct; unchanged
https://www.805shutters.com/shutters/westlake-village/,/financing/,200,,already direct; unchanged
https://www.805shutters.com/shades/westlake-village-ca/,/financing/,200,,already direct; unchanged
https://www.805shutters.com/shades/westlake-village-ca/,/financing/,200,,already direct; unchanged
https://www.805shutters.com/shades/westlake-village-ca/,/financing/,200,,already direct; unchanged
https://www.805shutters.com/blinds/westlake-village-ca/,/financing/,200,,already direct; unchanged
https://www.805shutters.com/blinds/westlake-village-ca/,/financing/,200,,already direct; unchanged
https://www.805shutters.com/blinds/westlake-village-ca/,/financing/,200,,already direct; unchanged
https://www.805shutters.com/drapery/westlake-village-ca/,/financing/,200,,already direct; unchanged
https://www.805shutters.com/drapery/westlake-village-ca/,/financing/,200,,already direct; unchanged
https://www.805shutters.com/drapery/westlake-village-ca/,/financing/,200,,already direct; unchanged
https://www.805shutters.com/window-coverings/westlake-village-ca/,/financing/,200,,already direct; unchanged
https://www.805shutters.com/window-coverings/westlake-village-ca/,/financing/,200,,already direct; unchanged
https://www.805shutters.com/window-coverings/westlake-village-ca/,/financing/,200,,already direct; unchanged
https://www.805shutters.com/window-treatments/westlake-village-ca/,/financing/,200,,already direct; unchanged
https://www.805shutters.com/window-treatments/westlake-village-ca/,/financing/,200,,already direct; unchanged
https://www.805shutters.com/window-treatments/westlake-village-ca/,/financing/,200,,already direct; unchanged
https://www.805shutters.com/commercial-window-coverings/camarillo-ca/,/financing/,200,,already direct; unchanged
https://www.805shutters.com/commercial-window-coverings/camarillo-ca/,/financing/,200,,already direct; unchanged
https://www.805shutters.com/commercial-window-coverings/camarillo-ca/,/financing/,200,,already direct; unchanged
https://www.805shutters.com/commercial-window-coverings/fillmore-ca/,/financing/,200,,already direct; unchanged
https://www.805shutters.com/commercial-window-coverings/fillmore-ca/,/financing/,200,,already direct; unchanged
https://www.805shutters.com/commercial-window-coverings/fillmore-ca/,/financing/,200,,already direct; unchanged
https://www.805shutters.com/commercial-window-coverings/moorpark-ca/,/financing/,200,,already direct; unchanged
https://www.805shutters.com/commercial-window-coverings/moorpark-ca/,/financing/,200,,already direct; unchanged
https://www.805shutters.com/commercial-window-coverings/moorpark-ca/,/financing/,200,,already direct; unchanged
https://www.805shutters.com/commercial-window-coverings/newbury-park-ca/,/financing/,200,,already direct; unchanged
https://www.805shutters.com/commercial-window-coverings/newbury-park-ca/,/financing/,200,,already direct; unchanged
https://www.805shutters.com/commercial-window-coverings/newbury-park-ca/,/financing/,200,,already direct; unchanged
https://www.805shutters.com/commercial-window-coverings/oak-park-ca/,/financing/,200,,already direct; unchanged
https://www.805shutters.com/commercial-window-coverings/oak-park-ca/,/financing/,200,,already direct; unchanged
https://www.805shutters.com/commercial-window-coverings/oak-park-ca/,/financing/,200,,already direct; unchanged
https://www.805shutters.com/commercial-window-coverings/ojai-ca/,/financing/,200,,already direct; unchanged
https://www.805shutters.com/commercial-window-coverings/ojai-ca/,/financing/,200,,already direct; unchanged
https://www.805shutters.com/commercial-window-coverings/ojai-ca/,/financing/,200,,already direct; unchanged
https://www.805shutters.com/commercial-window-coverings/oxnard-ca/,/financing/,200,,already direct; unchanged
https://www.805shutters.com/commercial-window-coverings/oxnard-ca/,/financing/,200,,already direct; unchanged
https://www.805shutters.com/commercial-window-coverings/oxnard-ca/,/financing/,200,,already direct; unchanged
https://www.805shutters.com/commercial-window-coverings/port-hueneme-ca/,/financing/,200,,already direct; unchanged
https://www.805shutters.com/commercial-window-coverings/port-hueneme-ca/,/financing/,200,,already direct; unchanged
https://www.805shutters.com/commercial-window-coverings/port-hueneme-ca/,/financing/,200,,already direct; unchanged
https://www.805shutters.com/commercial-window-coverings/santa-paula-ca/,/financing/,200,,already direct; unchanged
https://www.805shutters.com/commercial-window-coverings/santa-paula-ca/,/financing/,200,,already direct; unchanged
https://www.805shutters.com/commercial-window-coverings/santa-paula-ca/,/financing/,200,,already direct; unchanged
https://www.805shutters.com/commercial-window-coverings/santa-clarita-ca/,/financing/,200,,already direct; unchanged
https://www.805shutters.com/commercial-window-coverings/santa-clarita-ca/,/financing/,200,,already direct; unchanged
https://www.805shutters.com/commercial-window-coverings/santa-clarita-ca/,/financing/,200,,already direct; unchanged
https://www.805shutters.com/commercial-window-coverings/santa-rosa-valley-ca/,/financing/,200,,already direct; unchanged
https://www.805shutters.com/commercial-window-coverings/santa-rosa-valley-ca/,/financing/,200,,already direct; unchanged
https://www.805shutters.com/commercial-window-coverings/santa-rosa-valley-ca/,/financing/,200,,already direct; unchanged
https://www.805shutters.com/commercial-window-coverings/simi-valley-ca/,/financing/,200,,already direct; unchanged
https://www.805shutters.com/commercial-window-coverings/simi-valley-ca/,/financing/,200,,already direct; unchanged
https://www.805shutters.com/commercial-window-coverings/simi-valley-ca/,/financing/,200,,already direct; unchanged
https://www.805shutters.com/commercial-window-coverings/thousand-oaks-ca/,/financing/,200,,already direct; unchanged
https://www.805shutters.com/commercial-window-coverings/thousand-oaks-ca/,/financing/,200,,already direct; unchanged
https://www.805shutters.com/commercial-window-coverings/thousand-oaks-ca/,/financing/,200,,already direct; unchanged
https://www.805shutters.com/commercial-window-coverings/ventura-ca/,/financing/,200,,already direct; unchanged
https://www.805shutters.com/commercial-window-coverings/ventura-ca/,/financing/,200,,already direct; unchanged
https://www.805shutters.com/commercial-window-coverings/ventura-ca/,/financing/,200,,already direct; unchanged
https://www.805shutters.com/commercial-window-coverings/westlake-village-ca/,/financing/,200,,already direct; unchanged
https://www.805shutters.com/commercial-window-coverings/westlake-village-ca/,/financing/,200,,already direct; unchanged
https://www.805shutters.com/commercial-window-coverings/westlake-village-ca/,/financing/,200,,already direct; unchanged
https://www.805shutters.com/blinds/ventura-county/,/financing/,200,,already direct; unchanged
https://www.805shutters.com/blinds/ventura-county/,/financing/,200,,already direct; unchanged
https://www.805shutters.com/blinds/ventura-county/,/financing/,200,,already direct; unchanged
https://www.805shutters.com/window-treatments/camarillo/,/financing/,200,,already direct; unchanged
https://www.805shutters.com/window-treatments/camarillo/,/financing/,200,,already direct; unchanged
https://www.805shutters.com/window-treatments/camarillo/,/financing/,200,,already direct; unchanged
https://www.805shutters.com/ventura-county-window-treatments-camarillo-blinds-shades-shutters/,/financing/,200,,already direct; unchanged
https://www.805shutters.com/ventura-county-window-treatments-camarillo-blinds-shades-shutters/,/financing/,200,,already direct; unchanged
https://www.805shutters.com/ventura-county-window-treatments-camarillo-blinds-shades-shutters/,/financing/,200,,already direct; unchanged
https://www.805shutters.com/shutters/plantation/,/financing/,200,,already direct; unchanged
https://www.805shutters.com/shutters/plantation/,/financing/,200,,already direct; unchanged
https://www.805shutters.com/shutters/plantation/,/financing/,200,,already direct; unchanged
https://www.805shutters.com/shutters/interior-shutters-camarillo/,/financing/,200,,already direct; unchanged
https://www.805shutters.com/shutters/interior-shutters-camarillo/,/financing/,200,,already direct; unchanged
https://www.805shutters.com/shutters/interior-shutters-camarillo/,/financing/,200,,already direct; unchanged
https://www.805shutters.com/shutters/wood-shutters-camarillo/,/financing/,200,,already direct; unchanged
https://www.805shutters.com/shutters/wood-shutters-camarillo/,/financing/,200,,already direct; unchanged
https://www.805shutters.com/shutters/wood-shutters-camarillo/,/financing/,200,,already direct; unchanged
https://www.805shutters.com/recent-projects/sliding-door-shutters-ventura-county/,/financing/,200,,already direct; unchanged
https://www.805shutters.com/recent-projects/sliding-door-shutters-ventura-county/,/financing/,200,,already direct; unchanged
https://www.805shutters.com/recent-projects/sliding-door-shutters-ventura-county/,/financing/,200,,already direct; unchanged
https://www.805shutters.com/recent-projects/roller-shades-large-window-ventura-county/,/financing/,200,,already direct; unchanged
https://www.805shutters.com/recent-projects/roller-shades-large-window-ventura-county/,/financing/,200,,already direct; unchanged
https://www.805shutters.com/recent-projects/roller-shades-large-window-ventura-county/,/financing/,200,,already direct; unchanged
https://www.805shutters.com/recent-projects/layered-window-shades-ventura-county/,/financing/,200,,already direct; unchanged
https://www.805shutters.com/recent-projects/layered-window-shades-ventura-county/,/financing/,200,,already direct; unchanged
https://www.805shutters.com/recent-projects/layered-window-shades-ventura-county/,/financing/,200,,already direct; unchanged
https://www.805shutters.com/recent-projects/arched-plantation-shutters-ventura-county/,/financing/,200,,already direct; unchanged
https://www.805shutters.com/recent-projects/arched-plantation-shutters-ventura-county/,/financing/,200,,already direct; unchanged
https://www.805shutters.com/recent-projects/arched-plantation-shutters-ventura-county/,/financing/,200,,already direct; unchanged
https://www.805shutters.com/recent-projects/dark-wood-plantation-shutters-ventura-county/,/financing/,200,,already direct; unchanged
https://www.805shutters.com/recent-projects/dark-wood-plantation-shutters-ventura-county/,/financing/,200,,already direct; unchanged
https://www.805shutters.com/recent-projects/dark-wood-plantation-shutters-ventura-county/,/financing/,200,,already direct; unchanged
https://www.805shutters.com/recent-projects/plantation-shutters-ventura-county-project/,/financing/,200,,already direct; unchanged
https://www.805shutters.com/recent-projects/plantation-shutters-ventura-county-project/,/financing/,200,,already direct; unchanged
https://www.805shutters.com/recent-projects/plantation-shutters-ventura-county-project/,/financing/,200,,already direct; unchanged
https://www.805shutters.com/best-window-treatments-ventura-county/,/financing/,200,,already direct; unchanged
https://www.805shutters.com/best-window-treatments-ventura-county/,/financing/,200,,already direct; unchanged
https://www.805shutters.com/best-window-treatments-ventura-county/,/financing/,200,,already direct; unchanged
https://www.805shutters.com/plantation-shutters-vs-shades-ventura-county/,/financing/,200,,already direct; unchanged
https://www.805shutters.com/plantation-shutters-vs-shades-ventura-county/,/financing/,200,,already direct; unchanged
https://www.805shutters.com/plantation-shutters-vs-shades-ventura-county/,/financing/,200,,already direct; unchanged
https://www.805shutters.com/custom-blinds-shades-shutters-camarillo/,/financing/,200,,already direct; unchanged
https://www.805shutters.com/custom-blinds-shades-shutters-camarillo/,/financing/,200,,already direct; unchanged
https://www.805shutters.com/custom-blinds-shades-shutters-camarillo/,/financing/,200,,already direct; unchanged
https://www.805shutters.com/commercial-roller-shades-ventura-county/,/financing/,200,,already direct; unchanged
https://www.805shutters.com/commercial-roller-shades-ventura-county/,/financing/,200,,already direct; unchanged
https://www.805shutters.com/commercial-roller-shades-ventura-county/,/financing/,200,,already direct; unchanged
https://www.805shutters.com/sliding-door-window-treatments-ventura-county/,/financing/,200,,already direct; unchanged
https://www.805shutters.com/sliding-door-window-treatments-ventura-county/,/financing/,200,,already direct; unchanged
https://www.805shutters.com/sliding-door-window-treatments-ventura-county/,/financing/,200,,already direct; unchanged
https://www.805shutters.com/motorized-window-shades-ventura-county/,/financing/,200,,already direct; unchanged
https://www.805shutters.com/motorized-window-shades-ventura-county/,/financing/,200,,already direct; unchanged
https://www.805shutters.com/motorized-window-shades-ventura-county/,/financing/,200,,already direct; unchanged
https://www.805shutters.com/coastal-window-treatments-ventura-county/,/financing/,200,,already direct; unchanged
https://www.805shutters.com/coastal-window-treatments-ventura-county/,/financing/,200,,already direct; unchanged
https://www.805shutters.com/coastal-window-treatments-ventura-county/,/financing/,200,,already direct; unchanged
https://www.805shutters.com/window-treatment-installation-timeline-ventura-county/,/financing/,200,,already direct; unchanged
https://www.805shutters.com/window-treatment-installation-timeline-ventura-county/,/financing/,200,,already direct; unchanged
https://www.805shutters.com/window-treatment-installation-timeline-ventura-county/,/financing/,200,,already direct; unchanged
https://www.805shutters.com/window-treatment-cost-guide-ventura-county/,/financing/,200,,already direct; unchanged
https://www.805shutters.com/window-treatment-cost-guide-ventura-county/,/financing/,200,,already direct; unchanged
https://www.805shutters.com/window-treatment-cost-guide-ventura-county/,/financing/,200,,already direct; unchanged
https://www.805shutters.com/custom-drapery-curtains-ventura-county/,/financing/,200,,already direct; unchanged
https://www.805shutters.com/custom-drapery-curtains-ventura-county/,/financing/,200,,already direct; unchanged
https://www.805shutters.com/custom-drapery-curtains-ventura-county/,/financing/,200,,already direct; unchanged
https://www.805shutters.com/shutters-near-me-ventura-county/,/financing/,200,,already direct; unchanged
https://www.805shutters.com/shutters-near-me-ventura-county/,/financing/,200,,already direct; unchanged
https://www.805shutters.com/shutters-near-me-ventura-county/,/financing/,200,,already direct; unchanged
https://www.805shutters.com/blinds-near-me-ventura-county/,/financing/,200,,already direct; unchanged
https://www.805shutters.com/blinds-near-me-ventura-county/,/financing/,200,,already direct; unchanged
https://www.805shutters.com/blinds-near-me-ventura-county/,/financing/,200,,already direct; unchanged
https://www.805shutters.com/window-shades-near-me-ventura-county/,/financing/,200,,already direct; unchanged
https://www.805shutters.com/window-shades-near-me-ventura-county/,/financing/,200,,already direct; unchanged
https://www.805shutters.com/window-shades-near-me-ventura-county/,/financing/,200,,already direct; unchanged
https://www.805shutters.com/window-treatment-company-near-me-ventura-county/,/financing/,200,,already direct; unchanged
https://www.805shutters.com/window-treatment-company-near-me-ventura-county/,/financing/,200,,already direct; unchanged
https://www.805shutters.com/window-treatment-company-near-me-ventura-county/,/financing/,200,,already direct; unchanged
https://www.805shutters.com/window-treatment-comparison-guide/,/financing/,200,,already direct; unchanged
https://www.805shutters.com/window-treatment-comparison-guide/,/financing/,200,,already direct; unchanged
https://www.805shutters.com/window-treatment-comparison-guide/,/financing/,200,,already direct; unchanged
https://www.805shutters.com/book-consultation/,/financing/,200,,already direct; unchanged
https://www.805shutters.com/book-consultation/,/financing/,200,,already direct; unchanged
https://www.805shutters.com/book-consultation/,/financing/,200,,already direct; unchanged
https://www.805shutters.com/official/,/financing/,200,,already direct; unchanged
https://www.805shutters.com/official/,/financing/,200,,already direct; unchanged
https://www.805shutters.com/official/,/financing/,200,,already direct; unchanged
https://www.805shutters.com/,/book-consultation/,200,,already direct; unchanged
https://www.805shutters.com/,/book-consultation/,200,,already direct; unchanged
https://www.805shutters.com/,/book-consultation/,200,,already direct; unchanged
https://www.805shutters.com/,/book-consultation/,200,,already direct; unchanged
https://www.805shutters.com/,/book-consultation/,200,,already direct; unchanged
https://www.805shutters.com/,/book-consultation/,200,,already direct; unchanged
https://www.805shutters.com/,/book-consultation/,200,,already direct; unchanged
https://www.805shutters.com/shutters/,/book-consultation/,200,,already direct; unchanged
https://www.805shutters.com/shutters/,/book-consultation/,200,,already direct; unchanged
https://www.805shutters.com/shutters/,/book-consultation/,200,,already direct; unchanged
https://www.805shutters.com/shutters/,/book-consultation/,200,,already direct; unchanged
https://www.805shutters.com/shades/,/book-consultation/,200,,already direct; unchanged
https://www.805shutters.com/shades/,/book-consultation/,200,,already direct; unchanged
https://www.805shutters.com/shades/,/book-consultation/,200,,already direct; unchanged
https://www.805shutters.com/shades/,/book-consultation/,200,,already direct; unchanged
https://www.805shutters.com/shades/,/book-consultation/,200,,already direct; unchanged
https://www.805shutters.com/blinds/,/book-consultation/,200,,already direct; unchanged
https://www.805shutters.com/blinds/,/book-consultation/,200,,already direct; unchanged
https://www.805shutters.com/blinds/,/book-consultation/,200,,already direct; unchanged
https://www.805shutters.com/blinds/,/book-consultation/,200,,already direct; unchanged
https://www.805shutters.com/blinds/,/book-consultation/,200,,already direct; unchanged
https://www.805shutters.com/drapery/,/book-consultation/,200,,already direct; unchanged
https://www.805shutters.com/drapery/,/book-consultation/,200,,already direct; unchanged
https://www.805shutters.com/drapery/,/book-consultation/,200,,already direct; unchanged
https://www.805shutters.com/drapery/,/book-consultation/,200,,already direct; unchanged
https://www.805shutters.com/drapery/,/book-consultation/,200,,already direct; unchanged
https://www.805shutters.com/exterior-shades/,/book-consultation/,200,,already direct; unchanged
https://www.805shutters.com/exterior-shades/,/book-consultation/,200,,already direct; unchanged
https://www.805shutters.com/exterior-shades/,/book-consultation/,200,,already direct; unchanged
https://www.805shutters.com/exterior-shades/,/book-consultation/,200,,already direct; unchanged
https://www.805shutters.com/exterior-shades/,/book-consultation/,200,,already direct; unchanged
https://www.805shutters.com/window-treatments/,/book-consultation/,200,,already direct; unchanged
https://www.805shutters.com/window-treatments/,/book-consultation/,200,,already direct; unchanged
https://www.805shutters.com/window-treatments/,/book-consultation/,200,,already direct; unchanged
https://www.805shutters.com/window-treatments/,/book-consultation/,200,,already direct; unchanged
https://www.805shutters.com/window-treatments/,/book-consultation/,200,,already direct; unchanged
https://www.805shutters.com/window-coverings/,/book-consultation/,200,,already direct; unchanged
https://www.805shutters.com/window-coverings/,/book-consultation/,200,,already direct; unchanged
https://www.805shutters.com/window-coverings/,/book-consultation/,200,,already direct; unchanged
https://www.805shutters.com/window-coverings/,/book-consultation/,200,,already direct; unchanged
https://www.805shutters.com/window-coverings/,/book-consultation/,200,,already direct; unchanged
https://www.805shutters.com/commercial-window-coverings/,/book-consultation/,200,,already direct; unchanged
https://www.805shutters.com/commercial-window-coverings/,/book-consultation/,200,,already direct; unchanged
https://www.805shutters.com/commercial-window-coverings/,/book-consultation/,200,,already direct; unchanged
https://www.805shutters.com/commercial-window-coverings/,/book-consultation/,200,,already direct; unchanged
https://www.805shutters.com/commercial-roller-shades/,/book-consultation/,200,,already direct; unchanged
https://www.805shutters.com/commercial-roller-shades/,/book-consultation/,200,,already direct; unchanged
https://www.805shutters.com/commercial-roller-shades/,/book-consultation/,200,,already direct; unchanged
https://www.805shutters.com/commercial-roller-shades/,/book-consultation/,200,,already direct; unchanged
https://www.805shutters.com/about/,/book-consultation/,200,,already direct; unchanged
https://www.805shutters.com/about/,/book-consultation/,200,,already direct; unchanged
https://www.805shutters.com/about/,/book-consultation/,200,,already direct; unchanged
https://www.805shutters.com/about/,/book-consultation/,200,,already direct; unchanged
https://www.805shutters.com/contact/,/book-consultation/,200,,already direct; unchanged
https://www.805shutters.com/contact/,/book-consultation/,200,,already direct; unchanged
https://www.805shutters.com/contact/,/book-consultation/,200,,already direct; unchanged
https://www.805shutters.com/contact/,/book-consultation/,200,,already direct; unchanged
https://www.805shutters.com/free-window-treatment-consultation/,/book-consultation/,200,,already direct; unchanged
https://www.805shutters.com/free-window-treatment-consultation/,/book-consultation/,200,,already direct; unchanged
https://www.805shutters.com/free-window-treatment-consultation/,/book-consultation/,200,,already direct; unchanged
https://www.805shutters.com/free-window-treatment-consultation/,/book-consultation/,200,,already direct; unchanged
https://www.805shutters.com/free-window-treatment-consultation/,/book-consultation/,200,,already direct; unchanged
https://www.805shutters.com/financing/,/book-consultation/,200,,already direct; unchanged
https://www.805shutters.com/financing/,/book-consultation/,200,,already direct; unchanged
https://www.805shutters.com/financing/,/book-consultation/,200,,already direct; unchanged
https://www.805shutters.com/financing/,/book-consultation/,200,,already direct; unchanged
https://www.805shutters.com/financing/,/book-consultation/,200,,already direct; unchanged
https://www.805shutters.com/faq/,/book-consultation/,200,,already direct; unchanged
https://www.805shutters.com/faq/,/book-consultation/,200,,already direct; unchanged
https://www.805shutters.com/faq/,/book-consultation/,200,,already direct; unchanged
https://www.805shutters.com/faq/,/book-consultation/,200,,already direct; unchanged
https://www.805shutters.com/gallery/,/book-consultation/,200,,already direct; unchanged
https://www.805shutters.com/gallery/,/book-consultation/,200,,already direct; unchanged
https://www.805shutters.com/gallery/,/book-consultation/,200,,already direct; unchanged
https://www.805shutters.com/gallery/,/book-consultation/,200,,already direct; unchanged
https://www.805shutters.com/reviews/,/book-consultation/,200,,already direct; unchanged
https://www.805shutters.com/reviews/,/book-consultation/,200,,already direct; unchanged
https://www.805shutters.com/reviews/,/book-consultation/,200,,already direct; unchanged
https://www.805shutters.com/reviews/,/book-consultation/,200,,already direct; unchanged
https://www.805shutters.com/recent-projects/,/book-consultation/,200,,already direct; unchanged
https://www.805shutters.com/recent-projects/,/book-consultation/,200,,already direct; unchanged
https://www.805shutters.com/recent-projects/,/book-consultation/,200,,already direct; unchanged
https://www.805shutters.com/recent-projects/,/book-consultation/,200,,already direct; unchanged
https://www.805shutters.com/shutters/camarillo/,/book-consultation/,200,,already direct; unchanged
https://www.805shutters.com/shutters/camarillo/,/book-consultation/,200,,already direct; unchanged
https://www.805shutters.com/shutters/camarillo/,/book-consultation/,200,,already direct; unchanged
https://www.805shutters.com/shutters/camarillo/,/book-consultation/,200,,already direct; unchanged
https://www.805shutters.com/shades/camarillo-ca/,/book-consultation/,200,,already direct; unchanged
https://www.805shutters.com/shades/camarillo-ca/,/book-consultation/,200,,already direct; unchanged
https://www.805shutters.com/shades/camarillo-ca/,/book-consultation/,200,,already direct; unchanged
https://www.805shutters.com/shades/camarillo-ca/,/book-consultation/,200,,already direct; unchanged
https://www.805shutters.com/shades/camarillo-ca/,/book-consultation/,200,,already direct; unchanged
https://www.805shutters.com/blinds/camarillo-ca/,/book-consultation/,200,,already direct; unchanged
https://www.805shutters.com/blinds/camarillo-ca/,/book-consultation/,200,,already direct; unchanged
https://www.805shutters.com/blinds/camarillo-ca/,/book-consultation/,200,,already direct; unchanged
https://www.805shutters.com/blinds/camarillo-ca/,/book-consultation/,200,,already direct; unchanged
https://www.805shutters.com/drapery/camarillo-ca/,/book-consultation/,200,,already direct; unchanged
https://www.805shutters.com/drapery/camarillo-ca/,/book-consultation/,200,,already direct; unchanged
https://www.805shutters.com/drapery/camarillo-ca/,/book-consultation/,200,,already direct; unchanged
https://www.805shutters.com/drapery/camarillo-ca/,/book-consultation/,200,,already direct; unchanged
https://www.805shutters.com/window-coverings/camarillo-ca/,/book-consultation/,200,,already direct; unchanged
https://www.805shutters.com/window-coverings/camarillo-ca/,/book-consultation/,200,,already direct; unchanged
https://www.805shutters.com/window-coverings/camarillo-ca/,/book-consultation/,200,,already direct; unchanged
https://www.805shutters.com/window-coverings/camarillo-ca/,/book-consultation/,200,,already direct; unchanged
https://www.805shutters.com/window-treatments/camarillo-ca/,/book-consultation/,200,,already direct; unchanged
https://www.805shutters.com/window-treatments/camarillo-ca/,/book-consultation/,200,,already direct; unchanged
https://www.805shutters.com/window-treatments/camarillo-ca/,/book-consultation/,200,,already direct; unchanged
https://www.805shutters.com/window-treatments/camarillo-ca/,/book-consultation/,200,,already direct; unchanged
https://www.805shutters.com/shutters/fillmore/,/book-consultation/,200,,already direct; unchanged
https://www.805shutters.com/shutters/fillmore/,/book-consultation/,200,,already direct; unchanged
https://www.805shutters.com/shutters/fillmore/,/book-consultation/,200,,already direct; unchanged
https://www.805shutters.com/shutters/fillmore/,/book-consultation/,200,,already direct; unchanged
https://www.805shutters.com/shades/fillmore-ca/,/book-consultation/,200,,already direct; unchanged
https://www.805shutters.com/shades/fillmore-ca/,/book-consultation/,200,,already direct; unchanged
https://www.805shutters.com/shades/fillmore-ca/,/book-consultation/,200,,already direct; unchanged
https://www.805shutters.com/shades/fillmore-ca/,/book-consultation/,200,,already direct; unchanged
https://www.805shutters.com/blinds/fillmore-ca/,/book-consultation/,200,,already direct; unchanged
https://www.805shutters.com/blinds/fillmore-ca/,/book-consultation/,200,,already direct; unchanged
https://www.805shutters.com/blinds/fillmore-ca/,/book-consultation/,200,,already direct; unchanged
https://www.805shutters.com/blinds/fillmore-ca/,/book-consultation/,200,,already direct; unchanged
https://www.805shutters.com/drapery/fillmore-ca/,/book-consultation/,200,,already direct; unchanged
https://www.805shutters.com/drapery/fillmore-ca/,/book-consultation/,200,,already direct; unchanged
https://www.805shutters.com/drapery/fillmore-ca/,/book-consultation/,200,,already direct; unchanged
https://www.805shutters.com/drapery/fillmore-ca/,/book-consultation/,200,,already direct; unchanged
https://www.805shutters.com/window-coverings/fillmore-ca/,/book-consultation/,200,,already direct; unchanged
https://www.805shutters.com/window-coverings/fillmore-ca/,/book-consultation/,200,,already direct; unchanged
https://www.805shutters.com/window-coverings/fillmore-ca/,/book-consultation/,200,,already direct; unchanged
https://www.805shutters.com/window-coverings/fillmore-ca/,/book-consultation/,200,,already direct; unchanged
https://www.805shutters.com/window-treatments/fillmore-ca/,/book-consultation/,200,,already direct; unchanged
https://www.805shutters.com/window-treatments/fillmore-ca/,/book-consultation/,200,,already direct; unchanged
https://www.805shutters.com/window-treatments/fillmore-ca/,/book-consultation/,200,,already direct; unchanged
https://www.805shutters.com/window-treatments/fillmore-ca/,/book-consultation/,200,,already direct; unchanged
https://www.805shutters.com/shutters/moorpark/,/book-consultation/,200,,already direct; unchanged
https://www.805shutters.com/shutters/moorpark/,/book-consultation/,200,,already direct; unchanged
https://www.805shutters.com/shutters/moorpark/,/book-consultation/,200,,already direct; unchanged
https://www.805shutters.com/shutters/moorpark/,/book-consultation/,200,,already direct; unchanged
https://www.805shutters.com/shades/moorpark-ca/,/book-consultation/,200,,already direct; unchanged
https://www.805shutters.com/shades/moorpark-ca/,/book-consultation/,200,,already direct; unchanged
https://www.805shutters.com/shades/moorpark-ca/,/book-consultation/,200,,already direct; unchanged
https://www.805shutters.com/shades/moorpark-ca/,/book-consultation/,200,,already direct; unchanged
https://www.805shutters.com/blinds/moorpark-ca/,/book-consultation/,200,,already direct; unchanged
https://www.805shutters.com/blinds/moorpark-ca/,/book-consultation/,200,,already direct; unchanged
https://www.805shutters.com/blinds/moorpark-ca/,/book-consultation/,200,,already direct; unchanged
https://www.805shutters.com/blinds/moorpark-ca/,/book-consultation/,200,,already direct; unchanged
https://www.805shutters.com/drapery/moorpark-ca/,/book-consultation/,200,,already direct; unchanged
https://www.805shutters.com/drapery/moorpark-ca/,/book-consultation/,200,,already direct; unchanged
https://www.805shutters.com/drapery/moorpark-ca/,/book-consultation/,200,,already direct; unchanged
https://www.805shutters.com/drapery/moorpark-ca/,/book-consultation/,200,,already direct; unchanged
https://www.805shutters.com/window-coverings/moorpark-ca/,/book-consultation/,200,,already direct; unchanged
https://www.805shutters.com/window-coverings/moorpark-ca/,/book-consultation/,200,,already direct; unchanged
https://www.805shutters.com/window-coverings/moorpark-ca/,/book-consultation/,200,,already direct; unchanged
https://www.805shutters.com/window-coverings/moorpark-ca/,/book-consultation/,200,,already direct; unchanged
https://www.805shutters.com/window-treatments/moorpark-ca/,/book-consultation/,200,,already direct; unchanged
https://www.805shutters.com/window-treatments/moorpark-ca/,/book-consultation/,200,,already direct; unchanged
https://www.805shutters.com/window-treatments/moorpark-ca/,/book-consultation/,200,,already direct; unchanged
https://www.805shutters.com/window-treatments/moorpark-ca/,/book-consultation/,200,,already direct; unchanged
https://www.805shutters.com/shutters/newbury-park/,/book-consultation/,200,,already direct; unchanged
https://www.805shutters.com/shutters/newbury-park/,/book-consultation/,200,,already direct; unchanged
https://www.805shutters.com/shutters/newbury-park/,/book-consultation/,200,,already direct; unchanged
https://www.805shutters.com/shutters/newbury-park/,/book-consultation/,200,,already direct; unchanged
https://www.805shutters.com/shades/newbury-park-ca/,/book-consultation/,200,,already direct; unchanged
https://www.805shutters.com/shades/newbury-park-ca/,/book-consultation/,200,,already direct; unchanged
https://www.805shutters.com/shades/newbury-park-ca/,/book-consultation/,200,,already direct; unchanged
https://www.805shutters.com/shades/newbury-park-ca/,/book-consultation/,200,,already direct; unchanged
https://www.805shutters.com/blinds/newbury-park-ca/,/book-consultation/,200,,already direct; unchanged
https://www.805shutters.com/blinds/newbury-park-ca/,/book-consultation/,200,,already direct; unchanged
https://www.805shutters.com/blinds/newbury-park-ca/,/book-consultation/,200,,already direct; unchanged
https://www.805shutters.com/blinds/newbury-park-ca/,/book-consultation/,200,,already direct; unchanged
https://www.805shutters.com/drapery/newbury-park-ca/,/book-consultation/,200,,already direct; unchanged
https://www.805shutters.com/drapery/newbury-park-ca/,/book-consultation/,200,,already direct; unchanged
https://www.805shutters.com/drapery/newbury-park-ca/,/book-consultation/,200,,already direct; unchanged
https://www.805shutters.com/drapery/newbury-park-ca/,/book-consultation/,200,,already direct; unchanged
https://www.805shutters.com/window-coverings/newbury-park-ca/,/book-consultation/,200,,already direct; unchanged
https://www.805shutters.com/window-coverings/newbury-park-ca/,/book-consultation/,200,,already direct; unchanged
https://www.805shutters.com/window-coverings/newbury-park-ca/,/book-consultation/,200,,already direct; unchanged
https://www.805shutters.com/window-coverings/newbury-park-ca/,/book-consultation/,200,,already direct; unchanged
https://www.805shutters.com/window-treatments/newbury-park-ca/,/book-consultation/,200,,already direct; unchanged
https://www.805shutters.com/window-treatments/newbury-park-ca/,/book-consultation/,200,,already direct; unchanged
https://www.805shutters.com/window-treatments/newbury-park-ca/,/book-consultation/,200,,already direct; unchanged
https://www.805shutters.com/window-treatments/newbury-park-ca/,/book-consultation/,200,,already direct; unchanged
https://www.805shutters.com/shutters/oak-park/,/book-consultation/,200,,already direct; unchanged
https://www.805shutters.com/shutters/oak-park/,/book-consultation/,200,,already direct; unchanged
https://www.805shutters.com/shutters/oak-park/,/book-consultation/,200,,already direct; unchanged
https://www.805shutters.com/shutters/oak-park/,/book-consultation/,200,,already direct; unchanged
https://www.805shutters.com/shades/oak-park-ca/,/book-consultation/,200,,already direct; unchanged
https://www.805shutters.com/shades/oak-park-ca/,/book-consultation/,200,,already direct; unchanged
https://www.805shutters.com/shades/oak-park-ca/,/book-consultation/,200,,already direct; unchanged
https://www.805shutters.com/shades/oak-park-ca/,/book-consultation/,200,,already direct; unchanged
https://www.805shutters.com/blinds/oak-park-ca/,/book-consultation/,200,,already direct; unchanged
https://www.805shutters.com/blinds/oak-park-ca/,/book-consultation/,200,,already direct; unchanged
https://www.805shutters.com/blinds/oak-park-ca/,/book-consultation/,200,,already direct; unchanged
https://www.805shutters.com/blinds/oak-park-ca/,/book-consultation/,200,,already direct; unchanged
https://www.805shutters.com/drapery/oak-park-ca/,/book-consultation/,200,,already direct; unchanged
https://www.805shutters.com/drapery/oak-park-ca/,/book-consultation/,200,,already direct; unchanged
https://www.805shutters.com/drapery/oak-park-ca/,/book-consultation/,200,,already direct; unchanged
https://www.805shutters.com/drapery/oak-park-ca/,/book-consultation/,200,,already direct; unchanged
https://www.805shutters.com/window-coverings/oak-park-ca/,/book-consultation/,200,,already direct; unchanged
https://www.805shutters.com/window-coverings/oak-park-ca/,/book-consultation/,200,,already direct; unchanged
https://www.805shutters.com/window-coverings/oak-park-ca/,/book-consultation/,200,,already direct; unchanged
https://www.805shutters.com/window-coverings/oak-park-ca/,/book-consultation/,200,,already direct; unchanged
https://www.805shutters.com/window-treatments/oak-park-ca/,/book-consultation/,200,,already direct; unchanged
https://www.805shutters.com/window-treatments/oak-park-ca/,/book-consultation/,200,,already direct; unchanged
https://www.805shutters.com/window-treatments/oak-park-ca/,/book-consultation/,200,,already direct; unchanged
https://www.805shutters.com/window-treatments/oak-park-ca/,/book-consultation/,200,,already direct; unchanged
https://www.805shutters.com/shutters/ojai/,/book-consultation/,200,,already direct; unchanged
https://www.805shutters.com/shutters/ojai/,/book-consultation/,200,,already direct; unchanged
https://www.805shutters.com/shutters/ojai/,/book-consultation/,200,,already direct; unchanged
https://www.805shutters.com/shutters/ojai/,/book-consultation/,200,,already direct; unchanged
https://www.805shutters.com/shades/ojai-ca/,/book-consultation/,200,,already direct; unchanged
https://www.805shutters.com/shades/ojai-ca/,/book-consultation/,200,,already direct; unchanged
https://www.805shutters.com/shades/ojai-ca/,/book-consultation/,200,,already direct; unchanged
https://www.805shutters.com/shades/ojai-ca/,/book-consultation/,200,,already direct; unchanged
https://www.805shutters.com/blinds/ojai-ca/,/book-consultation/,200,,already direct; unchanged
https://www.805shutters.com/blinds/ojai-ca/,/book-consultation/,200,,already direct; unchanged
https://www.805shutters.com/blinds/ojai-ca/,/book-consultation/,200,,already direct; unchanged
https://www.805shutters.com/blinds/ojai-ca/,/book-consultation/,200,,already direct; unchanged
https://www.805shutters.com/drapery/ojai-ca/,/book-consultation/,200,,already direct; unchanged
https://www.805shutters.com/drapery/ojai-ca/,/book-consultation/,200,,already direct; unchanged
https://www.805shutters.com/drapery/ojai-ca/,/book-consultation/,200,,already direct; unchanged
https://www.805shutters.com/drapery/ojai-ca/,/book-consultation/,200,,already direct; unchanged
https://www.805shutters.com/window-coverings/ojai-ca/,/book-consultation/,200,,already direct; unchanged
https://www.805shutters.com/window-coverings/ojai-ca/,/book-consultation/,200,,already direct; unchanged
https://www.805shutters.com/window-coverings/ojai-ca/,/book-consultation/,200,,already direct; unchanged
https://www.805shutters.com/window-coverings/ojai-ca/,/book-consultation/,200,,already direct; unchanged
https://www.805shutters.com/window-treatments/ojai-ca/,/book-consultation/,200,,already direct; unchanged
https://www.805shutters.com/window-treatments/ojai-ca/,/book-consultation/,200,,already direct; unchanged
https://www.805shutters.com/window-treatments/ojai-ca/,/book-consultation/,200,,already direct; unchanged
https://www.805shutters.com/window-treatments/ojai-ca/,/book-consultation/,200,,already direct; unchanged
https://www.805shutters.com/shutters/oxnard/,/book-consultation/,200,,already direct; unchanged
https://www.805shutters.com/shutters/oxnard/,/book-consultation/,200,,already direct; unchanged
https://www.805shutters.com/shutters/oxnard/,/book-consultation/,200,,already direct; unchanged
https://www.805shutters.com/shutters/oxnard/,/book-consultation/,200,,already direct; unchanged
https://www.805shutters.com/shades/oxnard-ca/,/book-consultation/,200,,already direct; unchanged
https://www.805shutters.com/shades/oxnard-ca/,/book-consultation/,200,,already direct; unchanged
https://www.805shutters.com/shades/oxnard-ca/,/book-consultation/,200,,already direct; unchanged
https://www.805shutters.com/shades/oxnard-ca/,/book-consultation/,200,,already direct; unchanged
https://www.805shutters.com/blinds/oxnard-ca/,/book-consultation/,200,,already direct; unchanged
https://www.805shutters.com/blinds/oxnard-ca/,/book-consultation/,200,,already direct; unchanged
https://www.805shutters.com/blinds/oxnard-ca/,/book-consultation/,200,,already direct; unchanged
https://www.805shutters.com/blinds/oxnard-ca/,/book-consultation/,200,,already direct; unchanged
https://www.805shutters.com/drapery/oxnard-ca/,/book-consultation/,200,,already direct; unchanged
https://www.805shutters.com/drapery/oxnard-ca/,/book-consultation/,200,,already direct; unchanged
https://www.805shutters.com/drapery/oxnard-ca/,/book-consultation/,200,,already direct; unchanged
https://www.805shutters.com/drapery/oxnard-ca/,/book-consultation/,200,,already direct; unchanged
https://www.805shutters.com/window-coverings/oxnard-ca/,/book-consultation/,200,,already direct; unchanged
https://www.805shutters.com/window-coverings/oxnard-ca/,/book-consultation/,200,,already direct; unchanged
https://www.805shutters.com/window-coverings/oxnard-ca/,/book-consultation/,200,,already direct; unchanged
https://www.805shutters.com/window-coverings/oxnard-ca/,/book-consultation/,200,,already direct; unchanged
https://www.805shutters.com/window-treatments/oxnard-ca/,/book-consultation/,200,,already direct; unchanged
https://www.805shutters.com/window-treatments/oxnard-ca/,/book-consultation/,200,,already direct; unchanged
https://www.805shutters.com/window-treatments/oxnard-ca/,/book-consultation/,200,,already direct; unchanged
https://www.805shutters.com/window-treatments/oxnard-ca/,/book-consultation/,200,,already direct; unchanged
https://www.805shutters.com/shutters/port-hueneme/,/book-consultation/,200,,already direct; unchanged
https://www.805shutters.com/shutters/port-hueneme/,/book-consultation/,200,,already direct; unchanged
https://www.805shutters.com/shutters/port-hueneme/,/book-consultation/,200,,already direct; unchanged
https://www.805shutters.com/shutters/port-hueneme/,/book-consultation/,200,,already direct; unchanged
https://www.805shutters.com/shades/port-hueneme-ca/,/book-consultation/,200,,already direct; unchanged
https://www.805shutters.com/shades/port-hueneme-ca/,/book-consultation/,200,,already direct; unchanged
https://www.805shutters.com/shades/port-hueneme-ca/,/book-consultation/,200,,already direct; unchanged
https://www.805shutters.com/shades/port-hueneme-ca/,/book-consultation/,200,,already direct; unchanged
https://www.805shutters.com/blinds/port-hueneme-ca/,/book-consultation/,200,,already direct; unchanged
https://www.805shutters.com/blinds/port-hueneme-ca/,/book-consultation/,200,,already direct; unchanged
https://www.805shutters.com/blinds/port-hueneme-ca/,/book-consultation/,200,,already direct; unchanged
https://www.805shutters.com/blinds/port-hueneme-ca/,/book-consultation/,200,,already direct; unchanged
https://www.805shutters.com/drapery/port-hueneme-ca/,/book-consultation/,200,,already direct; unchanged
https://www.805shutters.com/drapery/port-hueneme-ca/,/book-consultation/,200,,already direct; unchanged
https://www.805shutters.com/drapery/port-hueneme-ca/,/book-consultation/,200,,already direct; unchanged
https://www.805shutters.com/drapery/port-hueneme-ca/,/book-consultation/,200,,already direct; unchanged
https://www.805shutters.com/window-coverings/port-hueneme-ca/,/book-consultation/,200,,already direct; unchanged
https://www.805shutters.com/window-coverings/port-hueneme-ca/,/book-consultation/,200,,already direct; unchanged
https://www.805shutters.com/window-coverings/port-hueneme-ca/,/book-consultation/,200,,already direct; unchanged
https://www.805shutters.com/window-coverings/port-hueneme-ca/,/book-consultation/,200,,already direct; unchanged
https://www.805shutters.com/window-treatments/port-hueneme-ca/,/book-consultation/,200,,already direct; unchanged
https://www.805shutters.com/window-treatments/port-hueneme-ca/,/book-consultation/,200,,already direct; unchanged
https://www.805shutters.com/window-treatments/port-hueneme-ca/,/book-consultation/,200,,already direct; unchanged
https://www.805shutters.com/window-treatments/port-hueneme-ca/,/book-consultation/,200,,already direct; unchanged
https://www.805shutters.com/shutters/santa-paula/,/book-consultation/,200,,already direct; unchanged
https://www.805shutters.com/shutters/santa-paula/,/book-consultation/,200,,already direct; unchanged
https://www.805shutters.com/shutters/santa-paula/,/book-consultation/,200,,already direct; unchanged
https://www.805shutters.com/shutters/santa-paula/,/book-consultation/,200,,already direct; unchanged
https://www.805shutters.com/shades/santa-paula-ca/,/book-consultation/,200,,already direct; unchanged
https://www.805shutters.com/shades/santa-paula-ca/,/book-consultation/,200,,already direct; unchanged
https://www.805shutters.com/shades/santa-paula-ca/,/book-consultation/,200,,already direct; unchanged
https://www.805shutters.com/shades/santa-paula-ca/,/book-consultation/,200,,already direct; unchanged
https://www.805shutters.com/blinds/santa-paula-ca/,/book-consultation/,200,,already direct; unchanged
https://www.805shutters.com/blinds/santa-paula-ca/,/book-consultation/,200,,already direct; unchanged
https://www.805shutters.com/blinds/santa-paula-ca/,/book-consultation/,200,,already direct; unchanged
https://www.805shutters.com/blinds/santa-paula-ca/,/book-consultation/,200,,already direct; unchanged
https://www.805shutters.com/drapery/santa-paula-ca/,/book-consultation/,200,,already direct; unchanged
https://www.805shutters.com/drapery/santa-paula-ca/,/book-consultation/,200,,already direct; unchanged
https://www.805shutters.com/drapery/santa-paula-ca/,/book-consultation/,200,,already direct; unchanged
https://www.805shutters.com/drapery/santa-paula-ca/,/book-consultation/,200,,already direct; unchanged
https://www.805shutters.com/window-coverings/santa-paula-ca/,/book-consultation/,200,,already direct; unchanged
https://www.805shutters.com/window-coverings/santa-paula-ca/,/book-consultation/,200,,already direct; unchanged
https://www.805shutters.com/window-coverings/santa-paula-ca/,/book-consultation/,200,,already direct; unchanged
https://www.805shutters.com/window-coverings/santa-paula-ca/,/book-consultation/,200,,already direct; unchanged
https://www.805shutters.com/window-treatments/santa-paula-ca/,/book-consultation/,200,,already direct; unchanged
https://www.805shutters.com/window-treatments/santa-paula-ca/,/book-consultation/,200,,already direct; unchanged
https://www.805shutters.com/window-treatments/santa-paula-ca/,/book-consultation/,200,,already direct; unchanged
https://www.805shutters.com/window-treatments/santa-paula-ca/,/book-consultation/,200,,already direct; unchanged
https://www.805shutters.com/shutters/santa-clarita/,/book-consultation/,200,,already direct; unchanged
https://www.805shutters.com/shutters/santa-clarita/,/book-consultation/,200,,already direct; unchanged
https://www.805shutters.com/shutters/santa-clarita/,/book-consultation/,200,,already direct; unchanged
https://www.805shutters.com/shutters/santa-clarita/,/book-consultation/,200,,already direct; unchanged
https://www.805shutters.com/shades/santa-clarita-ca/,/book-consultation/,200,,already direct; unchanged
https://www.805shutters.com/shades/santa-clarita-ca/,/book-consultation/,200,,already direct; unchanged
https://www.805shutters.com/shades/santa-clarita-ca/,/book-consultation/,200,,already direct; unchanged
https://www.805shutters.com/shades/santa-clarita-ca/,/book-consultation/,200,,already direct; unchanged
https://www.805shutters.com/blinds/santa-clarita-ca/,/book-consultation/,200,,already direct; unchanged
https://www.805shutters.com/blinds/santa-clarita-ca/,/book-consultation/,200,,already direct; unchanged
https://www.805shutters.com/blinds/santa-clarita-ca/,/book-consultation/,200,,already direct; unchanged
https://www.805shutters.com/blinds/santa-clarita-ca/,/book-consultation/,200,,already direct; unchanged
https://www.805shutters.com/drapery/santa-clarita-ca/,/book-consultation/,200,,already direct; unchanged
https://www.805shutters.com/drapery/santa-clarita-ca/,/book-consultation/,200,,already direct; unchanged
https://www.805shutters.com/drapery/santa-clarita-ca/,/book-consultation/,200,,already direct; unchanged
https://www.805shutters.com/drapery/santa-clarita-ca/,/book-consultation/,200,,already direct; unchanged
https://www.805shutters.com/window-coverings/santa-clarita-ca/,/book-consultation/,200,,already direct; unchanged
https://www.805shutters.com/window-coverings/santa-clarita-ca/,/book-consultation/,200,,already direct; unchanged
https://www.805shutters.com/window-coverings/santa-clarita-ca/,/book-consultation/,200,,already direct; unchanged
https://www.805shutters.com/window-coverings/santa-clarita-ca/,/book-consultation/,200,,already direct; unchanged
https://www.805shutters.com/window-treatments/santa-clarita-ca/,/book-consultation/,200,,already direct; unchanged
https://www.805shutters.com/window-treatments/santa-clarita-ca/,/book-consultation/,200,,already direct; unchanged
https://www.805shutters.com/window-treatments/santa-clarita-ca/,/book-consultation/,200,,already direct; unchanged
https://www.805shutters.com/window-treatments/santa-clarita-ca/,/book-consultation/,200,,already direct; unchanged
https://www.805shutters.com/shutters/santa-rosa-valley/,/book-consultation/,200,,already direct; unchanged
https://www.805shutters.com/shutters/santa-rosa-valley/,/book-consultation/,200,,already direct; unchanged
https://www.805shutters.com/shutters/santa-rosa-valley/,/book-consultation/,200,,already direct; unchanged
https://www.805shutters.com/shutters/santa-rosa-valley/,/book-consultation/,200,,already direct; unchanged
https://www.805shutters.com/shades/santa-rosa-valley-ca/,/book-consultation/,200,,already direct; unchanged
https://www.805shutters.com/shades/santa-rosa-valley-ca/,/book-consultation/,200,,already direct; unchanged
https://www.805shutters.com/shades/santa-rosa-valley-ca/,/book-consultation/,200,,already direct; unchanged
https://www.805shutters.com/shades/santa-rosa-valley-ca/,/book-consultation/,200,,already direct; unchanged
https://www.805shutters.com/blinds/santa-rosa-valley-ca/,/book-consultation/,200,,already direct; unchanged
https://www.805shutters.com/blinds/santa-rosa-valley-ca/,/book-consultation/,200,,already direct; unchanged
https://www.805shutters.com/blinds/santa-rosa-valley-ca/,/book-consultation/,200,,already direct; unchanged
https://www.805shutters.com/blinds/santa-rosa-valley-ca/,/book-consultation/,200,,already direct; unchanged
https://www.805shutters.com/drapery/santa-rosa-valley-ca/,/book-consultation/,200,,already direct; unchanged
https://www.805shutters.com/drapery/santa-rosa-valley-ca/,/book-consultation/,200,,already direct; unchanged
https://www.805shutters.com/drapery/santa-rosa-valley-ca/,/book-consultation/,200,,already direct; unchanged
https://www.805shutters.com/drapery/santa-rosa-valley-ca/,/book-consultation/,200,,already direct; unchanged
https://www.805shutters.com/window-coverings/santa-rosa-valley-ca/,/book-consultation/,200,,already direct; unchanged
https://www.805shutters.com/window-coverings/santa-rosa-valley-ca/,/book-consultation/,200,,already direct; unchanged
https://www.805shutters.com/window-coverings/santa-rosa-valley-ca/,/book-consultation/,200,,already direct; unchanged
https://www.805shutters.com/window-coverings/santa-rosa-valley-ca/,/book-consultation/,200,,already direct; unchanged
https://www.805shutters.com/window-treatments/santa-rosa-valley-ca/,/book-consultation/,200,,already direct; unchanged
https://www.805shutters.com/window-treatments/santa-rosa-valley-ca/,/book-consultation/,200,,already direct; unchanged
https://www.805shutters.com/window-treatments/santa-rosa-valley-ca/,/book-consultation/,200,,already direct; unchanged
https://www.805shutters.com/window-treatments/santa-rosa-valley-ca/,/book-consultation/,200,,already direct; unchanged
https://www.805shutters.com/shutters/simi-valley/,/book-consultation/,200,,already direct; unchanged
https://www.805shutters.com/shutters/simi-valley/,/book-consultation/,200,,already direct; unchanged
https://www.805shutters.com/shutters/simi-valley/,/book-consultation/,200,,already direct; unchanged
https://www.805shutters.com/shutters/simi-valley/,/book-consultation/,200,,already direct; unchanged
https://www.805shutters.com/shades/simi-valley-ca/,/book-consultation/,200,,already direct; unchanged
https://www.805shutters.com/shades/simi-valley-ca/,/book-consultation/,200,,already direct; unchanged
https://www.805shutters.com/shades/simi-valley-ca/,/book-consultation/,200,,already direct; unchanged
https://www.805shutters.com/shades/simi-valley-ca/,/book-consultation/,200,,already direct; unchanged
https://www.805shutters.com/blinds/simi-valley-ca/,/book-consultation/,200,,already direct; unchanged
https://www.805shutters.com/blinds/simi-valley-ca/,/book-consultation/,200,,already direct; unchanged
https://www.805shutters.com/blinds/simi-valley-ca/,/book-consultation/,200,,already direct; unchanged
https://www.805shutters.com/blinds/simi-valley-ca/,/book-consultation/,200,,already direct; unchanged
https://www.805shutters.com/drapery/simi-valley-ca/,/book-consultation/,200,,already direct; unchanged
https://www.805shutters.com/drapery/simi-valley-ca/,/book-consultation/,200,,already direct; unchanged
https://www.805shutters.com/drapery/simi-valley-ca/,/book-consultation/,200,,already direct; unchanged
https://www.805shutters.com/drapery/simi-valley-ca/,/book-consultation/,200,,already direct; unchanged
https://www.805shutters.com/window-coverings/simi-valley-ca/,/book-consultation/,200,,already direct; unchanged
https://www.805shutters.com/window-coverings/simi-valley-ca/,/book-consultation/,200,,already direct; unchanged
https://www.805shutters.com/window-coverings/simi-valley-ca/,/book-consultation/,200,,already direct; unchanged
https://www.805shutters.com/window-coverings/simi-valley-ca/,/book-consultation/,200,,already direct; unchanged
https://www.805shutters.com/window-treatments/simi-valley-ca/,/book-consultation/,200,,already direct; unchanged
https://www.805shutters.com/window-treatments/simi-valley-ca/,/book-consultation/,200,,already direct; unchanged
https://www.805shutters.com/window-treatments/simi-valley-ca/,/book-consultation/,200,,already direct; unchanged
https://www.805shutters.com/window-treatments/simi-valley-ca/,/book-consultation/,200,,already direct; unchanged
https://www.805shutters.com/shutters/thousand-oaks/,/book-consultation/,200,,already direct; unchanged
https://www.805shutters.com/shutters/thousand-oaks/,/book-consultation/,200,,already direct; unchanged
https://www.805shutters.com/shutters/thousand-oaks/,/book-consultation/,200,,already direct; unchanged
https://www.805shutters.com/shutters/thousand-oaks/,/book-consultation/,200,,already direct; unchanged
https://www.805shutters.com/shades/thousand-oaks-ca/,/book-consultation/,200,,already direct; unchanged
https://www.805shutters.com/shades/thousand-oaks-ca/,/book-consultation/,200,,already direct; unchanged
https://www.805shutters.com/shades/thousand-oaks-ca/,/book-consultation/,200,,already direct; unchanged
https://www.805shutters.com/shades/thousand-oaks-ca/,/book-consultation/,200,,already direct; unchanged
https://www.805shutters.com/blinds/thousand-oaks-ca/,/book-consultation/,200,,already direct; unchanged
https://www.805shutters.com/blinds/thousand-oaks-ca/,/book-consultation/,200,,already direct; unchanged
https://www.805shutters.com/blinds/thousand-oaks-ca/,/book-consultation/,200,,already direct; unchanged
https://www.805shutters.com/blinds/thousand-oaks-ca/,/book-consultation/,200,,already direct; unchanged
https://www.805shutters.com/drapery/thousand-oaks-ca/,/book-consultation/,200,,already direct; unchanged
https://www.805shutters.com/drapery/thousand-oaks-ca/,/book-consultation/,200,,already direct; unchanged
https://www.805shutters.com/drapery/thousand-oaks-ca/,/book-consultation/,200,,already direct; unchanged
https://www.805shutters.com/drapery/thousand-oaks-ca/,/book-consultation/,200,,already direct; unchanged
https://www.805shutters.com/window-coverings/thousand-oaks-ca/,/book-consultation/,200,,already direct; unchanged
https://www.805shutters.com/window-coverings/thousand-oaks-ca/,/book-consultation/,200,,already direct; unchanged
https://www.805shutters.com/window-coverings/thousand-oaks-ca/,/book-consultation/,200,,already direct; unchanged
https://www.805shutters.com/window-coverings/thousand-oaks-ca/,/book-consultation/,200,,already direct; unchanged
https://www.805shutters.com/window-treatments/thousand-oaks-ca/,/book-consultation/,200,,already direct; unchanged
https://www.805shutters.com/window-treatments/thousand-oaks-ca/,/book-consultation/,200,,already direct; unchanged
https://www.805shutters.com/window-treatments/thousand-oaks-ca/,/book-consultation/,200,,already direct; unchanged
https://www.805shutters.com/window-treatments/thousand-oaks-ca/,/book-consultation/,200,,already direct; unchanged
https://www.805shutters.com/shutters/ventura/,/book-consultation/,200,,already direct; unchanged
https://www.805shutters.com/shutters/ventura/,/book-consultation/,200,,already direct; unchanged
https://www.805shutters.com/shutters/ventura/,/book-consultation/,200,,already direct; unchanged
https://www.805shutters.com/shutters/ventura/,/book-consultation/,200,,already direct; unchanged
https://www.805shutters.com/shades/ventura-ca/,/book-consultation/,200,,already direct; unchanged
https://www.805shutters.com/shades/ventura-ca/,/book-consultation/,200,,already direct; unchanged
https://www.805shutters.com/shades/ventura-ca/,/book-consultation/,200,,already direct; unchanged
https://www.805shutters.com/shades/ventura-ca/,/book-consultation/,200,,already direct; unchanged
https://www.805shutters.com/blinds/ventura-ca/,/book-consultation/,200,,already direct; unchanged
https://www.805shutters.com/blinds/ventura-ca/,/book-consultation/,200,,already direct; unchanged
https://www.805shutters.com/blinds/ventura-ca/,/book-consultation/,200,,already direct; unchanged
https://www.805shutters.com/blinds/ventura-ca/,/book-consultation/,200,,already direct; unchanged
https://www.805shutters.com/drapery/ventura-ca/,/book-consultation/,200,,already direct; unchanged
https://www.805shutters.com/drapery/ventura-ca/,/book-consultation/,200,,already direct; unchanged
https://www.805shutters.com/drapery/ventura-ca/,/book-consultation/,200,,already direct; unchanged
https://www.805shutters.com/drapery/ventura-ca/,/book-consultation/,200,,already direct; unchanged
https://www.805shutters.com/window-coverings/ventura-ca/,/book-consultation/,200,,already direct; unchanged
https://www.805shutters.com/window-coverings/ventura-ca/,/book-consultation/,200,,already direct; unchanged
https://www.805shutters.com/window-coverings/ventura-ca/,/book-consultation/,200,,already direct; unchanged
https://www.805shutters.com/window-coverings/ventura-ca/,/book-consultation/,200,,already direct; unchanged
https://www.805shutters.com/window-treatments/ventura-ca/,/book-consultation/,200,,already direct; unchanged
https://www.805shutters.com/window-treatments/ventura-ca/,/book-consultation/,200,,already direct; unchanged
https://www.805shutters.com/window-treatments/ventura-ca/,/book-consultation/,200,,already direct; unchanged
https://www.805shutters.com/window-treatments/ventura-ca/,/book-consultation/,200,,already direct; unchanged
https://www.805shutters.com/shutters/westlake-village/,/book-consultation/,200,,already direct; unchanged
https://www.805shutters.com/shutters/westlake-village/,/book-consultation/,200,,already direct; unchanged
https://www.805shutters.com/shutters/westlake-village/,/book-consultation/,200,,already direct; unchanged
https://www.805shutters.com/shutters/westlake-village/,/book-consultation/,200,,already direct; unchanged
https://www.805shutters.com/shades/westlake-village-ca/,/book-consultation/,200,,already direct; unchanged
https://www.805shutters.com/shades/westlake-village-ca/,/book-consultation/,200,,already direct; unchanged
https://www.805shutters.com/shades/westlake-village-ca/,/book-consultation/,200,,already direct; unchanged
https://www.805shutters.com/shades/westlake-village-ca/,/book-consultation/,200,,already direct; unchanged
https://www.805shutters.com/blinds/westlake-village-ca/,/book-consultation/,200,,already direct; unchanged
https://www.805shutters.com/blinds/westlake-village-ca/,/book-consultation/,200,,already direct; unchanged
https://www.805shutters.com/blinds/westlake-village-ca/,/book-consultation/,200,,already direct; unchanged
https://www.805shutters.com/blinds/westlake-village-ca/,/book-consultation/,200,,already direct; unchanged
https://www.805shutters.com/drapery/westlake-village-ca/,/book-consultation/,200,,already direct; unchanged
https://www.805shutters.com/drapery/westlake-village-ca/,/book-consultation/,200,,already direct; unchanged
https://www.805shutters.com/drapery/westlake-village-ca/,/book-consultation/,200,,already direct; unchanged
https://www.805shutters.com/drapery/westlake-village-ca/,/book-consultation/,200,,already direct; unchanged
https://www.805shutters.com/window-coverings/westlake-village-ca/,/book-consultation/,200,,already direct; unchanged
https://www.805shutters.com/window-coverings/westlake-village-ca/,/book-consultation/,200,,already direct; unchanged
https://www.805shutters.com/window-coverings/westlake-village-ca/,/book-consultation/,200,,already direct; unchanged
https://www.805shutters.com/window-coverings/westlake-village-ca/,/book-consultation/,200,,already direct; unchanged
https://www.805shutters.com/window-treatments/westlake-village-ca/,/book-consultation/,200,,already direct; unchanged
https://www.805shutters.com/window-treatments/westlake-village-ca/,/book-consultation/,200,,already direct; unchanged
https://www.805shutters.com/window-treatments/westlake-village-ca/,/book-consultation/,200,,already direct; unchanged
https://www.805shutters.com/window-treatments/westlake-village-ca/,/book-consultation/,200,,already direct; unchanged
https://www.805shutters.com/commercial-window-coverings/camarillo-ca/,/book-consultation/,200,,already direct; unchanged
https://www.805shutters.com/commercial-window-coverings/camarillo-ca/,/book-consultation/,200,,already direct; unchanged
https://www.805shutters.com/commercial-window-coverings/camarillo-ca/,/book-consultation/,200,,already direct; unchanged
https://www.805shutters.com/commercial-window-coverings/camarillo-ca/,/book-consultation/,200,,already direct; unchanged
https://www.805shutters.com/commercial-window-coverings/fillmore-ca/,/book-consultation/,200,,already direct; unchanged
https://www.805shutters.com/commercial-window-coverings/fillmore-ca/,/book-consultation/,200,,already direct; unchanged
https://www.805shutters.com/commercial-window-coverings/fillmore-ca/,/book-consultation/,200,,already direct; unchanged
https://www.805shutters.com/commercial-window-coverings/fillmore-ca/,/book-consultation/,200,,already direct; unchanged
https://www.805shutters.com/commercial-window-coverings/moorpark-ca/,/book-consultation/,200,,already direct; unchanged
https://www.805shutters.com/commercial-window-coverings/moorpark-ca/,/book-consultation/,200,,already direct; unchanged
https://www.805shutters.com/commercial-window-coverings/moorpark-ca/,/book-consultation/,200,,already direct; unchanged
https://www.805shutters.com/commercial-window-coverings/moorpark-ca/,/book-consultation/,200,,already direct; unchanged
https://www.805shutters.com/commercial-window-coverings/newbury-park-ca/,/book-consultation/,200,,already direct; unchanged
https://www.805shutters.com/commercial-window-coverings/newbury-park-ca/,/book-consultation/,200,,already direct; unchanged
https://www.805shutters.com/commercial-window-coverings/newbury-park-ca/,/book-consultation/,200,,already direct; unchanged
https://www.805shutters.com/commercial-window-coverings/newbury-park-ca/,/book-consultation/,200,,already direct; unchanged
https://www.805shutters.com/commercial-window-coverings/oak-park-ca/,/book-consultation/,200,,already direct; unchanged
https://www.805shutters.com/commercial-window-coverings/oak-park-ca/,/book-consultation/,200,,already direct; unchanged
https://www.805shutters.com/commercial-window-coverings/oak-park-ca/,/book-consultation/,200,,already direct; unchanged
https://www.805shutters.com/commercial-window-coverings/oak-park-ca/,/book-consultation/,200,,already direct; unchanged
https://www.805shutters.com/commercial-window-coverings/ojai-ca/,/book-consultation/,200,,already direct; unchanged
https://www.805shutters.com/commercial-window-coverings/ojai-ca/,/book-consultation/,200,,already direct; unchanged
https://www.805shutters.com/commercial-window-coverings/ojai-ca/,/book-consultation/,200,,already direct; unchanged
https://www.805shutters.com/commercial-window-coverings/ojai-ca/,/book-consultation/,200,,already direct; unchanged
https://www.805shutters.com/commercial-window-coverings/oxnard-ca/,/book-consultation/,200,,already direct; unchanged
https://www.805shutters.com/commercial-window-coverings/oxnard-ca/,/book-consultation/,200,,already direct; unchanged
https://www.805shutters.com/commercial-window-coverings/oxnard-ca/,/book-consultation/,200,,already direct; unchanged
https://www.805shutters.com/commercial-window-coverings/oxnard-ca/,/book-consultation/,200,,already direct; unchanged
https://www.805shutters.com/commercial-window-coverings/port-hueneme-ca/,/book-consultation/,200,,already direct; unchanged
https://www.805shutters.com/commercial-window-coverings/port-hueneme-ca/,/book-consultation/,200,,already direct; unchanged
https://www.805shutters.com/commercial-window-coverings/port-hueneme-ca/,/book-consultation/,200,,already direct; unchanged
https://www.805shutters.com/commercial-window-coverings/port-hueneme-ca/,/book-consultation/,200,,already direct; unchanged
https://www.805shutters.com/commercial-window-coverings/santa-paula-ca/,/book-consultation/,200,,already direct; unchanged
https://www.805shutters.com/commercial-window-coverings/santa-paula-ca/,/book-consultation/,200,,already direct; unchanged
https://www.805shutters.com/commercial-window-coverings/santa-paula-ca/,/book-consultation/,200,,already direct; unchanged
https://www.805shutters.com/commercial-window-coverings/santa-paula-ca/,/book-consultation/,200,,already direct; unchanged
https://www.805shutters.com/commercial-window-coverings/santa-clarita-ca/,/book-consultation/,200,,already direct; unchanged
https://www.805shutters.com/commercial-window-coverings/santa-clarita-ca/,/book-consultation/,200,,already direct; unchanged
https://www.805shutters.com/commercial-window-coverings/santa-clarita-ca/,/book-consultation/,200,,already direct; unchanged
https://www.805shutters.com/commercial-window-coverings/santa-clarita-ca/,/book-consultation/,200,,already direct; unchanged
https://www.805shutters.com/commercial-window-coverings/santa-rosa-valley-ca/,/book-consultation/,200,,already direct; unchanged
https://www.805shutters.com/commercial-window-coverings/santa-rosa-valley-ca/,/book-consultation/,200,,already direct; unchanged
https://www.805shutters.com/commercial-window-coverings/santa-rosa-valley-ca/,/book-consultation/,200,,already direct; unchanged
https://www.805shutters.com/commercial-window-coverings/santa-rosa-valley-ca/,/book-consultation/,200,,already direct; unchanged
https://www.805shutters.com/commercial-window-coverings/simi-valley-ca/,/book-consultation/,200,,already direct; unchanged
https://www.805shutters.com/commercial-window-coverings/simi-valley-ca/,/book-consultation/,200,,already direct; unchanged
https://www.805shutters.com/commercial-window-coverings/simi-valley-ca/,/book-consultation/,200,,already direct; unchanged
https://www.805shutters.com/commercial-window-coverings/simi-valley-ca/,/book-consultation/,200,,already direct; unchanged
https://www.805shutters.com/commercial-window-coverings/thousand-oaks-ca/,/book-consultation/,200,,already direct; unchanged
https://www.805shutters.com/commercial-window-coverings/thousand-oaks-ca/,/book-consultation/,200,,already direct; unchanged
https://www.805shutters.com/commercial-window-coverings/thousand-oaks-ca/,/book-consultation/,200,,already direct; unchanged
https://www.805shutters.com/commercial-window-coverings/thousand-oaks-ca/,/book-consultation/,200,,already direct; unchanged
https://www.805shutters.com/commercial-window-coverings/ventura-ca/,/book-consultation/,200,,already direct; unchanged
https://www.805shutters.com/commercial-window-coverings/ventura-ca/,/book-consultation/,200,,already direct; unchanged
https://www.805shutters.com/commercial-window-coverings/ventura-ca/,/book-consultation/,200,,already direct; unchanged
https://www.805shutters.com/commercial-window-coverings/ventura-ca/,/book-consultation/,200,,already direct; unchanged
https://www.805shutters.com/commercial-window-coverings/westlake-village-ca/,/book-consultation/,200,,already direct; unchanged
https://www.805shutters.com/commercial-window-coverings/westlake-village-ca/,/book-consultation/,200,,already direct; unchanged
https://www.805shutters.com/commercial-window-coverings/westlake-village-ca/,/book-consultation/,200,,already direct; unchanged
https://www.805shutters.com/commercial-window-coverings/westlake-village-ca/,/book-consultation/,200,,already direct; unchanged
https://www.805shutters.com/blinds/ventura-county/,/book-consultation/,200,,already direct; unchanged
https://www.805shutters.com/blinds/ventura-county/,/book-consultation/,200,,already direct; unchanged
https://www.805shutters.com/blinds/ventura-county/,/book-consultation/,200,,already direct; unchanged
https://www.805shutters.com/blinds/ventura-county/,/book-consultation/,200,,already direct; unchanged
https://www.805shutters.com/window-treatments/camarillo/,/book-consultation/,200,,already direct; unchanged
https://www.805shutters.com/window-treatments/camarillo/,/book-consultation/,200,,already direct; unchanged
https://www.805shutters.com/window-treatments/camarillo/,/book-consultation/,200,,already direct; unchanged
https://www.805shutters.com/window-treatments/camarillo/,/book-consultation/,200,,already direct; unchanged
https://www.805shutters.com/ventura-county-window-treatments-camarillo-blinds-shades-shutters/,/book-consultation/,200,,already direct; unchanged
https://www.805shutters.com/ventura-county-window-treatments-camarillo-blinds-shades-shutters/,/book-consultation/,200,,already direct; unchanged
https://www.805shutters.com/ventura-county-window-treatments-camarillo-blinds-shades-shutters/,/book-consultation/,200,,already direct; unchanged
https://www.805shutters.com/ventura-county-window-treatments-camarillo-blinds-shades-shutters/,/book-consultation/,200,,already direct; unchanged
https://www.805shutters.com/shutters/plantation/,/book-consultation/,200,,already direct; unchanged
https://www.805shutters.com/shutters/plantation/,/book-consultation/,200,,already direct; unchanged
https://www.805shutters.com/shutters/plantation/,/book-consultation/,200,,already direct; unchanged
https://www.805shutters.com/shutters/plantation/,/book-consultation/,200,,already direct; unchanged
https://www.805shutters.com/shutters/interior-shutters-camarillo/,/book-consultation/,200,,already direct; unchanged
https://www.805shutters.com/shutters/interior-shutters-camarillo/,/book-consultation/,200,,already direct; unchanged
https://www.805shutters.com/shutters/interior-shutters-camarillo/,/book-consultation/,200,,already direct; unchanged
https://www.805shutters.com/shutters/interior-shutters-camarillo/,/book-consultation/,200,,already direct; unchanged
https://www.805shutters.com/shutters/wood-shutters-camarillo/,/book-consultation/,200,,already direct; unchanged
https://www.805shutters.com/shutters/wood-shutters-camarillo/,/book-consultation/,200,,already direct; unchanged
https://www.805shutters.com/shutters/wood-shutters-camarillo/,/book-consultation/,200,,already direct; unchanged
https://www.805shutters.com/shutters/wood-shutters-camarillo/,/book-consultation/,200,,already direct; unchanged
https://www.805shutters.com/recent-projects/sliding-door-shutters-ventura-county/,/book-consultation/,200,,already direct; unchanged
https://www.805shutters.com/recent-projects/sliding-door-shutters-ventura-county/,/book-consultation/,200,,already direct; unchanged
https://www.805shutters.com/recent-projects/sliding-door-shutters-ventura-county/,/book-consultation/,200,,already direct; unchanged
https://www.805shutters.com/recent-projects/sliding-door-shutters-ventura-county/,/book-consultation/,200,,already direct; unchanged
https://www.805shutters.com/recent-projects/roller-shades-large-window-ventura-county/,/book-consultation/,200,,already direct; unchanged
https://www.805shutters.com/recent-projects/roller-shades-large-window-ventura-county/,/book-consultation/,200,,already direct; unchanged
https://www.805shutters.com/recent-projects/roller-shades-large-window-ventura-county/,/book-consultation/,200,,already direct; unchanged
https://www.805shutters.com/recent-projects/roller-shades-large-window-ventura-county/,/book-consultation/,200,,already direct; unchanged
https://www.805shutters.com/recent-projects/layered-window-shades-ventura-county/,/book-consultation/,200,,already direct; unchanged
https://www.805shutters.com/recent-projects/layered-window-shades-ventura-county/,/book-consultation/,200,,already direct; unchanged
https://www.805shutters.com/recent-projects/layered-window-shades-ventura-county/,/book-consultation/,200,,already direct; unchanged
https://www.805shutters.com/recent-projects/layered-window-shades-ventura-county/,/book-consultation/,200,,already direct; unchanged
https://www.805shutters.com/recent-projects/arched-plantation-shutters-ventura-county/,/book-consultation/,200,,already direct; unchanged
https://www.805shutters.com/recent-projects/arched-plantation-shutters-ventura-county/,/book-consultation/,200,,already direct; unchanged
https://www.805shutters.com/recent-projects/arched-plantation-shutters-ventura-county/,/book-consultation/,200,,already direct; unchanged
https://www.805shutters.com/recent-projects/arched-plantation-shutters-ventura-county/,/book-consultation/,200,,already direct; unchanged
https://www.805shutters.com/recent-projects/dark-wood-plantation-shutters-ventura-county/,/book-consultation/,200,,already direct; unchanged
https://www.805shutters.com/recent-projects/dark-wood-plantation-shutters-ventura-county/,/book-consultation/,200,,already direct; unchanged
https://www.805shutters.com/recent-projects/dark-wood-plantation-shutters-ventura-county/,/book-consultation/,200,,already direct; unchanged
https://www.805shutters.com/recent-projects/dark-wood-plantation-shutters-ventura-county/,/book-consultation/,200,,already direct; unchanged
https://www.805shutters.com/recent-projects/plantation-shutters-ventura-county-project/,/book-consultation/,200,,already direct; unchanged
https://www.805shutters.com/recent-projects/plantation-shutters-ventura-county-project/,/book-consultation/,200,,already direct; unchanged
https://www.805shutters.com/recent-projects/plantation-shutters-ventura-county-project/,/book-consultation/,200,,already direct; unchanged
https://www.805shutters.com/recent-projects/plantation-shutters-ventura-county-project/,/book-consultation/,200,,already direct; unchanged
https://www.805shutters.com/best-window-treatments-ventura-county/,/book-consultation/,200,,already direct; unchanged
https://www.805shutters.com/best-window-treatments-ventura-county/,/book-consultation/,200,,already direct; unchanged
https://www.805shutters.com/best-window-treatments-ventura-county/,/book-consultation/,200,,already direct; unchanged
https://www.805shutters.com/best-window-treatments-ventura-county/,/book-consultation/,200,,already direct; unchanged
https://www.805shutters.com/plantation-shutters-vs-shades-ventura-county/,/book-consultation/,200,,already direct; unchanged
https://www.805shutters.com/plantation-shutters-vs-shades-ventura-county/,/book-consultation/,200,,already direct; unchanged
https://www.805shutters.com/plantation-shutters-vs-shades-ventura-county/,/book-consultation/,200,,already direct; unchanged
https://www.805shutters.com/plantation-shutters-vs-shades-ventura-county/,/book-consultation/,200,,already direct; unchanged
https://www.805shutters.com/custom-blinds-shades-shutters-camarillo/,/book-consultation/,200,,already direct; unchanged
https://www.805shutters.com/custom-blinds-shades-shutters-camarillo/,/book-consultation/,200,,already direct; unchanged
https://www.805shutters.com/custom-blinds-shades-shutters-camarillo/,/book-consultation/,200,,already direct; unchanged
https://www.805shutters.com/custom-blinds-shades-shutters-camarillo/,/book-consultation/,200,,already direct; unchanged
https://www.805shutters.com/commercial-roller-shades-ventura-county/,/book-consultation/,200,,already direct; unchanged
https://www.805shutters.com/commercial-roller-shades-ventura-county/,/book-consultation/,200,,already direct; unchanged
https://www.805shutters.com/commercial-roller-shades-ventura-county/,/book-consultation/,200,,already direct; unchanged
https://www.805shutters.com/commercial-roller-shades-ventura-county/,/book-consultation/,200,,already direct; unchanged
https://www.805shutters.com/commercial-roller-shades-ventura-county/,/book-consultation/,200,,already direct; unchanged
https://www.805shutters.com/sliding-door-window-treatments-ventura-county/,/book-consultation/,200,,already direct; unchanged
https://www.805shutters.com/sliding-door-window-treatments-ventura-county/,/book-consultation/,200,,already direct; unchanged
https://www.805shutters.com/sliding-door-window-treatments-ventura-county/,/book-consultation/,200,,already direct; unchanged
https://www.805shutters.com/sliding-door-window-treatments-ventura-county/,/book-consultation/,200,,already direct; unchanged
https://www.805shutters.com/motorized-window-shades-ventura-county/,/book-consultation/,200,,already direct; unchanged
https://www.805shutters.com/motorized-window-shades-ventura-county/,/book-consultation/,200,,already direct; unchanged
https://www.805shutters.com/motorized-window-shades-ventura-county/,/book-consultation/,200,,already direct; unchanged
https://www.805shutters.com/motorized-window-shades-ventura-county/,/book-consultation/,200,,already direct; unchanged
https://www.805shutters.com/motorized-window-shades-ventura-county/,/book-consultation/,200,,already direct; unchanged
https://www.805shutters.com/coastal-window-treatments-ventura-county/,/book-consultation/,200,,already direct; unchanged
https://www.805shutters.com/coastal-window-treatments-ventura-county/,/book-consultation/,200,,already direct; unchanged
https://www.805shutters.com/coastal-window-treatments-ventura-county/,/book-consultation/,200,,already direct; unchanged
https://www.805shutters.com/coastal-window-treatments-ventura-county/,/book-consultation/,200,,already direct; unchanged
https://www.805shutters.com/window-treatment-installation-timeline-ventura-county/,/book-consultation/,200,,already direct; unchanged
https://www.805shutters.com/window-treatment-installation-timeline-ventura-county/,/book-consultation/,200,,already direct; unchanged
https://www.805shutters.com/window-treatment-installation-timeline-ventura-county/,/book-consultation/,200,,already direct; unchanged
https://www.805shutters.com/window-treatment-installation-timeline-ventura-county/,/book-consultation/,200,,already direct; unchanged
https://www.805shutters.com/window-treatment-installation-timeline-ventura-county/,/book-consultation/,200,,already direct; unchanged
https://www.805shutters.com/window-treatment-cost-guide-ventura-county/,/book-consultation/,200,,already direct; unchanged
https://www.805shutters.com/window-treatment-cost-guide-ventura-county/,/book-consultation/,200,,already direct; unchanged
https://www.805shutters.com/window-treatment-cost-guide-ventura-county/,/book-consultation/,200,,already direct; unchanged
https://www.805shutters.com/window-treatment-cost-guide-ventura-county/,/book-consultation/,200,,already direct; unchanged
https://www.805shutters.com/window-treatment-cost-guide-ventura-county/,/book-consultation/,200,,already direct; unchanged
https://www.805shutters.com/custom-drapery-curtains-ventura-county/,/book-consultation/,200,,already direct; unchanged
https://www.805shutters.com/custom-drapery-curtains-ventura-county/,/book-consultation/,200,,already direct; unchanged
https://www.805shutters.com/custom-drapery-curtains-ventura-county/,/book-consultation/,200,,already direct; unchanged
https://www.805shutters.com/custom-drapery-curtains-ventura-county/,/book-consultation/,200,,already direct; unchanged
https://www.805shutters.com/custom-drapery-curtains-ventura-county/,/book-consultation/,200,,already direct; unchanged
https://www.805shutters.com/shutters-near-me-ventura-county/,/book-consultation/,200,,already direct; unchanged
https://www.805shutters.com/shutters-near-me-ventura-county/,/book-consultation/,200,,already direct; unchanged
https://www.805shutters.com/shutters-near-me-ventura-county/,/book-consultation/,200,,already direct; unchanged
https://www.805shutters.com/shutters-near-me-ventura-county/,/book-consultation/,200,,already direct; unchanged
https://www.805shutters.com/shutters-near-me-ventura-county/,/book-consultation/,200,,already direct; unchanged
https://www.805shutters.com/blinds-near-me-ventura-county/,/book-consultation/,200,,already direct; unchanged
https://www.805shutters.com/blinds-near-me-ventura-county/,/book-consultation/,200,,already direct; unchanged
https://www.805shutters.com/blinds-near-me-ventura-county/,/book-consultation/,200,,already direct; unchanged
https://www.805shutters.com/blinds-near-me-ventura-county/,/book-consultation/,200,,already direct; unchanged
https://www.805shutters.com/blinds-near-me-ventura-county/,/book-consultation/,200,,already direct; unchanged
https://www.805shutters.com/window-shades-near-me-ventura-county/,/book-consultation/,200,,already direct; unchanged
https://www.805shutters.com/window-shades-near-me-ventura-county/,/book-consultation/,200,,already direct; unchanged
https://www.805shutters.com/window-shades-near-me-ventura-county/,/book-consultation/,200,,already direct; unchanged
https://www.805shutters.com/window-shades-near-me-ventura-county/,/book-consultation/,200,,already direct; unchanged
https://www.805shutters.com/window-shades-near-me-ventura-county/,/book-consultation/,200,,already direct; unchanged
https://www.805shutters.com/window-treatment-company-near-me-ventura-county/,/book-consultation/,200,,already direct; unchanged
https://www.805shutters.com/window-treatment-company-near-me-ventura-county/,/book-consultation/,200,,already direct; unchanged
https://www.805shutters.com/window-treatment-company-near-me-ventura-county/,/book-consultation/,200,,already direct; unchanged
https://www.805shutters.com/window-treatment-company-near-me-ventura-county/,/book-consultation/,200,,already direct; unchanged
https://www.805shutters.com/window-treatment-company-near-me-ventura-county/,/book-consultation/,200,,already direct; unchanged
https://www.805shutters.com/window-treatment-comparison-guide/,/book-consultation/,200,,already direct; unchanged
https://www.805shutters.com/window-treatment-comparison-guide/,/book-consultation/,200,,already direct; unchanged
https://www.805shutters.com/window-treatment-comparison-guide/,/book-consultation/,200,,already direct; unchanged
https://www.805shutters.com/window-treatment-comparison-guide/,/book-consultation/,200,,already direct; unchanged
https://www.805shutters.com/book-consultation/,/book-consultation/,200,,already direct; unchanged
https://www.805shutters.com/book-consultation/,/book-consultation/,200,,already direct; unchanged
https://www.805shutters.com/book-consultation/,/book-consultation/,200,,already direct; unchanged
https://www.805shutters.com/official/,/book-consultation/,200,,already direct; unchanged
https://www.805shutters.com/official/,/book-consultation/,200,,already direct; unchanged
https://www.805shutters.com/official/,/book-consultation/,200,,already direct; unchanged
https://www.805shutters.com/official/,/book-consultation/,200,,already direct; unchanged
https://www.805shutters.com/,/#about,200,,already direct; unchanged
https://www.805shutters.com/,/,200,,already direct; unchanged
https://www.805shutters.com/shutters/,/#about,200,,already direct; unchanged
https://www.805shutters.com/shutters/,/,200,,already direct; unchanged
https://www.805shutters.com/shades/,/#about,200,,already direct; unchanged
https://www.805shutters.com/shades/,/,200,,already direct; unchanged
https://www.805shutters.com/blinds/,/#about,200,,already direct; unchanged
https://www.805shutters.com/blinds/,/,200,,already direct; unchanged
https://www.805shutters.com/drapery/,/#about,200,,already direct; unchanged
https://www.805shutters.com/drapery/,/,200,,already direct; unchanged
https://www.805shutters.com/exterior-shades/,/#about,200,,already direct; unchanged
https://www.805shutters.com/exterior-shades/,/,200,,already direct; unchanged
https://www.805shutters.com/window-treatments/,/#about,200,,already direct; unchanged
https://www.805shutters.com/window-treatments/,/,200,,already direct; unchanged
https://www.805shutters.com/window-coverings/,/#about,200,,already direct; unchanged
https://www.805shutters.com/window-coverings/,/,200,,already direct; unchanged
https://www.805shutters.com/commercial-window-coverings/,/#about,200,,already direct; unchanged
https://www.805shutters.com/commercial-window-coverings/,/,200,,already direct; unchanged
https://www.805shutters.com/commercial-roller-shades/,/#about,200,,already direct; unchanged
https://www.805shutters.com/commercial-roller-shades/,/,200,,already direct; unchanged
https://www.805shutters.com/about/,/#about,200,,already direct; unchanged
https://www.805shutters.com/about/,/,200,,already direct; unchanged
https://www.805shutters.com/contact/,/#about,200,,already direct; unchanged
https://www.805shutters.com/contact/,/,200,,already direct; unchanged
https://www.805shutters.com/free-window-treatment-consultation/,/#about,200,,already direct; unchanged
https://www.805shutters.com/free-window-treatment-consultation/,/,200,,already direct; unchanged
https://www.805shutters.com/financing/,/#about,200,,already direct; unchanged
https://www.805shutters.com/financing/,/,200,,already direct; unchanged
https://www.805shutters.com/faq/,/#about,200,,already direct; unchanged
https://www.805shutters.com/faq/,/,200,,already direct; unchanged
https://www.805shutters.com/gallery/,/#about,200,,already direct; unchanged
https://www.805shutters.com/gallery/,/,200,,already direct; unchanged
https://www.805shutters.com/reviews/,/#about,200,,already direct; unchanged
https://www.805shutters.com/reviews/,/,200,,already direct; unchanged
https://www.805shutters.com/recent-projects/,/#about,200,,already direct; unchanged
https://www.805shutters.com/recent-projects/,/,200,,already direct; unchanged
https://www.805shutters.com/shutters/camarillo/,/#about,200,,already direct; unchanged
https://www.805shutters.com/shutters/camarillo/,/,200,,already direct; unchanged
https://www.805shutters.com/shades/camarillo-ca/,/#about,200,,already direct; unchanged
https://www.805shutters.com/shades/camarillo-ca/,/,200,,already direct; unchanged
https://www.805shutters.com/blinds/camarillo-ca/,/#about,200,,already direct; unchanged
https://www.805shutters.com/blinds/camarillo-ca/,/,200,,already direct; unchanged
https://www.805shutters.com/drapery/camarillo-ca/,/#about,200,,already direct; unchanged
https://www.805shutters.com/drapery/camarillo-ca/,/,200,,already direct; unchanged
https://www.805shutters.com/window-coverings/camarillo-ca/,/#about,200,,already direct; unchanged
https://www.805shutters.com/window-coverings/camarillo-ca/,/,200,,already direct; unchanged
https://www.805shutters.com/window-treatments/camarillo-ca/,/#about,200,,already direct; unchanged
https://www.805shutters.com/window-treatments/camarillo-ca/,/,200,,already direct; unchanged
https://www.805shutters.com/shutters/fillmore/,/#about,200,,already direct; unchanged
https://www.805shutters.com/shutters/fillmore/,/,200,,already direct; unchanged
https://www.805shutters.com/shades/fillmore-ca/,/#about,200,,already direct; unchanged
https://www.805shutters.com/shades/fillmore-ca/,/,200,,already direct; unchanged
https://www.805shutters.com/blinds/fillmore-ca/,/#about,200,,already direct; unchanged
https://www.805shutters.com/blinds/fillmore-ca/,/,200,,already direct; unchanged
https://www.805shutters.com/drapery/fillmore-ca/,/#about,200,,already direct; unchanged
https://www.805shutters.com/drapery/fillmore-ca/,/,200,,already direct; unchanged
https://www.805shutters.com/window-coverings/fillmore-ca/,/#about,200,,already direct; unchanged
https://www.805shutters.com/window-coverings/fillmore-ca/,/,200,,already direct; unchanged
https://www.805shutters.com/window-treatments/fillmore-ca/,/#about,200,,already direct; unchanged
https://www.805shutters.com/window-treatments/fillmore-ca/,/,200,,already direct; unchanged
https://www.805shutters.com/shutters/moorpark/,/#about,200,,already direct; unchanged
https://www.805shutters.com/shutters/moorpark/,/,200,,already direct; unchanged
https://www.805shutters.com/shades/moorpark-ca/,/#about,200,,already direct; unchanged
https://www.805shutters.com/shades/moorpark-ca/,/,200,,already direct; unchanged
https://www.805shutters.com/blinds/moorpark-ca/,/#about,200,,already direct; unchanged
https://www.805shutters.com/blinds/moorpark-ca/,/,200,,already direct; unchanged
https://www.805shutters.com/drapery/moorpark-ca/,/#about,200,,already direct; unchanged
https://www.805shutters.com/drapery/moorpark-ca/,/,200,,already direct; unchanged
https://www.805shutters.com/window-coverings/moorpark-ca/,/#about,200,,already direct; unchanged
https://www.805shutters.com/window-coverings/moorpark-ca/,/,200,,already direct; unchanged
https://www.805shutters.com/window-treatments/moorpark-ca/,/#about,200,,already direct; unchanged
https://www.805shutters.com/window-treatments/moorpark-ca/,/,200,,already direct; unchanged
https://www.805shutters.com/shutters/newbury-park/,/#about,200,,already direct; unchanged
https://www.805shutters.com/shutters/newbury-park/,/,200,,already direct; unchanged
https://www.805shutters.com/shades/newbury-park-ca/,/#about,200,,already direct; unchanged
https://www.805shutters.com/shades/newbury-park-ca/,/,200,,already direct; unchanged
https://www.805shutters.com/blinds/newbury-park-ca/,/#about,200,,already direct; unchanged
https://www.805shutters.com/blinds/newbury-park-ca/,/,200,,already direct; unchanged
https://www.805shutters.com/drapery/newbury-park-ca/,/#about,200,,already direct; unchanged
https://www.805shutters.com/drapery/newbury-park-ca/,/,200,,already direct; unchanged
https://www.805shutters.com/window-coverings/newbury-park-ca/,/#about,200,,already direct; unchanged
https://www.805shutters.com/window-coverings/newbury-park-ca/,/,200,,already direct; unchanged
https://www.805shutters.com/window-treatments/newbury-park-ca/,/#about,200,,already direct; unchanged
https://www.805shutters.com/window-treatments/newbury-park-ca/,/,200,,already direct; unchanged
https://www.805shutters.com/shutters/oak-park/,/#about,200,,already direct; unchanged
https://www.805shutters.com/shutters/oak-park/,/,200,,already direct; unchanged
https://www.805shutters.com/shades/oak-park-ca/,/#about,200,,already direct; unchanged
https://www.805shutters.com/shades/oak-park-ca/,/,200,,already direct; unchanged
https://www.805shutters.com/blinds/oak-park-ca/,/#about,200,,already direct; unchanged
https://www.805shutters.com/blinds/oak-park-ca/,/,200,,already direct; unchanged
https://www.805shutters.com/drapery/oak-park-ca/,/#about,200,,already direct; unchanged
https://www.805shutters.com/drapery/oak-park-ca/,/,200,,already direct; unchanged
https://www.805shutters.com/window-coverings/oak-park-ca/,/#about,200,,already direct; unchanged
https://www.805shutters.com/window-coverings/oak-park-ca/,/,200,,already direct; unchanged
https://www.805shutters.com/window-treatments/oak-park-ca/,/#about,200,,already direct; unchanged
https://www.805shutters.com/window-treatments/oak-park-ca/,/,200,,already direct; unchanged
https://www.805shutters.com/shutters/ojai/,/#about,200,,already direct; unchanged
https://www.805shutters.com/shutters/ojai/,/,200,,already direct; unchanged
https://www.805shutters.com/shades/ojai-ca/,/#about,200,,already direct; unchanged
https://www.805shutters.com/shades/ojai-ca/,/,200,,already direct; unchanged
https://www.805shutters.com/blinds/ojai-ca/,/#about,200,,already direct; unchanged
https://www.805shutters.com/blinds/ojai-ca/,/,200,,already direct; unchanged
https://www.805shutters.com/drapery/ojai-ca/,/#about,200,,already direct; unchanged
https://www.805shutters.com/drapery/ojai-ca/,/,200,,already direct; unchanged
https://www.805shutters.com/window-coverings/ojai-ca/,/#about,200,,already direct; unchanged
https://www.805shutters.com/window-coverings/ojai-ca/,/,200,,already direct; unchanged
https://www.805shutters.com/window-treatments/ojai-ca/,/#about,200,,already direct; unchanged
https://www.805shutters.com/window-treatments/ojai-ca/,/,200,,already direct; unchanged
https://www.805shutters.com/shutters/oxnard/,/#about,200,,already direct; unchanged
https://www.805shutters.com/shutters/oxnard/,/,200,,already direct; unchanged
https://www.805shutters.com/shades/oxnard-ca/,/#about,200,,already direct; unchanged
https://www.805shutters.com/shades/oxnard-ca/,/,200,,already direct; unchanged
https://www.805shutters.com/blinds/oxnard-ca/,/#about,200,,already direct; unchanged
https://www.805shutters.com/blinds/oxnard-ca/,/,200,,already direct; unchanged
https://www.805shutters.com/drapery/oxnard-ca/,/#about,200,,already direct; unchanged
https://www.805shutters.com/drapery/oxnard-ca/,/,200,,already direct; unchanged
https://www.805shutters.com/window-coverings/oxnard-ca/,/#about,200,,already direct; unchanged
https://www.805shutters.com/window-coverings/oxnard-ca/,/,200,,already direct; unchanged
https://www.805shutters.com/window-treatments/oxnard-ca/,/#about,200,,already direct; unchanged
https://www.805shutters.com/window-treatments/oxnard-ca/,/,200,,already direct; unchanged
https://www.805shutters.com/shutters/port-hueneme/,/#about,200,,already direct; unchanged
https://www.805shutters.com/shutters/port-hueneme/,/,200,,already direct; unchanged
https://www.805shutters.com/shades/port-hueneme-ca/,/#about,200,,already direct; unchanged
https://www.805shutters.com/shades/port-hueneme-ca/,/,200,,already direct; unchanged
https://www.805shutters.com/blinds/port-hueneme-ca/,/#about,200,,already direct; unchanged
https://www.805shutters.com/blinds/port-hueneme-ca/,/,200,,already direct; unchanged
https://www.805shutters.com/drapery/port-hueneme-ca/,/#about,200,,already direct; unchanged
https://www.805shutters.com/drapery/port-hueneme-ca/,/,200,,already direct; unchanged
https://www.805shutters.com/window-coverings/port-hueneme-ca/,/#about,200,,already direct; unchanged
https://www.805shutters.com/window-coverings/port-hueneme-ca/,/,200,,already direct; unchanged
https://www.805shutters.com/window-treatments/port-hueneme-ca/,/#about,200,,already direct; unchanged
https://www.805shutters.com/window-treatments/port-hueneme-ca/,/,200,,already direct; unchanged
https://www.805shutters.com/shutters/santa-paula/,/#about,200,,already direct; unchanged
https://www.805shutters.com/shutters/santa-paula/,/,200,,already direct; unchanged
https://www.805shutters.com/shades/santa-paula-ca/,/#about,200,,already direct; unchanged
https://www.805shutters.com/shades/santa-paula-ca/,/,200,,already direct; unchanged
https://www.805shutters.com/blinds/santa-paula-ca/,/#about,200,,already direct; unchanged
https://www.805shutters.com/blinds/santa-paula-ca/,/,200,,already direct; unchanged
https://www.805shutters.com/drapery/santa-paula-ca/,/#about,200,,already direct; unchanged
https://www.805shutters.com/drapery/santa-paula-ca/,/,200,,already direct; unchanged
https://www.805shutters.com/window-coverings/santa-paula-ca/,/#about,200,,already direct; unchanged
https://www.805shutters.com/window-coverings/santa-paula-ca/,/,200,,already direct; unchanged
https://www.805shutters.com/window-treatments/santa-paula-ca/,/#about,200,,already direct; unchanged
https://www.805shutters.com/window-treatments/santa-paula-ca/,/,200,,already direct; unchanged
https://www.805shutters.com/shutters/santa-clarita/,/#about,200,,already direct; unchanged
https://www.805shutters.com/shutters/santa-clarita/,/,200,,already direct; unchanged
https://www.805shutters.com/shades/santa-clarita-ca/,/#about,200,,already direct; unchanged
https://www.805shutters.com/shades/santa-clarita-ca/,/,200,,already direct; unchanged
https://www.805shutters.com/blinds/santa-clarita-ca/,/#about,200,,already direct; unchanged
https://www.805shutters.com/blinds/santa-clarita-ca/,/,200,,already direct; unchanged
https://www.805shutters.com/drapery/santa-clarita-ca/,/#about,200,,already direct; unchanged
https://www.805shutters.com/drapery/santa-clarita-ca/,/,200,,already direct; unchanged
https://www.805shutters.com/window-coverings/santa-clarita-ca/,/#about,200,,already direct; unchanged
https://www.805shutters.com/window-coverings/santa-clarita-ca/,/,200,,already direct; unchanged
https://www.805shutters.com/window-treatments/santa-clarita-ca/,/#about,200,,already direct; unchanged
https://www.805shutters.com/window-treatments/santa-clarita-ca/,/,200,,already direct; unchanged
https://www.805shutters.com/shutters/santa-rosa-valley/,/#about,200,,already direct; unchanged
https://www.805shutters.com/shutters/santa-rosa-valley/,/,200,,already direct; unchanged
https://www.805shutters.com/shades/santa-rosa-valley-ca/,/#about,200,,already direct; unchanged
https://www.805shutters.com/shades/santa-rosa-valley-ca/,/,200,,already direct; unchanged
https://www.805shutters.com/blinds/santa-rosa-valley-ca/,/#about,200,,already direct; unchanged
https://www.805shutters.com/blinds/santa-rosa-valley-ca/,/,200,,already direct; unchanged
https://www.805shutters.com/drapery/santa-rosa-valley-ca/,/#about,200,,already direct; unchanged
https://www.805shutters.com/drapery/santa-rosa-valley-ca/,/,200,,already direct; unchanged
https://www.805shutters.com/window-coverings/santa-rosa-valley-ca/,/#about,200,,already direct; unchanged
https://www.805shutters.com/window-coverings/santa-rosa-valley-ca/,/,200,,already direct; unchanged
https://www.805shutters.com/window-treatments/santa-rosa-valley-ca/,/#about,200,,already direct; unchanged
https://www.805shutters.com/window-treatments/santa-rosa-valley-ca/,/,200,,already direct; unchanged
https://www.805shutters.com/shutters/simi-valley/,/#about,200,,already direct; unchanged
https://www.805shutters.com/shutters/simi-valley/,/,200,,already direct; unchanged
https://www.805shutters.com/shades/simi-valley-ca/,/#about,200,,already direct; unchanged
https://www.805shutters.com/shades/simi-valley-ca/,/,200,,already direct; unchanged
https://www.805shutters.com/blinds/simi-valley-ca/,/#about,200,,already direct; unchanged
https://www.805shutters.com/blinds/simi-valley-ca/,/,200,,already direct; unchanged
https://www.805shutters.com/drapery/simi-valley-ca/,/#about,200,,already direct; unchanged
https://www.805shutters.com/drapery/simi-valley-ca/,/,200,,already direct; unchanged
https://www.805shutters.com/window-coverings/simi-valley-ca/,/#about,200,,already direct; unchanged
https://www.805shutters.com/window-coverings/simi-valley-ca/,/,200,,already direct; unchanged
https://www.805shutters.com/window-treatments/simi-valley-ca/,/#about,200,,already direct; unchanged
https://www.805shutters.com/window-treatments/simi-valley-ca/,/,200,,already direct; unchanged
https://www.805shutters.com/shutters/thousand-oaks/,/#about,200,,already direct; unchanged
https://www.805shutters.com/shutters/thousand-oaks/,/,200,,already direct; unchanged
https://www.805shutters.com/shades/thousand-oaks-ca/,/#about,200,,already direct; unchanged
https://www.805shutters.com/shades/thousand-oaks-ca/,/,200,,already direct; unchanged
https://www.805shutters.com/blinds/thousand-oaks-ca/,/#about,200,,already direct; unchanged
https://www.805shutters.com/blinds/thousand-oaks-ca/,/,200,,already direct; unchanged
https://www.805shutters.com/drapery/thousand-oaks-ca/,/#about,200,,already direct; unchanged
https://www.805shutters.com/drapery/thousand-oaks-ca/,/,200,,already direct; unchanged
https://www.805shutters.com/window-coverings/thousand-oaks-ca/,/#about,200,,already direct; unchanged
https://www.805shutters.com/window-coverings/thousand-oaks-ca/,/,200,,already direct; unchanged
https://www.805shutters.com/window-treatments/thousand-oaks-ca/,/#about,200,,already direct; unchanged
https://www.805shutters.com/window-treatments/thousand-oaks-ca/,/,200,,already direct; unchanged
https://www.805shutters.com/shutters/ventura/,/#about,200,,already direct; unchanged
https://www.805shutters.com/shutters/ventura/,/,200,,already direct; unchanged
https://www.805shutters.com/shades/ventura-ca/,/#about,200,,already direct; unchanged
https://www.805shutters.com/shades/ventura-ca/,/,200,,already direct; unchanged
https://www.805shutters.com/blinds/ventura-ca/,/#about,200,,already direct; unchanged
https://www.805shutters.com/blinds/ventura-ca/,/,200,,already direct; unchanged
https://www.805shutters.com/drapery/ventura-ca/,/#about,200,,already direct; unchanged
https://www.805shutters.com/drapery/ventura-ca/,/,200,,already direct; unchanged
https://www.805shutters.com/window-coverings/ventura-ca/,/#about,200,,already direct; unchanged
https://www.805shutters.com/window-coverings/ventura-ca/,/,200,,already direct; unchanged
https://www.805shutters.com/window-treatments/ventura-ca/,/#about,200,,already direct; unchanged
https://www.805shutters.com/window-treatments/ventura-ca/,/,200,,already direct; unchanged
https://www.805shutters.com/shutters/westlake-village/,/#about,200,,already direct; unchanged
https://www.805shutters.com/shutters/westlake-village/,/,200,,already direct; unchanged
https://www.805shutters.com/shades/westlake-village-ca/,/#about,200,,already direct; unchanged
https://www.805shutters.com/shades/westlake-village-ca/,/,200,,already direct; unchanged
https://www.805shutters.com/blinds/westlake-village-ca/,/#about,200,,already direct; unchanged
https://www.805shutters.com/blinds/westlake-village-ca/,/,200,,already direct; unchanged
https://www.805shutters.com/drapery/westlake-village-ca/,/#about,200,,already direct; unchanged
https://www.805shutters.com/drapery/westlake-village-ca/,/,200,,already direct; unchanged
https://www.805shutters.com/window-coverings/westlake-village-ca/,/#about,200,,already direct; unchanged
https://www.805shutters.com/window-coverings/westlake-village-ca/,/,200,,already direct; unchanged
https://www.805shutters.com/window-treatments/westlake-village-ca/,/#about,200,,already direct; unchanged
https://www.805shutters.com/window-treatments/westlake-village-ca/,/,200,,already direct; unchanged
https://www.805shutters.com/commercial-window-coverings/camarillo-ca/,/#about,200,,already direct; unchanged
https://www.805shutters.com/commercial-window-coverings/camarillo-ca/,/,200,,already direct; unchanged
https://www.805shutters.com/commercial-window-coverings/fillmore-ca/,/#about,200,,already direct; unchanged
https://www.805shutters.com/commercial-window-coverings/fillmore-ca/,/,200,,already direct; unchanged
https://www.805shutters.com/commercial-window-coverings/moorpark-ca/,/#about,200,,already direct; unchanged
https://www.805shutters.com/commercial-window-coverings/moorpark-ca/,/,200,,already direct; unchanged
https://www.805shutters.com/commercial-window-coverings/newbury-park-ca/,/#about,200,,already direct; unchanged
https://www.805shutters.com/commercial-window-coverings/newbury-park-ca/,/,200,,already direct; unchanged
https://www.805shutters.com/commercial-window-coverings/oak-park-ca/,/#about,200,,already direct; unchanged
https://www.805shutters.com/commercial-window-coverings/oak-park-ca/,/,200,,already direct; unchanged
https://www.805shutters.com/commercial-window-coverings/ojai-ca/,/#about,200,,already direct; unchanged
https://www.805shutters.com/commercial-window-coverings/ojai-ca/,/,200,,already direct; unchanged
https://www.805shutters.com/commercial-window-coverings/oxnard-ca/,/#about,200,,already direct; unchanged
https://www.805shutters.com/commercial-window-coverings/oxnard-ca/,/,200,,already direct; unchanged
https://www.805shutters.com/commercial-window-coverings/port-hueneme-ca/,/#about,200,,already direct; unchanged
https://www.805shutters.com/commercial-window-coverings/port-hueneme-ca/,/,200,,already direct; unchanged
https://www.805shutters.com/commercial-window-coverings/santa-paula-ca/,/#about,200,,already direct; unchanged
https://www.805shutters.com/commercial-window-coverings/santa-paula-ca/,/,200,,already direct; unchanged
https://www.805shutters.com/commercial-window-coverings/santa-clarita-ca/,/#about,200,,already direct; unchanged
https://www.805shutters.com/commercial-window-coverings/santa-clarita-ca/,/,200,,already direct; unchanged
https://www.805shutters.com/commercial-window-coverings/santa-rosa-valley-ca/,/#about,200,,already direct; unchanged
https://www.805shutters.com/commercial-window-coverings/santa-rosa-valley-ca/,/,200,,already direct; unchanged
https://www.805shutters.com/commercial-window-coverings/simi-valley-ca/,/#about,200,,already direct; unchanged
https://www.805shutters.com/commercial-window-coverings/simi-valley-ca/,/,200,,already direct; unchanged
https://www.805shutters.com/commercial-window-coverings/thousand-oaks-ca/,/#about,200,,already direct; unchanged
https://www.805shutters.com/commercial-window-coverings/thousand-oaks-ca/,/,200,,already direct; unchanged
https://www.805shutters.com/commercial-window-coverings/ventura-ca/,/#about,200,,already direct; unchanged
https://www.805shutters.com/commercial-window-coverings/ventura-ca/,/,200,,already direct; unchanged
https://www.805shutters.com/commercial-window-coverings/westlake-village-ca/,/#about,200,,already direct; unchanged
https://www.805shutters.com/commercial-window-coverings/westlake-village-ca/,/,200,,already direct; unchanged
https://www.805shutters.com/blinds/ventura-county/,/#about,200,,already direct; unchanged
https://www.805shutters.com/blinds/ventura-county/,/,200,,already direct; unchanged
https://www.805shutters.com/window-treatments/camarillo/,/#about,200,,already direct; unchanged
https://www.805shutters.com/window-treatments/camarillo/,/,200,,already direct; unchanged
https://www.805shutters.com/ventura-county-window-treatments-camarillo-blinds-shades-shutters/,/#about,200,,already direct; unchanged
https://www.805shutters.com/ventura-county-window-treatments-camarillo-blinds-shades-shutters/,/,200,,already direct; unchanged
https://www.805shutters.com/shutters/plantation/,/#about,200,,already direct; unchanged
https://www.805shutters.com/shutters/plantation/,/,200,,already direct; unchanged
https://www.805shutters.com/shutters/interior-shutters-camarillo/,/#about,200,,already direct; unchanged
https://www.805shutters.com/shutters/interior-shutters-camarillo/,/,200,,already direct; unchanged
https://www.805shutters.com/shutters/wood-shutters-camarillo/,/#about,200,,already direct; unchanged
https://www.805shutters.com/shutters/wood-shutters-camarillo/,/,200,,already direct; unchanged
https://www.805shutters.com/recent-projects/sliding-door-shutters-ventura-county/,/#about,200,,already direct; unchanged
https://www.805shutters.com/recent-projects/sliding-door-shutters-ventura-county/,/,200,,already direct; unchanged
https://www.805shutters.com/recent-projects/roller-shades-large-window-ventura-county/,/#about,200,,already direct; unchanged
https://www.805shutters.com/recent-projects/roller-shades-large-window-ventura-county/,/,200,,already direct; unchanged
https://www.805shutters.com/recent-projects/layered-window-shades-ventura-county/,/#about,200,,already direct; unchanged
https://www.805shutters.com/recent-projects/layered-window-shades-ventura-county/,/,200,,already direct; unchanged
https://www.805shutters.com/recent-projects/arched-plantation-shutters-ventura-county/,/#about,200,,already direct; unchanged
https://www.805shutters.com/recent-projects/arched-plantation-shutters-ventura-county/,/,200,,already direct; unchanged
https://www.805shutters.com/recent-projects/dark-wood-plantation-shutters-ventura-county/,/#about,200,,already direct; unchanged
https://www.805shutters.com/recent-projects/dark-wood-plantation-shutters-ventura-county/,/,200,,already direct; unchanged
https://www.805shutters.com/recent-projects/plantation-shutters-ventura-county-project/,/#about,200,,already direct; unchanged
https://www.805shutters.com/recent-projects/plantation-shutters-ventura-county-project/,/,200,,already direct; unchanged
https://www.805shutters.com/best-window-treatments-ventura-county/,/#about,200,,already direct; unchanged
https://www.805shutters.com/best-window-treatments-ventura-county/,/,200,,already direct; unchanged
https://www.805shutters.com/plantation-shutters-vs-shades-ventura-county/,/#about,200,,already direct; unchanged
https://www.805shutters.com/plantation-shutters-vs-shades-ventura-county/,/,200,,already direct; unchanged
https://www.805shutters.com/custom-blinds-shades-shutters-camarillo/,/#about,200,,already direct; unchanged
https://www.805shutters.com/custom-blinds-shades-shutters-camarillo/,/,200,,already direct; unchanged
https://www.805shutters.com/commercial-roller-shades-ventura-county/,/#about,200,,already direct; unchanged
https://www.805shutters.com/commercial-roller-shades-ventura-county/,/,200,,already direct; unchanged
https://www.805shutters.com/sliding-door-window-treatments-ventura-county/,/#about,200,,already direct; unchanged
https://www.805shutters.com/sliding-door-window-treatments-ventura-county/,/,200,,already direct; unchanged
https://www.805shutters.com/motorized-window-shades-ventura-county/,/#about,200,,already direct; unchanged
https://www.805shutters.com/motorized-window-shades-ventura-county/,/,200,,already direct; unchanged
https://www.805shutters.com/coastal-window-treatments-ventura-county/,/#about,200,,already direct; unchanged
https://www.805shutters.com/coastal-window-treatments-ventura-county/,/,200,,already direct; unchanged
https://www.805shutters.com/window-treatment-installation-timeline-ventura-county/,/#about,200,,already direct; unchanged
https://www.805shutters.com/window-treatment-installation-timeline-ventura-county/,/,200,,already direct; unchanged
https://www.805shutters.com/window-treatment-cost-guide-ventura-county/,/#about,200,,already direct; unchanged
https://www.805shutters.com/window-treatment-cost-guide-ventura-county/,/,200,,already direct; unchanged
https://www.805shutters.com/custom-drapery-curtains-ventura-county/,/#about,200,,already direct; unchanged
https://www.805shutters.com/custom-drapery-curtains-ventura-county/,/,200,,already direct; unchanged
https://www.805shutters.com/shutters-near-me-ventura-county/,/#about,200,,already direct; unchanged
https://www.805shutters.com/shutters-near-me-ventura-county/,/,200,,already direct; unchanged
https://www.805shutters.com/blinds-near-me-ventura-county/,/#about,200,,already direct; unchanged
https://www.805shutters.com/blinds-near-me-ventura-county/,/,200,,already direct; unchanged
https://www.805shutters.com/window-shades-near-me-ventura-county/,/#about,200,,already direct; unchanged
https://www.805shutters.com/window-shades-near-me-ventura-county/,/,200,,already direct; unchanged
https://www.805shutters.com/window-treatment-company-near-me-ventura-county/,/#about,200,,already direct; unchanged
https://www.805shutters.com/window-treatment-company-near-me-ventura-county/,/,200,,already direct; unchanged
https://www.805shutters.com/window-treatment-comparison-guide/,/#about,200,,already direct; unchanged
https://www.805shutters.com/window-treatment-comparison-guide/,/,200,,already direct; unchanged
https://www.805shutters.com/book-consultation/,/#about,200,,already direct; unchanged
https://www.805shutters.com/book-consultation/,/,200,,already direct; unchanged
https://www.805shutters.com/book-consultation/,/,200,,already direct; unchanged
https://www.805shutters.com/official/,/#about,200,,already direct; unchanged
https://www.805shutters.com/official/,/,200,,already direct; unchanged
https://www.805shutters.com/,/blinds/,200,,already direct; unchanged
https://www.805shutters.com/,/blinds/,200,,already direct; unchanged
https://www.805shutters.com/,/blinds/,200,,already direct; unchanged
https://www.805shutters.com/shutters/,/blinds/,200,,already direct; unchanged
https://www.805shutters.com/shutters/,/blinds/,200,,already direct; unchanged
https://www.805shutters.com/shades/,/blinds/,200,,already direct; unchanged
https://www.805shutters.com/shades/,/blinds/,200,,already direct; unchanged
https://www.805shutters.com/blinds/,/blinds/,200,,already direct; unchanged
https://www.805shutters.com/blinds/,/blinds/,200,,already direct; unchanged
https://www.805shutters.com/drapery/,/blinds/,200,,already direct; unchanged
https://www.805shutters.com/drapery/,/blinds/,200,,already direct; unchanged
https://www.805shutters.com/exterior-shades/,/blinds/,200,,already direct; unchanged
https://www.805shutters.com/exterior-shades/,/blinds/,200,,already direct; unchanged
https://www.805shutters.com/window-treatments/,/blinds/,200,,already direct; unchanged
https://www.805shutters.com/window-treatments/,/blinds/,200,,already direct; unchanged
https://www.805shutters.com/window-treatments/,/blinds/,200,,already direct; unchanged
https://www.805shutters.com/window-coverings/,/blinds/,200,,already direct; unchanged
https://www.805shutters.com/window-coverings/,/blinds/,200,,already direct; unchanged
https://www.805shutters.com/window-coverings/,/blinds/,200,,already direct; unchanged
https://www.805shutters.com/commercial-window-coverings/,/blinds/,200,,already direct; unchanged
https://www.805shutters.com/commercial-window-coverings/,/blinds/,200,,already direct; unchanged
https://www.805shutters.com/commercial-roller-shades/,/blinds/,200,,already direct; unchanged
https://www.805shutters.com/commercial-roller-shades/,/blinds/,200,,already direct; unchanged
https://www.805shutters.com/about/,/blinds/,200,,already direct; unchanged
https://www.805shutters.com/about/,/blinds/,200,,already direct; unchanged
https://www.805shutters.com/contact/,/blinds/,200,,already direct; unchanged
https://www.805shutters.com/contact/,/blinds/,200,,already direct; unchanged
https://www.805shutters.com/free-window-treatment-consultation/,/blinds/,200,,already direct; unchanged
https://www.805shutters.com/free-window-treatment-consultation/,/blinds/,200,,already direct; unchanged
https://www.805shutters.com/free-window-treatment-consultation/,/blinds/,200,,already direct; unchanged
https://www.805shutters.com/financing/,/blinds/,200,,already direct; unchanged
https://www.805shutters.com/financing/,/blinds/,200,,already direct; unchanged
https://www.805shutters.com/faq/,/blinds/,200,,already direct; unchanged
https://www.805shutters.com/faq/,/blinds/,200,,already direct; unchanged
https://www.805shutters.com/gallery/,/blinds/,200,,already direct; unchanged
https://www.805shutters.com/gallery/,/blinds/,200,,already direct; unchanged
https://www.805shutters.com/reviews/,/blinds/,200,,already direct; unchanged
https://www.805shutters.com/reviews/,/blinds/,200,,already direct; unchanged
https://www.805shutters.com/reviews/,/blinds/,200,,already direct; unchanged
https://www.805shutters.com/recent-projects/,/blinds/,200,,already direct; unchanged
https://www.805shutters.com/recent-projects/,/blinds/,200,,already direct; unchanged
https://www.805shutters.com/shutters/camarillo/,/blinds/,200,,already direct; unchanged
https://www.805shutters.com/shutters/camarillo/,/blinds/,200,,already direct; unchanged
https://www.805shutters.com/shades/camarillo-ca/,/blinds/,200,,already direct; unchanged
https://www.805shutters.com/shades/camarillo-ca/,/blinds/,200,,already direct; unchanged
https://www.805shutters.com/blinds/camarillo-ca/,/blinds/,200,,already direct; unchanged
https://www.805shutters.com/blinds/camarillo-ca/,/blinds/,200,,already direct; unchanged
https://www.805shutters.com/blinds/camarillo-ca/,/blinds/,200,,already direct; unchanged
https://www.805shutters.com/drapery/camarillo-ca/,/blinds/,200,,already direct; unchanged
https://www.805shutters.com/drapery/camarillo-ca/,/blinds/,200,,already direct; unchanged
https://www.805shutters.com/window-coverings/camarillo-ca/,/blinds/,200,,already direct; unchanged
https://www.805shutters.com/window-coverings/camarillo-ca/,/blinds/,200,,already direct; unchanged
https://www.805shutters.com/window-treatments/camarillo-ca/,/blinds/,200,,already direct; unchanged
https://www.805shutters.com/window-treatments/camarillo-ca/,/blinds/,200,,already direct; unchanged
https://www.805shutters.com/shutters/fillmore/,/blinds/,200,,already direct; unchanged
https://www.805shutters.com/shutters/fillmore/,/blinds/,200,,already direct; unchanged
https://www.805shutters.com/shades/fillmore-ca/,/blinds/,200,,already direct; unchanged
https://www.805shutters.com/shades/fillmore-ca/,/blinds/,200,,already direct; unchanged
https://www.805shutters.com/blinds/fillmore-ca/,/blinds/,200,,already direct; unchanged
https://www.805shutters.com/blinds/fillmore-ca/,/blinds/,200,,already direct; unchanged
https://www.805shutters.com/drapery/fillmore-ca/,/blinds/,200,,already direct; unchanged
https://www.805shutters.com/drapery/fillmore-ca/,/blinds/,200,,already direct; unchanged
https://www.805shutters.com/window-coverings/fillmore-ca/,/blinds/,200,,already direct; unchanged
https://www.805shutters.com/window-coverings/fillmore-ca/,/blinds/,200,,already direct; unchanged
https://www.805shutters.com/window-treatments/fillmore-ca/,/blinds/,200,,already direct; unchanged
https://www.805shutters.com/window-treatments/fillmore-ca/,/blinds/,200,,already direct; unchanged
https://www.805shutters.com/shutters/moorpark/,/blinds/,200,,already direct; unchanged
https://www.805shutters.com/shutters/moorpark/,/blinds/,200,,already direct; unchanged
https://www.805shutters.com/shades/moorpark-ca/,/blinds/,200,,already direct; unchanged
https://www.805shutters.com/shades/moorpark-ca/,/blinds/,200,,already direct; unchanged
https://www.805shutters.com/blinds/moorpark-ca/,/blinds/,200,,already direct; unchanged
https://www.805shutters.com/blinds/moorpark-ca/,/blinds/,200,,already direct; unchanged
https://www.805shutters.com/drapery/moorpark-ca/,/blinds/,200,,already direct; unchanged
https://www.805shutters.com/drapery/moorpark-ca/,/blinds/,200,,already direct; unchanged
https://www.805shutters.com/window-coverings/moorpark-ca/,/blinds/,200,,already direct; unchanged
https://www.805shutters.com/window-coverings/moorpark-ca/,/blinds/,200,,already direct; unchanged
https://www.805shutters.com/window-treatments/moorpark-ca/,/blinds/,200,,already direct; unchanged
https://www.805shutters.com/window-treatments/moorpark-ca/,/blinds/,200,,already direct; unchanged
https://www.805shutters.com/shutters/newbury-park/,/blinds/,200,,already direct; unchanged
https://www.805shutters.com/shutters/newbury-park/,/blinds/,200,,already direct; unchanged
https://www.805shutters.com/shades/newbury-park-ca/,/blinds/,200,,already direct; unchanged
https://www.805shutters.com/shades/newbury-park-ca/,/blinds/,200,,already direct; unchanged
https://www.805shutters.com/blinds/newbury-park-ca/,/blinds/,200,,already direct; unchanged
https://www.805shutters.com/blinds/newbury-park-ca/,/blinds/,200,,already direct; unchanged
https://www.805shutters.com/drapery/newbury-park-ca/,/blinds/,200,,already direct; unchanged
https://www.805shutters.com/drapery/newbury-park-ca/,/blinds/,200,,already direct; unchanged
https://www.805shutters.com/window-coverings/newbury-park-ca/,/blinds/,200,,already direct; unchanged
https://www.805shutters.com/window-coverings/newbury-park-ca/,/blinds/,200,,already direct; unchanged
https://www.805shutters.com/window-treatments/newbury-park-ca/,/blinds/,200,,already direct; unchanged
https://www.805shutters.com/window-treatments/newbury-park-ca/,/blinds/,200,,already direct; unchanged
https://www.805shutters.com/shutters/oak-park/,/blinds/,200,,already direct; unchanged
https://www.805shutters.com/shutters/oak-park/,/blinds/,200,,already direct; unchanged
https://www.805shutters.com/shades/oak-park-ca/,/blinds/,200,,already direct; unchanged
https://www.805shutters.com/shades/oak-park-ca/,/blinds/,200,,already direct; unchanged
https://www.805shutters.com/blinds/oak-park-ca/,/blinds/,200,,already direct; unchanged
https://www.805shutters.com/blinds/oak-park-ca/,/blinds/,200,,already direct; unchanged
https://www.805shutters.com/drapery/oak-park-ca/,/blinds/,200,,already direct; unchanged
https://www.805shutters.com/drapery/oak-park-ca/,/blinds/,200,,already direct; unchanged
https://www.805shutters.com/window-coverings/oak-park-ca/,/blinds/,200,,already direct; unchanged
https://www.805shutters.com/window-coverings/oak-park-ca/,/blinds/,200,,already direct; unchanged
https://www.805shutters.com/window-treatments/oak-park-ca/,/blinds/,200,,already direct; unchanged
https://www.805shutters.com/window-treatments/oak-park-ca/,/blinds/,200,,already direct; unchanged
https://www.805shutters.com/shutters/ojai/,/blinds/,200,,already direct; unchanged
https://www.805shutters.com/shutters/ojai/,/blinds/,200,,already direct; unchanged
https://www.805shutters.com/shades/ojai-ca/,/blinds/,200,,already direct; unchanged
https://www.805shutters.com/shades/ojai-ca/,/blinds/,200,,already direct; unchanged
https://www.805shutters.com/blinds/ojai-ca/,/blinds/,200,,already direct; unchanged
https://www.805shutters.com/blinds/ojai-ca/,/blinds/,200,,already direct; unchanged
https://www.805shutters.com/drapery/ojai-ca/,/blinds/,200,,already direct; unchanged
https://www.805shutters.com/drapery/ojai-ca/,/blinds/,200,,already direct; unchanged
https://www.805shutters.com/window-coverings/ojai-ca/,/blinds/,200,,already direct; unchanged
https://www.805shutters.com/window-coverings/ojai-ca/,/blinds/,200,,already direct; unchanged
https://www.805shutters.com/window-treatments/ojai-ca/,/blinds/,200,,already direct; unchanged
https://www.805shutters.com/window-treatments/ojai-ca/,/blinds/,200,,already direct; unchanged
https://www.805shutters.com/shutters/oxnard/,/blinds/,200,,already direct; unchanged
https://www.805shutters.com/shutters/oxnard/,/blinds/,200,,already direct; unchanged
https://www.805shutters.com/shades/oxnard-ca/,/blinds/,200,,already direct; unchanged
https://www.805shutters.com/shades/oxnard-ca/,/blinds/,200,,already direct; unchanged
https://www.805shutters.com/blinds/oxnard-ca/,/blinds/,200,,already direct; unchanged
https://www.805shutters.com/blinds/oxnard-ca/,/blinds/,200,,already direct; unchanged
https://www.805shutters.com/drapery/oxnard-ca/,/blinds/,200,,already direct; unchanged
https://www.805shutters.com/drapery/oxnard-ca/,/blinds/,200,,already direct; unchanged
https://www.805shutters.com/window-coverings/oxnard-ca/,/blinds/,200,,already direct; unchanged
https://www.805shutters.com/window-coverings/oxnard-ca/,/blinds/,200,,already direct; unchanged
https://www.805shutters.com/window-treatments/oxnard-ca/,/blinds/,200,,already direct; unchanged
https://www.805shutters.com/window-treatments/oxnard-ca/,/blinds/,200,,already direct; unchanged
https://www.805shutters.com/shutters/port-hueneme/,/blinds/,200,,already direct; unchanged
https://www.805shutters.com/shutters/port-hueneme/,/blinds/,200,,already direct; unchanged
https://www.805shutters.com/shades/port-hueneme-ca/,/blinds/,200,,already direct; unchanged
https://www.805shutters.com/shades/port-hueneme-ca/,/blinds/,200,,already direct; unchanged
https://www.805shutters.com/blinds/port-hueneme-ca/,/blinds/,200,,already direct; unchanged
https://www.805shutters.com/blinds/port-hueneme-ca/,/blinds/,200,,already direct; unchanged
https://www.805shutters.com/drapery/port-hueneme-ca/,/blinds/,200,,already direct; unchanged
https://www.805shutters.com/drapery/port-hueneme-ca/,/blinds/,200,,already direct; unchanged
https://www.805shutters.com/window-coverings/port-hueneme-ca/,/blinds/,200,,already direct; unchanged
https://www.805shutters.com/window-coverings/port-hueneme-ca/,/blinds/,200,,already direct; unchanged
https://www.805shutters.com/window-treatments/port-hueneme-ca/,/blinds/,200,,already direct; unchanged
https://www.805shutters.com/window-treatments/port-hueneme-ca/,/blinds/,200,,already direct; unchanged
https://www.805shutters.com/shutters/santa-paula/,/blinds/,200,,already direct; unchanged
https://www.805shutters.com/shutters/santa-paula/,/blinds/,200,,already direct; unchanged
https://www.805shutters.com/shades/santa-paula-ca/,/blinds/,200,,already direct; unchanged
https://www.805shutters.com/shades/santa-paula-ca/,/blinds/,200,,already direct; unchanged
https://www.805shutters.com/blinds/santa-paula-ca/,/blinds/,200,,already direct; unchanged
https://www.805shutters.com/blinds/santa-paula-ca/,/blinds/,200,,already direct; unchanged
https://www.805shutters.com/drapery/santa-paula-ca/,/blinds/,200,,already direct; unchanged
https://www.805shutters.com/drapery/santa-paula-ca/,/blinds/,200,,already direct; unchanged
https://www.805shutters.com/window-coverings/santa-paula-ca/,/blinds/,200,,already direct; unchanged
https://www.805shutters.com/window-coverings/santa-paula-ca/,/blinds/,200,,already direct; unchanged
https://www.805shutters.com/window-treatments/santa-paula-ca/,/blinds/,200,,already direct; unchanged
https://www.805shutters.com/window-treatments/santa-paula-ca/,/blinds/,200,,already direct; unchanged
https://www.805shutters.com/shutters/santa-clarita/,/blinds/,200,,already direct; unchanged
https://www.805shutters.com/shutters/santa-clarita/,/blinds/,200,,already direct; unchanged
https://www.805shutters.com/shades/santa-clarita-ca/,/blinds/,200,,already direct; unchanged
https://www.805shutters.com/shades/santa-clarita-ca/,/blinds/,200,,already direct; unchanged
https://www.805shutters.com/blinds/santa-clarita-ca/,/blinds/,200,,already direct; unchanged
https://www.805shutters.com/blinds/santa-clarita-ca/,/blinds/,200,,already direct; unchanged
https://www.805shutters.com/drapery/santa-clarita-ca/,/blinds/,200,,already direct; unchanged
https://www.805shutters.com/drapery/santa-clarita-ca/,/blinds/,200,,already direct; unchanged
https://www.805shutters.com/window-coverings/santa-clarita-ca/,/blinds/,200,,already direct; unchanged
https://www.805shutters.com/window-coverings/santa-clarita-ca/,/blinds/,200,,already direct; unchanged
https://www.805shutters.com/window-treatments/santa-clarita-ca/,/blinds/,200,,already direct; unchanged
https://www.805shutters.com/window-treatments/santa-clarita-ca/,/blinds/,200,,already direct; unchanged
https://www.805shutters.com/shutters/santa-rosa-valley/,/blinds/,200,,already direct; unchanged
https://www.805shutters.com/shutters/santa-rosa-valley/,/blinds/,200,,already direct; unchanged
https://www.805shutters.com/shades/santa-rosa-valley-ca/,/blinds/,200,,already direct; unchanged
https://www.805shutters.com/shades/santa-rosa-valley-ca/,/blinds/,200,,already direct; unchanged
https://www.805shutters.com/blinds/santa-rosa-valley-ca/,/blinds/,200,,already direct; unchanged
https://www.805shutters.com/blinds/santa-rosa-valley-ca/,/blinds/,200,,already direct; unchanged
https://www.805shutters.com/drapery/santa-rosa-valley-ca/,/blinds/,200,,already direct; unchanged
https://www.805shutters.com/drapery/santa-rosa-valley-ca/,/blinds/,200,,already direct; unchanged
https://www.805shutters.com/window-coverings/santa-rosa-valley-ca/,/blinds/,200,,already direct; unchanged
https://www.805shutters.com/window-coverings/santa-rosa-valley-ca/,/blinds/,200,,already direct; unchanged
https://www.805shutters.com/window-treatments/santa-rosa-valley-ca/,/blinds/,200,,already direct; unchanged
https://www.805shutters.com/window-treatments/santa-rosa-valley-ca/,/blinds/,200,,already direct; unchanged
https://www.805shutters.com/shutters/simi-valley/,/blinds/,200,,already direct; unchanged
https://www.805shutters.com/shutters/simi-valley/,/blinds/,200,,already direct; unchanged
https://www.805shutters.com/shades/simi-valley-ca/,/blinds/,200,,already direct; unchanged
https://www.805shutters.com/shades/simi-valley-ca/,/blinds/,200,,already direct; unchanged
https://www.805shutters.com/blinds/simi-valley-ca/,/blinds/,200,,already direct; unchanged
https://www.805shutters.com/blinds/simi-valley-ca/,/blinds/,200,,already direct; unchanged
https://www.805shutters.com/drapery/simi-valley-ca/,/blinds/,200,,already direct; unchanged
https://www.805shutters.com/drapery/simi-valley-ca/,/blinds/,200,,already direct; unchanged
https://www.805shutters.com/window-coverings/simi-valley-ca/,/blinds/,200,,already direct; unchanged
https://www.805shutters.com/window-coverings/simi-valley-ca/,/blinds/,200,,already direct; unchanged
https://www.805shutters.com/window-treatments/simi-valley-ca/,/blinds/,200,,already direct; unchanged
https://www.805shutters.com/window-treatments/simi-valley-ca/,/blinds/,200,,already direct; unchanged
https://www.805shutters.com/shutters/thousand-oaks/,/blinds/,200,,already direct; unchanged
https://www.805shutters.com/shutters/thousand-oaks/,/blinds/,200,,already direct; unchanged
https://www.805shutters.com/shades/thousand-oaks-ca/,/blinds/,200,,already direct; unchanged
https://www.805shutters.com/shades/thousand-oaks-ca/,/blinds/,200,,already direct; unchanged
https://www.805shutters.com/blinds/thousand-oaks-ca/,/blinds/,200,,already direct; unchanged
https://www.805shutters.com/blinds/thousand-oaks-ca/,/blinds/,200,,already direct; unchanged
https://www.805shutters.com/drapery/thousand-oaks-ca/,/blinds/,200,,already direct; unchanged
https://www.805shutters.com/drapery/thousand-oaks-ca/,/blinds/,200,,already direct; unchanged
https://www.805shutters.com/window-coverings/thousand-oaks-ca/,/blinds/,200,,already direct; unchanged
https://www.805shutters.com/window-coverings/thousand-oaks-ca/,/blinds/,200,,already direct; unchanged
https://www.805shutters.com/window-treatments/thousand-oaks-ca/,/blinds/,200,,already direct; unchanged
https://www.805shutters.com/window-treatments/thousand-oaks-ca/,/blinds/,200,,already direct; unchanged
https://www.805shutters.com/shutters/ventura/,/blinds/,200,,already direct; unchanged
https://www.805shutters.com/shutters/ventura/,/blinds/,200,,already direct; unchanged
https://www.805shutters.com/shades/ventura-ca/,/blinds/,200,,already direct; unchanged
https://www.805shutters.com/shades/ventura-ca/,/blinds/,200,,already direct; unchanged
https://www.805shutters.com/blinds/ventura-ca/,/blinds/,200,,already direct; unchanged
https://www.805shutters.com/blinds/ventura-ca/,/blinds/,200,,already direct; unchanged
https://www.805shutters.com/drapery/ventura-ca/,/blinds/,200,,already direct; unchanged
https://www.805shutters.com/drapery/ventura-ca/,/blinds/,200,,already direct; unchanged
https://www.805shutters.com/window-coverings/ventura-ca/,/blinds/,200,,already direct; unchanged
https://www.805shutters.com/window-coverings/ventura-ca/,/blinds/,200,,already direct; unchanged
https://www.805shutters.com/window-treatments/ventura-ca/,/blinds/,200,,already direct; unchanged
https://www.805shutters.com/window-treatments/ventura-ca/,/blinds/,200,,already direct; unchanged
https://www.805shutters.com/shutters/westlake-village/,/blinds/,200,,already direct; unchanged
https://www.805shutters.com/shutters/westlake-village/,/blinds/,200,,already direct; unchanged
https://www.805shutters.com/shades/westlake-village-ca/,/blinds/,200,,already direct; unchanged
https://www.805shutters.com/shades/westlake-village-ca/,/blinds/,200,,already direct; unchanged
https://www.805shutters.com/blinds/westlake-village-ca/,/blinds/,200,,already direct; unchanged
https://www.805shutters.com/blinds/westlake-village-ca/,/blinds/,200,,already direct; unchanged
https://www.805shutters.com/drapery/westlake-village-ca/,/blinds/,200,,already direct; unchanged
https://www.805shutters.com/drapery/westlake-village-ca/,/blinds/,200,,already direct; unchanged
https://www.805shutters.com/window-coverings/westlake-village-ca/,/blinds/,200,,already direct; unchanged
https://www.805shutters.com/window-coverings/westlake-village-ca/,/blinds/,200,,already direct; unchanged
https://www.805shutters.com/window-treatments/westlake-village-ca/,/blinds/,200,,already direct; unchanged
https://www.805shutters.com/window-treatments/westlake-village-ca/,/blinds/,200,,already direct; unchanged
https://www.805shutters.com/commercial-window-coverings/camarillo-ca/,/blinds/,200,,already direct; unchanged
https://www.805shutters.com/commercial-window-coverings/camarillo-ca/,/blinds/,200,,already direct; unchanged
https://www.805shutters.com/commercial-window-coverings/fillmore-ca/,/blinds/,200,,already direct; unchanged
https://www.805shutters.com/commercial-window-coverings/fillmore-ca/,/blinds/,200,,already direct; unchanged
https://www.805shutters.com/commercial-window-coverings/moorpark-ca/,/blinds/,200,,already direct; unchanged
https://www.805shutters.com/commercial-window-coverings/moorpark-ca/,/blinds/,200,,already direct; unchanged
https://www.805shutters.com/commercial-window-coverings/newbury-park-ca/,/blinds/,200,,already direct; unchanged
https://www.805shutters.com/commercial-window-coverings/newbury-park-ca/,/blinds/,200,,already direct; unchanged
https://www.805shutters.com/commercial-window-coverings/oak-park-ca/,/blinds/,200,,already direct; unchanged
https://www.805shutters.com/commercial-window-coverings/oak-park-ca/,/blinds/,200,,already direct; unchanged
https://www.805shutters.com/commercial-window-coverings/ojai-ca/,/blinds/,200,,already direct; unchanged
https://www.805shutters.com/commercial-window-coverings/ojai-ca/,/blinds/,200,,already direct; unchanged
https://www.805shutters.com/commercial-window-coverings/oxnard-ca/,/blinds/,200,,already direct; unchanged
https://www.805shutters.com/commercial-window-coverings/oxnard-ca/,/blinds/,200,,already direct; unchanged
https://www.805shutters.com/commercial-window-coverings/port-hueneme-ca/,/blinds/,200,,already direct; unchanged
https://www.805shutters.com/commercial-window-coverings/port-hueneme-ca/,/blinds/,200,,already direct; unchanged
https://www.805shutters.com/commercial-window-coverings/santa-paula-ca/,/blinds/,200,,already direct; unchanged
https://www.805shutters.com/commercial-window-coverings/santa-paula-ca/,/blinds/,200,,already direct; unchanged
https://www.805shutters.com/commercial-window-coverings/santa-clarita-ca/,/blinds/,200,,already direct; unchanged
https://www.805shutters.com/commercial-window-coverings/santa-clarita-ca/,/blinds/,200,,already direct; unchanged
https://www.805shutters.com/commercial-window-coverings/santa-rosa-valley-ca/,/blinds/,200,,already direct; unchanged
https://www.805shutters.com/commercial-window-coverings/santa-rosa-valley-ca/,/blinds/,200,,already direct; unchanged
https://www.805shutters.com/commercial-window-coverings/simi-valley-ca/,/blinds/,200,,already direct; unchanged
https://www.805shutters.com/commercial-window-coverings/simi-valley-ca/,/blinds/,200,,already direct; unchanged
https://www.805shutters.com/commercial-window-coverings/thousand-oaks-ca/,/blinds/,200,,already direct; unchanged
https://www.805shutters.com/commercial-window-coverings/thousand-oaks-ca/,/blinds/,200,,already direct; unchanged
https://www.805shutters.com/commercial-window-coverings/ventura-ca/,/blinds/,200,,already direct; unchanged
https://www.805shutters.com/commercial-window-coverings/ventura-ca/,/blinds/,200,,already direct; unchanged
https://www.805shutters.com/commercial-window-coverings/westlake-village-ca/,/blinds/,200,,already direct; unchanged
https://www.805shutters.com/commercial-window-coverings/westlake-village-ca/,/blinds/,200,,already direct; unchanged
https://www.805shutters.com/blinds/ventura-county/,/blinds/,200,,already direct; unchanged
https://www.805shutters.com/blinds/ventura-county/,/blinds/,200,,already direct; unchanged
https://www.805shutters.com/blinds/ventura-county/,/blinds/,200,,already direct; unchanged
https://www.805shutters.com/window-treatments/camarillo/,/blinds/,200,,already direct; unchanged
https://www.805shutters.com/window-treatments/camarillo/,/blinds/,200,,already direct; unchanged
https://www.805shutters.com/ventura-county-window-treatments-camarillo-blinds-shades-shutters/,/blinds/,200,,already direct; unchanged
https://www.805shutters.com/ventura-county-window-treatments-camarillo-blinds-shades-shutters/,/blinds/,200,,already direct; unchanged
https://www.805shutters.com/shutters/plantation/,/blinds/,200,,already direct; unchanged
https://www.805shutters.com/shutters/plantation/,/blinds/,200,,already direct; unchanged
https://www.805shutters.com/shutters/interior-shutters-camarillo/,/blinds/,200,,already direct; unchanged
https://www.805shutters.com/shutters/interior-shutters-camarillo/,/blinds/,200,,already direct; unchanged
https://www.805shutters.com/shutters/wood-shutters-camarillo/,/blinds/,200,,already direct; unchanged
https://www.805shutters.com/shutters/wood-shutters-camarillo/,/blinds/,200,,already direct; unchanged
https://www.805shutters.com/recent-projects/sliding-door-shutters-ventura-county/,/blinds/,200,,already direct; unchanged
https://www.805shutters.com/recent-projects/sliding-door-shutters-ventura-county/,/blinds/,200,,already direct; unchanged
https://www.805shutters.com/recent-projects/roller-shades-large-window-ventura-county/,/blinds/,200,,already direct; unchanged
https://www.805shutters.com/recent-projects/roller-shades-large-window-ventura-county/,/blinds/,200,,already direct; unchanged
https://www.805shutters.com/recent-projects/layered-window-shades-ventura-county/,/blinds/,200,,already direct; unchanged
https://www.805shutters.com/recent-projects/layered-window-shades-ventura-county/,/blinds/,200,,already direct; unchanged
https://www.805shutters.com/recent-projects/arched-plantation-shutters-ventura-county/,/blinds/,200,,already direct; unchanged
https://www.805shutters.com/recent-projects/arched-plantation-shutters-ventura-county/,/blinds/,200,,already direct; unchanged
https://www.805shutters.com/recent-projects/dark-wood-plantation-shutters-ventura-county/,/blinds/,200,,already direct; unchanged
https://www.805shutters.com/recent-projects/dark-wood-plantation-shutters-ventura-county/,/blinds/,200,,already direct; unchanged
https://www.805shutters.com/recent-projects/plantation-shutters-ventura-county-project/,/blinds/,200,,already direct; unchanged
https://www.805shutters.com/recent-projects/plantation-shutters-ventura-county-project/,/blinds/,200,,already direct; unchanged
https://www.805shutters.com/best-window-treatments-ventura-county/,/blinds/,200,,already direct; unchanged
https://www.805shutters.com/best-window-treatments-ventura-county/,/blinds/,200,,already direct; unchanged
https://www.805shutters.com/best-window-treatments-ventura-county/,/blinds/,200,,already direct; unchanged
https://www.805shutters.com/plantation-shutters-vs-shades-ventura-county/,/blinds/,200,,already direct; unchanged
https://www.805shutters.com/plantation-shutters-vs-shades-ventura-county/,/blinds/,200,,already direct; unchanged
https://www.805shutters.com/custom-blinds-shades-shutters-camarillo/,/blinds/,200,,already direct; unchanged
https://www.805shutters.com/custom-blinds-shades-shutters-camarillo/,/blinds/,200,,already direct; unchanged
https://www.805shutters.com/commercial-roller-shades-ventura-county/,/blinds/,200,,already direct; unchanged
https://www.805shutters.com/commercial-roller-shades-ventura-county/,/blinds/,200,,already direct; unchanged
https://www.805shutters.com/sliding-door-window-treatments-ventura-county/,/blinds/,200,,already direct; unchanged
https://www.805shutters.com/sliding-door-window-treatments-ventura-county/,/blinds/,200,,already direct; unchanged
https://www.805shutters.com/sliding-door-window-treatments-ventura-county/,/blinds/,200,,already direct; unchanged
https://www.805shutters.com/motorized-window-shades-ventura-county/,/blinds/,200,,already direct; unchanged
https://www.805shutters.com/motorized-window-shades-ventura-county/,/blinds/,200,,already direct; unchanged
https://www.805shutters.com/coastal-window-treatments-ventura-county/,/blinds/,200,,already direct; unchanged
https://www.805shutters.com/coastal-window-treatments-ventura-county/,/blinds/,200,,already direct; unchanged
https://www.805shutters.com/window-treatment-installation-timeline-ventura-county/,/blinds/,200,,already direct; unchanged
https://www.805shutters.com/window-treatment-installation-timeline-ventura-county/,/blinds/,200,,already direct; unchanged
https://www.805shutters.com/window-treatment-cost-guide-ventura-county/,/blinds/,200,,already direct; unchanged
https://www.805shutters.com/window-treatment-cost-guide-ventura-county/,/blinds/,200,,already direct; unchanged
https://www.805shutters.com/custom-drapery-curtains-ventura-county/,/blinds/,200,,already direct; unchanged
https://www.805shutters.com/custom-drapery-curtains-ventura-county/,/blinds/,200,,already direct; unchanged
https://www.805shutters.com/shutters-near-me-ventura-county/,/blinds/,200,,already direct; unchanged
https://www.805shutters.com/shutters-near-me-ventura-county/,/blinds/,200,,already direct; unchanged
https://www.805shutters.com/blinds-near-me-ventura-county/,/blinds/,200,,already direct; unchanged
https://www.805shutters.com/blinds-near-me-ventura-county/,/blinds/,200,,already direct; unchanged
https://www.805shutters.com/blinds-near-me-ventura-county/,/blinds/,200,,already direct; unchanged
https://www.805shutters.com/window-shades-near-me-ventura-county/,/blinds/,200,,already direct; unchanged
https://www.805shutters.com/window-shades-near-me-ventura-county/,/blinds/,200,,already direct; unchanged
https://www.805shutters.com/window-treatment-company-near-me-ventura-county/,/blinds/,200,,already direct; unchanged
https://www.805shutters.com/window-treatment-company-near-me-ventura-county/,/blinds/,200,,already direct; unchanged
https://www.805shutters.com/window-treatment-comparison-guide/,/blinds/,200,,already direct; unchanged
https://www.805shutters.com/window-treatment-comparison-guide/,/blinds/,200,,already direct; unchanged
https://www.805shutters.com/window-treatment-comparison-guide/,/blinds/,200,,already direct; unchanged
https://www.805shutters.com/book-consultation/,/blinds/,200,,already direct; unchanged
https://www.805shutters.com/book-consultation/,/blinds/,200,,already direct; unchanged
https://www.805shutters.com/official/,/blinds/,200,,already direct; unchanged
https://www.805shutters.com/official/,/blinds/,200,,already direct; unchanged
https://www.805shutters.com/,/shades/,200,,already direct; unchanged
https://www.805shutters.com/,/shades/,200,,already direct; unchanged
https://www.805shutters.com/,/shades/,200,,already direct; unchanged
https://www.805shutters.com/shutters/,/shades/,200,,already direct; unchanged
https://www.805shutters.com/shutters/,/shades/,200,,already direct; unchanged
https://www.805shutters.com/shades/,/shades/,200,,already direct; unchanged
https://www.805shutters.com/shades/,/shades/,200,,already direct; unchanged
https://www.805shutters.com/blinds/,/shades/,200,,already direct; unchanged
https://www.805shutters.com/blinds/,/shades/,200,,already direct; unchanged
https://www.805shutters.com/drapery/,/shades/,200,,already direct; unchanged
https://www.805shutters.com/drapery/,/shades/,200,,already direct; unchanged
https://www.805shutters.com/drapery/,/shades/,200,,already direct; unchanged
https://www.805shutters.com/exterior-shades/,/shades/,200,,already direct; unchanged
https://www.805shutters.com/exterior-shades/,/shades/,200,,already direct; unchanged
https://www.805shutters.com/exterior-shades/,/shades/,200,,already direct; unchanged
https://www.805shutters.com/window-treatments/,/shades/,200,,already direct; unchanged
https://www.805shutters.com/window-treatments/,/shades/,200,,already direct; unchanged
https://www.805shutters.com/window-treatments/,/shades/,200,,already direct; unchanged
https://www.805shutters.com/window-coverings/,/shades/,200,,already direct; unchanged
https://www.805shutters.com/window-coverings/,/shades/,200,,already direct; unchanged
https://www.805shutters.com/window-coverings/,/shades/,200,,already direct; unchanged
https://www.805shutters.com/commercial-window-coverings/,/shades/,200,,already direct; unchanged
https://www.805shutters.com/commercial-window-coverings/,/shades/,200,,already direct; unchanged
https://www.805shutters.com/commercial-roller-shades/,/shades/,200,,already direct; unchanged
https://www.805shutters.com/commercial-roller-shades/,/shades/,200,,already direct; unchanged
https://www.805shutters.com/commercial-roller-shades/,/shades/,200,,already direct; unchanged
https://www.805shutters.com/about/,/shades/,200,,already direct; unchanged
https://www.805shutters.com/about/,/shades/,200,,already direct; unchanged
https://www.805shutters.com/contact/,/shades/,200,,already direct; unchanged
https://www.805shutters.com/contact/,/shades/,200,,already direct; unchanged
https://www.805shutters.com/free-window-treatment-consultation/,/shades/,200,,already direct; unchanged
https://www.805shutters.com/free-window-treatment-consultation/,/shades/,200,,already direct; unchanged
https://www.805shutters.com/free-window-treatment-consultation/,/shades/,200,,already direct; unchanged
https://www.805shutters.com/financing/,/shades/,200,,already direct; unchanged
https://www.805shutters.com/financing/,/shades/,200,,already direct; unchanged
https://www.805shutters.com/faq/,/shades/,200,,already direct; unchanged
https://www.805shutters.com/faq/,/shades/,200,,already direct; unchanged
https://www.805shutters.com/gallery/,/shades/,200,,already direct; unchanged
https://www.805shutters.com/gallery/,/shades/,200,,already direct; unchanged
https://www.805shutters.com/reviews/,/shades/,200,,already direct; unchanged
https://www.805shutters.com/reviews/,/shades/,200,,already direct; unchanged
https://www.805shutters.com/reviews/,/shades/,200,,already direct; unchanged
https://www.805shutters.com/recent-projects/,/shades/,200,,already direct; unchanged
https://www.805shutters.com/recent-projects/,/shades/,200,,already direct; unchanged
https://www.805shutters.com/shutters/camarillo/,/shades/,200,,already direct; unchanged
https://www.805shutters.com/shutters/camarillo/,/shades/,200,,already direct; unchanged
https://www.805shutters.com/shades/camarillo-ca/,/shades/,200,,already direct; unchanged
https://www.805shutters.com/shades/camarillo-ca/,/shades/,200,,already direct; unchanged
https://www.805shutters.com/shades/camarillo-ca/,/shades/,200,,already direct; unchanged
https://www.805shutters.com/blinds/camarillo-ca/,/shades/,200,,already direct; unchanged
https://www.805shutters.com/blinds/camarillo-ca/,/shades/,200,,already direct; unchanged
https://www.805shutters.com/drapery/camarillo-ca/,/shades/,200,,already direct; unchanged
https://www.805shutters.com/drapery/camarillo-ca/,/shades/,200,,already direct; unchanged
https://www.805shutters.com/window-coverings/camarillo-ca/,/shades/,200,,already direct; unchanged
https://www.805shutters.com/window-coverings/camarillo-ca/,/shades/,200,,already direct; unchanged
https://www.805shutters.com/window-treatments/camarillo-ca/,/shades/,200,,already direct; unchanged
https://www.805shutters.com/window-treatments/camarillo-ca/,/shades/,200,,already direct; unchanged
https://www.805shutters.com/shutters/fillmore/,/shades/,200,,already direct; unchanged
https://www.805shutters.com/shutters/fillmore/,/shades/,200,,already direct; unchanged
https://www.805shutters.com/shades/fillmore-ca/,/shades/,200,,already direct; unchanged
https://www.805shutters.com/shades/fillmore-ca/,/shades/,200,,already direct; unchanged
https://www.805shutters.com/blinds/fillmore-ca/,/shades/,200,,already direct; unchanged
https://www.805shutters.com/blinds/fillmore-ca/,/shades/,200,,already direct; unchanged
https://www.805shutters.com/drapery/fillmore-ca/,/shades/,200,,already direct; unchanged
https://www.805shutters.com/drapery/fillmore-ca/,/shades/,200,,already direct; unchanged
https://www.805shutters.com/window-coverings/fillmore-ca/,/shades/,200,,already direct; unchanged
https://www.805shutters.com/window-coverings/fillmore-ca/,/shades/,200,,already direct; unchanged
https://www.805shutters.com/window-treatments/fillmore-ca/,/shades/,200,,already direct; unchanged
https://www.805shutters.com/window-treatments/fillmore-ca/,/shades/,200,,already direct; unchanged
https://www.805shutters.com/shutters/moorpark/,/shades/,200,,already direct; unchanged
https://www.805shutters.com/shutters/moorpark/,/shades/,200,,already direct; unchanged
https://www.805shutters.com/shades/moorpark-ca/,/shades/,200,,already direct; unchanged
https://www.805shutters.com/shades/moorpark-ca/,/shades/,200,,already direct; unchanged
https://www.805shutters.com/blinds/moorpark-ca/,/shades/,200,,already direct; unchanged
https://www.805shutters.com/blinds/moorpark-ca/,/shades/,200,,already direct; unchanged
https://www.805shutters.com/drapery/moorpark-ca/,/shades/,200,,already direct; unchanged
https://www.805shutters.com/drapery/moorpark-ca/,/shades/,200,,already direct; unchanged
https://www.805shutters.com/window-coverings/moorpark-ca/,/shades/,200,,already direct; unchanged
https://www.805shutters.com/window-coverings/moorpark-ca/,/shades/,200,,already direct; unchanged
https://www.805shutters.com/window-treatments/moorpark-ca/,/shades/,200,,already direct; unchanged
https://www.805shutters.com/window-treatments/moorpark-ca/,/shades/,200,,already direct; unchanged
https://www.805shutters.com/shutters/newbury-park/,/shades/,200,,already direct; unchanged
https://www.805shutters.com/shutters/newbury-park/,/shades/,200,,already direct; unchanged
https://www.805shutters.com/shades/newbury-park-ca/,/shades/,200,,already direct; unchanged
https://www.805shutters.com/shades/newbury-park-ca/,/shades/,200,,already direct; unchanged
https://www.805shutters.com/blinds/newbury-park-ca/,/shades/,200,,already direct; unchanged
https://www.805shutters.com/blinds/newbury-park-ca/,/shades/,200,,already direct; unchanged
https://www.805shutters.com/drapery/newbury-park-ca/,/shades/,200,,already direct; unchanged
https://www.805shutters.com/drapery/newbury-park-ca/,/shades/,200,,already direct; unchanged
https://www.805shutters.com/window-coverings/newbury-park-ca/,/shades/,200,,already direct; unchanged
https://www.805shutters.com/window-coverings/newbury-park-ca/,/shades/,200,,already direct; unchanged
https://www.805shutters.com/window-treatments/newbury-park-ca/,/shades/,200,,already direct; unchanged
https://www.805shutters.com/window-treatments/newbury-park-ca/,/shades/,200,,already direct; unchanged
https://www.805shutters.com/shutters/oak-park/,/shades/,200,,already direct; unchanged
https://www.805shutters.com/shutters/oak-park/,/shades/,200,,already direct; unchanged
https://www.805shutters.com/shades/oak-park-ca/,/shades/,200,,already direct; unchanged
https://www.805shutters.com/shades/oak-park-ca/,/shades/,200,,already direct; unchanged
https://www.805shutters.com/blinds/oak-park-ca/,/shades/,200,,already direct; unchanged
https://www.805shutters.com/blinds/oak-park-ca/,/shades/,200,,already direct; unchanged
https://www.805shutters.com/drapery/oak-park-ca/,/shades/,200,,already direct; unchanged
https://www.805shutters.com/drapery/oak-park-ca/,/shades/,200,,already direct; unchanged
https://www.805shutters.com/window-coverings/oak-park-ca/,/shades/,200,,already direct; unchanged
https://www.805shutters.com/window-coverings/oak-park-ca/,/shades/,200,,already direct; unchanged
https://www.805shutters.com/window-treatments/oak-park-ca/,/shades/,200,,already direct; unchanged
https://www.805shutters.com/window-treatments/oak-park-ca/,/shades/,200,,already direct; unchanged
https://www.805shutters.com/shutters/ojai/,/shades/,200,,already direct; unchanged
https://www.805shutters.com/shutters/ojai/,/shades/,200,,already direct; unchanged
https://www.805shutters.com/shades/ojai-ca/,/shades/,200,,already direct; unchanged
https://www.805shutters.com/shades/ojai-ca/,/shades/,200,,already direct; unchanged
https://www.805shutters.com/blinds/ojai-ca/,/shades/,200,,already direct; unchanged
https://www.805shutters.com/blinds/ojai-ca/,/shades/,200,,already direct; unchanged
https://www.805shutters.com/drapery/ojai-ca/,/shades/,200,,already direct; unchanged
https://www.805shutters.com/drapery/ojai-ca/,/shades/,200,,already direct; unchanged
https://www.805shutters.com/window-coverings/ojai-ca/,/shades/,200,,already direct; unchanged
https://www.805shutters.com/window-coverings/ojai-ca/,/shades/,200,,already direct; unchanged
https://www.805shutters.com/window-treatments/ojai-ca/,/shades/,200,,already direct; unchanged
https://www.805shutters.com/window-treatments/ojai-ca/,/shades/,200,,already direct; unchanged
https://www.805shutters.com/shutters/oxnard/,/shades/,200,,already direct; unchanged
https://www.805shutters.com/shutters/oxnard/,/shades/,200,,already direct; unchanged
https://www.805shutters.com/shades/oxnard-ca/,/shades/,200,,already direct; unchanged
https://www.805shutters.com/shades/oxnard-ca/,/shades/,200,,already direct; unchanged
https://www.805shutters.com/blinds/oxnard-ca/,/shades/,200,,already direct; unchanged
https://www.805shutters.com/blinds/oxnard-ca/,/shades/,200,,already direct; unchanged
https://www.805shutters.com/drapery/oxnard-ca/,/shades/,200,,already direct; unchanged
https://www.805shutters.com/drapery/oxnard-ca/,/shades/,200,,already direct; unchanged
https://www.805shutters.com/window-coverings/oxnard-ca/,/shades/,200,,already direct; unchanged
https://www.805shutters.com/window-coverings/oxnard-ca/,/shades/,200,,already direct; unchanged
https://www.805shutters.com/window-treatments/oxnard-ca/,/shades/,200,,already direct; unchanged
https://www.805shutters.com/window-treatments/oxnard-ca/,/shades/,200,,already direct; unchanged
https://www.805shutters.com/shutters/port-hueneme/,/shades/,200,,already direct; unchanged
https://www.805shutters.com/shutters/port-hueneme/,/shades/,200,,already direct; unchanged
https://www.805shutters.com/shades/port-hueneme-ca/,/shades/,200,,already direct; unchanged
https://www.805shutters.com/shades/port-hueneme-ca/,/shades/,200,,already direct; unchanged
https://www.805shutters.com/blinds/port-hueneme-ca/,/shades/,200,,already direct; unchanged
https://www.805shutters.com/blinds/port-hueneme-ca/,/shades/,200,,already direct; unchanged
https://www.805shutters.com/drapery/port-hueneme-ca/,/shades/,200,,already direct; unchanged
https://www.805shutters.com/drapery/port-hueneme-ca/,/shades/,200,,already direct; unchanged
https://www.805shutters.com/window-coverings/port-hueneme-ca/,/shades/,200,,already direct; unchanged
https://www.805shutters.com/window-coverings/port-hueneme-ca/,/shades/,200,,already direct; unchanged
https://www.805shutters.com/window-treatments/port-hueneme-ca/,/shades/,200,,already direct; unchanged
https://www.805shutters.com/window-treatments/port-hueneme-ca/,/shades/,200,,already direct; unchanged
https://www.805shutters.com/shutters/santa-paula/,/shades/,200,,already direct; unchanged
https://www.805shutters.com/shutters/santa-paula/,/shades/,200,,already direct; unchanged
https://www.805shutters.com/shades/santa-paula-ca/,/shades/,200,,already direct; unchanged
https://www.805shutters.com/shades/santa-paula-ca/,/shades/,200,,already direct; unchanged
https://www.805shutters.com/blinds/santa-paula-ca/,/shades/,200,,already direct; unchanged
https://www.805shutters.com/blinds/santa-paula-ca/,/shades/,200,,already direct; unchanged
https://www.805shutters.com/drapery/santa-paula-ca/,/shades/,200,,already direct; unchanged
https://www.805shutters.com/drapery/santa-paula-ca/,/shades/,200,,already direct; unchanged
https://www.805shutters.com/window-coverings/santa-paula-ca/,/shades/,200,,already direct; unchanged
https://www.805shutters.com/window-coverings/santa-paula-ca/,/shades/,200,,already direct; unchanged
https://www.805shutters.com/window-treatments/santa-paula-ca/,/shades/,200,,already direct; unchanged
https://www.805shutters.com/window-treatments/santa-paula-ca/,/shades/,200,,already direct; unchanged
https://www.805shutters.com/shutters/santa-clarita/,/shades/,200,,already direct; unchanged
https://www.805shutters.com/shutters/santa-clarita/,/shades/,200,,already direct; unchanged
https://www.805shutters.com/shades/santa-clarita-ca/,/shades/,200,,already direct; unchanged
https://www.805shutters.com/shades/santa-clarita-ca/,/shades/,200,,already direct; unchanged
https://www.805shutters.com/blinds/santa-clarita-ca/,/shades/,200,,already direct; unchanged
https://www.805shutters.com/blinds/santa-clarita-ca/,/shades/,200,,already direct; unchanged
https://www.805shutters.com/drapery/santa-clarita-ca/,/shades/,200,,already direct; unchanged
https://www.805shutters.com/drapery/santa-clarita-ca/,/shades/,200,,already direct; unchanged
https://www.805shutters.com/window-coverings/santa-clarita-ca/,/shades/,200,,already direct; unchanged
https://www.805shutters.com/window-coverings/santa-clarita-ca/,/shades/,200,,already direct; unchanged
https://www.805shutters.com/window-treatments/santa-clarita-ca/,/shades/,200,,already direct; unchanged
https://www.805shutters.com/window-treatments/santa-clarita-ca/,/shades/,200,,already direct; unchanged
https://www.805shutters.com/shutters/santa-rosa-valley/,/shades/,200,,already direct; unchanged
https://www.805shutters.com/shutters/santa-rosa-valley/,/shades/,200,,already direct; unchanged
https://www.805shutters.com/shades/santa-rosa-valley-ca/,/shades/,200,,already direct; unchanged
https://www.805shutters.com/shades/santa-rosa-valley-ca/,/shades/,200,,already direct; unchanged
https://www.805shutters.com/blinds/santa-rosa-valley-ca/,/shades/,200,,already direct; unchanged
https://www.805shutters.com/blinds/santa-rosa-valley-ca/,/shades/,200,,already direct; unchanged
https://www.805shutters.com/drapery/santa-rosa-valley-ca/,/shades/,200,,already direct; unchanged
https://www.805shutters.com/drapery/santa-rosa-valley-ca/,/shades/,200,,already direct; unchanged
https://www.805shutters.com/window-coverings/santa-rosa-valley-ca/,/shades/,200,,already direct; unchanged
https://www.805shutters.com/window-coverings/santa-rosa-valley-ca/,/shades/,200,,already direct; unchanged
https://www.805shutters.com/window-treatments/santa-rosa-valley-ca/,/shades/,200,,already direct; unchanged
https://www.805shutters.com/window-treatments/santa-rosa-valley-ca/,/shades/,200,,already direct; unchanged
https://www.805shutters.com/shutters/simi-valley/,/shades/,200,,already direct; unchanged
https://www.805shutters.com/shutters/simi-valley/,/shades/,200,,already direct; unchanged
https://www.805shutters.com/shades/simi-valley-ca/,/shades/,200,,already direct; unchanged
https://www.805shutters.com/shades/simi-valley-ca/,/shades/,200,,already direct; unchanged
https://www.805shutters.com/blinds/simi-valley-ca/,/shades/,200,,already direct; unchanged
https://www.805shutters.com/blinds/simi-valley-ca/,/shades/,200,,already direct; unchanged
https://www.805shutters.com/drapery/simi-valley-ca/,/shades/,200,,already direct; unchanged
https://www.805shutters.com/drapery/simi-valley-ca/,/shades/,200,,already direct; unchanged
https://www.805shutters.com/window-coverings/simi-valley-ca/,/shades/,200,,already direct; unchanged
https://www.805shutters.com/window-coverings/simi-valley-ca/,/shades/,200,,already direct; unchanged
https://www.805shutters.com/window-treatments/simi-valley-ca/,/shades/,200,,already direct; unchanged
https://www.805shutters.com/window-treatments/simi-valley-ca/,/shades/,200,,already direct; unchanged
https://www.805shutters.com/shutters/thousand-oaks/,/shades/,200,,already direct; unchanged
https://www.805shutters.com/shutters/thousand-oaks/,/shades/,200,,already direct; unchanged
https://www.805shutters.com/shades/thousand-oaks-ca/,/shades/,200,,already direct; unchanged
https://www.805shutters.com/shades/thousand-oaks-ca/,/shades/,200,,already direct; unchanged
https://www.805shutters.com/blinds/thousand-oaks-ca/,/shades/,200,,already direct; unchanged
https://www.805shutters.com/blinds/thousand-oaks-ca/,/shades/,200,,already direct; unchanged
https://www.805shutters.com/drapery/thousand-oaks-ca/,/shades/,200,,already direct; unchanged
https://www.805shutters.com/drapery/thousand-oaks-ca/,/shades/,200,,already direct; unchanged
https://www.805shutters.com/window-coverings/thousand-oaks-ca/,/shades/,200,,already direct; unchanged
https://www.805shutters.com/window-coverings/thousand-oaks-ca/,/shades/,200,,already direct; unchanged
https://www.805shutters.com/window-treatments/thousand-oaks-ca/,/shades/,200,,already direct; unchanged
https://www.805shutters.com/window-treatments/thousand-oaks-ca/,/shades/,200,,already direct; unchanged
https://www.805shutters.com/shutters/ventura/,/shades/,200,,already direct; unchanged
https://www.805shutters.com/shutters/ventura/,/shades/,200,,already direct; unchanged
https://www.805shutters.com/shades/ventura-ca/,/shades/,200,,already direct; unchanged
https://www.805shutters.com/shades/ventura-ca/,/shades/,200,,already direct; unchanged
https://www.805shutters.com/blinds/ventura-ca/,/shades/,200,,already direct; unchanged
https://www.805shutters.com/blinds/ventura-ca/,/shades/,200,,already direct; unchanged
https://www.805shutters.com/drapery/ventura-ca/,/shades/,200,,already direct; unchanged
https://www.805shutters.com/drapery/ventura-ca/,/shades/,200,,already direct; unchanged
https://www.805shutters.com/window-coverings/ventura-ca/,/shades/,200,,already direct; unchanged
https://www.805shutters.com/window-coverings/ventura-ca/,/shades/,200,,already direct; unchanged
https://www.805shutters.com/window-treatments/ventura-ca/,/shades/,200,,already direct; unchanged
https://www.805shutters.com/window-treatments/ventura-ca/,/shades/,200,,already direct; unchanged
https://www.805shutters.com/shutters/westlake-village/,/shades/,200,,already direct; unchanged
https://www.805shutters.com/shutters/westlake-village/,/shades/,200,,already direct; unchanged
https://www.805shutters.com/shades/westlake-village-ca/,/shades/,200,,already direct; unchanged
https://www.805shutters.com/shades/westlake-village-ca/,/shades/,200,,already direct; unchanged
https://www.805shutters.com/blinds/westlake-village-ca/,/shades/,200,,already direct; unchanged
https://www.805shutters.com/blinds/westlake-village-ca/,/shades/,200,,already direct; unchanged
https://www.805shutters.com/drapery/westlake-village-ca/,/shades/,200,,already direct; unchanged
https://www.805shutters.com/drapery/westlake-village-ca/,/shades/,200,,already direct; unchanged
https://www.805shutters.com/window-coverings/westlake-village-ca/,/shades/,200,,already direct; unchanged
https://www.805shutters.com/window-coverings/westlake-village-ca/,/shades/,200,,already direct; unchanged
https://www.805shutters.com/window-treatments/westlake-village-ca/,/shades/,200,,already direct; unchanged
https://www.805shutters.com/window-treatments/westlake-village-ca/,/shades/,200,,already direct; unchanged
https://www.805shutters.com/commercial-window-coverings/camarillo-ca/,/shades/,200,,already direct; unchanged
https://www.805shutters.com/commercial-window-coverings/camarillo-ca/,/shades/,200,,already direct; unchanged
https://www.805shutters.com/commercial-window-coverings/fillmore-ca/,/shades/,200,,already direct; unchanged
https://www.805shutters.com/commercial-window-coverings/fillmore-ca/,/shades/,200,,already direct; unchanged
https://www.805shutters.com/commercial-window-coverings/moorpark-ca/,/shades/,200,,already direct; unchanged
https://www.805shutters.com/commercial-window-coverings/moorpark-ca/,/shades/,200,,already direct; unchanged
https://www.805shutters.com/commercial-window-coverings/newbury-park-ca/,/shades/,200,,already direct; unchanged
https://www.805shutters.com/commercial-window-coverings/newbury-park-ca/,/shades/,200,,already direct; unchanged
https://www.805shutters.com/commercial-window-coverings/oak-park-ca/,/shades/,200,,already direct; unchanged
https://www.805shutters.com/commercial-window-coverings/oak-park-ca/,/shades/,200,,already direct; unchanged
https://www.805shutters.com/commercial-window-coverings/ojai-ca/,/shades/,200,,already direct; unchanged
https://www.805shutters.com/commercial-window-coverings/ojai-ca/,/shades/,200,,already direct; unchanged
https://www.805shutters.com/commercial-window-coverings/oxnard-ca/,/shades/,200,,already direct; unchanged
https://www.805shutters.com/commercial-window-coverings/oxnard-ca/,/shades/,200,,already direct; unchanged
https://www.805shutters.com/commercial-window-coverings/port-hueneme-ca/,/shades/,200,,already direct; unchanged
https://www.805shutters.com/commercial-window-coverings/port-hueneme-ca/,/shades/,200,,already direct; unchanged
https://www.805shutters.com/commercial-window-coverings/santa-paula-ca/,/shades/,200,,already direct; unchanged
https://www.805shutters.com/commercial-window-coverings/santa-paula-ca/,/shades/,200,,already direct; unchanged
https://www.805shutters.com/commercial-window-coverings/santa-clarita-ca/,/shades/,200,,already direct; unchanged
https://www.805shutters.com/commercial-window-coverings/santa-clarita-ca/,/shades/,200,,already direct; unchanged
https://www.805shutters.com/commercial-window-coverings/santa-rosa-valley-ca/,/shades/,200,,already direct; unchanged
https://www.805shutters.com/commercial-window-coverings/santa-rosa-valley-ca/,/shades/,200,,already direct; unchanged
https://www.805shutters.com/commercial-window-coverings/simi-valley-ca/,/shades/,200,,already direct; unchanged
https://www.805shutters.com/commercial-window-coverings/simi-valley-ca/,/shades/,200,,already direct; unchanged
https://www.805shutters.com/commercial-window-coverings/thousand-oaks-ca/,/shades/,200,,already direct; unchanged
https://www.805shutters.com/commercial-window-coverings/thousand-oaks-ca/,/shades/,200,,already direct; unchanged
https://www.805shutters.com/commercial-window-coverings/ventura-ca/,/shades/,200,,already direct; unchanged
https://www.805shutters.com/commercial-window-coverings/ventura-ca/,/shades/,200,,already direct; unchanged
https://www.805shutters.com/commercial-window-coverings/westlake-village-ca/,/shades/,200,,already direct; unchanged
https://www.805shutters.com/commercial-window-coverings/westlake-village-ca/,/shades/,200,,already direct; unchanged
https://www.805shutters.com/blinds/ventura-county/,/shades/,200,,already direct; unchanged
https://www.805shutters.com/blinds/ventura-county/,/shades/,200,,already direct; unchanged
https://www.805shutters.com/window-treatments/camarillo/,/shades/,200,,already direct; unchanged
https://www.805shutters.com/window-treatments/camarillo/,/shades/,200,,already direct; unchanged
https://www.805shutters.com/ventura-county-window-treatments-camarillo-blinds-shades-shutters/,/shades/,200,,already direct; unchanged
https://www.805shutters.com/ventura-county-window-treatments-camarillo-blinds-shades-shutters/,/shades/,200,,already direct; unchanged
https://www.805shutters.com/shutters/plantation/,/shades/,200,,already direct; unchanged
https://www.805shutters.com/shutters/plantation/,/shades/,200,,already direct; unchanged
https://www.805shutters.com/shutters/interior-shutters-camarillo/,/shades/,200,,already direct; unchanged
https://www.805shutters.com/shutters/interior-shutters-camarillo/,/shades/,200,,already direct; unchanged
https://www.805shutters.com/shutters/wood-shutters-camarillo/,/shades/,200,,already direct; unchanged
https://www.805shutters.com/shutters/wood-shutters-camarillo/,/shades/,200,,already direct; unchanged
https://www.805shutters.com/recent-projects/sliding-door-shutters-ventura-county/,/shades/,200,,already direct; unchanged
https://www.805shutters.com/recent-projects/sliding-door-shutters-ventura-county/,/shades/,200,,already direct; unchanged
https://www.805shutters.com/recent-projects/roller-shades-large-window-ventura-county/,/shades/,200,,already direct; unchanged
https://www.805shutters.com/recent-projects/roller-shades-large-window-ventura-county/,/shades/,200,,already direct; unchanged
https://www.805shutters.com/recent-projects/layered-window-shades-ventura-county/,/shades/,200,,already direct; unchanged
https://www.805shutters.com/recent-projects/layered-window-shades-ventura-county/,/shades/,200,,already direct; unchanged
https://www.805shutters.com/recent-projects/arched-plantation-shutters-ventura-county/,/shades/,200,,already direct; unchanged
https://www.805shutters.com/recent-projects/arched-plantation-shutters-ventura-county/,/shades/,200,,already direct; unchanged
https://www.805shutters.com/recent-projects/dark-wood-plantation-shutters-ventura-county/,/shades/,200,,already direct; unchanged
https://www.805shutters.com/recent-projects/dark-wood-plantation-shutters-ventura-county/,/shades/,200,,already direct; unchanged
https://www.805shutters.com/recent-projects/plantation-shutters-ventura-county-project/,/shades/,200,,already direct; unchanged
https://www.805shutters.com/recent-projects/plantation-shutters-ventura-county-project/,/shades/,200,,already direct; unchanged
https://www.805shutters.com/best-window-treatments-ventura-county/,/shades/,200,,already direct; unchanged
https://www.805shutters.com/best-window-treatments-ventura-county/,/shades/,200,,already direct; unchanged
https://www.805shutters.com/best-window-treatments-ventura-county/,/shades/,200,,already direct; unchanged
https://www.805shutters.com/plantation-shutters-vs-shades-ventura-county/,/shades/,200,,already direct; unchanged
https://www.805shutters.com/plantation-shutters-vs-shades-ventura-county/,/shades/,200,,already direct; unchanged
https://www.805shutters.com/plantation-shutters-vs-shades-ventura-county/,/shades/,200,,already direct; unchanged
https://www.805shutters.com/custom-blinds-shades-shutters-camarillo/,/shades/,200,,already direct; unchanged
https://www.805shutters.com/custom-blinds-shades-shutters-camarillo/,/shades/,200,,already direct; unchanged
https://www.805shutters.com/commercial-roller-shades-ventura-county/,/shades/,200,,already direct; unchanged
https://www.805shutters.com/commercial-roller-shades-ventura-county/,/shades/,200,,already direct; unchanged
https://www.805shutters.com/sliding-door-window-treatments-ventura-county/,/shades/,200,,already direct; unchanged
https://www.805shutters.com/sliding-door-window-treatments-ventura-county/,/shades/,200,,already direct; unchanged
https://www.805shutters.com/motorized-window-shades-ventura-county/,/shades/,200,,already direct; unchanged
https://www.805shutters.com/motorized-window-shades-ventura-county/,/shades/,200,,already direct; unchanged
https://www.805shutters.com/motorized-window-shades-ventura-county/,/shades/,200,,already direct; unchanged
https://www.805shutters.com/coastal-window-treatments-ventura-county/,/shades/,200,,already direct; unchanged
https://www.805shutters.com/coastal-window-treatments-ventura-county/,/shades/,200,,already direct; unchanged
https://www.805shutters.com/window-treatment-installation-timeline-ventura-county/,/shades/,200,,already direct; unchanged
https://www.805shutters.com/window-treatment-installation-timeline-ventura-county/,/shades/,200,,already direct; unchanged
https://www.805shutters.com/window-treatment-cost-guide-ventura-county/,/shades/,200,,already direct; unchanged
https://www.805shutters.com/window-treatment-cost-guide-ventura-county/,/shades/,200,,already direct; unchanged
https://www.805shutters.com/custom-drapery-curtains-ventura-county/,/shades/,200,,already direct; unchanged
https://www.805shutters.com/custom-drapery-curtains-ventura-county/,/shades/,200,,already direct; unchanged
https://www.805shutters.com/custom-drapery-curtains-ventura-county/,/shades/,200,,already direct; unchanged
https://www.805shutters.com/shutters-near-me-ventura-county/,/shades/,200,,already direct; unchanged
https://www.805shutters.com/shutters-near-me-ventura-county/,/shades/,200,,already direct; unchanged
https://www.805shutters.com/blinds-near-me-ventura-county/,/shades/,200,,already direct; unchanged
https://www.805shutters.com/blinds-near-me-ventura-county/,/shades/,200,,already direct; unchanged
https://www.805shutters.com/window-shades-near-me-ventura-county/,/shades/,200,,already direct; unchanged
https://www.805shutters.com/window-shades-near-me-ventura-county/,/shades/,200,,already direct; unchanged
https://www.805shutters.com/window-shades-near-me-ventura-county/,/shades/,200,,already direct; unchanged
https://www.805shutters.com/window-treatment-company-near-me-ventura-county/,/shades/,200,,already direct; unchanged
https://www.805shutters.com/window-treatment-company-near-me-ventura-county/,/shades/,200,,already direct; unchanged
https://www.805shutters.com/window-treatment-comparison-guide/,/shades/,200,,already direct; unchanged
https://www.805shutters.com/window-treatment-comparison-guide/,/shades/,200,,already direct; unchanged
https://www.805shutters.com/window-treatment-comparison-guide/,/shades/,200,,already direct; unchanged
https://www.805shutters.com/window-treatment-comparison-guide/,/shades/,200,,already direct; unchanged
https://www.805shutters.com/book-consultation/,/shades/,200,,already direct; unchanged
https://www.805shutters.com/book-consultation/,/shades/,200,,already direct; unchanged
https://www.805shutters.com/official/,/shades/,200,,already direct; unchanged
https://www.805shutters.com/official/,/shades/,200,,already direct; unchanged
https://www.805shutters.com/,/drapery/,200,,already direct; unchanged
https://www.805shutters.com/,/drapery/,200,,already direct; unchanged
https://www.805shutters.com/,/drapery/,200,,already direct; unchanged
https://www.805shutters.com/shutters/,/drapery/,200,,already direct; unchanged
https://www.805shutters.com/shutters/,/drapery/,200,,already direct; unchanged
https://www.805shutters.com/shades/,/drapery/,200,,already direct; unchanged
https://www.805shutters.com/shades/,/drapery/,200,,already direct; unchanged
https://www.805shutters.com/blinds/,/drapery/,200,,already direct; unchanged
https://www.805shutters.com/blinds/,/drapery/,200,,already direct; unchanged
https://www.805shutters.com/drapery/,/drapery/,200,,already direct; unchanged
https://www.805shutters.com/drapery/,/drapery/,200,,already direct; unchanged
https://www.805shutters.com/exterior-shades/,/drapery/,200,,already direct; unchanged
https://www.805shutters.com/exterior-shades/,/drapery/,200,,already direct; unchanged
https://www.805shutters.com/window-treatments/,/drapery/,200,,already direct; unchanged
https://www.805shutters.com/window-treatments/,/drapery/,200,,already direct; unchanged
https://www.805shutters.com/window-treatments/,/drapery/,200,,already direct; unchanged
https://www.805shutters.com/window-coverings/,/drapery/,200,,already direct; unchanged
https://www.805shutters.com/window-coverings/,/drapery/,200,,already direct; unchanged
https://www.805shutters.com/commercial-window-coverings/,/drapery/,200,,already direct; unchanged
https://www.805shutters.com/commercial-window-coverings/,/drapery/,200,,already direct; unchanged
https://www.805shutters.com/commercial-roller-shades/,/drapery/,200,,already direct; unchanged
https://www.805shutters.com/commercial-roller-shades/,/drapery/,200,,already direct; unchanged
https://www.805shutters.com/about/,/drapery/,200,,already direct; unchanged
https://www.805shutters.com/about/,/drapery/,200,,already direct; unchanged
https://www.805shutters.com/contact/,/drapery/,200,,already direct; unchanged
https://www.805shutters.com/contact/,/drapery/,200,,already direct; unchanged
https://www.805shutters.com/free-window-treatment-consultation/,/drapery/,200,,already direct; unchanged
https://www.805shutters.com/free-window-treatment-consultation/,/drapery/,200,,already direct; unchanged
https://www.805shutters.com/financing/,/drapery/,200,,already direct; unchanged
https://www.805shutters.com/financing/,/drapery/,200,,already direct; unchanged
https://www.805shutters.com/faq/,/drapery/,200,,already direct; unchanged
https://www.805shutters.com/faq/,/drapery/,200,,already direct; unchanged
https://www.805shutters.com/faq/,/drapery/,200,,already direct; unchanged
https://www.805shutters.com/gallery/,/drapery/,200,,already direct; unchanged
https://www.805shutters.com/gallery/,/drapery/,200,,already direct; unchanged
https://www.805shutters.com/reviews/,/drapery/,200,,already direct; unchanged
https://www.805shutters.com/reviews/,/drapery/,200,,already direct; unchanged
https://www.805shutters.com/reviews/,/drapery/,200,,already direct; unchanged
https://www.805shutters.com/recent-projects/,/drapery/,200,,already direct; unchanged
https://www.805shutters.com/recent-projects/,/drapery/,200,,already direct; unchanged
https://www.805shutters.com/shutters/camarillo/,/drapery/,200,,already direct; unchanged
https://www.805shutters.com/shutters/camarillo/,/drapery/,200,,already direct; unchanged
https://www.805shutters.com/shades/camarillo-ca/,/drapery/,200,,already direct; unchanged
https://www.805shutters.com/shades/camarillo-ca/,/drapery/,200,,already direct; unchanged
https://www.805shutters.com/blinds/camarillo-ca/,/drapery/,200,,already direct; unchanged
https://www.805shutters.com/blinds/camarillo-ca/,/drapery/,200,,already direct; unchanged
https://www.805shutters.com/drapery/camarillo-ca/,/drapery/,200,,already direct; unchanged
https://www.805shutters.com/drapery/camarillo-ca/,/drapery/,200,,already direct; unchanged
https://www.805shutters.com/window-coverings/camarillo-ca/,/drapery/,200,,already direct; unchanged
https://www.805shutters.com/window-coverings/camarillo-ca/,/drapery/,200,,already direct; unchanged
https://www.805shutters.com/window-treatments/camarillo-ca/,/drapery/,200,,already direct; unchanged
https://www.805shutters.com/window-treatments/camarillo-ca/,/drapery/,200,,already direct; unchanged
https://www.805shutters.com/shutters/fillmore/,/drapery/,200,,already direct; unchanged
https://www.805shutters.com/shutters/fillmore/,/drapery/,200,,already direct; unchanged
https://www.805shutters.com/shades/fillmore-ca/,/drapery/,200,,already direct; unchanged
https://www.805shutters.com/shades/fillmore-ca/,/drapery/,200,,already direct; unchanged
https://www.805shutters.com/blinds/fillmore-ca/,/drapery/,200,,already direct; unchanged
https://www.805shutters.com/blinds/fillmore-ca/,/drapery/,200,,already direct; unchanged
https://www.805shutters.com/drapery/fillmore-ca/,/drapery/,200,,already direct; unchanged
https://www.805shutters.com/drapery/fillmore-ca/,/drapery/,200,,already direct; unchanged
https://www.805shutters.com/window-coverings/fillmore-ca/,/drapery/,200,,already direct; unchanged
https://www.805shutters.com/window-coverings/fillmore-ca/,/drapery/,200,,already direct; unchanged
https://www.805shutters.com/window-treatments/fillmore-ca/,/drapery/,200,,already direct; unchanged
https://www.805shutters.com/window-treatments/fillmore-ca/,/drapery/,200,,already direct; unchanged
https://www.805shutters.com/shutters/moorpark/,/drapery/,200,,already direct; unchanged
https://www.805shutters.com/shutters/moorpark/,/drapery/,200,,already direct; unchanged
https://www.805shutters.com/shades/moorpark-ca/,/drapery/,200,,already direct; unchanged
https://www.805shutters.com/shades/moorpark-ca/,/drapery/,200,,already direct; unchanged
https://www.805shutters.com/blinds/moorpark-ca/,/drapery/,200,,already direct; unchanged
https://www.805shutters.com/blinds/moorpark-ca/,/drapery/,200,,already direct; unchanged
https://www.805shutters.com/drapery/moorpark-ca/,/drapery/,200,,already direct; unchanged
https://www.805shutters.com/drapery/moorpark-ca/,/drapery/,200,,already direct; unchanged
https://www.805shutters.com/window-coverings/moorpark-ca/,/drapery/,200,,already direct; unchanged
https://www.805shutters.com/window-coverings/moorpark-ca/,/drapery/,200,,already direct; unchanged
https://www.805shutters.com/window-treatments/moorpark-ca/,/drapery/,200,,already direct; unchanged
https://www.805shutters.com/window-treatments/moorpark-ca/,/drapery/,200,,already direct; unchanged
https://www.805shutters.com/shutters/newbury-park/,/drapery/,200,,already direct; unchanged
https://www.805shutters.com/shutters/newbury-park/,/drapery/,200,,already direct; unchanged
https://www.805shutters.com/shades/newbury-park-ca/,/drapery/,200,,already direct; unchanged
https://www.805shutters.com/shades/newbury-park-ca/,/drapery/,200,,already direct; unchanged
https://www.805shutters.com/blinds/newbury-park-ca/,/drapery/,200,,already direct; unchanged
https://www.805shutters.com/blinds/newbury-park-ca/,/drapery/,200,,already direct; unchanged
https://www.805shutters.com/drapery/newbury-park-ca/,/drapery/,200,,already direct; unchanged
https://www.805shutters.com/drapery/newbury-park-ca/,/drapery/,200,,already direct; unchanged
https://www.805shutters.com/window-coverings/newbury-park-ca/,/drapery/,200,,already direct; unchanged
https://www.805shutters.com/window-coverings/newbury-park-ca/,/drapery/,200,,already direct; unchanged
https://www.805shutters.com/window-treatments/newbury-park-ca/,/drapery/,200,,already direct; unchanged
https://www.805shutters.com/window-treatments/newbury-park-ca/,/drapery/,200,,already direct; unchanged
https://www.805shutters.com/shutters/oak-park/,/drapery/,200,,already direct; unchanged
https://www.805shutters.com/shutters/oak-park/,/drapery/,200,,already direct; unchanged
https://www.805shutters.com/shades/oak-park-ca/,/drapery/,200,,already direct; unchanged
https://www.805shutters.com/shades/oak-park-ca/,/drapery/,200,,already direct; unchanged
https://www.805shutters.com/blinds/oak-park-ca/,/drapery/,200,,already direct; unchanged
https://www.805shutters.com/blinds/oak-park-ca/,/drapery/,200,,already direct; unchanged
https://www.805shutters.com/drapery/oak-park-ca/,/drapery/,200,,already direct; unchanged
https://www.805shutters.com/drapery/oak-park-ca/,/drapery/,200,,already direct; unchanged
https://www.805shutters.com/window-coverings/oak-park-ca/,/drapery/,200,,already direct; unchanged
https://www.805shutters.com/window-coverings/oak-park-ca/,/drapery/,200,,already direct; unchanged
https://www.805shutters.com/window-treatments/oak-park-ca/,/drapery/,200,,already direct; unchanged
https://www.805shutters.com/window-treatments/oak-park-ca/,/drapery/,200,,already direct; unchanged
https://www.805shutters.com/shutters/ojai/,/drapery/,200,,already direct; unchanged
https://www.805shutters.com/shutters/ojai/,/drapery/,200,,already direct; unchanged
https://www.805shutters.com/shades/ojai-ca/,/drapery/,200,,already direct; unchanged
https://www.805shutters.com/shades/ojai-ca/,/drapery/,200,,already direct; unchanged
https://www.805shutters.com/blinds/ojai-ca/,/drapery/,200,,already direct; unchanged
https://www.805shutters.com/blinds/ojai-ca/,/drapery/,200,,already direct; unchanged
https://www.805shutters.com/drapery/ojai-ca/,/drapery/,200,,already direct; unchanged
https://www.805shutters.com/drapery/ojai-ca/,/drapery/,200,,already direct; unchanged
https://www.805shutters.com/window-coverings/ojai-ca/,/drapery/,200,,already direct; unchanged
https://www.805shutters.com/window-coverings/ojai-ca/,/drapery/,200,,already direct; unchanged
https://www.805shutters.com/window-treatments/ojai-ca/,/drapery/,200,,already direct; unchanged
https://www.805shutters.com/window-treatments/ojai-ca/,/drapery/,200,,already direct; unchanged
https://www.805shutters.com/shutters/oxnard/,/drapery/,200,,already direct; unchanged
https://www.805shutters.com/shutters/oxnard/,/drapery/,200,,already direct; unchanged
https://www.805shutters.com/shades/oxnard-ca/,/drapery/,200,,already direct; unchanged
https://www.805shutters.com/shades/oxnard-ca/,/drapery/,200,,already direct; unchanged
https://www.805shutters.com/blinds/oxnard-ca/,/drapery/,200,,already direct; unchanged
https://www.805shutters.com/blinds/oxnard-ca/,/drapery/,200,,already direct; unchanged
https://www.805shutters.com/drapery/oxnard-ca/,/drapery/,200,,already direct; unchanged
https://www.805shutters.com/drapery/oxnard-ca/,/drapery/,200,,already direct; unchanged
https://www.805shutters.com/window-coverings/oxnard-ca/,/drapery/,200,,already direct; unchanged
https://www.805shutters.com/window-coverings/oxnard-ca/,/drapery/,200,,already direct; unchanged
https://www.805shutters.com/window-treatments/oxnard-ca/,/drapery/,200,,already direct; unchanged
https://www.805shutters.com/window-treatments/oxnard-ca/,/drapery/,200,,already direct; unchanged
https://www.805shutters.com/shutters/port-hueneme/,/drapery/,200,,already direct; unchanged
https://www.805shutters.com/shutters/port-hueneme/,/drapery/,200,,already direct; unchanged
https://www.805shutters.com/shades/port-hueneme-ca/,/drapery/,200,,already direct; unchanged
https://www.805shutters.com/shades/port-hueneme-ca/,/drapery/,200,,already direct; unchanged
https://www.805shutters.com/blinds/port-hueneme-ca/,/drapery/,200,,already direct; unchanged
https://www.805shutters.com/blinds/port-hueneme-ca/,/drapery/,200,,already direct; unchanged
https://www.805shutters.com/drapery/port-hueneme-ca/,/drapery/,200,,already direct; unchanged
https://www.805shutters.com/drapery/port-hueneme-ca/,/drapery/,200,,already direct; unchanged
https://www.805shutters.com/window-coverings/port-hueneme-ca/,/drapery/,200,,already direct; unchanged
https://www.805shutters.com/window-coverings/port-hueneme-ca/,/drapery/,200,,already direct; unchanged
https://www.805shutters.com/window-treatments/port-hueneme-ca/,/drapery/,200,,already direct; unchanged
https://www.805shutters.com/window-treatments/port-hueneme-ca/,/drapery/,200,,already direct; unchanged
https://www.805shutters.com/shutters/santa-paula/,/drapery/,200,,already direct; unchanged
https://www.805shutters.com/shutters/santa-paula/,/drapery/,200,,already direct; unchanged
https://www.805shutters.com/shades/santa-paula-ca/,/drapery/,200,,already direct; unchanged
https://www.805shutters.com/shades/santa-paula-ca/,/drapery/,200,,already direct; unchanged
https://www.805shutters.com/blinds/santa-paula-ca/,/drapery/,200,,already direct; unchanged
https://www.805shutters.com/blinds/santa-paula-ca/,/drapery/,200,,already direct; unchanged
https://www.805shutters.com/drapery/santa-paula-ca/,/drapery/,200,,already direct; unchanged
https://www.805shutters.com/drapery/santa-paula-ca/,/drapery/,200,,already direct; unchanged
https://www.805shutters.com/window-coverings/santa-paula-ca/,/drapery/,200,,already direct; unchanged
https://www.805shutters.com/window-coverings/santa-paula-ca/,/drapery/,200,,already direct; unchanged
https://www.805shutters.com/window-treatments/santa-paula-ca/,/drapery/,200,,already direct; unchanged
https://www.805shutters.com/window-treatments/santa-paula-ca/,/drapery/,200,,already direct; unchanged
https://www.805shutters.com/shutters/santa-clarita/,/drapery/,200,,already direct; unchanged
https://www.805shutters.com/shutters/santa-clarita/,/drapery/,200,,already direct; unchanged
https://www.805shutters.com/shades/santa-clarita-ca/,/drapery/,200,,already direct; unchanged
https://www.805shutters.com/shades/santa-clarita-ca/,/drapery/,200,,already direct; unchanged
https://www.805shutters.com/blinds/santa-clarita-ca/,/drapery/,200,,already direct; unchanged
https://www.805shutters.com/blinds/santa-clarita-ca/,/drapery/,200,,already direct; unchanged
https://www.805shutters.com/drapery/santa-clarita-ca/,/drapery/,200,,already direct; unchanged
https://www.805shutters.com/drapery/santa-clarita-ca/,/drapery/,200,,already direct; unchanged
https://www.805shutters.com/window-coverings/santa-clarita-ca/,/drapery/,200,,already direct; unchanged
https://www.805shutters.com/window-coverings/santa-clarita-ca/,/drapery/,200,,already direct; unchanged
https://www.805shutters.com/window-treatments/santa-clarita-ca/,/drapery/,200,,already direct; unchanged
https://www.805shutters.com/window-treatments/santa-clarita-ca/,/drapery/,200,,already direct; unchanged
https://www.805shutters.com/shutters/santa-rosa-valley/,/drapery/,200,,already direct; unchanged
https://www.805shutters.com/shutters/santa-rosa-valley/,/drapery/,200,,already direct; unchanged
https://www.805shutters.com/shades/santa-rosa-valley-ca/,/drapery/,200,,already direct; unchanged
https://www.805shutters.com/shades/santa-rosa-valley-ca/,/drapery/,200,,already direct; unchanged
https://www.805shutters.com/blinds/santa-rosa-valley-ca/,/drapery/,200,,already direct; unchanged
https://www.805shutters.com/blinds/santa-rosa-valley-ca/,/drapery/,200,,already direct; unchanged
https://www.805shutters.com/drapery/santa-rosa-valley-ca/,/drapery/,200,,already direct; unchanged
https://www.805shutters.com/drapery/santa-rosa-valley-ca/,/drapery/,200,,already direct; unchanged
https://www.805shutters.com/window-coverings/santa-rosa-valley-ca/,/drapery/,200,,already direct; unchanged
https://www.805shutters.com/window-coverings/santa-rosa-valley-ca/,/drapery/,200,,already direct; unchanged
https://www.805shutters.com/window-treatments/santa-rosa-valley-ca/,/drapery/,200,,already direct; unchanged
https://www.805shutters.com/window-treatments/santa-rosa-valley-ca/,/drapery/,200,,already direct; unchanged
https://www.805shutters.com/shutters/simi-valley/,/drapery/,200,,already direct; unchanged
https://www.805shutters.com/shutters/simi-valley/,/drapery/,200,,already direct; unchanged
https://www.805shutters.com/shades/simi-valley-ca/,/drapery/,200,,already direct; unchanged
https://www.805shutters.com/shades/simi-valley-ca/,/drapery/,200,,already direct; unchanged
https://www.805shutters.com/blinds/simi-valley-ca/,/drapery/,200,,already direct; unchanged
https://www.805shutters.com/blinds/simi-valley-ca/,/drapery/,200,,already direct; unchanged
https://www.805shutters.com/drapery/simi-valley-ca/,/drapery/,200,,already direct; unchanged
https://www.805shutters.com/drapery/simi-valley-ca/,/drapery/,200,,already direct; unchanged
https://www.805shutters.com/window-coverings/simi-valley-ca/,/drapery/,200,,already direct; unchanged
https://www.805shutters.com/window-coverings/simi-valley-ca/,/drapery/,200,,already direct; unchanged
https://www.805shutters.com/window-treatments/simi-valley-ca/,/drapery/,200,,already direct; unchanged
https://www.805shutters.com/window-treatments/simi-valley-ca/,/drapery/,200,,already direct; unchanged
https://www.805shutters.com/shutters/thousand-oaks/,/drapery/,200,,already direct; unchanged
https://www.805shutters.com/shutters/thousand-oaks/,/drapery/,200,,already direct; unchanged
https://www.805shutters.com/shades/thousand-oaks-ca/,/drapery/,200,,already direct; unchanged
https://www.805shutters.com/shades/thousand-oaks-ca/,/drapery/,200,,already direct; unchanged
https://www.805shutters.com/blinds/thousand-oaks-ca/,/drapery/,200,,already direct; unchanged
https://www.805shutters.com/blinds/thousand-oaks-ca/,/drapery/,200,,already direct; unchanged
https://www.805shutters.com/drapery/thousand-oaks-ca/,/drapery/,200,,already direct; unchanged
https://www.805shutters.com/drapery/thousand-oaks-ca/,/drapery/,200,,already direct; unchanged
https://www.805shutters.com/window-coverings/thousand-oaks-ca/,/drapery/,200,,already direct; unchanged
https://www.805shutters.com/window-coverings/thousand-oaks-ca/,/drapery/,200,,already direct; unchanged
https://www.805shutters.com/window-treatments/thousand-oaks-ca/,/drapery/,200,,already direct; unchanged
https://www.805shutters.com/window-treatments/thousand-oaks-ca/,/drapery/,200,,already direct; unchanged
https://www.805shutters.com/shutters/ventura/,/drapery/,200,,already direct; unchanged
https://www.805shutters.com/shutters/ventura/,/drapery/,200,,already direct; unchanged
https://www.805shutters.com/shades/ventura-ca/,/drapery/,200,,already direct; unchanged
https://www.805shutters.com/shades/ventura-ca/,/drapery/,200,,already direct; unchanged
https://www.805shutters.com/blinds/ventura-ca/,/drapery/,200,,already direct; unchanged
https://www.805shutters.com/blinds/ventura-ca/,/drapery/,200,,already direct; unchanged
https://www.805shutters.com/drapery/ventura-ca/,/drapery/,200,,already direct; unchanged
https://www.805shutters.com/drapery/ventura-ca/,/drapery/,200,,already direct; unchanged
https://www.805shutters.com/window-coverings/ventura-ca/,/drapery/,200,,already direct; unchanged
https://www.805shutters.com/window-coverings/ventura-ca/,/drapery/,200,,already direct; unchanged
https://www.805shutters.com/window-treatments/ventura-ca/,/drapery/,200,,already direct; unchanged
https://www.805shutters.com/window-treatments/ventura-ca/,/drapery/,200,,already direct; unchanged
https://www.805shutters.com/shutters/westlake-village/,/drapery/,200,,already direct; unchanged
https://www.805shutters.com/shutters/westlake-village/,/drapery/,200,,already direct; unchanged
https://www.805shutters.com/shades/westlake-village-ca/,/drapery/,200,,already direct; unchanged
https://www.805shutters.com/shades/westlake-village-ca/,/drapery/,200,,already direct; unchanged
https://www.805shutters.com/blinds/westlake-village-ca/,/drapery/,200,,already direct; unchanged
https://www.805shutters.com/blinds/westlake-village-ca/,/drapery/,200,,already direct; unchanged
https://www.805shutters.com/drapery/westlake-village-ca/,/drapery/,200,,already direct; unchanged
https://www.805shutters.com/drapery/westlake-village-ca/,/drapery/,200,,already direct; unchanged
https://www.805shutters.com/window-coverings/westlake-village-ca/,/drapery/,200,,already direct; unchanged
https://www.805shutters.com/window-coverings/westlake-village-ca/,/drapery/,200,,already direct; unchanged
https://www.805shutters.com/window-treatments/westlake-village-ca/,/drapery/,200,,already direct; unchanged
https://www.805shutters.com/window-treatments/westlake-village-ca/,/drapery/,200,,already direct; unchanged
https://www.805shutters.com/commercial-window-coverings/camarillo-ca/,/drapery/,200,,already direct; unchanged
https://www.805shutters.com/commercial-window-coverings/camarillo-ca/,/drapery/,200,,already direct; unchanged
https://www.805shutters.com/commercial-window-coverings/fillmore-ca/,/drapery/,200,,already direct; unchanged
https://www.805shutters.com/commercial-window-coverings/fillmore-ca/,/drapery/,200,,already direct; unchanged
https://www.805shutters.com/commercial-window-coverings/moorpark-ca/,/drapery/,200,,already direct; unchanged
https://www.805shutters.com/commercial-window-coverings/moorpark-ca/,/drapery/,200,,already direct; unchanged
https://www.805shutters.com/commercial-window-coverings/newbury-park-ca/,/drapery/,200,,already direct; unchanged
https://www.805shutters.com/commercial-window-coverings/newbury-park-ca/,/drapery/,200,,already direct; unchanged
https://www.805shutters.com/commercial-window-coverings/oak-park-ca/,/drapery/,200,,already direct; unchanged
https://www.805shutters.com/commercial-window-coverings/oak-park-ca/,/drapery/,200,,already direct; unchanged
https://www.805shutters.com/commercial-window-coverings/ojai-ca/,/drapery/,200,,already direct; unchanged
https://www.805shutters.com/commercial-window-coverings/ojai-ca/,/drapery/,200,,already direct; unchanged
https://www.805shutters.com/commercial-window-coverings/oxnard-ca/,/drapery/,200,,already direct; unchanged
https://www.805shutters.com/commercial-window-coverings/oxnard-ca/,/drapery/,200,,already direct; unchanged
https://www.805shutters.com/commercial-window-coverings/port-hueneme-ca/,/drapery/,200,,already direct; unchanged
https://www.805shutters.com/commercial-window-coverings/port-hueneme-ca/,/drapery/,200,,already direct; unchanged
https://www.805shutters.com/commercial-window-coverings/santa-paula-ca/,/drapery/,200,,already direct; unchanged
https://www.805shutters.com/commercial-window-coverings/santa-paula-ca/,/drapery/,200,,already direct; unchanged
https://www.805shutters.com/commercial-window-coverings/santa-clarita-ca/,/drapery/,200,,already direct; unchanged
https://www.805shutters.com/commercial-window-coverings/santa-clarita-ca/,/drapery/,200,,already direct; unchanged
https://www.805shutters.com/commercial-window-coverings/santa-rosa-valley-ca/,/drapery/,200,,already direct; unchanged
https://www.805shutters.com/commercial-window-coverings/santa-rosa-valley-ca/,/drapery/,200,,already direct; unchanged
https://www.805shutters.com/commercial-window-coverings/simi-valley-ca/,/drapery/,200,,already direct; unchanged
https://www.805shutters.com/commercial-window-coverings/simi-valley-ca/,/drapery/,200,,already direct; unchanged
https://www.805shutters.com/commercial-window-coverings/thousand-oaks-ca/,/drapery/,200,,already direct; unchanged
https://www.805shutters.com/commercial-window-coverings/thousand-oaks-ca/,/drapery/,200,,already direct; unchanged
https://www.805shutters.com/commercial-window-coverings/ventura-ca/,/drapery/,200,,already direct; unchanged
https://www.805shutters.com/commercial-window-coverings/ventura-ca/,/drapery/,200,,already direct; unchanged
https://www.805shutters.com/commercial-window-coverings/westlake-village-ca/,/drapery/,200,,already direct; unchanged
https://www.805shutters.com/commercial-window-coverings/westlake-village-ca/,/drapery/,200,,already direct; unchanged
https://www.805shutters.com/blinds/ventura-county/,/drapery/,200,,already direct; unchanged
https://www.805shutters.com/blinds/ventura-county/,/drapery/,200,,already direct; unchanged
https://www.805shutters.com/window-treatments/camarillo/,/drapery/,200,,already direct; unchanged
https://www.805shutters.com/window-treatments/camarillo/,/drapery/,200,,already direct; unchanged
https://www.805shutters.com/ventura-county-window-treatments-camarillo-blinds-shades-shutters/,/drapery/,200,,already direct; unchanged
https://www.805shutters.com/ventura-county-window-treatments-camarillo-blinds-shades-shutters/,/drapery/,200,,already direct; unchanged
https://www.805shutters.com/shutters/plantation/,/drapery/,200,,already direct; unchanged
https://www.805shutters.com/shutters/plantation/,/drapery/,200,,already direct; unchanged
https://www.805shutters.com/shutters/interior-shutters-camarillo/,/drapery/,200,,already direct; unchanged
https://www.805shutters.com/shutters/interior-shutters-camarillo/,/drapery/,200,,already direct; unchanged
https://www.805shutters.com/shutters/wood-shutters-camarillo/,/drapery/,200,,already direct; unchanged
https://www.805shutters.com/shutters/wood-shutters-camarillo/,/drapery/,200,,already direct; unchanged
https://www.805shutters.com/recent-projects/sliding-door-shutters-ventura-county/,/drapery/,200,,already direct; unchanged
https://www.805shutters.com/recent-projects/sliding-door-shutters-ventura-county/,/drapery/,200,,already direct; unchanged
https://www.805shutters.com/recent-projects/roller-shades-large-window-ventura-county/,/drapery/,200,,already direct; unchanged
https://www.805shutters.com/recent-projects/roller-shades-large-window-ventura-county/,/drapery/,200,,already direct; unchanged
https://www.805shutters.com/recent-projects/layered-window-shades-ventura-county/,/drapery/,200,,already direct; unchanged
https://www.805shutters.com/recent-projects/layered-window-shades-ventura-county/,/drapery/,200,,already direct; unchanged
https://www.805shutters.com/recent-projects/arched-plantation-shutters-ventura-county/,/drapery/,200,,already direct; unchanged
https://www.805shutters.com/recent-projects/arched-plantation-shutters-ventura-county/,/drapery/,200,,already direct; unchanged
https://www.805shutters.com/recent-projects/dark-wood-plantation-shutters-ventura-county/,/drapery/,200,,already direct; unchanged
https://www.805shutters.com/recent-projects/dark-wood-plantation-shutters-ventura-county/,/drapery/,200,,already direct; unchanged
https://www.805shutters.com/recent-projects/plantation-shutters-ventura-county-project/,/drapery/,200,,already direct; unchanged
https://www.805shutters.com/recent-projects/plantation-shutters-ventura-county-project/,/drapery/,200,,already direct; unchanged
https://www.805shutters.com/best-window-treatments-ventura-county/,/drapery/,200,,already direct; unchanged
https://www.805shutters.com/best-window-treatments-ventura-county/,/drapery/,200,,already direct; unchanged
https://www.805shutters.com/plantation-shutters-vs-shades-ventura-county/,/drapery/,200,,already direct; unchanged
https://www.805shutters.com/plantation-shutters-vs-shades-ventura-county/,/drapery/,200,,already direct; unchanged
https://www.805shutters.com/custom-blinds-shades-shutters-camarillo/,/drapery/,200,,already direct; unchanged
https://www.805shutters.com/custom-blinds-shades-shutters-camarillo/,/drapery/,200,,already direct; unchanged
https://www.805shutters.com/commercial-roller-shades-ventura-county/,/drapery/,200,,already direct; unchanged
https://www.805shutters.com/commercial-roller-shades-ventura-county/,/drapery/,200,,already direct; unchanged
https://www.805shutters.com/sliding-door-window-treatments-ventura-county/,/drapery/,200,,already direct; unchanged
https://www.805shutters.com/sliding-door-window-treatments-ventura-county/,/drapery/,200,,already direct; unchanged
https://www.805shutters.com/motorized-window-shades-ventura-county/,/drapery/,200,,already direct; unchanged
https://www.805shutters.com/motorized-window-shades-ventura-county/,/drapery/,200,,already direct; unchanged
https://www.805shutters.com/coastal-window-treatments-ventura-county/,/drapery/,200,,already direct; unchanged
https://www.805shutters.com/coastal-window-treatments-ventura-county/,/drapery/,200,,already direct; unchanged
https://www.805shutters.com/window-treatment-installation-timeline-ventura-county/,/drapery/,200,,already direct; unchanged
https://www.805shutters.com/window-treatment-installation-timeline-ventura-county/,/drapery/,200,,already direct; unchanged
https://www.805shutters.com/window-treatment-cost-guide-ventura-county/,/drapery/,200,,already direct; unchanged
https://www.805shutters.com/window-treatment-cost-guide-ventura-county/,/drapery/,200,,already direct; unchanged
https://www.805shutters.com/custom-drapery-curtains-ventura-county/,/drapery/,200,,already direct; unchanged
https://www.805shutters.com/custom-drapery-curtains-ventura-county/,/drapery/,200,,already direct; unchanged
https://www.805shutters.com/custom-drapery-curtains-ventura-county/,/drapery/,200,,already direct; unchanged
https://www.805shutters.com/shutters-near-me-ventura-county/,/drapery/,200,,already direct; unchanged
https://www.805shutters.com/shutters-near-me-ventura-county/,/drapery/,200,,already direct; unchanged
https://www.805shutters.com/blinds-near-me-ventura-county/,/drapery/,200,,already direct; unchanged
https://www.805shutters.com/blinds-near-me-ventura-county/,/drapery/,200,,already direct; unchanged
https://www.805shutters.com/window-shades-near-me-ventura-county/,/drapery/,200,,already direct; unchanged
https://www.805shutters.com/window-shades-near-me-ventura-county/,/drapery/,200,,already direct; unchanged
https://www.805shutters.com/window-treatment-company-near-me-ventura-county/,/drapery/,200,,already direct; unchanged
https://www.805shutters.com/window-treatment-company-near-me-ventura-county/,/drapery/,200,,already direct; unchanged
https://www.805shutters.com/window-treatment-comparison-guide/,/drapery/,200,,already direct; unchanged
https://www.805shutters.com/window-treatment-comparison-guide/,/drapery/,200,,already direct; unchanged
https://www.805shutters.com/book-consultation/,/drapery/,200,,already direct; unchanged
https://www.805shutters.com/book-consultation/,/drapery/,200,,already direct; unchanged
https://www.805shutters.com/official/,/drapery/,200,,already direct; unchanged
https://www.805shutters.com/official/,/drapery/,200,,already direct; unchanged
https://www.805shutters.com/,/shutters/,200,,already direct; unchanged
https://www.805shutters.com/,/shutters/,200,,already direct; unchanged
https://www.805shutters.com/,/shutters/,200,,already direct; unchanged
https://www.805shutters.com/shutters/,/shutters/,200,,already direct; unchanged
https://www.805shutters.com/shutters/,/shutters/,200,,already direct; unchanged
https://www.805shutters.com/shutters/,#shutter-material,200,,already direct; unchanged
https://www.805shutters.com/shutters/,#shutter-louver-sizes,200,,already direct; unchanged
https://www.805shutters.com/shutters/,#shutter-style,200,,already direct; unchanged
https://www.805shutters.com/shutters/,#shutter-doors,200,,already direct; unchanged
https://www.805shutters.com/shutters/,#shutter-specialty-shapes,200,,already direct; unchanged
https://www.805shutters.com/shades/,/shutters/,200,,already direct; unchanged
https://www.805shutters.com/shades/,/shutters/,200,,already direct; unchanged
https://www.805shutters.com/blinds/,/shutters/,200,,already direct; unchanged
https://www.805shutters.com/blinds/,/shutters/,200,,already direct; unchanged
https://www.805shutters.com/drapery/,/shutters/,200,,already direct; unchanged
https://www.805shutters.com/drapery/,/shutters/,200,,already direct; unchanged
https://www.805shutters.com/exterior-shades/,/shutters/,200,,already direct; unchanged
https://www.805shutters.com/exterior-shades/,/shutters/,200,,already direct; unchanged
https://www.805shutters.com/window-treatments/,/shutters/,200,,already direct; unchanged
https://www.805shutters.com/window-treatments/,/shutters/,200,,already direct; unchanged
https://www.805shutters.com/window-treatments/,/shutters/,200,,already direct; unchanged
https://www.805shutters.com/window-coverings/,/shutters/,200,,already direct; unchanged
https://www.805shutters.com/window-coverings/,/shutters/,200,,already direct; unchanged
https://www.805shutters.com/window-coverings/,/shutters/,200,,already direct; unchanged
https://www.805shutters.com/commercial-window-coverings/,/shutters/,200,,already direct; unchanged
https://www.805shutters.com/commercial-window-coverings/,/shutters/,200,,already direct; unchanged
https://www.805shutters.com/commercial-roller-shades/,/shutters/,200,,already direct; unchanged
https://www.805shutters.com/commercial-roller-shades/,/shutters/,200,,already direct; unchanged
https://www.805shutters.com/about/,/shutters/,200,,already direct; unchanged
https://www.805shutters.com/about/,/shutters/,200,,already direct; unchanged
https://www.805shutters.com/contact/,/shutters/,200,,already direct; unchanged
https://www.805shutters.com/contact/,/shutters/,200,,already direct; unchanged
https://www.805shutters.com/free-window-treatment-consultation/,/shutters/,200,,already direct; unchanged
https://www.805shutters.com/free-window-treatment-consultation/,/shutters/,200,,already direct; unchanged
https://www.805shutters.com/free-window-treatment-consultation/,/shutters/,200,,already direct; unchanged
https://www.805shutters.com/financing/,/shutters/,200,,already direct; unchanged
https://www.805shutters.com/financing/,/shutters/,200,,already direct; unchanged
https://www.805shutters.com/faq/,/shutters/,200,,already direct; unchanged
https://www.805shutters.com/faq/,/shutters/,200,,already direct; unchanged
https://www.805shutters.com/gallery/,/shutters/,200,,already direct; unchanged
https://www.805shutters.com/gallery/,/shutters/,200,,already direct; unchanged
https://www.805shutters.com/reviews/,/shutters/,200,,already direct; unchanged
https://www.805shutters.com/reviews/,/shutters/,200,,already direct; unchanged
https://www.805shutters.com/reviews/,/shutters/,200,,already direct; unchanged
https://www.805shutters.com/recent-projects/,/shutters/,200,,already direct; unchanged
https://www.805shutters.com/recent-projects/,/shutters/,200,,already direct; unchanged
https://www.805shutters.com/shutters/camarillo/,/shutters/,200,,already direct; unchanged
https://www.805shutters.com/shutters/camarillo/,/shutters/,200,,already direct; unchanged
https://www.805shutters.com/shutters/camarillo/,/shutters/,200,,already direct; unchanged
https://www.805shutters.com/shades/camarillo-ca/,/shutters/,200,,already direct; unchanged
https://www.805shutters.com/shades/camarillo-ca/,/shutters/,200,,already direct; unchanged
https://www.805shutters.com/blinds/camarillo-ca/,/shutters/,200,,already direct; unchanged
https://www.805shutters.com/blinds/camarillo-ca/,/shutters/,200,,already direct; unchanged
https://www.805shutters.com/drapery/camarillo-ca/,/shutters/,200,,already direct; unchanged
https://www.805shutters.com/drapery/camarillo-ca/,/shutters/,200,,already direct; unchanged
https://www.805shutters.com/window-coverings/camarillo-ca/,/shutters/,200,,already direct; unchanged
https://www.805shutters.com/window-coverings/camarillo-ca/,/shutters/,200,,already direct; unchanged
https://www.805shutters.com/window-treatments/camarillo-ca/,/shutters/,200,,already direct; unchanged
https://www.805shutters.com/window-treatments/camarillo-ca/,/shutters/,200,,already direct; unchanged
https://www.805shutters.com/shutters/fillmore/,/shutters/,200,,already direct; unchanged
https://www.805shutters.com/shutters/fillmore/,/shutters/,200,,already direct; unchanged
https://www.805shutters.com/shades/fillmore-ca/,/shutters/,200,,already direct; unchanged
https://www.805shutters.com/shades/fillmore-ca/,/shutters/,200,,already direct; unchanged
https://www.805shutters.com/blinds/fillmore-ca/,/shutters/,200,,already direct; unchanged
https://www.805shutters.com/blinds/fillmore-ca/,/shutters/,200,,already direct; unchanged
https://www.805shutters.com/drapery/fillmore-ca/,/shutters/,200,,already direct; unchanged
https://www.805shutters.com/drapery/fillmore-ca/,/shutters/,200,,already direct; unchanged
https://www.805shutters.com/window-coverings/fillmore-ca/,/shutters/,200,,already direct; unchanged
https://www.805shutters.com/window-coverings/fillmore-ca/,/shutters/,200,,already direct; unchanged
https://www.805shutters.com/window-treatments/fillmore-ca/,/shutters/,200,,already direct; unchanged
https://www.805shutters.com/window-treatments/fillmore-ca/,/shutters/,200,,already direct; unchanged
https://www.805shutters.com/shutters/moorpark/,/shutters/,200,,already direct; unchanged
https://www.805shutters.com/shutters/moorpark/,/shutters/,200,,already direct; unchanged
https://www.805shutters.com/shades/moorpark-ca/,/shutters/,200,,already direct; unchanged
https://www.805shutters.com/shades/moorpark-ca/,/shutters/,200,,already direct; unchanged
https://www.805shutters.com/blinds/moorpark-ca/,/shutters/,200,,already direct; unchanged
https://www.805shutters.com/blinds/moorpark-ca/,/shutters/,200,,already direct; unchanged
https://www.805shutters.com/drapery/moorpark-ca/,/shutters/,200,,already direct; unchanged
https://www.805shutters.com/drapery/moorpark-ca/,/shutters/,200,,already direct; unchanged
https://www.805shutters.com/window-coverings/moorpark-ca/,/shutters/,200,,already direct; unchanged
https://www.805shutters.com/window-coverings/moorpark-ca/,/shutters/,200,,already direct; unchanged
https://www.805shutters.com/window-treatments/moorpark-ca/,/shutters/,200,,already direct; unchanged
https://www.805shutters.com/window-treatments/moorpark-ca/,/shutters/,200,,already direct; unchanged
https://www.805shutters.com/shutters/newbury-park/,/shutters/,200,,already direct; unchanged
https://www.805shutters.com/shutters/newbury-park/,/shutters/,200,,already direct; unchanged
https://www.805shutters.com/shades/newbury-park-ca/,/shutters/,200,,already direct; unchanged
https://www.805shutters.com/shades/newbury-park-ca/,/shutters/,200,,already direct; unchanged
https://www.805shutters.com/blinds/newbury-park-ca/,/shutters/,200,,already direct; unchanged
https://www.805shutters.com/blinds/newbury-park-ca/,/shutters/,200,,already direct; unchanged
https://www.805shutters.com/drapery/newbury-park-ca/,/shutters/,200,,already direct; unchanged
https://www.805shutters.com/drapery/newbury-park-ca/,/shutters/,200,,already direct; unchanged
https://www.805shutters.com/window-coverings/newbury-park-ca/,/shutters/,200,,already direct; unchanged
https://www.805shutters.com/window-coverings/newbury-park-ca/,/shutters/,200,,already direct; unchanged
https://www.805shutters.com/window-treatments/newbury-park-ca/,/shutters/,200,,already direct; unchanged
https://www.805shutters.com/window-treatments/newbury-park-ca/,/shutters/,200,,already direct; unchanged
https://www.805shutters.com/shutters/oak-park/,/shutters/,200,,already direct; unchanged
https://www.805shutters.com/shutters/oak-park/,/shutters/,200,,already direct; unchanged
https://www.805shutters.com/shades/oak-park-ca/,/shutters/,200,,already direct; unchanged
https://www.805shutters.com/shades/oak-park-ca/,/shutters/,200,,already direct; unchanged
https://www.805shutters.com/blinds/oak-park-ca/,/shutters/,200,,already direct; unchanged
https://www.805shutters.com/blinds/oak-park-ca/,/shutters/,200,,already direct; unchanged
https://www.805shutters.com/drapery/oak-park-ca/,/shutters/,200,,already direct; unchanged
https://www.805shutters.com/drapery/oak-park-ca/,/shutters/,200,,already direct; unchanged
https://www.805shutters.com/window-coverings/oak-park-ca/,/shutters/,200,,already direct; unchanged
https://www.805shutters.com/window-coverings/oak-park-ca/,/shutters/,200,,already direct; unchanged
https://www.805shutters.com/window-treatments/oak-park-ca/,/shutters/,200,,already direct; unchanged
https://www.805shutters.com/window-treatments/oak-park-ca/,/shutters/,200,,already direct; unchanged
https://www.805shutters.com/shutters/ojai/,/shutters/,200,,already direct; unchanged
https://www.805shutters.com/shutters/ojai/,/shutters/,200,,already direct; unchanged
https://www.805shutters.com/shades/ojai-ca/,/shutters/,200,,already direct; unchanged
https://www.805shutters.com/shades/ojai-ca/,/shutters/,200,,already direct; unchanged
https://www.805shutters.com/blinds/ojai-ca/,/shutters/,200,,already direct; unchanged
https://www.805shutters.com/blinds/ojai-ca/,/shutters/,200,,already direct; unchanged
https://www.805shutters.com/drapery/ojai-ca/,/shutters/,200,,already direct; unchanged
https://www.805shutters.com/drapery/ojai-ca/,/shutters/,200,,already direct; unchanged
https://www.805shutters.com/window-coverings/ojai-ca/,/shutters/,200,,already direct; unchanged
https://www.805shutters.com/window-coverings/ojai-ca/,/shutters/,200,,already direct; unchanged
https://www.805shutters.com/window-treatments/ojai-ca/,/shutters/,200,,already direct; unchanged
https://www.805shutters.com/window-treatments/ojai-ca/,/shutters/,200,,already direct; unchanged
https://www.805shutters.com/shutters/oxnard/,/shutters/,200,,already direct; unchanged
https://www.805shutters.com/shutters/oxnard/,/shutters/,200,,already direct; unchanged
https://www.805shutters.com/shutters/oxnard/,/shutters/,200,,already direct; unchanged
https://www.805shutters.com/shades/oxnard-ca/,/shutters/,200,,already direct; unchanged
https://www.805shutters.com/shades/oxnard-ca/,/shutters/,200,,already direct; unchanged
https://www.805shutters.com/blinds/oxnard-ca/,/shutters/,200,,already direct; unchanged
https://www.805shutters.com/blinds/oxnard-ca/,/shutters/,200,,already direct; unchanged
https://www.805shutters.com/drapery/oxnard-ca/,/shutters/,200,,already direct; unchanged
https://www.805shutters.com/drapery/oxnard-ca/,/shutters/,200,,already direct; unchanged
https://www.805shutters.com/window-coverings/oxnard-ca/,/shutters/,200,,already direct; unchanged
https://www.805shutters.com/window-coverings/oxnard-ca/,/shutters/,200,,already direct; unchanged
https://www.805shutters.com/window-treatments/oxnard-ca/,/shutters/,200,,already direct; unchanged
https://www.805shutters.com/window-treatments/oxnard-ca/,/shutters/,200,,already direct; unchanged
https://www.805shutters.com/shutters/port-hueneme/,/shutters/,200,,already direct; unchanged
https://www.805shutters.com/shutters/port-hueneme/,/shutters/,200,,already direct; unchanged
https://www.805shutters.com/shades/port-hueneme-ca/,/shutters/,200,,already direct; unchanged
https://www.805shutters.com/shades/port-hueneme-ca/,/shutters/,200,,already direct; unchanged
https://www.805shutters.com/blinds/port-hueneme-ca/,/shutters/,200,,already direct; unchanged
https://www.805shutters.com/blinds/port-hueneme-ca/,/shutters/,200,,already direct; unchanged
https://www.805shutters.com/drapery/port-hueneme-ca/,/shutters/,200,,already direct; unchanged
https://www.805shutters.com/drapery/port-hueneme-ca/,/shutters/,200,,already direct; unchanged
https://www.805shutters.com/window-coverings/port-hueneme-ca/,/shutters/,200,,already direct; unchanged
https://www.805shutters.com/window-coverings/port-hueneme-ca/,/shutters/,200,,already direct; unchanged
https://www.805shutters.com/window-treatments/port-hueneme-ca/,/shutters/,200,,already direct; unchanged
https://www.805shutters.com/window-treatments/port-hueneme-ca/,/shutters/,200,,already direct; unchanged
https://www.805shutters.com/shutters/santa-paula/,/shutters/,200,,already direct; unchanged
https://www.805shutters.com/shutters/santa-paula/,/shutters/,200,,already direct; unchanged
https://www.805shutters.com/shades/santa-paula-ca/,/shutters/,200,,already direct; unchanged
https://www.805shutters.com/shades/santa-paula-ca/,/shutters/,200,,already direct; unchanged
https://www.805shutters.com/blinds/santa-paula-ca/,/shutters/,200,,already direct; unchanged
https://www.805shutters.com/blinds/santa-paula-ca/,/shutters/,200,,already direct; unchanged
https://www.805shutters.com/drapery/santa-paula-ca/,/shutters/,200,,already direct; unchanged
https://www.805shutters.com/drapery/santa-paula-ca/,/shutters/,200,,already direct; unchanged
https://www.805shutters.com/window-coverings/santa-paula-ca/,/shutters/,200,,already direct; unchanged
https://www.805shutters.com/window-coverings/santa-paula-ca/,/shutters/,200,,already direct; unchanged
https://www.805shutters.com/window-treatments/santa-paula-ca/,/shutters/,200,,already direct; unchanged
https://www.805shutters.com/window-treatments/santa-paula-ca/,/shutters/,200,,already direct; unchanged
https://www.805shutters.com/shutters/santa-clarita/,/shutters/,200,,already direct; unchanged
https://www.805shutters.com/shutters/santa-clarita/,/shutters/,200,,already direct; unchanged
https://www.805shutters.com/shades/santa-clarita-ca/,/shutters/,200,,already direct; unchanged
https://www.805shutters.com/shades/santa-clarita-ca/,/shutters/,200,,already direct; unchanged
https://www.805shutters.com/blinds/santa-clarita-ca/,/shutters/,200,,already direct; unchanged
https://www.805shutters.com/blinds/santa-clarita-ca/,/shutters/,200,,already direct; unchanged
https://www.805shutters.com/drapery/santa-clarita-ca/,/shutters/,200,,already direct; unchanged
https://www.805shutters.com/drapery/santa-clarita-ca/,/shutters/,200,,already direct; unchanged
https://www.805shutters.com/window-coverings/santa-clarita-ca/,/shutters/,200,,already direct; unchanged
https://www.805shutters.com/window-coverings/santa-clarita-ca/,/shutters/,200,,already direct; unchanged
https://www.805shutters.com/window-treatments/santa-clarita-ca/,/shutters/,200,,already direct; unchanged
https://www.805shutters.com/window-treatments/santa-clarita-ca/,/shutters/,200,,already direct; unchanged
https://www.805shutters.com/shutters/santa-rosa-valley/,/shutters/,200,,already direct; unchanged
https://www.805shutters.com/shutters/santa-rosa-valley/,/shutters/,200,,already direct; unchanged
https://www.805shutters.com/shades/santa-rosa-valley-ca/,/shutters/,200,,already direct; unchanged
https://www.805shutters.com/shades/santa-rosa-valley-ca/,/shutters/,200,,already direct; unchanged
https://www.805shutters.com/blinds/santa-rosa-valley-ca/,/shutters/,200,,already direct; unchanged
https://www.805shutters.com/blinds/santa-rosa-valley-ca/,/shutters/,200,,already direct; unchanged
https://www.805shutters.com/drapery/santa-rosa-valley-ca/,/shutters/,200,,already direct; unchanged
https://www.805shutters.com/drapery/santa-rosa-valley-ca/,/shutters/,200,,already direct; unchanged
https://www.805shutters.com/window-coverings/santa-rosa-valley-ca/,/shutters/,200,,already direct; unchanged
https://www.805shutters.com/window-coverings/santa-rosa-valley-ca/,/shutters/,200,,already direct; unchanged
https://www.805shutters.com/window-treatments/santa-rosa-valley-ca/,/shutters/,200,,already direct; unchanged
https://www.805shutters.com/window-treatments/santa-rosa-valley-ca/,/shutters/,200,,already direct; unchanged
https://www.805shutters.com/shutters/simi-valley/,/shutters/,200,,already direct; unchanged
https://www.805shutters.com/shutters/simi-valley/,/shutters/,200,,already direct; unchanged
https://www.805shutters.com/shades/simi-valley-ca/,/shutters/,200,,already direct; unchanged
https://www.805shutters.com/shades/simi-valley-ca/,/shutters/,200,,already direct; unchanged
https://www.805shutters.com/blinds/simi-valley-ca/,/shutters/,200,,already direct; unchanged
https://www.805shutters.com/blinds/simi-valley-ca/,/shutters/,200,,already direct; unchanged
https://www.805shutters.com/drapery/simi-valley-ca/,/shutters/,200,,already direct; unchanged
https://www.805shutters.com/drapery/simi-valley-ca/,/shutters/,200,,already direct; unchanged
https://www.805shutters.com/window-coverings/simi-valley-ca/,/shutters/,200,,already direct; unchanged
https://www.805shutters.com/window-coverings/simi-valley-ca/,/shutters/,200,,already direct; unchanged
https://www.805shutters.com/window-treatments/simi-valley-ca/,/shutters/,200,,already direct; unchanged
https://www.805shutters.com/window-treatments/simi-valley-ca/,/shutters/,200,,already direct; unchanged
https://www.805shutters.com/shutters/thousand-oaks/,/shutters/,200,,already direct; unchanged
https://www.805shutters.com/shutters/thousand-oaks/,/shutters/,200,,already direct; unchanged
https://www.805shutters.com/shutters/thousand-oaks/,/shutters/,200,,already direct; unchanged
https://www.805shutters.com/shades/thousand-oaks-ca/,/shutters/,200,,already direct; unchanged
https://www.805shutters.com/shades/thousand-oaks-ca/,/shutters/,200,,already direct; unchanged
https://www.805shutters.com/blinds/thousand-oaks-ca/,/shutters/,200,,already direct; unchanged
https://www.805shutters.com/blinds/thousand-oaks-ca/,/shutters/,200,,already direct; unchanged
https://www.805shutters.com/drapery/thousand-oaks-ca/,/shutters/,200,,already direct; unchanged
https://www.805shutters.com/drapery/thousand-oaks-ca/,/shutters/,200,,already direct; unchanged
https://www.805shutters.com/window-coverings/thousand-oaks-ca/,/shutters/,200,,already direct; unchanged
https://www.805shutters.com/window-coverings/thousand-oaks-ca/,/shutters/,200,,already direct; unchanged
https://www.805shutters.com/window-treatments/thousand-oaks-ca/,/shutters/,200,,already direct; unchanged
https://www.805shutters.com/window-treatments/thousand-oaks-ca/,/shutters/,200,,already direct; unchanged
https://www.805shutters.com/shutters/ventura/,/shutters/,200,,already direct; unchanged
https://www.805shutters.com/shutters/ventura/,/shutters/,200,,already direct; unchanged
https://www.805shutters.com/shutters/ventura/,/shutters/,200,,already direct; unchanged
https://www.805shutters.com/shades/ventura-ca/,/shutters/,200,,already direct; unchanged
https://www.805shutters.com/shades/ventura-ca/,/shutters/,200,,already direct; unchanged
https://www.805shutters.com/blinds/ventura-ca/,/shutters/,200,,already direct; unchanged
https://www.805shutters.com/blinds/ventura-ca/,/shutters/,200,,already direct; unchanged
https://www.805shutters.com/drapery/ventura-ca/,/shutters/,200,,already direct; unchanged
https://www.805shutters.com/drapery/ventura-ca/,/shutters/,200,,already direct; unchanged
https://www.805shutters.com/window-coverings/ventura-ca/,/shutters/,200,,already direct; unchanged
https://www.805shutters.com/window-coverings/ventura-ca/,/shutters/,200,,already direct; unchanged
https://www.805shutters.com/window-treatments/ventura-ca/,/shutters/,200,,already direct; unchanged
https://www.805shutters.com/window-treatments/ventura-ca/,/shutters/,200,,already direct; unchanged
https://www.805shutters.com/shutters/westlake-village/,/shutters/,200,,already direct; unchanged
https://www.805shutters.com/shutters/westlake-village/,/shutters/,200,,already direct; unchanged
https://www.805shutters.com/shades/westlake-village-ca/,/shutters/,200,,already direct; unchanged
https://www.805shutters.com/shades/westlake-village-ca/,/shutters/,200,,already direct; unchanged
https://www.805shutters.com/blinds/westlake-village-ca/,/shutters/,200,,already direct; unchanged
https://www.805shutters.com/blinds/westlake-village-ca/,/shutters/,200,,already direct; unchanged
https://www.805shutters.com/drapery/westlake-village-ca/,/shutters/,200,,already direct; unchanged
https://www.805shutters.com/drapery/westlake-village-ca/,/shutters/,200,,already direct; unchanged
https://www.805shutters.com/window-coverings/westlake-village-ca/,/shutters/,200,,already direct; unchanged
https://www.805shutters.com/window-coverings/westlake-village-ca/,/shutters/,200,,already direct; unchanged
https://www.805shutters.com/window-treatments/westlake-village-ca/,/shutters/,200,,already direct; unchanged
https://www.805shutters.com/window-treatments/westlake-village-ca/,/shutters/,200,,already direct; unchanged
https://www.805shutters.com/commercial-window-coverings/camarillo-ca/,/shutters/,200,,already direct; unchanged
https://www.805shutters.com/commercial-window-coverings/camarillo-ca/,/shutters/,200,,already direct; unchanged
https://www.805shutters.com/commercial-window-coverings/fillmore-ca/,/shutters/,200,,already direct; unchanged
https://www.805shutters.com/commercial-window-coverings/fillmore-ca/,/shutters/,200,,already direct; unchanged
https://www.805shutters.com/commercial-window-coverings/moorpark-ca/,/shutters/,200,,already direct; unchanged
https://www.805shutters.com/commercial-window-coverings/moorpark-ca/,/shutters/,200,,already direct; unchanged
https://www.805shutters.com/commercial-window-coverings/newbury-park-ca/,/shutters/,200,,already direct; unchanged
https://www.805shutters.com/commercial-window-coverings/newbury-park-ca/,/shutters/,200,,already direct; unchanged
https://www.805shutters.com/commercial-window-coverings/oak-park-ca/,/shutters/,200,,already direct; unchanged
https://www.805shutters.com/commercial-window-coverings/oak-park-ca/,/shutters/,200,,already direct; unchanged
https://www.805shutters.com/commercial-window-coverings/ojai-ca/,/shutters/,200,,already direct; unchanged
https://www.805shutters.com/commercial-window-coverings/ojai-ca/,/shutters/,200,,already direct; unchanged
https://www.805shutters.com/commercial-window-coverings/oxnard-ca/,/shutters/,200,,already direct; unchanged
https://www.805shutters.com/commercial-window-coverings/oxnard-ca/,/shutters/,200,,already direct; unchanged
https://www.805shutters.com/commercial-window-coverings/port-hueneme-ca/,/shutters/,200,,already direct; unchanged
https://www.805shutters.com/commercial-window-coverings/port-hueneme-ca/,/shutters/,200,,already direct; unchanged
https://www.805shutters.com/commercial-window-coverings/santa-paula-ca/,/shutters/,200,,already direct; unchanged
https://www.805shutters.com/commercial-window-coverings/santa-paula-ca/,/shutters/,200,,already direct; unchanged
https://www.805shutters.com/commercial-window-coverings/santa-clarita-ca/,/shutters/,200,,already direct; unchanged
https://www.805shutters.com/commercial-window-coverings/santa-clarita-ca/,/shutters/,200,,already direct; unchanged
https://www.805shutters.com/commercial-window-coverings/santa-rosa-valley-ca/,/shutters/,200,,already direct; unchanged
https://www.805shutters.com/commercial-window-coverings/santa-rosa-valley-ca/,/shutters/,200,,already direct; unchanged
https://www.805shutters.com/commercial-window-coverings/simi-valley-ca/,/shutters/,200,,already direct; unchanged
https://www.805shutters.com/commercial-window-coverings/simi-valley-ca/,/shutters/,200,,already direct; unchanged
https://www.805shutters.com/commercial-window-coverings/thousand-oaks-ca/,/shutters/,200,,already direct; unchanged
https://www.805shutters.com/commercial-window-coverings/thousand-oaks-ca/,/shutters/,200,,already direct; unchanged
https://www.805shutters.com/commercial-window-coverings/ventura-ca/,/shutters/,200,,already direct; unchanged
https://www.805shutters.com/commercial-window-coverings/ventura-ca/,/shutters/,200,,already direct; unchanged
https://www.805shutters.com/commercial-window-coverings/westlake-village-ca/,/shutters/,200,,already direct; unchanged
https://www.805shutters.com/commercial-window-coverings/westlake-village-ca/,/shutters/,200,,already direct; unchanged
https://www.805shutters.com/blinds/ventura-county/,/shutters/,200,,already direct; unchanged
https://www.805shutters.com/blinds/ventura-county/,/shutters/,200,,already direct; unchanged
https://www.805shutters.com/window-treatments/camarillo/,/shutters/,200,,already direct; unchanged
https://www.805shutters.com/window-treatments/camarillo/,/shutters/,200,,already direct; unchanged
https://www.805shutters.com/ventura-county-window-treatments-camarillo-blinds-shades-shutters/,/shutters/,200,,already direct; unchanged
https://www.805shutters.com/ventura-county-window-treatments-camarillo-blinds-shades-shutters/,/shutters/,200,,already direct; unchanged
https://www.805shutters.com/shutters/plantation/,/shutters/,200,,already direct; unchanged
https://www.805shutters.com/shutters/plantation/,/shutters/,200,,already direct; unchanged
https://www.805shutters.com/shutters/interior-shutters-camarillo/,/shutters/,200,,already direct; unchanged
https://www.805shutters.com/shutters/interior-shutters-camarillo/,/shutters/,200,,already direct; unchanged
https://www.805shutters.com/shutters/wood-shutters-camarillo/,/shutters/,200,,already direct; unchanged
https://www.805shutters.com/shutters/wood-shutters-camarillo/,/shutters/,200,,already direct; unchanged
https://www.805shutters.com/recent-projects/sliding-door-shutters-ventura-county/,/shutters/,200,,already direct; unchanged
https://www.805shutters.com/recent-projects/sliding-door-shutters-ventura-county/,/shutters/,200,,already direct; unchanged
https://www.805shutters.com/recent-projects/roller-shades-large-window-ventura-county/,/shutters/,200,,already direct; unchanged
https://www.805shutters.com/recent-projects/roller-shades-large-window-ventura-county/,/shutters/,200,,already direct; unchanged
https://www.805shutters.com/recent-projects/layered-window-shades-ventura-county/,/shutters/,200,,already direct; unchanged
https://www.805shutters.com/recent-projects/layered-window-shades-ventura-county/,/shutters/,200,,already direct; unchanged
https://www.805shutters.com/recent-projects/arched-plantation-shutters-ventura-county/,/shutters/,200,,already direct; unchanged
https://www.805shutters.com/recent-projects/arched-plantation-shutters-ventura-county/,/shutters/,200,,already direct; unchanged
https://www.805shutters.com/recent-projects/dark-wood-plantation-shutters-ventura-county/,/shutters/,200,,already direct; unchanged
https://www.805shutters.com/recent-projects/dark-wood-plantation-shutters-ventura-county/,/shutters/,200,,already direct; unchanged
https://www.805shutters.com/recent-projects/plantation-shutters-ventura-county-project/,/shutters/,200,,already direct; unchanged
https://www.805shutters.com/recent-projects/plantation-shutters-ventura-county-project/,/shutters/,200,,already direct; unchanged
https://www.805shutters.com/best-window-treatments-ventura-county/,/shutters/,200,,already direct; unchanged
https://www.805shutters.com/best-window-treatments-ventura-county/,/shutters/,200,,already direct; unchanged
https://www.805shutters.com/best-window-treatments-ventura-county/,/shutters/,200,,already direct; unchanged
https://www.805shutters.com/plantation-shutters-vs-shades-ventura-county/,/shutters/,200,,already direct; unchanged
https://www.805shutters.com/plantation-shutters-vs-shades-ventura-county/,/shutters/,200,,already direct; unchanged
https://www.805shutters.com/plantation-shutters-vs-shades-ventura-county/,/shutters/,200,,already direct; unchanged
https://www.805shutters.com/custom-blinds-shades-shutters-camarillo/,/shutters/,200,,already direct; unchanged
https://www.805shutters.com/custom-blinds-shades-shutters-camarillo/,/shutters/,200,,already direct; unchanged
https://www.805shutters.com/custom-blinds-shades-shutters-camarillo/,/shutters/,200,,already direct; unchanged
https://www.805shutters.com/commercial-roller-shades-ventura-county/,/shutters/,200,,already direct; unchanged
https://www.805shutters.com/commercial-roller-shades-ventura-county/,/shutters/,200,,already direct; unchanged
https://www.805shutters.com/sliding-door-window-treatments-ventura-county/,/shutters/,200,,already direct; unchanged
https://www.805shutters.com/sliding-door-window-treatments-ventura-county/,/shutters/,200,,already direct; unchanged
https://www.805shutters.com/sliding-door-window-treatments-ventura-county/,/shutters/,200,,already direct; unchanged
https://www.805shutters.com/motorized-window-shades-ventura-county/,/shutters/,200,,already direct; unchanged
https://www.805shutters.com/motorized-window-shades-ventura-county/,/shutters/,200,,already direct; unchanged
https://www.805shutters.com/coastal-window-treatments-ventura-county/,/shutters/,200,,already direct; unchanged
https://www.805shutters.com/coastal-window-treatments-ventura-county/,/shutters/,200,,already direct; unchanged
https://www.805shutters.com/coastal-window-treatments-ventura-county/,/shutters/,200,,already direct; unchanged
https://www.805shutters.com/window-treatment-installation-timeline-ventura-county/,/shutters/,200,,already direct; unchanged
https://www.805shutters.com/window-treatment-installation-timeline-ventura-county/,/shutters/,200,,already direct; unchanged
https://www.805shutters.com/window-treatment-installation-timeline-ventura-county/,/shutters/,200,,already direct; unchanged
https://www.805shutters.com/window-treatment-cost-guide-ventura-county/,/shutters/,200,,already direct; unchanged
https://www.805shutters.com/window-treatment-cost-guide-ventura-county/,/shutters/,200,,already direct; unchanged
https://www.805shutters.com/custom-drapery-curtains-ventura-county/,/shutters/,200,,already direct; unchanged
https://www.805shutters.com/custom-drapery-curtains-ventura-county/,/shutters/,200,,already direct; unchanged
https://www.805shutters.com/custom-drapery-curtains-ventura-county/,/shutters/,200,,already direct; unchanged
https://www.805shutters.com/shutters-near-me-ventura-county/,/shutters/,200,,already direct; unchanged
https://www.805shutters.com/shutters-near-me-ventura-county/,/shutters/,200,,already direct; unchanged
https://www.805shutters.com/shutters-near-me-ventura-county/,/shutters/,200,,already direct; unchanged
https://www.805shutters.com/blinds-near-me-ventura-county/,/shutters/,200,,already direct; unchanged
https://www.805shutters.com/blinds-near-me-ventura-county/,/shutters/,200,,already direct; unchanged
https://www.805shutters.com/window-shades-near-me-ventura-county/,/shutters/,200,,already direct; unchanged
https://www.805shutters.com/window-shades-near-me-ventura-county/,/shutters/,200,,already direct; unchanged
https://www.805shutters.com/window-treatment-company-near-me-ventura-county/,/shutters/,200,,already direct; unchanged
https://www.805shutters.com/window-treatment-company-near-me-ventura-county/,/shutters/,200,,already direct; unchanged
https://www.805shutters.com/window-treatment-comparison-guide/,/shutters/,200,,already direct; unchanged
https://www.805shutters.com/window-treatment-comparison-guide/,/shutters/,200,,already direct; unchanged
https://www.805shutters.com/book-consultation/,/shutters/,200,,already direct; unchanged
https://www.805shutters.com/book-consultation/,/shutters/,200,,already direct; unchanged
https://www.805shutters.com/official/,/shutters/,200,,already direct; unchanged
https://www.805shutters.com/official/,/shutters/,200,,already direct; unchanged
https://www.805shutters.com/,/exterior-shades/,200,,already direct; unchanged
https://www.805shutters.com/,/exterior-shades/,200,,already direct; unchanged
https://www.805shutters.com/shutters/,/exterior-shades/,200,,already direct; unchanged
https://www.805shutters.com/shutters/,/exterior-shades/,200,,already direct; unchanged
https://www.805shutters.com/shades/,/exterior-shades/,200,,already direct; unchanged
https://www.805shutters.com/shades/,/exterior-shades/,200,,already direct; unchanged
https://www.805shutters.com/blinds/,/exterior-shades/,200,,already direct; unchanged
https://www.805shutters.com/blinds/,/exterior-shades/,200,,already direct; unchanged
https://www.805shutters.com/drapery/,/exterior-shades/,200,,already direct; unchanged
https://www.805shutters.com/drapery/,/exterior-shades/,200,,already direct; unchanged
https://www.805shutters.com/exterior-shades/,/exterior-shades/,200,,already direct; unchanged
https://www.805shutters.com/exterior-shades/,/exterior-shades/,200,,already direct; unchanged
https://www.805shutters.com/window-treatments/,/exterior-shades/,200,,already direct; unchanged
https://www.805shutters.com/window-treatments/,/exterior-shades/,200,,already direct; unchanged
https://www.805shutters.com/window-coverings/,/exterior-shades/,200,,already direct; unchanged
https://www.805shutters.com/window-coverings/,/exterior-shades/,200,,already direct; unchanged
https://www.805shutters.com/window-coverings/,/exterior-shades/,200,,already direct; unchanged
https://www.805shutters.com/commercial-window-coverings/,/exterior-shades/,200,,already direct; unchanged
https://www.805shutters.com/commercial-window-coverings/,/exterior-shades/,200,,already direct; unchanged
https://www.805shutters.com/commercial-roller-shades/,/exterior-shades/,200,,already direct; unchanged
https://www.805shutters.com/commercial-roller-shades/,/exterior-shades/,200,,already direct; unchanged
https://www.805shutters.com/about/,/exterior-shades/,200,,already direct; unchanged
https://www.805shutters.com/about/,/exterior-shades/,200,,already direct; unchanged
https://www.805shutters.com/contact/,/exterior-shades/,200,,already direct; unchanged
https://www.805shutters.com/contact/,/exterior-shades/,200,,already direct; unchanged
https://www.805shutters.com/free-window-treatment-consultation/,/exterior-shades/,200,,already direct; unchanged
https://www.805shutters.com/free-window-treatment-consultation/,/exterior-shades/,200,,already direct; unchanged
https://www.805shutters.com/financing/,/exterior-shades/,200,,already direct; unchanged
https://www.805shutters.com/financing/,/exterior-shades/,200,,already direct; unchanged
https://www.805shutters.com/faq/,/exterior-shades/,200,,already direct; unchanged
https://www.805shutters.com/faq/,/exterior-shades/,200,,already direct; unchanged
https://www.805shutters.com/gallery/,/exterior-shades/,200,,already direct; unchanged
https://www.805shutters.com/gallery/,/exterior-shades/,200,,already direct; unchanged
https://www.805shutters.com/reviews/,/exterior-shades/,200,,already direct; unchanged
https://www.805shutters.com/reviews/,/exterior-shades/,200,,already direct; unchanged
https://www.805shutters.com/recent-projects/,/exterior-shades/,200,,already direct; unchanged
https://www.805shutters.com/recent-projects/,/exterior-shades/,200,,already direct; unchanged
https://www.805shutters.com/shutters/camarillo/,/exterior-shades/,200,,already direct; unchanged
https://www.805shutters.com/shutters/camarillo/,/exterior-shades/,200,,already direct; unchanged
https://www.805shutters.com/shades/camarillo-ca/,/exterior-shades/,200,,already direct; unchanged
https://www.805shutters.com/shades/camarillo-ca/,/exterior-shades/,200,,already direct; unchanged
https://www.805shutters.com/blinds/camarillo-ca/,/exterior-shades/,200,,already direct; unchanged
https://www.805shutters.com/blinds/camarillo-ca/,/exterior-shades/,200,,already direct; unchanged
https://www.805shutters.com/drapery/camarillo-ca/,/exterior-shades/,200,,already direct; unchanged
https://www.805shutters.com/drapery/camarillo-ca/,/exterior-shades/,200,,already direct; unchanged
https://www.805shutters.com/window-coverings/camarillo-ca/,/exterior-shades/,200,,already direct; unchanged
https://www.805shutters.com/window-coverings/camarillo-ca/,/exterior-shades/,200,,already direct; unchanged
https://www.805shutters.com/window-treatments/camarillo-ca/,/exterior-shades/,200,,already direct; unchanged
https://www.805shutters.com/window-treatments/camarillo-ca/,/exterior-shades/,200,,already direct; unchanged
https://www.805shutters.com/shutters/fillmore/,/exterior-shades/,200,,already direct; unchanged
https://www.805shutters.com/shutters/fillmore/,/exterior-shades/,200,,already direct; unchanged
https://www.805shutters.com/shades/fillmore-ca/,/exterior-shades/,200,,already direct; unchanged
https://www.805shutters.com/shades/fillmore-ca/,/exterior-shades/,200,,already direct; unchanged
https://www.805shutters.com/blinds/fillmore-ca/,/exterior-shades/,200,,already direct; unchanged
https://www.805shutters.com/blinds/fillmore-ca/,/exterior-shades/,200,,already direct; unchanged
https://www.805shutters.com/drapery/fillmore-ca/,/exterior-shades/,200,,already direct; unchanged
https://www.805shutters.com/drapery/fillmore-ca/,/exterior-shades/,200,,already direct; unchanged
https://www.805shutters.com/window-coverings/fillmore-ca/,/exterior-shades/,200,,already direct; unchanged
https://www.805shutters.com/window-coverings/fillmore-ca/,/exterior-shades/,200,,already direct; unchanged
https://www.805shutters.com/window-treatments/fillmore-ca/,/exterior-shades/,200,,already direct; unchanged
https://www.805shutters.com/window-treatments/fillmore-ca/,/exterior-shades/,200,,already direct; unchanged
https://www.805shutters.com/shutters/moorpark/,/exterior-shades/,200,,already direct; unchanged
https://www.805shutters.com/shutters/moorpark/,/exterior-shades/,200,,already direct; unchanged
https://www.805shutters.com/shades/moorpark-ca/,/exterior-shades/,200,,already direct; unchanged
https://www.805shutters.com/shades/moorpark-ca/,/exterior-shades/,200,,already direct; unchanged
https://www.805shutters.com/blinds/moorpark-ca/,/exterior-shades/,200,,already direct; unchanged
https://www.805shutters.com/blinds/moorpark-ca/,/exterior-shades/,200,,already direct; unchanged
https://www.805shutters.com/drapery/moorpark-ca/,/exterior-shades/,200,,already direct; unchanged
https://www.805shutters.com/drapery/moorpark-ca/,/exterior-shades/,200,,already direct; unchanged
https://www.805shutters.com/window-coverings/moorpark-ca/,/exterior-shades/,200,,already direct; unchanged
https://www.805shutters.com/window-coverings/moorpark-ca/,/exterior-shades/,200,,already direct; unchanged
https://www.805shutters.com/window-treatments/moorpark-ca/,/exterior-shades/,200,,already direct; unchanged
https://www.805shutters.com/window-treatments/moorpark-ca/,/exterior-shades/,200,,already direct; unchanged
https://www.805shutters.com/shutters/newbury-park/,/exterior-shades/,200,,already direct; unchanged
https://www.805shutters.com/shutters/newbury-park/,/exterior-shades/,200,,already direct; unchanged
https://www.805shutters.com/shades/newbury-park-ca/,/exterior-shades/,200,,already direct; unchanged
https://www.805shutters.com/shades/newbury-park-ca/,/exterior-shades/,200,,already direct; unchanged
https://www.805shutters.com/blinds/newbury-park-ca/,/exterior-shades/,200,,already direct; unchanged
https://www.805shutters.com/blinds/newbury-park-ca/,/exterior-shades/,200,,already direct; unchanged
https://www.805shutters.com/drapery/newbury-park-ca/,/exterior-shades/,200,,already direct; unchanged
https://www.805shutters.com/drapery/newbury-park-ca/,/exterior-shades/,200,,already direct; unchanged
https://www.805shutters.com/window-coverings/newbury-park-ca/,/exterior-shades/,200,,already direct; unchanged
https://www.805shutters.com/window-coverings/newbury-park-ca/,/exterior-shades/,200,,already direct; unchanged
https://www.805shutters.com/window-treatments/newbury-park-ca/,/exterior-shades/,200,,already direct; unchanged
https://www.805shutters.com/window-treatments/newbury-park-ca/,/exterior-shades/,200,,already direct; unchanged
https://www.805shutters.com/shutters/oak-park/,/exterior-shades/,200,,already direct; unchanged
https://www.805shutters.com/shutters/oak-park/,/exterior-shades/,200,,already direct; unchanged
https://www.805shutters.com/shades/oak-park-ca/,/exterior-shades/,200,,already direct; unchanged
https://www.805shutters.com/shades/oak-park-ca/,/exterior-shades/,200,,already direct; unchanged
https://www.805shutters.com/blinds/oak-park-ca/,/exterior-shades/,200,,already direct; unchanged
https://www.805shutters.com/blinds/oak-park-ca/,/exterior-shades/,200,,already direct; unchanged
https://www.805shutters.com/drapery/oak-park-ca/,/exterior-shades/,200,,already direct; unchanged
https://www.805shutters.com/drapery/oak-park-ca/,/exterior-shades/,200,,already direct; unchanged
https://www.805shutters.com/window-coverings/oak-park-ca/,/exterior-shades/,200,,already direct; unchanged
https://www.805shutters.com/window-coverings/oak-park-ca/,/exterior-shades/,200,,already direct; unchanged
https://www.805shutters.com/window-treatments/oak-park-ca/,/exterior-shades/,200,,already direct; unchanged
https://www.805shutters.com/window-treatments/oak-park-ca/,/exterior-shades/,200,,already direct; unchanged
https://www.805shutters.com/shutters/ojai/,/exterior-shades/,200,,already direct; unchanged
https://www.805shutters.com/shutters/ojai/,/exterior-shades/,200,,already direct; unchanged
https://www.805shutters.com/shades/ojai-ca/,/exterior-shades/,200,,already direct; unchanged
https://www.805shutters.com/shades/ojai-ca/,/exterior-shades/,200,,already direct; unchanged
https://www.805shutters.com/blinds/ojai-ca/,/exterior-shades/,200,,already direct; unchanged
https://www.805shutters.com/blinds/ojai-ca/,/exterior-shades/,200,,already direct; unchanged
https://www.805shutters.com/drapery/ojai-ca/,/exterior-shades/,200,,already direct; unchanged
https://www.805shutters.com/drapery/ojai-ca/,/exterior-shades/,200,,already direct; unchanged
https://www.805shutters.com/window-coverings/ojai-ca/,/exterior-shades/,200,,already direct; unchanged
https://www.805shutters.com/window-coverings/ojai-ca/,/exterior-shades/,200,,already direct; unchanged
https://www.805shutters.com/window-treatments/ojai-ca/,/exterior-shades/,200,,already direct; unchanged
https://www.805shutters.com/window-treatments/ojai-ca/,/exterior-shades/,200,,already direct; unchanged
https://www.805shutters.com/shutters/oxnard/,/exterior-shades/,200,,already direct; unchanged
https://www.805shutters.com/shutters/oxnard/,/exterior-shades/,200,,already direct; unchanged
https://www.805shutters.com/shades/oxnard-ca/,/exterior-shades/,200,,already direct; unchanged
https://www.805shutters.com/shades/oxnard-ca/,/exterior-shades/,200,,already direct; unchanged
https://www.805shutters.com/blinds/oxnard-ca/,/exterior-shades/,200,,already direct; unchanged
https://www.805shutters.com/blinds/oxnard-ca/,/exterior-shades/,200,,already direct; unchanged
https://www.805shutters.com/drapery/oxnard-ca/,/exterior-shades/,200,,already direct; unchanged
https://www.805shutters.com/drapery/oxnard-ca/,/exterior-shades/,200,,already direct; unchanged
https://www.805shutters.com/window-coverings/oxnard-ca/,/exterior-shades/,200,,already direct; unchanged
https://www.805shutters.com/window-coverings/oxnard-ca/,/exterior-shades/,200,,already direct; unchanged
https://www.805shutters.com/window-treatments/oxnard-ca/,/exterior-shades/,200,,already direct; unchanged
https://www.805shutters.com/window-treatments/oxnard-ca/,/exterior-shades/,200,,already direct; unchanged
https://www.805shutters.com/shutters/port-hueneme/,/exterior-shades/,200,,already direct; unchanged
https://www.805shutters.com/shutters/port-hueneme/,/exterior-shades/,200,,already direct; unchanged
https://www.805shutters.com/shades/port-hueneme-ca/,/exterior-shades/,200,,already direct; unchanged
https://www.805shutters.com/shades/port-hueneme-ca/,/exterior-shades/,200,,already direct; unchanged
https://www.805shutters.com/blinds/port-hueneme-ca/,/exterior-shades/,200,,already direct; unchanged
https://www.805shutters.com/blinds/port-hueneme-ca/,/exterior-shades/,200,,already direct; unchanged
https://www.805shutters.com/drapery/port-hueneme-ca/,/exterior-shades/,200,,already direct; unchanged
https://www.805shutters.com/drapery/port-hueneme-ca/,/exterior-shades/,200,,already direct; unchanged
https://www.805shutters.com/window-coverings/port-hueneme-ca/,/exterior-shades/,200,,already direct; unchanged
https://www.805shutters.com/window-coverings/port-hueneme-ca/,/exterior-shades/,200,,already direct; unchanged
https://www.805shutters.com/window-treatments/port-hueneme-ca/,/exterior-shades/,200,,already direct; unchanged
https://www.805shutters.com/window-treatments/port-hueneme-ca/,/exterior-shades/,200,,already direct; unchanged
https://www.805shutters.com/shutters/santa-paula/,/exterior-shades/,200,,already direct; unchanged
https://www.805shutters.com/shutters/santa-paula/,/exterior-shades/,200,,already direct; unchanged
https://www.805shutters.com/shades/santa-paula-ca/,/exterior-shades/,200,,already direct; unchanged
https://www.805shutters.com/shades/santa-paula-ca/,/exterior-shades/,200,,already direct; unchanged
https://www.805shutters.com/blinds/santa-paula-ca/,/exterior-shades/,200,,already direct; unchanged
https://www.805shutters.com/blinds/santa-paula-ca/,/exterior-shades/,200,,already direct; unchanged
https://www.805shutters.com/drapery/santa-paula-ca/,/exterior-shades/,200,,already direct; unchanged
https://www.805shutters.com/drapery/santa-paula-ca/,/exterior-shades/,200,,already direct; unchanged
https://www.805shutters.com/window-coverings/santa-paula-ca/,/exterior-shades/,200,,already direct; unchanged
https://www.805shutters.com/window-coverings/santa-paula-ca/,/exterior-shades/,200,,already direct; unchanged
https://www.805shutters.com/window-treatments/santa-paula-ca/,/exterior-shades/,200,,already direct; unchanged
https://www.805shutters.com/window-treatments/santa-paula-ca/,/exterior-shades/,200,,already direct; unchanged
https://www.805shutters.com/shutters/santa-clarita/,/exterior-shades/,200,,already direct; unchanged
https://www.805shutters.com/shutters/santa-clarita/,/exterior-shades/,200,,already direct; unchanged
https://www.805shutters.com/shades/santa-clarita-ca/,/exterior-shades/,200,,already direct; unchanged
https://www.805shutters.com/shades/santa-clarita-ca/,/exterior-shades/,200,,already direct; unchanged
https://www.805shutters.com/blinds/santa-clarita-ca/,/exterior-shades/,200,,already direct; unchanged
https://www.805shutters.com/blinds/santa-clarita-ca/,/exterior-shades/,200,,already direct; unchanged
https://www.805shutters.com/drapery/santa-clarita-ca/,/exterior-shades/,200,,already direct; unchanged
https://www.805shutters.com/drapery/santa-clarita-ca/,/exterior-shades/,200,,already direct; unchanged
https://www.805shutters.com/window-coverings/santa-clarita-ca/,/exterior-shades/,200,,already direct; unchanged
https://www.805shutters.com/window-coverings/santa-clarita-ca/,/exterior-shades/,200,,already direct; unchanged
https://www.805shutters.com/window-treatments/santa-clarita-ca/,/exterior-shades/,200,,already direct; unchanged
https://www.805shutters.com/window-treatments/santa-clarita-ca/,/exterior-shades/,200,,already direct; unchanged
https://www.805shutters.com/shutters/santa-rosa-valley/,/exterior-shades/,200,,already direct; unchanged
https://www.805shutters.com/shutters/santa-rosa-valley/,/exterior-shades/,200,,already direct; unchanged
https://www.805shutters.com/shades/santa-rosa-valley-ca/,/exterior-shades/,200,,already direct; unchanged
https://www.805shutters.com/shades/santa-rosa-valley-ca/,/exterior-shades/,200,,already direct; unchanged
https://www.805shutters.com/blinds/santa-rosa-valley-ca/,/exterior-shades/,200,,already direct; unchanged
https://www.805shutters.com/blinds/santa-rosa-valley-ca/,/exterior-shades/,200,,already direct; unchanged
https://www.805shutters.com/drapery/santa-rosa-valley-ca/,/exterior-shades/,200,,already direct; unchanged
https://www.805shutters.com/drapery/santa-rosa-valley-ca/,/exterior-shades/,200,,already direct; unchanged
https://www.805shutters.com/window-coverings/santa-rosa-valley-ca/,/exterior-shades/,200,,already direct; unchanged
https://www.805shutters.com/window-coverings/santa-rosa-valley-ca/,/exterior-shades/,200,,already direct; unchanged
https://www.805shutters.com/window-treatments/santa-rosa-valley-ca/,/exterior-shades/,200,,already direct; unchanged
https://www.805shutters.com/window-treatments/santa-rosa-valley-ca/,/exterior-shades/,200,,already direct; unchanged
https://www.805shutters.com/shutters/simi-valley/,/exterior-shades/,200,,already direct; unchanged
https://www.805shutters.com/shutters/simi-valley/,/exterior-shades/,200,,already direct; unchanged
https://www.805shutters.com/shades/simi-valley-ca/,/exterior-shades/,200,,already direct; unchanged
https://www.805shutters.com/shades/simi-valley-ca/,/exterior-shades/,200,,already direct; unchanged
https://www.805shutters.com/blinds/simi-valley-ca/,/exterior-shades/,200,,already direct; unchanged
https://www.805shutters.com/blinds/simi-valley-ca/,/exterior-shades/,200,,already direct; unchanged
https://www.805shutters.com/drapery/simi-valley-ca/,/exterior-shades/,200,,already direct; unchanged
https://www.805shutters.com/drapery/simi-valley-ca/,/exterior-shades/,200,,already direct; unchanged
https://www.805shutters.com/window-coverings/simi-valley-ca/,/exterior-shades/,200,,already direct; unchanged
https://www.805shutters.com/window-coverings/simi-valley-ca/,/exterior-shades/,200,,already direct; unchanged
https://www.805shutters.com/window-treatments/simi-valley-ca/,/exterior-shades/,200,,already direct; unchanged
https://www.805shutters.com/window-treatments/simi-valley-ca/,/exterior-shades/,200,,already direct; unchanged
https://www.805shutters.com/shutters/thousand-oaks/,/exterior-shades/,200,,already direct; unchanged
https://www.805shutters.com/shutters/thousand-oaks/,/exterior-shades/,200,,already direct; unchanged
https://www.805shutters.com/shades/thousand-oaks-ca/,/exterior-shades/,200,,already direct; unchanged
https://www.805shutters.com/shades/thousand-oaks-ca/,/exterior-shades/,200,,already direct; unchanged
https://www.805shutters.com/blinds/thousand-oaks-ca/,/exterior-shades/,200,,already direct; unchanged
https://www.805shutters.com/blinds/thousand-oaks-ca/,/exterior-shades/,200,,already direct; unchanged
https://www.805shutters.com/drapery/thousand-oaks-ca/,/exterior-shades/,200,,already direct; unchanged
https://www.805shutters.com/drapery/thousand-oaks-ca/,/exterior-shades/,200,,already direct; unchanged
https://www.805shutters.com/window-coverings/thousand-oaks-ca/,/exterior-shades/,200,,already direct; unchanged
https://www.805shutters.com/window-coverings/thousand-oaks-ca/,/exterior-shades/,200,,already direct; unchanged
https://www.805shutters.com/window-treatments/thousand-oaks-ca/,/exterior-shades/,200,,already direct; unchanged
https://www.805shutters.com/window-treatments/thousand-oaks-ca/,/exterior-shades/,200,,already direct; unchanged
https://www.805shutters.com/shutters/ventura/,/exterior-shades/,200,,already direct; unchanged
https://www.805shutters.com/shutters/ventura/,/exterior-shades/,200,,already direct; unchanged
https://www.805shutters.com/shades/ventura-ca/,/exterior-shades/,200,,already direct; unchanged
https://www.805shutters.com/shades/ventura-ca/,/exterior-shades/,200,,already direct; unchanged
https://www.805shutters.com/blinds/ventura-ca/,/exterior-shades/,200,,already direct; unchanged
https://www.805shutters.com/blinds/ventura-ca/,/exterior-shades/,200,,already direct; unchanged
https://www.805shutters.com/drapery/ventura-ca/,/exterior-shades/,200,,already direct; unchanged
https://www.805shutters.com/drapery/ventura-ca/,/exterior-shades/,200,,already direct; unchanged
https://www.805shutters.com/window-coverings/ventura-ca/,/exterior-shades/,200,,already direct; unchanged
https://www.805shutters.com/window-coverings/ventura-ca/,/exterior-shades/,200,,already direct; unchanged
https://www.805shutters.com/window-treatments/ventura-ca/,/exterior-shades/,200,,already direct; unchanged
https://www.805shutters.com/window-treatments/ventura-ca/,/exterior-shades/,200,,already direct; unchanged
https://www.805shutters.com/shutters/westlake-village/,/exterior-shades/,200,,already direct; unchanged
https://www.805shutters.com/shutters/westlake-village/,/exterior-shades/,200,,already direct; unchanged
https://www.805shutters.com/shades/westlake-village-ca/,/exterior-shades/,200,,already direct; unchanged
https://www.805shutters.com/shades/westlake-village-ca/,/exterior-shades/,200,,already direct; unchanged
https://www.805shutters.com/blinds/westlake-village-ca/,/exterior-shades/,200,,already direct; unchanged
https://www.805shutters.com/blinds/westlake-village-ca/,/exterior-shades/,200,,already direct; unchanged
https://www.805shutters.com/drapery/westlake-village-ca/,/exterior-shades/,200,,already direct; unchanged
https://www.805shutters.com/drapery/westlake-village-ca/,/exterior-shades/,200,,already direct; unchanged
https://www.805shutters.com/window-coverings/westlake-village-ca/,/exterior-shades/,200,,already direct; unchanged
https://www.805shutters.com/window-coverings/westlake-village-ca/,/exterior-shades/,200,,already direct; unchanged
https://www.805shutters.com/window-treatments/westlake-village-ca/,/exterior-shades/,200,,already direct; unchanged
https://www.805shutters.com/window-treatments/westlake-village-ca/,/exterior-shades/,200,,already direct; unchanged
https://www.805shutters.com/commercial-window-coverings/camarillo-ca/,/exterior-shades/,200,,already direct; unchanged
https://www.805shutters.com/commercial-window-coverings/camarillo-ca/,/exterior-shades/,200,,already direct; unchanged
https://www.805shutters.com/commercial-window-coverings/fillmore-ca/,/exterior-shades/,200,,already direct; unchanged
https://www.805shutters.com/commercial-window-coverings/fillmore-ca/,/exterior-shades/,200,,already direct; unchanged
https://www.805shutters.com/commercial-window-coverings/moorpark-ca/,/exterior-shades/,200,,already direct; unchanged
https://www.805shutters.com/commercial-window-coverings/moorpark-ca/,/exterior-shades/,200,,already direct; unchanged
https://www.805shutters.com/commercial-window-coverings/newbury-park-ca/,/exterior-shades/,200,,already direct; unchanged
https://www.805shutters.com/commercial-window-coverings/newbury-park-ca/,/exterior-shades/,200,,already direct; unchanged
https://www.805shutters.com/commercial-window-coverings/oak-park-ca/,/exterior-shades/,200,,already direct; unchanged
https://www.805shutters.com/commercial-window-coverings/oak-park-ca/,/exterior-shades/,200,,already direct; unchanged
https://www.805shutters.com/commercial-window-coverings/ojai-ca/,/exterior-shades/,200,,already direct; unchanged
https://www.805shutters.com/commercial-window-coverings/ojai-ca/,/exterior-shades/,200,,already direct; unchanged
https://www.805shutters.com/commercial-window-coverings/oxnard-ca/,/exterior-shades/,200,,already direct; unchanged
https://www.805shutters.com/commercial-window-coverings/oxnard-ca/,/exterior-shades/,200,,already direct; unchanged
https://www.805shutters.com/commercial-window-coverings/port-hueneme-ca/,/exterior-shades/,200,,already direct; unchanged
https://www.805shutters.com/commercial-window-coverings/port-hueneme-ca/,/exterior-shades/,200,,already direct; unchanged
https://www.805shutters.com/commercial-window-coverings/santa-paula-ca/,/exterior-shades/,200,,already direct; unchanged
https://www.805shutters.com/commercial-window-coverings/santa-paula-ca/,/exterior-shades/,200,,already direct; unchanged
https://www.805shutters.com/commercial-window-coverings/santa-clarita-ca/,/exterior-shades/,200,,already direct; unchanged
https://www.805shutters.com/commercial-window-coverings/santa-clarita-ca/,/exterior-shades/,200,,already direct; unchanged
https://www.805shutters.com/commercial-window-coverings/santa-rosa-valley-ca/,/exterior-shades/,200,,already direct; unchanged
https://www.805shutters.com/commercial-window-coverings/santa-rosa-valley-ca/,/exterior-shades/,200,,already direct; unchanged
https://www.805shutters.com/commercial-window-coverings/simi-valley-ca/,/exterior-shades/,200,,already direct; unchanged
https://www.805shutters.com/commercial-window-coverings/simi-valley-ca/,/exterior-shades/,200,,already direct; unchanged
https://www.805shutters.com/commercial-window-coverings/thousand-oaks-ca/,/exterior-shades/,200,,already direct; unchanged
https://www.805shutters.com/commercial-window-coverings/thousand-oaks-ca/,/exterior-shades/,200,,already direct; unchanged
https://www.805shutters.com/commercial-window-coverings/ventura-ca/,/exterior-shades/,200,,already direct; unchanged
https://www.805shutters.com/commercial-window-coverings/ventura-ca/,/exterior-shades/,200,,already direct; unchanged
https://www.805shutters.com/commercial-window-coverings/westlake-village-ca/,/exterior-shades/,200,,already direct; unchanged
https://www.805shutters.com/commercial-window-coverings/westlake-village-ca/,/exterior-shades/,200,,already direct; unchanged
https://www.805shutters.com/blinds/ventura-county/,/exterior-shades/,200,,already direct; unchanged
https://www.805shutters.com/blinds/ventura-county/,/exterior-shades/,200,,already direct; unchanged
https://www.805shutters.com/window-treatments/camarillo/,/exterior-shades/,200,,already direct; unchanged
https://www.805shutters.com/window-treatments/camarillo/,/exterior-shades/,200,,already direct; unchanged
https://www.805shutters.com/ventura-county-window-treatments-camarillo-blinds-shades-shutters/,/exterior-shades/,200,,already direct; unchanged
https://www.805shutters.com/ventura-county-window-treatments-camarillo-blinds-shades-shutters/,/exterior-shades/,200,,already direct; unchanged
https://www.805shutters.com/shutters/plantation/,/exterior-shades/,200,,already direct; unchanged
https://www.805shutters.com/shutters/plantation/,/exterior-shades/,200,,already direct; unchanged
https://www.805shutters.com/shutters/interior-shutters-camarillo/,/exterior-shades/,200,,already direct; unchanged
https://www.805shutters.com/shutters/interior-shutters-camarillo/,/exterior-shades/,200,,already direct; unchanged
https://www.805shutters.com/shutters/wood-shutters-camarillo/,/exterior-shades/,200,,already direct; unchanged
https://www.805shutters.com/shutters/wood-shutters-camarillo/,/exterior-shades/,200,,already direct; unchanged
https://www.805shutters.com/recent-projects/sliding-door-shutters-ventura-county/,/exterior-shades/,200,,already direct; unchanged
https://www.805shutters.com/recent-projects/sliding-door-shutters-ventura-county/,/exterior-shades/,200,,already direct; unchanged
https://www.805shutters.com/recent-projects/roller-shades-large-window-ventura-county/,/exterior-shades/,200,,already direct; unchanged
https://www.805shutters.com/recent-projects/roller-shades-large-window-ventura-county/,/exterior-shades/,200,,already direct; unchanged
https://www.805shutters.com/recent-projects/layered-window-shades-ventura-county/,/exterior-shades/,200,,already direct; unchanged
https://www.805shutters.com/recent-projects/layered-window-shades-ventura-county/,/exterior-shades/,200,,already direct; unchanged
https://www.805shutters.com/recent-projects/arched-plantation-shutters-ventura-county/,/exterior-shades/,200,,already direct; unchanged
https://www.805shutters.com/recent-projects/arched-plantation-shutters-ventura-county/,/exterior-shades/,200,,already direct; unchanged
https://www.805shutters.com/recent-projects/dark-wood-plantation-shutters-ventura-county/,/exterior-shades/,200,,already direct; unchanged
https://www.805shutters.com/recent-projects/dark-wood-plantation-shutters-ventura-county/,/exterior-shades/,200,,already direct; unchanged
https://www.805shutters.com/recent-projects/plantation-shutters-ventura-county-project/,/exterior-shades/,200,,already direct; unchanged
https://www.805shutters.com/recent-projects/plantation-shutters-ventura-county-project/,/exterior-shades/,200,,already direct; unchanged
https://www.805shutters.com/best-window-treatments-ventura-county/,/exterior-shades/,200,,already direct; unchanged
https://www.805shutters.com/best-window-treatments-ventura-county/,/exterior-shades/,200,,already direct; unchanged
https://www.805shutters.com/plantation-shutters-vs-shades-ventura-county/,/exterior-shades/,200,,already direct; unchanged
https://www.805shutters.com/plantation-shutters-vs-shades-ventura-county/,/exterior-shades/,200,,already direct; unchanged
https://www.805shutters.com/custom-blinds-shades-shutters-camarillo/,/exterior-shades/,200,,already direct; unchanged
https://www.805shutters.com/custom-blinds-shades-shutters-camarillo/,/exterior-shades/,200,,already direct; unchanged
https://www.805shutters.com/commercial-roller-shades-ventura-county/,/exterior-shades/,200,,already direct; unchanged
https://www.805shutters.com/commercial-roller-shades-ventura-county/,/exterior-shades/,200,,already direct; unchanged
https://www.805shutters.com/sliding-door-window-treatments-ventura-county/,/exterior-shades/,200,,already direct; unchanged
https://www.805shutters.com/sliding-door-window-treatments-ventura-county/,/exterior-shades/,200,,already direct; unchanged
https://www.805shutters.com/motorized-window-shades-ventura-county/,/exterior-shades/,200,,already direct; unchanged
https://www.805shutters.com/motorized-window-shades-ventura-county/,/exterior-shades/,200,,already direct; unchanged
https://www.805shutters.com/coastal-window-treatments-ventura-county/,/exterior-shades/,200,,already direct; unchanged
https://www.805shutters.com/coastal-window-treatments-ventura-county/,/exterior-shades/,200,,already direct; unchanged
https://www.805shutters.com/window-treatment-installation-timeline-ventura-county/,/exterior-shades/,200,,already direct; unchanged
https://www.805shutters.com/window-treatment-installation-timeline-ventura-county/,/exterior-shades/,200,,already direct; unchanged
https://www.805shutters.com/window-treatment-cost-guide-ventura-county/,/exterior-shades/,200,,already direct; unchanged
https://www.805shutters.com/window-treatment-cost-guide-ventura-county/,/exterior-shades/,200,,already direct; unchanged
https://www.805shutters.com/custom-drapery-curtains-ventura-county/,/exterior-shades/,200,,already direct; unchanged
https://www.805shutters.com/custom-drapery-curtains-ventura-county/,/exterior-shades/,200,,already direct; unchanged
https://www.805shutters.com/shutters-near-me-ventura-county/,/exterior-shades/,200,,already direct; unchanged
https://www.805shutters.com/shutters-near-me-ventura-county/,/exterior-shades/,200,,already direct; unchanged
https://www.805shutters.com/blinds-near-me-ventura-county/,/exterior-shades/,200,,already direct; unchanged
https://www.805shutters.com/blinds-near-me-ventura-county/,/exterior-shades/,200,,already direct; unchanged
https://www.805shutters.com/window-shades-near-me-ventura-county/,/exterior-shades/,200,,already direct; unchanged
https://www.805shutters.com/window-shades-near-me-ventura-county/,/exterior-shades/,200,,already direct; unchanged
https://www.805shutters.com/window-treatment-company-near-me-ventura-county/,/exterior-shades/,200,,already direct; unchanged
https://www.805shutters.com/window-treatment-company-near-me-ventura-county/,/exterior-shades/,200,,already direct; unchanged
https://www.805shutters.com/window-treatment-comparison-guide/,/exterior-shades/,200,,already direct; unchanged
https://www.805shutters.com/window-treatment-comparison-guide/,/exterior-shades/,200,,already direct; unchanged
https://www.805shutters.com/book-consultation/,/exterior-shades/,200,,already direct; unchanged
https://www.805shutters.com/book-consultation/,/exterior-shades/,200,,already direct; unchanged
https://www.805shutters.com/official/,/exterior-shades/,200,,already direct; unchanged
https://www.805shutters.com/official/,/exterior-shades/,200,,already direct; unchanged
https://www.805shutters.com/,/reviews/,200,,already direct; unchanged
https://www.805shutters.com/,/reviews/,200,,already direct; unchanged
https://www.805shutters.com/shutters/,/reviews/,200,,already direct; unchanged
https://www.805shutters.com/shutters/,/reviews/,200,,already direct; unchanged
https://www.805shutters.com/shades/,/reviews/,200,,already direct; unchanged
https://www.805shutters.com/shades/,/reviews/,200,,already direct; unchanged
https://www.805shutters.com/blinds/,/reviews/,200,,already direct; unchanged
https://www.805shutters.com/blinds/,/reviews/,200,,already direct; unchanged
https://www.805shutters.com/drapery/,/reviews/,200,,already direct; unchanged
https://www.805shutters.com/drapery/,/reviews/,200,,already direct; unchanged
https://www.805shutters.com/exterior-shades/,/reviews/,200,,already direct; unchanged
https://www.805shutters.com/exterior-shades/,/reviews/,200,,already direct; unchanged
https://www.805shutters.com/window-treatments/,/reviews/,200,,already direct; unchanged
https://www.805shutters.com/window-treatments/,/reviews/,200,,already direct; unchanged
https://www.805shutters.com/window-coverings/,/reviews/,200,,already direct; unchanged
https://www.805shutters.com/window-coverings/,/reviews/,200,,already direct; unchanged
https://www.805shutters.com/commercial-window-coverings/,/reviews/,200,,already direct; unchanged
https://www.805shutters.com/commercial-window-coverings/,/reviews/,200,,already direct; unchanged
https://www.805shutters.com/commercial-roller-shades/,/reviews/,200,,already direct; unchanged
https://www.805shutters.com/commercial-roller-shades/,/reviews/,200,,already direct; unchanged
https://www.805shutters.com/about/,/reviews/,200,,already direct; unchanged
https://www.805shutters.com/about/,/reviews/,200,,already direct; unchanged
https://www.805shutters.com/contact/,/reviews/,200,,already direct; unchanged
https://www.805shutters.com/contact/,/reviews/,200,,already direct; unchanged
https://www.805shutters.com/free-window-treatment-consultation/,/reviews/,200,,already direct; unchanged
https://www.805shutters.com/free-window-treatment-consultation/,/reviews/,200,,already direct; unchanged
https://www.805shutters.com/financing/,/reviews/,200,,already direct; unchanged
https://www.805shutters.com/financing/,/reviews/,200,,already direct; unchanged
https://www.805shutters.com/faq/,/reviews/,200,,already direct; unchanged
https://www.805shutters.com/faq/,/reviews/,200,,already direct; unchanged
https://www.805shutters.com/gallery/,/reviews/,200,,already direct; unchanged
https://www.805shutters.com/gallery/,/reviews/,200,,already direct; unchanged
https://www.805shutters.com/reviews/,/reviews/,200,,already direct; unchanged
https://www.805shutters.com/reviews/,/reviews/,200,,already direct; unchanged
https://www.805shutters.com/recent-projects/,/reviews/,200,,already direct; unchanged
https://www.805shutters.com/recent-projects/,/reviews/,200,,already direct; unchanged
https://www.805shutters.com/shutters/camarillo/,/reviews/,200,,already direct; unchanged
https://www.805shutters.com/shutters/camarillo/,/reviews/,200,,already direct; unchanged
https://www.805shutters.com/shutters/camarillo/,/reviews/,200,,already direct; unchanged
https://www.805shutters.com/shades/camarillo-ca/,/reviews/,200,,already direct; unchanged
https://www.805shutters.com/shades/camarillo-ca/,/reviews/,200,,already direct; unchanged
https://www.805shutters.com/shades/camarillo-ca/,/reviews/,200,,already direct; unchanged
https://www.805shutters.com/blinds/camarillo-ca/,/reviews/,200,,already direct; unchanged
https://www.805shutters.com/blinds/camarillo-ca/,/reviews/,200,,already direct; unchanged
https://www.805shutters.com/blinds/camarillo-ca/,/reviews/,200,,already direct; unchanged
https://www.805shutters.com/drapery/camarillo-ca/,/reviews/,200,,already direct; unchanged
https://www.805shutters.com/drapery/camarillo-ca/,/reviews/,200,,already direct; unchanged
https://www.805shutters.com/window-coverings/camarillo-ca/,/reviews/,200,,already direct; unchanged
https://www.805shutters.com/window-coverings/camarillo-ca/,/reviews/,200,,already direct; unchanged
https://www.805shutters.com/window-treatments/camarillo-ca/,/reviews/,200,,already direct; unchanged
https://www.805shutters.com/window-treatments/camarillo-ca/,/reviews/,200,,already direct; unchanged
https://www.805shutters.com/window-treatments/camarillo-ca/,/reviews/,200,,already direct; unchanged
https://www.805shutters.com/shutters/fillmore/,/reviews/,200,,already direct; unchanged
https://www.805shutters.com/shutters/fillmore/,/reviews/,200,,already direct; unchanged
https://www.805shutters.com/shades/fillmore-ca/,/reviews/,200,,already direct; unchanged
https://www.805shutters.com/shades/fillmore-ca/,/reviews/,200,,already direct; unchanged
https://www.805shutters.com/blinds/fillmore-ca/,/reviews/,200,,already direct; unchanged
https://www.805shutters.com/blinds/fillmore-ca/,/reviews/,200,,already direct; unchanged
https://www.805shutters.com/drapery/fillmore-ca/,/reviews/,200,,already direct; unchanged
https://www.805shutters.com/drapery/fillmore-ca/,/reviews/,200,,already direct; unchanged
https://www.805shutters.com/window-coverings/fillmore-ca/,/reviews/,200,,already direct; unchanged
https://www.805shutters.com/window-coverings/fillmore-ca/,/reviews/,200,,already direct; unchanged
https://www.805shutters.com/window-treatments/fillmore-ca/,/reviews/,200,,already direct; unchanged
https://www.805shutters.com/window-treatments/fillmore-ca/,/reviews/,200,,already direct; unchanged
https://www.805shutters.com/shutters/moorpark/,/reviews/,200,,already direct; unchanged
https://www.805shutters.com/shutters/moorpark/,/reviews/,200,,already direct; unchanged
https://www.805shutters.com/shades/moorpark-ca/,/reviews/,200,,already direct; unchanged
https://www.805shutters.com/shades/moorpark-ca/,/reviews/,200,,already direct; unchanged
https://www.805shutters.com/blinds/moorpark-ca/,/reviews/,200,,already direct; unchanged
https://www.805shutters.com/blinds/moorpark-ca/,/reviews/,200,,already direct; unchanged
https://www.805shutters.com/drapery/moorpark-ca/,/reviews/,200,,already direct; unchanged
https://www.805shutters.com/drapery/moorpark-ca/,/reviews/,200,,already direct; unchanged
https://www.805shutters.com/window-coverings/moorpark-ca/,/reviews/,200,,already direct; unchanged
https://www.805shutters.com/window-coverings/moorpark-ca/,/reviews/,200,,already direct; unchanged
https://www.805shutters.com/window-treatments/moorpark-ca/,/reviews/,200,,already direct; unchanged
https://www.805shutters.com/window-treatments/moorpark-ca/,/reviews/,200,,already direct; unchanged
https://www.805shutters.com/shutters/newbury-park/,/reviews/,200,,already direct; unchanged
https://www.805shutters.com/shutters/newbury-park/,/reviews/,200,,already direct; unchanged
https://www.805shutters.com/shades/newbury-park-ca/,/reviews/,200,,already direct; unchanged
https://www.805shutters.com/shades/newbury-park-ca/,/reviews/,200,,already direct; unchanged
https://www.805shutters.com/blinds/newbury-park-ca/,/reviews/,200,,already direct; unchanged
https://www.805shutters.com/blinds/newbury-park-ca/,/reviews/,200,,already direct; unchanged
https://www.805shutters.com/drapery/newbury-park-ca/,/reviews/,200,,already direct; unchanged
https://www.805shutters.com/drapery/newbury-park-ca/,/reviews/,200,,already direct; unchanged
https://www.805shutters.com/window-coverings/newbury-park-ca/,/reviews/,200,,already direct; unchanged
https://www.805shutters.com/window-coverings/newbury-park-ca/,/reviews/,200,,already direct; unchanged
https://www.805shutters.com/window-treatments/newbury-park-ca/,/reviews/,200,,already direct; unchanged
https://www.805shutters.com/window-treatments/newbury-park-ca/,/reviews/,200,,already direct; unchanged
https://www.805shutters.com/shutters/oak-park/,/reviews/,200,,already direct; unchanged
https://www.805shutters.com/shutters/oak-park/,/reviews/,200,,already direct; unchanged
https://www.805shutters.com/shades/oak-park-ca/,/reviews/,200,,already direct; unchanged
https://www.805shutters.com/shades/oak-park-ca/,/reviews/,200,,already direct; unchanged
https://www.805shutters.com/blinds/oak-park-ca/,/reviews/,200,,already direct; unchanged
https://www.805shutters.com/blinds/oak-park-ca/,/reviews/,200,,already direct; unchanged
https://www.805shutters.com/drapery/oak-park-ca/,/reviews/,200,,already direct; unchanged
https://www.805shutters.com/drapery/oak-park-ca/,/reviews/,200,,already direct; unchanged
https://www.805shutters.com/window-coverings/oak-park-ca/,/reviews/,200,,already direct; unchanged
https://www.805shutters.com/window-coverings/oak-park-ca/,/reviews/,200,,already direct; unchanged
https://www.805shutters.com/window-treatments/oak-park-ca/,/reviews/,200,,already direct; unchanged
https://www.805shutters.com/window-treatments/oak-park-ca/,/reviews/,200,,already direct; unchanged
https://www.805shutters.com/shutters/ojai/,/reviews/,200,,already direct; unchanged
https://www.805shutters.com/shutters/ojai/,/reviews/,200,,already direct; unchanged
https://www.805shutters.com/shades/ojai-ca/,/reviews/,200,,already direct; unchanged
https://www.805shutters.com/shades/ojai-ca/,/reviews/,200,,already direct; unchanged
https://www.805shutters.com/blinds/ojai-ca/,/reviews/,200,,already direct; unchanged
https://www.805shutters.com/blinds/ojai-ca/,/reviews/,200,,already direct; unchanged
https://www.805shutters.com/drapery/ojai-ca/,/reviews/,200,,already direct; unchanged
https://www.805shutters.com/drapery/ojai-ca/,/reviews/,200,,already direct; unchanged
https://www.805shutters.com/window-coverings/ojai-ca/,/reviews/,200,,already direct; unchanged
https://www.805shutters.com/window-coverings/ojai-ca/,/reviews/,200,,already direct; unchanged
https://www.805shutters.com/window-treatments/ojai-ca/,/reviews/,200,,already direct; unchanged
https://www.805shutters.com/window-treatments/ojai-ca/,/reviews/,200,,already direct; unchanged
https://www.805shutters.com/shutters/oxnard/,/reviews/,200,,already direct; unchanged
https://www.805shutters.com/shutters/oxnard/,/reviews/,200,,already direct; unchanged
https://www.805shutters.com/shutters/oxnard/,/reviews/,200,,already direct; unchanged
https://www.805shutters.com/shades/oxnard-ca/,/reviews/,200,,already direct; unchanged
https://www.805shutters.com/shades/oxnard-ca/,/reviews/,200,,already direct; unchanged
https://www.805shutters.com/blinds/oxnard-ca/,/reviews/,200,,already direct; unchanged
https://www.805shutters.com/blinds/oxnard-ca/,/reviews/,200,,already direct; unchanged
https://www.805shutters.com/drapery/oxnard-ca/,/reviews/,200,,already direct; unchanged
https://www.805shutters.com/drapery/oxnard-ca/,/reviews/,200,,already direct; unchanged
https://www.805shutters.com/window-coverings/oxnard-ca/,/reviews/,200,,already direct; unchanged
https://www.805shutters.com/window-coverings/oxnard-ca/,/reviews/,200,,already direct; unchanged
https://www.805shutters.com/window-treatments/oxnard-ca/,/reviews/,200,,already direct; unchanged
https://www.805shutters.com/window-treatments/oxnard-ca/,/reviews/,200,,already direct; unchanged
https://www.805shutters.com/shutters/port-hueneme/,/reviews/,200,,already direct; unchanged
https://www.805shutters.com/shutters/port-hueneme/,/reviews/,200,,already direct; unchanged
https://www.805shutters.com/shades/port-hueneme-ca/,/reviews/,200,,already direct; unchanged
https://www.805shutters.com/shades/port-hueneme-ca/,/reviews/,200,,already direct; unchanged
https://www.805shutters.com/blinds/port-hueneme-ca/,/reviews/,200,,already direct; unchanged
https://www.805shutters.com/blinds/port-hueneme-ca/,/reviews/,200,,already direct; unchanged
https://www.805shutters.com/drapery/port-hueneme-ca/,/reviews/,200,,already direct; unchanged
https://www.805shutters.com/drapery/port-hueneme-ca/,/reviews/,200,,already direct; unchanged
https://www.805shutters.com/window-coverings/port-hueneme-ca/,/reviews/,200,,already direct; unchanged
https://www.805shutters.com/window-coverings/port-hueneme-ca/,/reviews/,200,,already direct; unchanged
https://www.805shutters.com/window-treatments/port-hueneme-ca/,/reviews/,200,,already direct; unchanged
https://www.805shutters.com/window-treatments/port-hueneme-ca/,/reviews/,200,,already direct; unchanged
https://www.805shutters.com/shutters/santa-paula/,/reviews/,200,,already direct; unchanged
https://www.805shutters.com/shutters/santa-paula/,/reviews/,200,,already direct; unchanged
https://www.805shutters.com/shades/santa-paula-ca/,/reviews/,200,,already direct; unchanged
https://www.805shutters.com/shades/santa-paula-ca/,/reviews/,200,,already direct; unchanged
https://www.805shutters.com/blinds/santa-paula-ca/,/reviews/,200,,already direct; unchanged
https://www.805shutters.com/blinds/santa-paula-ca/,/reviews/,200,,already direct; unchanged
https://www.805shutters.com/drapery/santa-paula-ca/,/reviews/,200,,already direct; unchanged
https://www.805shutters.com/drapery/santa-paula-ca/,/reviews/,200,,already direct; unchanged
https://www.805shutters.com/window-coverings/santa-paula-ca/,/reviews/,200,,already direct; unchanged
https://www.805shutters.com/window-coverings/santa-paula-ca/,/reviews/,200,,already direct; unchanged
https://www.805shutters.com/window-treatments/santa-paula-ca/,/reviews/,200,,already direct; unchanged
https://www.805shutters.com/window-treatments/santa-paula-ca/,/reviews/,200,,already direct; unchanged
https://www.805shutters.com/shutters/santa-clarita/,/reviews/,200,,already direct; unchanged
https://www.805shutters.com/shutters/santa-clarita/,/reviews/,200,,already direct; unchanged
https://www.805shutters.com/shades/santa-clarita-ca/,/reviews/,200,,already direct; unchanged
https://www.805shutters.com/shades/santa-clarita-ca/,/reviews/,200,,already direct; unchanged
https://www.805shutters.com/blinds/santa-clarita-ca/,/reviews/,200,,already direct; unchanged
https://www.805shutters.com/blinds/santa-clarita-ca/,/reviews/,200,,already direct; unchanged
https://www.805shutters.com/drapery/santa-clarita-ca/,/reviews/,200,,already direct; unchanged
https://www.805shutters.com/drapery/santa-clarita-ca/,/reviews/,200,,already direct; unchanged
https://www.805shutters.com/window-coverings/santa-clarita-ca/,/reviews/,200,,already direct; unchanged
https://www.805shutters.com/window-coverings/santa-clarita-ca/,/reviews/,200,,already direct; unchanged
https://www.805shutters.com/window-treatments/santa-clarita-ca/,/reviews/,200,,already direct; unchanged
https://www.805shutters.com/window-treatments/santa-clarita-ca/,/reviews/,200,,already direct; unchanged
https://www.805shutters.com/shutters/santa-rosa-valley/,/reviews/,200,,already direct; unchanged
https://www.805shutters.com/shutters/santa-rosa-valley/,/reviews/,200,,already direct; unchanged
https://www.805shutters.com/shades/santa-rosa-valley-ca/,/reviews/,200,,already direct; unchanged
https://www.805shutters.com/shades/santa-rosa-valley-ca/,/reviews/,200,,already direct; unchanged
https://www.805shutters.com/blinds/santa-rosa-valley-ca/,/reviews/,200,,already direct; unchanged
https://www.805shutters.com/blinds/santa-rosa-valley-ca/,/reviews/,200,,already direct; unchanged
https://www.805shutters.com/drapery/santa-rosa-valley-ca/,/reviews/,200,,already direct; unchanged
https://www.805shutters.com/drapery/santa-rosa-valley-ca/,/reviews/,200,,already direct; unchanged
https://www.805shutters.com/window-coverings/santa-rosa-valley-ca/,/reviews/,200,,already direct; unchanged
https://www.805shutters.com/window-coverings/santa-rosa-valley-ca/,/reviews/,200,,already direct; unchanged
https://www.805shutters.com/window-treatments/santa-rosa-valley-ca/,/reviews/,200,,already direct; unchanged
https://www.805shutters.com/window-treatments/santa-rosa-valley-ca/,/reviews/,200,,already direct; unchanged
https://www.805shutters.com/shutters/simi-valley/,/reviews/,200,,already direct; unchanged
https://www.805shutters.com/shutters/simi-valley/,/reviews/,200,,already direct; unchanged
https://www.805shutters.com/shades/simi-valley-ca/,/reviews/,200,,already direct; unchanged
https://www.805shutters.com/shades/simi-valley-ca/,/reviews/,200,,already direct; unchanged
https://www.805shutters.com/blinds/simi-valley-ca/,/reviews/,200,,already direct; unchanged
https://www.805shutters.com/blinds/simi-valley-ca/,/reviews/,200,,already direct; unchanged
https://www.805shutters.com/drapery/simi-valley-ca/,/reviews/,200,,already direct; unchanged
https://www.805shutters.com/drapery/simi-valley-ca/,/reviews/,200,,already direct; unchanged
https://www.805shutters.com/window-coverings/simi-valley-ca/,/reviews/,200,,already direct; unchanged
https://www.805shutters.com/window-coverings/simi-valley-ca/,/reviews/,200,,already direct; unchanged
https://www.805shutters.com/window-treatments/simi-valley-ca/,/reviews/,200,,already direct; unchanged
https://www.805shutters.com/window-treatments/simi-valley-ca/,/reviews/,200,,already direct; unchanged
https://www.805shutters.com/shutters/thousand-oaks/,/reviews/,200,,already direct; unchanged
https://www.805shutters.com/shutters/thousand-oaks/,/reviews/,200,,already direct; unchanged
https://www.805shutters.com/shutters/thousand-oaks/,/reviews/,200,,already direct; unchanged
https://www.805shutters.com/shades/thousand-oaks-ca/,/reviews/,200,,already direct; unchanged
https://www.805shutters.com/shades/thousand-oaks-ca/,/reviews/,200,,already direct; unchanged
https://www.805shutters.com/blinds/thousand-oaks-ca/,/reviews/,200,,already direct; unchanged
https://www.805shutters.com/blinds/thousand-oaks-ca/,/reviews/,200,,already direct; unchanged
https://www.805shutters.com/drapery/thousand-oaks-ca/,/reviews/,200,,already direct; unchanged
https://www.805shutters.com/drapery/thousand-oaks-ca/,/reviews/,200,,already direct; unchanged
https://www.805shutters.com/window-coverings/thousand-oaks-ca/,/reviews/,200,,already direct; unchanged
https://www.805shutters.com/window-coverings/thousand-oaks-ca/,/reviews/,200,,already direct; unchanged
https://www.805shutters.com/window-coverings/thousand-oaks-ca/,/reviews/,200,,already direct; unchanged
https://www.805shutters.com/window-treatments/thousand-oaks-ca/,/reviews/,200,,already direct; unchanged
https://www.805shutters.com/window-treatments/thousand-oaks-ca/,/reviews/,200,,already direct; unchanged
https://www.805shutters.com/shutters/ventura/,/reviews/,200,,already direct; unchanged
https://www.805shutters.com/shutters/ventura/,/reviews/,200,,already direct; unchanged
https://www.805shutters.com/shutters/ventura/,/reviews/,200,,already direct; unchanged
https://www.805shutters.com/shades/ventura-ca/,/reviews/,200,,already direct; unchanged
https://www.805shutters.com/shades/ventura-ca/,/reviews/,200,,already direct; unchanged
https://www.805shutters.com/blinds/ventura-ca/,/reviews/,200,,already direct; unchanged
https://www.805shutters.com/blinds/ventura-ca/,/reviews/,200,,already direct; unchanged
https://www.805shutters.com/drapery/ventura-ca/,/reviews/,200,,already direct; unchanged
https://www.805shutters.com/drapery/ventura-ca/,/reviews/,200,,already direct; unchanged
https://www.805shutters.com/window-coverings/ventura-ca/,/reviews/,200,,already direct; unchanged
https://www.805shutters.com/window-coverings/ventura-ca/,/reviews/,200,,already direct; unchanged
https://www.805shutters.com/window-treatments/ventura-ca/,/reviews/,200,,already direct; unchanged
https://www.805shutters.com/window-treatments/ventura-ca/,/reviews/,200,,already direct; unchanged
https://www.805shutters.com/shutters/westlake-village/,/reviews/,200,,already direct; unchanged
https://www.805shutters.com/shutters/westlake-village/,/reviews/,200,,already direct; unchanged
https://www.805shutters.com/shades/westlake-village-ca/,/reviews/,200,,already direct; unchanged
https://www.805shutters.com/shades/westlake-village-ca/,/reviews/,200,,already direct; unchanged
https://www.805shutters.com/blinds/westlake-village-ca/,/reviews/,200,,already direct; unchanged
https://www.805shutters.com/blinds/westlake-village-ca/,/reviews/,200,,already direct; unchanged
https://www.805shutters.com/drapery/westlake-village-ca/,/reviews/,200,,already direct; unchanged
https://www.805shutters.com/drapery/westlake-village-ca/,/reviews/,200,,already direct; unchanged
https://www.805shutters.com/window-coverings/westlake-village-ca/,/reviews/,200,,already direct; unchanged
https://www.805shutters.com/window-coverings/westlake-village-ca/,/reviews/,200,,already direct; unchanged
https://www.805shutters.com/window-treatments/westlake-village-ca/,/reviews/,200,,already direct; unchanged
https://www.805shutters.com/window-treatments/westlake-village-ca/,/reviews/,200,,already direct; unchanged
https://www.805shutters.com/commercial-window-coverings/camarillo-ca/,/reviews/,200,,already direct; unchanged
https://www.805shutters.com/commercial-window-coverings/camarillo-ca/,/reviews/,200,,already direct; unchanged
https://www.805shutters.com/commercial-window-coverings/fillmore-ca/,/reviews/,200,,already direct; unchanged
https://www.805shutters.com/commercial-window-coverings/fillmore-ca/,/reviews/,200,,already direct; unchanged
https://www.805shutters.com/commercial-window-coverings/moorpark-ca/,/reviews/,200,,already direct; unchanged
https://www.805shutters.com/commercial-window-coverings/moorpark-ca/,/reviews/,200,,already direct; unchanged
https://www.805shutters.com/commercial-window-coverings/newbury-park-ca/,/reviews/,200,,already direct; unchanged
https://www.805shutters.com/commercial-window-coverings/newbury-park-ca/,/reviews/,200,,already direct; unchanged
https://www.805shutters.com/commercial-window-coverings/oak-park-ca/,/reviews/,200,,already direct; unchanged
https://www.805shutters.com/commercial-window-coverings/oak-park-ca/,/reviews/,200,,already direct; unchanged
https://www.805shutters.com/commercial-window-coverings/ojai-ca/,/reviews/,200,,already direct; unchanged
https://www.805shutters.com/commercial-window-coverings/ojai-ca/,/reviews/,200,,already direct; unchanged
https://www.805shutters.com/commercial-window-coverings/oxnard-ca/,/reviews/,200,,already direct; unchanged
https://www.805shutters.com/commercial-window-coverings/oxnard-ca/,/reviews/,200,,already direct; unchanged
https://www.805shutters.com/commercial-window-coverings/port-hueneme-ca/,/reviews/,200,,already direct; unchanged
https://www.805shutters.com/commercial-window-coverings/port-hueneme-ca/,/reviews/,200,,already direct; unchanged
https://www.805shutters.com/commercial-window-coverings/santa-paula-ca/,/reviews/,200,,already direct; unchanged
https://www.805shutters.com/commercial-window-coverings/santa-paula-ca/,/reviews/,200,,already direct; unchanged
https://www.805shutters.com/commercial-window-coverings/santa-clarita-ca/,/reviews/,200,,already direct; unchanged
https://www.805shutters.com/commercial-window-coverings/santa-clarita-ca/,/reviews/,200,,already direct; unchanged
https://www.805shutters.com/commercial-window-coverings/santa-rosa-valley-ca/,/reviews/,200,,already direct; unchanged
https://www.805shutters.com/commercial-window-coverings/santa-rosa-valley-ca/,/reviews/,200,,already direct; unchanged
https://www.805shutters.com/commercial-window-coverings/simi-valley-ca/,/reviews/,200,,already direct; unchanged
https://www.805shutters.com/commercial-window-coverings/simi-valley-ca/,/reviews/,200,,already direct; unchanged
https://www.805shutters.com/commercial-window-coverings/thousand-oaks-ca/,/reviews/,200,,already direct; unchanged
https://www.805shutters.com/commercial-window-coverings/thousand-oaks-ca/,/reviews/,200,,already direct; unchanged
https://www.805shutters.com/commercial-window-coverings/ventura-ca/,/reviews/,200,,already direct; unchanged
https://www.805shutters.com/commercial-window-coverings/ventura-ca/,/reviews/,200,,already direct; unchanged
https://www.805shutters.com/commercial-window-coverings/westlake-village-ca/,/reviews/,200,,already direct; unchanged
https://www.805shutters.com/commercial-window-coverings/westlake-village-ca/,/reviews/,200,,already direct; unchanged
https://www.805shutters.com/blinds/ventura-county/,/reviews/,200,,already direct; unchanged
https://www.805shutters.com/blinds/ventura-county/,/reviews/,200,,already direct; unchanged
https://www.805shutters.com/blinds/ventura-county/,/reviews/,200,,already direct; unchanged
https://www.805shutters.com/window-treatments/camarillo/,/reviews/,200,,already direct; unchanged
https://www.805shutters.com/window-treatments/camarillo/,/reviews/,200,,already direct; unchanged
https://www.805shutters.com/ventura-county-window-treatments-camarillo-blinds-shades-shutters/,/reviews/,200,,already direct; unchanged
https://www.805shutters.com/ventura-county-window-treatments-camarillo-blinds-shades-shutters/,/reviews/,200,,already direct; unchanged
https://www.805shutters.com/shutters/plantation/,/reviews/,200,,already direct; unchanged
https://www.805shutters.com/shutters/plantation/,/reviews/,200,,already direct; unchanged
https://www.805shutters.com/shutters/interior-shutters-camarillo/,/reviews/,200,,already direct; unchanged
https://www.805shutters.com/shutters/interior-shutters-camarillo/,/reviews/,200,,already direct; unchanged
https://www.805shutters.com/shutters/wood-shutters-camarillo/,/reviews/,200,,already direct; unchanged
https://www.805shutters.com/shutters/wood-shutters-camarillo/,/reviews/,200,,already direct; unchanged
https://www.805shutters.com/recent-projects/sliding-door-shutters-ventura-county/,/reviews/,200,,already direct; unchanged
https://www.805shutters.com/recent-projects/sliding-door-shutters-ventura-county/,/reviews/,200,,already direct; unchanged
https://www.805shutters.com/recent-projects/roller-shades-large-window-ventura-county/,/reviews/,200,,already direct; unchanged
https://www.805shutters.com/recent-projects/roller-shades-large-window-ventura-county/,/reviews/,200,,already direct; unchanged
https://www.805shutters.com/recent-projects/layered-window-shades-ventura-county/,/reviews/,200,,already direct; unchanged
https://www.805shutters.com/recent-projects/layered-window-shades-ventura-county/,/reviews/,200,,already direct; unchanged
https://www.805shutters.com/recent-projects/arched-plantation-shutters-ventura-county/,/reviews/,200,,already direct; unchanged
https://www.805shutters.com/recent-projects/arched-plantation-shutters-ventura-county/,/reviews/,200,,already direct; unchanged
https://www.805shutters.com/recent-projects/dark-wood-plantation-shutters-ventura-county/,/reviews/,200,,already direct; unchanged
https://www.805shutters.com/recent-projects/dark-wood-plantation-shutters-ventura-county/,/reviews/,200,,already direct; unchanged
https://www.805shutters.com/recent-projects/plantation-shutters-ventura-county-project/,/reviews/,200,,already direct; unchanged
https://www.805shutters.com/recent-projects/plantation-shutters-ventura-county-project/,/reviews/,200,,already direct; unchanged
https://www.805shutters.com/best-window-treatments-ventura-county/,/reviews/,200,,already direct; unchanged
https://www.805shutters.com/best-window-treatments-ventura-county/,/reviews/,200,,already direct; unchanged
https://www.805shutters.com/plantation-shutters-vs-shades-ventura-county/,/reviews/,200,,already direct; unchanged
https://www.805shutters.com/plantation-shutters-vs-shades-ventura-county/,/reviews/,200,,already direct; unchanged
https://www.805shutters.com/custom-blinds-shades-shutters-camarillo/,/reviews/,200,,already direct; unchanged
https://www.805shutters.com/custom-blinds-shades-shutters-camarillo/,/reviews/,200,,already direct; unchanged
https://www.805shutters.com/commercial-roller-shades-ventura-county/,/reviews/,200,,already direct; unchanged
https://www.805shutters.com/commercial-roller-shades-ventura-county/,/reviews/,200,,already direct; unchanged
https://www.805shutters.com/sliding-door-window-treatments-ventura-county/,/reviews/,200,,already direct; unchanged
https://www.805shutters.com/sliding-door-window-treatments-ventura-county/,/reviews/,200,,already direct; unchanged
https://www.805shutters.com/motorized-window-shades-ventura-county/,/reviews/,200,,already direct; unchanged
https://www.805shutters.com/motorized-window-shades-ventura-county/,/reviews/,200,,already direct; unchanged
https://www.805shutters.com/coastal-window-treatments-ventura-county/,/reviews/,200,,already direct; unchanged
https://www.805shutters.com/coastal-window-treatments-ventura-county/,/reviews/,200,,already direct; unchanged
https://www.805shutters.com/window-treatment-installation-timeline-ventura-county/,/reviews/,200,,already direct; unchanged
https://www.805shutters.com/window-treatment-installation-timeline-ventura-county/,/reviews/,200,,already direct; unchanged
https://www.805shutters.com/window-treatment-cost-guide-ventura-county/,/reviews/,200,,already direct; unchanged
https://www.805shutters.com/window-treatment-cost-guide-ventura-county/,/reviews/,200,,already direct; unchanged
https://www.805shutters.com/custom-drapery-curtains-ventura-county/,/reviews/,200,,already direct; unchanged
https://www.805shutters.com/custom-drapery-curtains-ventura-county/,/reviews/,200,,already direct; unchanged
https://www.805shutters.com/shutters-near-me-ventura-county/,/reviews/,200,,already direct; unchanged
https://www.805shutters.com/shutters-near-me-ventura-county/,/reviews/,200,,already direct; unchanged
https://www.805shutters.com/shutters-near-me-ventura-county/,/reviews/,200,,already direct; unchanged
https://www.805shutters.com/blinds-near-me-ventura-county/,/reviews/,200,,already direct; unchanged
https://www.805shutters.com/blinds-near-me-ventura-county/,/reviews/,200,,already direct; unchanged
https://www.805shutters.com/window-shades-near-me-ventura-county/,/reviews/,200,,already direct; unchanged
https://www.805shutters.com/window-shades-near-me-ventura-county/,/reviews/,200,,already direct; unchanged
https://www.805shutters.com/window-treatment-company-near-me-ventura-county/,/reviews/,200,,already direct; unchanged
https://www.805shutters.com/window-treatment-company-near-me-ventura-county/,/reviews/,200,,already direct; unchanged
https://www.805shutters.com/window-treatment-company-near-me-ventura-county/,/reviews/,200,,already direct; unchanged
https://www.805shutters.com/window-treatment-comparison-guide/,/reviews/,200,,already direct; unchanged
https://www.805shutters.com/window-treatment-comparison-guide/,/reviews/,200,,already direct; unchanged
https://www.805shutters.com/book-consultation/,/reviews/,200,,already direct; unchanged
https://www.805shutters.com/book-consultation/,/reviews/,200,,already direct; unchanged
https://www.805shutters.com/official/,/reviews/,200,,already direct; unchanged
https://www.805shutters.com/official/,/reviews/,200,,already direct; unchanged
https://www.805shutters.com/,/gallery/,200,,already direct; unchanged
https://www.805shutters.com/shutters/,/gallery/,200,,already direct; unchanged
https://www.805shutters.com/shades/,/gallery/,200,,already direct; unchanged
https://www.805shutters.com/blinds/,/gallery/,200,,already direct; unchanged
https://www.805shutters.com/drapery/,/gallery/,200,,already direct; unchanged
https://www.805shutters.com/exterior-shades/,/gallery/,200,,already direct; unchanged
https://www.805shutters.com/window-treatments/,/gallery/,200,,already direct; unchanged
https://www.805shutters.com/window-coverings/,/gallery/,200,,already direct; unchanged
https://www.805shutters.com/commercial-window-coverings/,/gallery/,200,,already direct; unchanged
https://www.805shutters.com/commercial-roller-shades/,/gallery/,200,,already direct; unchanged
https://www.805shutters.com/about/,/gallery/,200,,already direct; unchanged
https://www.805shutters.com/contact/,/gallery/,200,,already direct; unchanged
https://www.805shutters.com/free-window-treatment-consultation/,/gallery/,200,,already direct; unchanged
https://www.805shutters.com/financing/,/gallery/,200,,already direct; unchanged
https://www.805shutters.com/faq/,/gallery/,200,,already direct; unchanged
https://www.805shutters.com/gallery/,/gallery/,200,,already direct; unchanged
https://www.805shutters.com/reviews/,/gallery/,200,,already direct; unchanged
https://www.805shutters.com/recent-projects/,/gallery/,200,,already direct; unchanged
https://www.805shutters.com/shutters/camarillo/,/gallery/,200,,already direct; unchanged
https://www.805shutters.com/shades/camarillo-ca/,/gallery/,200,,already direct; unchanged
https://www.805shutters.com/blinds/camarillo-ca/,/gallery/,200,,already direct; unchanged
https://www.805shutters.com/drapery/camarillo-ca/,/gallery/,200,,already direct; unchanged
https://www.805shutters.com/window-coverings/camarillo-ca/,/gallery/,200,,already direct; unchanged
https://www.805shutters.com/window-treatments/camarillo-ca/,/gallery/,200,,already direct; unchanged
https://www.805shutters.com/shutters/fillmore/,/gallery/,200,,already direct; unchanged
https://www.805shutters.com/shades/fillmore-ca/,/gallery/,200,,already direct; unchanged
https://www.805shutters.com/blinds/fillmore-ca/,/gallery/,200,,already direct; unchanged
https://www.805shutters.com/drapery/fillmore-ca/,/gallery/,200,,already direct; unchanged
https://www.805shutters.com/window-coverings/fillmore-ca/,/gallery/,200,,already direct; unchanged
https://www.805shutters.com/window-treatments/fillmore-ca/,/gallery/,200,,already direct; unchanged
https://www.805shutters.com/shutters/moorpark/,/gallery/,200,,already direct; unchanged
https://www.805shutters.com/shades/moorpark-ca/,/gallery/,200,,already direct; unchanged
https://www.805shutters.com/blinds/moorpark-ca/,/gallery/,200,,already direct; unchanged
https://www.805shutters.com/drapery/moorpark-ca/,/gallery/,200,,already direct; unchanged
https://www.805shutters.com/window-coverings/moorpark-ca/,/gallery/,200,,already direct; unchanged
https://www.805shutters.com/window-treatments/moorpark-ca/,/gallery/,200,,already direct; unchanged
https://www.805shutters.com/shutters/newbury-park/,/gallery/,200,,already direct; unchanged
https://www.805shutters.com/shades/newbury-park-ca/,/gallery/,200,,already direct; unchanged
https://www.805shutters.com/blinds/newbury-park-ca/,/gallery/,200,,already direct; unchanged
https://www.805shutters.com/drapery/newbury-park-ca/,/gallery/,200,,already direct; unchanged
https://www.805shutters.com/window-coverings/newbury-park-ca/,/gallery/,200,,already direct; unchanged
https://www.805shutters.com/window-treatments/newbury-park-ca/,/gallery/,200,,already direct; unchanged
https://www.805shutters.com/shutters/oak-park/,/gallery/,200,,already direct; unchanged
https://www.805shutters.com/shades/oak-park-ca/,/gallery/,200,,already direct; unchanged
https://www.805shutters.com/blinds/oak-park-ca/,/gallery/,200,,already direct; unchanged
https://www.805shutters.com/drapery/oak-park-ca/,/gallery/,200,,already direct; unchanged
https://www.805shutters.com/window-coverings/oak-park-ca/,/gallery/,200,,already direct; unchanged
https://www.805shutters.com/window-treatments/oak-park-ca/,/gallery/,200,,already direct; unchanged
https://www.805shutters.com/shutters/ojai/,/gallery/,200,,already direct; unchanged
https://www.805shutters.com/shades/ojai-ca/,/gallery/,200,,already direct; unchanged
https://www.805shutters.com/blinds/ojai-ca/,/gallery/,200,,already direct; unchanged
https://www.805shutters.com/drapery/ojai-ca/,/gallery/,200,,already direct; unchanged
https://www.805shutters.com/window-coverings/ojai-ca/,/gallery/,200,,already direct; unchanged
https://www.805shutters.com/window-treatments/ojai-ca/,/gallery/,200,,already direct; unchanged
https://www.805shutters.com/shutters/oxnard/,/gallery/,200,,already direct; unchanged
https://www.805shutters.com/shades/oxnard-ca/,/gallery/,200,,already direct; unchanged
https://www.805shutters.com/blinds/oxnard-ca/,/gallery/,200,,already direct; unchanged
https://www.805shutters.com/drapery/oxnard-ca/,/gallery/,200,,already direct; unchanged
https://www.805shutters.com/window-coverings/oxnard-ca/,/gallery/,200,,already direct; unchanged
https://www.805shutters.com/window-treatments/oxnard-ca/,/gallery/,200,,already direct; unchanged
https://www.805shutters.com/shutters/port-hueneme/,/gallery/,200,,already direct; unchanged
https://www.805shutters.com/shades/port-hueneme-ca/,/gallery/,200,,already direct; unchanged
https://www.805shutters.com/blinds/port-hueneme-ca/,/gallery/,200,,already direct; unchanged
https://www.805shutters.com/drapery/port-hueneme-ca/,/gallery/,200,,already direct; unchanged
https://www.805shutters.com/window-coverings/port-hueneme-ca/,/gallery/,200,,already direct; unchanged
https://www.805shutters.com/window-treatments/port-hueneme-ca/,/gallery/,200,,already direct; unchanged
https://www.805shutters.com/shutters/santa-paula/,/gallery/,200,,already direct; unchanged
https://www.805shutters.com/shades/santa-paula-ca/,/gallery/,200,,already direct; unchanged
https://www.805shutters.com/blinds/santa-paula-ca/,/gallery/,200,,already direct; unchanged
https://www.805shutters.com/drapery/santa-paula-ca/,/gallery/,200,,already direct; unchanged
https://www.805shutters.com/window-coverings/santa-paula-ca/,/gallery/,200,,already direct; unchanged
https://www.805shutters.com/window-treatments/santa-paula-ca/,/gallery/,200,,already direct; unchanged
https://www.805shutters.com/shutters/santa-clarita/,/gallery/,200,,already direct; unchanged
https://www.805shutters.com/shades/santa-clarita-ca/,/gallery/,200,,already direct; unchanged
https://www.805shutters.com/blinds/santa-clarita-ca/,/gallery/,200,,already direct; unchanged
https://www.805shutters.com/drapery/santa-clarita-ca/,/gallery/,200,,already direct; unchanged
https://www.805shutters.com/window-coverings/santa-clarita-ca/,/gallery/,200,,already direct; unchanged
https://www.805shutters.com/window-treatments/santa-clarita-ca/,/gallery/,200,,already direct; unchanged
https://www.805shutters.com/shutters/santa-rosa-valley/,/gallery/,200,,already direct; unchanged
https://www.805shutters.com/shades/santa-rosa-valley-ca/,/gallery/,200,,already direct; unchanged
https://www.805shutters.com/blinds/santa-rosa-valley-ca/,/gallery/,200,,already direct; unchanged
https://www.805shutters.com/drapery/santa-rosa-valley-ca/,/gallery/,200,,already direct; unchanged
https://www.805shutters.com/window-coverings/santa-rosa-valley-ca/,/gallery/,200,,already direct; unchanged
https://www.805shutters.com/window-treatments/santa-rosa-valley-ca/,/gallery/,200,,already direct; unchanged
https://www.805shutters.com/shutters/simi-valley/,/gallery/,200,,already direct; unchanged
https://www.805shutters.com/shades/simi-valley-ca/,/gallery/,200,,already direct; unchanged
https://www.805shutters.com/blinds/simi-valley-ca/,/gallery/,200,,already direct; unchanged
https://www.805shutters.com/drapery/simi-valley-ca/,/gallery/,200,,already direct; unchanged
https://www.805shutters.com/window-coverings/simi-valley-ca/,/gallery/,200,,already direct; unchanged
https://www.805shutters.com/window-treatments/simi-valley-ca/,/gallery/,200,,already direct; unchanged
https://www.805shutters.com/shutters/thousand-oaks/,/gallery/,200,,already direct; unchanged
https://www.805shutters.com/shades/thousand-oaks-ca/,/gallery/,200,,already direct; unchanged
https://www.805shutters.com/blinds/thousand-oaks-ca/,/gallery/,200,,already direct; unchanged
https://www.805shutters.com/drapery/thousand-oaks-ca/,/gallery/,200,,already direct; unchanged
https://www.805shutters.com/window-coverings/thousand-oaks-ca/,/gallery/,200,,already direct; unchanged
https://www.805shutters.com/window-treatments/thousand-oaks-ca/,/gallery/,200,,already direct; unchanged
https://www.805shutters.com/shutters/ventura/,/gallery/,200,,already direct; unchanged
https://www.805shutters.com/shades/ventura-ca/,/gallery/,200,,already direct; unchanged
https://www.805shutters.com/blinds/ventura-ca/,/gallery/,200,,already direct; unchanged
https://www.805shutters.com/drapery/ventura-ca/,/gallery/,200,,already direct; unchanged
https://www.805shutters.com/window-coverings/ventura-ca/,/gallery/,200,,already direct; unchanged
https://www.805shutters.com/window-treatments/ventura-ca/,/gallery/,200,,already direct; unchanged
https://www.805shutters.com/shutters/westlake-village/,/gallery/,200,,already direct; unchanged
https://www.805shutters.com/shades/westlake-village-ca/,/gallery/,200,,already direct; unchanged
https://www.805shutters.com/blinds/westlake-village-ca/,/gallery/,200,,already direct; unchanged
https://www.805shutters.com/drapery/westlake-village-ca/,/gallery/,200,,already direct; unchanged
https://www.805shutters.com/window-coverings/westlake-village-ca/,/gallery/,200,,already direct; unchanged
https://www.805shutters.com/window-treatments/westlake-village-ca/,/gallery/,200,,already direct; unchanged
https://www.805shutters.com/commercial-window-coverings/camarillo-ca/,/gallery/,200,,already direct; unchanged
https://www.805shutters.com/commercial-window-coverings/fillmore-ca/,/gallery/,200,,already direct; unchanged
https://www.805shutters.com/commercial-window-coverings/moorpark-ca/,/gallery/,200,,already direct; unchanged
https://www.805shutters.com/commercial-window-coverings/newbury-park-ca/,/gallery/,200,,already direct; unchanged
https://www.805shutters.com/commercial-window-coverings/oak-park-ca/,/gallery/,200,,already direct; unchanged
https://www.805shutters.com/commercial-window-coverings/ojai-ca/,/gallery/,200,,already direct; unchanged
https://www.805shutters.com/commercial-window-coverings/oxnard-ca/,/gallery/,200,,already direct; unchanged
https://www.805shutters.com/commercial-window-coverings/port-hueneme-ca/,/gallery/,200,,already direct; unchanged
https://www.805shutters.com/commercial-window-coverings/santa-paula-ca/,/gallery/,200,,already direct; unchanged
https://www.805shutters.com/commercial-window-coverings/santa-clarita-ca/,/gallery/,200,,already direct; unchanged
https://www.805shutters.com/commercial-window-coverings/santa-rosa-valley-ca/,/gallery/,200,,already direct; unchanged
https://www.805shutters.com/commercial-window-coverings/simi-valley-ca/,/gallery/,200,,already direct; unchanged
https://www.805shutters.com/commercial-window-coverings/thousand-oaks-ca/,/gallery/,200,,already direct; unchanged
https://www.805shutters.com/commercial-window-coverings/ventura-ca/,/gallery/,200,,already direct; unchanged
https://www.805shutters.com/commercial-window-coverings/westlake-village-ca/,/gallery/,200,,already direct; unchanged
https://www.805shutters.com/blinds/ventura-county/,/gallery/,200,,already direct; unchanged
https://www.805shutters.com/window-treatments/camarillo/,/gallery/,200,,already direct; unchanged
https://www.805shutters.com/ventura-county-window-treatments-camarillo-blinds-shades-shutters/,/gallery/,200,,already direct; unchanged
https://www.805shutters.com/shutters/plantation/,/gallery/,200,,already direct; unchanged
https://www.805shutters.com/shutters/interior-shutters-camarillo/,/gallery/,200,,already direct; unchanged
https://www.805shutters.com/shutters/wood-shutters-camarillo/,/gallery/,200,,already direct; unchanged
https://www.805shutters.com/recent-projects/sliding-door-shutters-ventura-county/,/gallery/,200,,already direct; unchanged
https://www.805shutters.com/recent-projects/roller-shades-large-window-ventura-county/,/gallery/,200,,already direct; unchanged
https://www.805shutters.com/recent-projects/layered-window-shades-ventura-county/,/gallery/,200,,already direct; unchanged
https://www.805shutters.com/recent-projects/arched-plantation-shutters-ventura-county/,/gallery/,200,,already direct; unchanged
https://www.805shutters.com/recent-projects/dark-wood-plantation-shutters-ventura-county/,/gallery/,200,,already direct; unchanged
https://www.805shutters.com/recent-projects/plantation-shutters-ventura-county-project/,/gallery/,200,,already direct; unchanged
https://www.805shutters.com/best-window-treatments-ventura-county/,/gallery/,200,,already direct; unchanged
https://www.805shutters.com/plantation-shutters-vs-shades-ventura-county/,/gallery/,200,,already direct; unchanged
https://www.805shutters.com/custom-blinds-shades-shutters-camarillo/,/gallery/,200,,already direct; unchanged
https://www.805shutters.com/commercial-roller-shades-ventura-county/,/gallery/,200,,already direct; unchanged
https://www.805shutters.com/sliding-door-window-treatments-ventura-county/,/gallery/,200,,already direct; unchanged
https://www.805shutters.com/motorized-window-shades-ventura-county/,/gallery/,200,,already direct; unchanged
https://www.805shutters.com/coastal-window-treatments-ventura-county/,/gallery/,200,,already direct; unchanged
https://www.805shutters.com/window-treatment-installation-timeline-ventura-county/,/gallery/,200,,already direct; unchanged
https://www.805shutters.com/window-treatment-cost-guide-ventura-county/,/gallery/,200,,already direct; unchanged
https://www.805shutters.com/custom-drapery-curtains-ventura-county/,/gallery/,200,,already direct; unchanged
https://www.805shutters.com/shutters-near-me-ventura-county/,/gallery/,200,,already direct; unchanged
https://www.805shutters.com/blinds-near-me-ventura-county/,/gallery/,200,,already direct; unchanged
https://www.805shutters.com/window-shades-near-me-ventura-county/,/gallery/,200,,already direct; unchanged
https://www.805shutters.com/window-treatment-company-near-me-ventura-county/,/gallery/,200,,already direct; unchanged
https://www.805shutters.com/window-treatment-comparison-guide/,/gallery/,200,,already direct; unchanged
https://www.805shutters.com/book-consultation/,/gallery/,200,,already direct; unchanged
https://www.805shutters.com/official/,/gallery/,200,,already direct; unchanged
https://www.805shutters.com/,/about/,200,,already direct; unchanged
https://www.805shutters.com/,/about/,200,,already direct; unchanged
https://www.805shutters.com/shutters/,/about/,200,,already direct; unchanged
https://www.805shutters.com/shades/,/about/,200,,already direct; unchanged
https://www.805shutters.com/blinds/,/about/,200,,already direct; unchanged
https://www.805shutters.com/drapery/,/about/,200,,already direct; unchanged
https://www.805shutters.com/exterior-shades/,/about/,200,,already direct; unchanged
https://www.805shutters.com/window-treatments/,/about/,200,,already direct; unchanged
https://www.805shutters.com/window-coverings/,/about/,200,,already direct; unchanged
https://www.805shutters.com/commercial-window-coverings/,/about/,200,,already direct; unchanged
https://www.805shutters.com/commercial-roller-shades/,/about/,200,,already direct; unchanged
https://www.805shutters.com/about/,/about/,200,,already direct; unchanged
https://www.805shutters.com/contact/,/about/,200,,already direct; unchanged
https://www.805shutters.com/free-window-treatment-consultation/,/about/,200,,already direct; unchanged
https://www.805shutters.com/financing/,/about/,200,,already direct; unchanged
https://www.805shutters.com/faq/,/about/,200,,already direct; unchanged
https://www.805shutters.com/gallery/,/about/,200,,already direct; unchanged
https://www.805shutters.com/reviews/,/about/,200,,already direct; unchanged
https://www.805shutters.com/recent-projects/,/about/,200,,already direct; unchanged
https://www.805shutters.com/shutters/camarillo/,/about/,200,,already direct; unchanged
https://www.805shutters.com/shades/camarillo-ca/,/about/,200,,already direct; unchanged
https://www.805shutters.com/blinds/camarillo-ca/,/about/,200,,already direct; unchanged
https://www.805shutters.com/drapery/camarillo-ca/,/about/,200,,already direct; unchanged
https://www.805shutters.com/window-coverings/camarillo-ca/,/about/,200,,already direct; unchanged
https://www.805shutters.com/window-treatments/camarillo-ca/,/about/,200,,already direct; unchanged
https://www.805shutters.com/shutters/fillmore/,/about/,200,,already direct; unchanged
https://www.805shutters.com/shades/fillmore-ca/,/about/,200,,already direct; unchanged
https://www.805shutters.com/blinds/fillmore-ca/,/about/,200,,already direct; unchanged
https://www.805shutters.com/drapery/fillmore-ca/,/about/,200,,already direct; unchanged
https://www.805shutters.com/window-coverings/fillmore-ca/,/about/,200,,already direct; unchanged
https://www.805shutters.com/window-treatments/fillmore-ca/,/about/,200,,already direct; unchanged
https://www.805shutters.com/shutters/moorpark/,/about/,200,,already direct; unchanged
https://www.805shutters.com/shades/moorpark-ca/,/about/,200,,already direct; unchanged
https://www.805shutters.com/blinds/moorpark-ca/,/about/,200,,already direct; unchanged
https://www.805shutters.com/drapery/moorpark-ca/,/about/,200,,already direct; unchanged
https://www.805shutters.com/window-coverings/moorpark-ca/,/about/,200,,already direct; unchanged
https://www.805shutters.com/window-treatments/moorpark-ca/,/about/,200,,already direct; unchanged
https://www.805shutters.com/shutters/newbury-park/,/about/,200,,already direct; unchanged
https://www.805shutters.com/shades/newbury-park-ca/,/about/,200,,already direct; unchanged
https://www.805shutters.com/blinds/newbury-park-ca/,/about/,200,,already direct; unchanged
https://www.805shutters.com/drapery/newbury-park-ca/,/about/,200,,already direct; unchanged
https://www.805shutters.com/window-coverings/newbury-park-ca/,/about/,200,,already direct; unchanged
https://www.805shutters.com/window-treatments/newbury-park-ca/,/about/,200,,already direct; unchanged
https://www.805shutters.com/shutters/oak-park/,/about/,200,,already direct; unchanged
https://www.805shutters.com/shades/oak-park-ca/,/about/,200,,already direct; unchanged
https://www.805shutters.com/blinds/oak-park-ca/,/about/,200,,already direct; unchanged
https://www.805shutters.com/drapery/oak-park-ca/,/about/,200,,already direct; unchanged
https://www.805shutters.com/window-coverings/oak-park-ca/,/about/,200,,already direct; unchanged
https://www.805shutters.com/window-treatments/oak-park-ca/,/about/,200,,already direct; unchanged
https://www.805shutters.com/shutters/ojai/,/about/,200,,already direct; unchanged
https://www.805shutters.com/shades/ojai-ca/,/about/,200,,already direct; unchanged
https://www.805shutters.com/blinds/ojai-ca/,/about/,200,,already direct; unchanged
https://www.805shutters.com/drapery/ojai-ca/,/about/,200,,already direct; unchanged
https://www.805shutters.com/window-coverings/ojai-ca/,/about/,200,,already direct; unchanged
https://www.805shutters.com/window-treatments/ojai-ca/,/about/,200,,already direct; unchanged
https://www.805shutters.com/shutters/oxnard/,/about/,200,,already direct; unchanged
https://www.805shutters.com/shades/oxnard-ca/,/about/,200,,already direct; unchanged
https://www.805shutters.com/blinds/oxnard-ca/,/about/,200,,already direct; unchanged
https://www.805shutters.com/drapery/oxnard-ca/,/about/,200,,already direct; unchanged
https://www.805shutters.com/window-coverings/oxnard-ca/,/about/,200,,already direct; unchanged
https://www.805shutters.com/window-treatments/oxnard-ca/,/about/,200,,already direct; unchanged
https://www.805shutters.com/shutters/port-hueneme/,/about/,200,,already direct; unchanged
https://www.805shutters.com/shades/port-hueneme-ca/,/about/,200,,already direct; unchanged
https://www.805shutters.com/blinds/port-hueneme-ca/,/about/,200,,already direct; unchanged
https://www.805shutters.com/drapery/port-hueneme-ca/,/about/,200,,already direct; unchanged
https://www.805shutters.com/window-coverings/port-hueneme-ca/,/about/,200,,already direct; unchanged
https://www.805shutters.com/window-treatments/port-hueneme-ca/,/about/,200,,already direct; unchanged
https://www.805shutters.com/shutters/santa-paula/,/about/,200,,already direct; unchanged
https://www.805shutters.com/shades/santa-paula-ca/,/about/,200,,already direct; unchanged
https://www.805shutters.com/blinds/santa-paula-ca/,/about/,200,,already direct; unchanged
https://www.805shutters.com/drapery/santa-paula-ca/,/about/,200,,already direct; unchanged
https://www.805shutters.com/window-coverings/santa-paula-ca/,/about/,200,,already direct; unchanged
https://www.805shutters.com/window-treatments/santa-paula-ca/,/about/,200,,already direct; unchanged
https://www.805shutters.com/shutters/santa-clarita/,/about/,200,,already direct; unchanged
https://www.805shutters.com/shades/santa-clarita-ca/,/about/,200,,already direct; unchanged
https://www.805shutters.com/blinds/santa-clarita-ca/,/about/,200,,already direct; unchanged
https://www.805shutters.com/drapery/santa-clarita-ca/,/about/,200,,already direct; unchanged
https://www.805shutters.com/window-coverings/santa-clarita-ca/,/about/,200,,already direct; unchanged
https://www.805shutters.com/window-treatments/santa-clarita-ca/,/about/,200,,already direct; unchanged
https://www.805shutters.com/shutters/santa-rosa-valley/,/about/,200,,already direct; unchanged
https://www.805shutters.com/shades/santa-rosa-valley-ca/,/about/,200,,already direct; unchanged
https://www.805shutters.com/blinds/santa-rosa-valley-ca/,/about/,200,,already direct; unchanged
https://www.805shutters.com/drapery/santa-rosa-valley-ca/,/about/,200,,already direct; unchanged
https://www.805shutters.com/window-coverings/santa-rosa-valley-ca/,/about/,200,,already direct; unchanged
https://www.805shutters.com/window-treatments/santa-rosa-valley-ca/,/about/,200,,already direct; unchanged
https://www.805shutters.com/shutters/simi-valley/,/about/,200,,already direct; unchanged
https://www.805shutters.com/shades/simi-valley-ca/,/about/,200,,already direct; unchanged
https://www.805shutters.com/blinds/simi-valley-ca/,/about/,200,,already direct; unchanged
https://www.805shutters.com/drapery/simi-valley-ca/,/about/,200,,already direct; unchanged
https://www.805shutters.com/window-coverings/simi-valley-ca/,/about/,200,,already direct; unchanged
https://www.805shutters.com/window-treatments/simi-valley-ca/,/about/,200,,already direct; unchanged
https://www.805shutters.com/shutters/thousand-oaks/,/about/,200,,already direct; unchanged
https://www.805shutters.com/shades/thousand-oaks-ca/,/about/,200,,already direct; unchanged
https://www.805shutters.com/blinds/thousand-oaks-ca/,/about/,200,,already direct; unchanged
https://www.805shutters.com/drapery/thousand-oaks-ca/,/about/,200,,already direct; unchanged
https://www.805shutters.com/window-coverings/thousand-oaks-ca/,/about/,200,,already direct; unchanged
https://www.805shutters.com/window-treatments/thousand-oaks-ca/,/about/,200,,already direct; unchanged
https://www.805shutters.com/shutters/ventura/,/about/,200,,already direct; unchanged
https://www.805shutters.com/shades/ventura-ca/,/about/,200,,already direct; unchanged
https://www.805shutters.com/blinds/ventura-ca/,/about/,200,,already direct; unchanged
https://www.805shutters.com/drapery/ventura-ca/,/about/,200,,already direct; unchanged
https://www.805shutters.com/window-coverings/ventura-ca/,/about/,200,,already direct; unchanged
https://www.805shutters.com/window-treatments/ventura-ca/,/about/,200,,already direct; unchanged
https://www.805shutters.com/shutters/westlake-village/,/about/,200,,already direct; unchanged
https://www.805shutters.com/shades/westlake-village-ca/,/about/,200,,already direct; unchanged
https://www.805shutters.com/blinds/westlake-village-ca/,/about/,200,,already direct; unchanged
https://www.805shutters.com/drapery/westlake-village-ca/,/about/,200,,already direct; unchanged
https://www.805shutters.com/window-coverings/westlake-village-ca/,/about/,200,,already direct; unchanged
https://www.805shutters.com/window-treatments/westlake-village-ca/,/about/,200,,already direct; unchanged
https://www.805shutters.com/commercial-window-coverings/camarillo-ca/,/about/,200,,already direct; unchanged
https://www.805shutters.com/commercial-window-coverings/fillmore-ca/,/about/,200,,already direct; unchanged
https://www.805shutters.com/commercial-window-coverings/moorpark-ca/,/about/,200,,already direct; unchanged
https://www.805shutters.com/commercial-window-coverings/newbury-park-ca/,/about/,200,,already direct; unchanged
https://www.805shutters.com/commercial-window-coverings/oak-park-ca/,/about/,200,,already direct; unchanged
https://www.805shutters.com/commercial-window-coverings/ojai-ca/,/about/,200,,already direct; unchanged
https://www.805shutters.com/commercial-window-coverings/oxnard-ca/,/about/,200,,already direct; unchanged
https://www.805shutters.com/commercial-window-coverings/port-hueneme-ca/,/about/,200,,already direct; unchanged
https://www.805shutters.com/commercial-window-coverings/santa-paula-ca/,/about/,200,,already direct; unchanged
https://www.805shutters.com/commercial-window-coverings/santa-clarita-ca/,/about/,200,,already direct; unchanged
https://www.805shutters.com/commercial-window-coverings/santa-rosa-valley-ca/,/about/,200,,already direct; unchanged
https://www.805shutters.com/commercial-window-coverings/simi-valley-ca/,/about/,200,,already direct; unchanged
https://www.805shutters.com/commercial-window-coverings/thousand-oaks-ca/,/about/,200,,already direct; unchanged
https://www.805shutters.com/commercial-window-coverings/ventura-ca/,/about/,200,,already direct; unchanged
https://www.805shutters.com/commercial-window-coverings/westlake-village-ca/,/about/,200,,already direct; unchanged
https://www.805shutters.com/blinds/ventura-county/,/about/,200,,already direct; unchanged
https://www.805shutters.com/window-treatments/camarillo/,/about/,200,,already direct; unchanged
https://www.805shutters.com/ventura-county-window-treatments-camarillo-blinds-shades-shutters/,/about/,200,,already direct; unchanged
https://www.805shutters.com/shutters/plantation/,/about/,200,,already direct; unchanged
https://www.805shutters.com/shutters/interior-shutters-camarillo/,/about/,200,,already direct; unchanged
https://www.805shutters.com/shutters/wood-shutters-camarillo/,/about/,200,,already direct; unchanged
https://www.805shutters.com/recent-projects/sliding-door-shutters-ventura-county/,/about/,200,,already direct; unchanged
https://www.805shutters.com/recent-projects/roller-shades-large-window-ventura-county/,/about/,200,,already direct; unchanged
https://www.805shutters.com/recent-projects/layered-window-shades-ventura-county/,/about/,200,,already direct; unchanged
https://www.805shutters.com/recent-projects/arched-plantation-shutters-ventura-county/,/about/,200,,already direct; unchanged
https://www.805shutters.com/recent-projects/dark-wood-plantation-shutters-ventura-county/,/about/,200,,already direct; unchanged
https://www.805shutters.com/recent-projects/plantation-shutters-ventura-county-project/,/about/,200,,already direct; unchanged
https://www.805shutters.com/best-window-treatments-ventura-county/,/about/,200,,already direct; unchanged
https://www.805shutters.com/plantation-shutters-vs-shades-ventura-county/,/about/,200,,already direct; unchanged
https://www.805shutters.com/custom-blinds-shades-shutters-camarillo/,/about/,200,,already direct; unchanged
https://www.805shutters.com/commercial-roller-shades-ventura-county/,/about/,200,,already direct; unchanged
https://www.805shutters.com/sliding-door-window-treatments-ventura-county/,/about/,200,,already direct; unchanged
https://www.805shutters.com/motorized-window-shades-ventura-county/,/about/,200,,already direct; unchanged
https://www.805shutters.com/coastal-window-treatments-ventura-county/,/about/,200,,already direct; unchanged
https://www.805shutters.com/window-treatment-installation-timeline-ventura-county/,/about/,200,,already direct; unchanged
https://www.805shutters.com/window-treatment-cost-guide-ventura-county/,/about/,200,,already direct; unchanged
https://www.805shutters.com/custom-drapery-curtains-ventura-county/,/about/,200,,already direct; unchanged
https://www.805shutters.com/shutters-near-me-ventura-county/,/about/,200,,already direct; unchanged
https://www.805shutters.com/blinds-near-me-ventura-county/,/about/,200,,already direct; unchanged
https://www.805shutters.com/window-shades-near-me-ventura-county/,/about/,200,,already direct; unchanged
https://www.805shutters.com/window-treatment-company-near-me-ventura-county/,/about/,200,,already direct; unchanged
https://www.805shutters.com/window-treatment-comparison-guide/,/about/,200,,already direct; unchanged
https://www.805shutters.com/book-consultation/,/about/,200,,already direct; unchanged
https://www.805shutters.com/official/,/about/,200,,already direct; unchanged
https://www.805shutters.com/,/faq/,200,,already direct; unchanged
https://www.805shutters.com/,/faq/,200,,already direct; unchanged
https://www.805shutters.com/shutters/,/faq/,200,,already direct; unchanged
https://www.805shutters.com/shutters/,/faq/,200,,already direct; unchanged
https://www.805shutters.com/shades/,/faq/,200,,already direct; unchanged
https://www.805shutters.com/shades/,/faq/,200,,already direct; unchanged
https://www.805shutters.com/blinds/,/faq/,200,,already direct; unchanged
https://www.805shutters.com/blinds/,/faq/,200,,already direct; unchanged
https://www.805shutters.com/drapery/,/faq/,200,,already direct; unchanged
https://www.805shutters.com/drapery/,/faq/,200,,already direct; unchanged
https://www.805shutters.com/exterior-shades/,/faq/,200,,already direct; unchanged
https://www.805shutters.com/exterior-shades/,/faq/,200,,already direct; unchanged
https://www.805shutters.com/window-treatments/,/faq/,200,,already direct; unchanged
https://www.805shutters.com/window-treatments/,/faq/,200,,already direct; unchanged
https://www.805shutters.com/window-coverings/,/faq/,200,,already direct; unchanged
https://www.805shutters.com/window-coverings/,/faq/,200,,already direct; unchanged
https://www.805shutters.com/commercial-window-coverings/,/faq/,200,,already direct; unchanged
https://www.805shutters.com/commercial-window-coverings/,/faq/,200,,already direct; unchanged
https://www.805shutters.com/commercial-roller-shades/,/faq/,200,,already direct; unchanged
https://www.805shutters.com/commercial-roller-shades/,/faq/,200,,already direct; unchanged
https://www.805shutters.com/about/,/faq/,200,,already direct; unchanged
https://www.805shutters.com/about/,/faq/,200,,already direct; unchanged
https://www.805shutters.com/contact/,/faq/,200,,already direct; unchanged
https://www.805shutters.com/contact/,/faq/,200,,already direct; unchanged
https://www.805shutters.com/free-window-treatment-consultation/,/faq/,200,,already direct; unchanged
https://www.805shutters.com/free-window-treatment-consultation/,/faq/,200,,already direct; unchanged
https://www.805shutters.com/financing/,/faq/,200,,already direct; unchanged
https://www.805shutters.com/financing/,/faq/,200,,already direct; unchanged
https://www.805shutters.com/faq/,/faq/,200,,already direct; unchanged
https://www.805shutters.com/faq/,/faq/,200,,already direct; unchanged
https://www.805shutters.com/gallery/,/faq/,200,,already direct; unchanged
https://www.805shutters.com/gallery/,/faq/,200,,already direct; unchanged
https://www.805shutters.com/reviews/,/faq/,200,,already direct; unchanged
https://www.805shutters.com/reviews/,/faq/,200,,already direct; unchanged
https://www.805shutters.com/recent-projects/,/faq/,200,,already direct; unchanged
https://www.805shutters.com/recent-projects/,/faq/,200,,already direct; unchanged
https://www.805shutters.com/shutters/camarillo/,/faq/,200,,already direct; unchanged
https://www.805shutters.com/shutters/camarillo/,/faq/,200,,already direct; unchanged
https://www.805shutters.com/shades/camarillo-ca/,/faq/,200,,already direct; unchanged
https://www.805shutters.com/shades/camarillo-ca/,/faq/,200,,already direct; unchanged
https://www.805shutters.com/blinds/camarillo-ca/,/faq/,200,,already direct; unchanged
https://www.805shutters.com/blinds/camarillo-ca/,/faq/,200,,already direct; unchanged
https://www.805shutters.com/drapery/camarillo-ca/,/faq/,200,,already direct; unchanged
https://www.805shutters.com/drapery/camarillo-ca/,/faq/,200,,already direct; unchanged
https://www.805shutters.com/window-coverings/camarillo-ca/,/faq/,200,,already direct; unchanged
https://www.805shutters.com/window-coverings/camarillo-ca/,/faq/,200,,already direct; unchanged
https://www.805shutters.com/window-treatments/camarillo-ca/,/faq/,200,,already direct; unchanged
https://www.805shutters.com/window-treatments/camarillo-ca/,/faq/,200,,already direct; unchanged
https://www.805shutters.com/shutters/fillmore/,/faq/,200,,already direct; unchanged
https://www.805shutters.com/shutters/fillmore/,/faq/,200,,already direct; unchanged
https://www.805shutters.com/shades/fillmore-ca/,/faq/,200,,already direct; unchanged
https://www.805shutters.com/shades/fillmore-ca/,/faq/,200,,already direct; unchanged
https://www.805shutters.com/blinds/fillmore-ca/,/faq/,200,,already direct; unchanged
https://www.805shutters.com/blinds/fillmore-ca/,/faq/,200,,already direct; unchanged
https://www.805shutters.com/drapery/fillmore-ca/,/faq/,200,,already direct; unchanged
https://www.805shutters.com/drapery/fillmore-ca/,/faq/,200,,already direct; unchanged
https://www.805shutters.com/window-coverings/fillmore-ca/,/faq/,200,,already direct; unchanged
https://www.805shutters.com/window-coverings/fillmore-ca/,/faq/,200,,already direct; unchanged
https://www.805shutters.com/window-treatments/fillmore-ca/,/faq/,200,,already direct; unchanged
https://www.805shutters.com/window-treatments/fillmore-ca/,/faq/,200,,already direct; unchanged
https://www.805shutters.com/shutters/moorpark/,/faq/,200,,already direct; unchanged
https://www.805shutters.com/shutters/moorpark/,/faq/,200,,already direct; unchanged
https://www.805shutters.com/shades/moorpark-ca/,/faq/,200,,already direct; unchanged
https://www.805shutters.com/shades/moorpark-ca/,/faq/,200,,already direct; unchanged
https://www.805shutters.com/blinds/moorpark-ca/,/faq/,200,,already direct; unchanged
https://www.805shutters.com/blinds/moorpark-ca/,/faq/,200,,already direct; unchanged
https://www.805shutters.com/drapery/moorpark-ca/,/faq/,200,,already direct; unchanged
https://www.805shutters.com/drapery/moorpark-ca/,/faq/,200,,already direct; unchanged
https://www.805shutters.com/window-coverings/moorpark-ca/,/faq/,200,,already direct; unchanged
https://www.805shutters.com/window-coverings/moorpark-ca/,/faq/,200,,already direct; unchanged
https://www.805shutters.com/window-treatments/moorpark-ca/,/faq/,200,,already direct; unchanged
https://www.805shutters.com/window-treatments/moorpark-ca/,/faq/,200,,already direct; unchanged
https://www.805shutters.com/shutters/newbury-park/,/faq/,200,,already direct; unchanged
https://www.805shutters.com/shutters/newbury-park/,/faq/,200,,already direct; unchanged
https://www.805shutters.com/shades/newbury-park-ca/,/faq/,200,,already direct; unchanged
https://www.805shutters.com/shades/newbury-park-ca/,/faq/,200,,already direct; unchanged
https://www.805shutters.com/blinds/newbury-park-ca/,/faq/,200,,already direct; unchanged
https://www.805shutters.com/blinds/newbury-park-ca/,/faq/,200,,already direct; unchanged
https://www.805shutters.com/drapery/newbury-park-ca/,/faq/,200,,already direct; unchanged
https://www.805shutters.com/drapery/newbury-park-ca/,/faq/,200,,already direct; unchanged
https://www.805shutters.com/window-coverings/newbury-park-ca/,/faq/,200,,already direct; unchanged
https://www.805shutters.com/window-coverings/newbury-park-ca/,/faq/,200,,already direct; unchanged
https://www.805shutters.com/window-treatments/newbury-park-ca/,/faq/,200,,already direct; unchanged
https://www.805shutters.com/window-treatments/newbury-park-ca/,/faq/,200,,already direct; unchanged
https://www.805shutters.com/shutters/oak-park/,/faq/,200,,already direct; unchanged
https://www.805shutters.com/shutters/oak-park/,/faq/,200,,already direct; unchanged
https://www.805shutters.com/shades/oak-park-ca/,/faq/,200,,already direct; unchanged
https://www.805shutters.com/shades/oak-park-ca/,/faq/,200,,already direct; unchanged
https://www.805shutters.com/blinds/oak-park-ca/,/faq/,200,,already direct; unchanged
https://www.805shutters.com/blinds/oak-park-ca/,/faq/,200,,already direct; unchanged
https://www.805shutters.com/drapery/oak-park-ca/,/faq/,200,,already direct; unchanged
https://www.805shutters.com/drapery/oak-park-ca/,/faq/,200,,already direct; unchanged
https://www.805shutters.com/window-coverings/oak-park-ca/,/faq/,200,,already direct; unchanged
https://www.805shutters.com/window-coverings/oak-park-ca/,/faq/,200,,already direct; unchanged
https://www.805shutters.com/window-treatments/oak-park-ca/,/faq/,200,,already direct; unchanged
https://www.805shutters.com/window-treatments/oak-park-ca/,/faq/,200,,already direct; unchanged
https://www.805shutters.com/shutters/ojai/,/faq/,200,,already direct; unchanged
https://www.805shutters.com/shutters/ojai/,/faq/,200,,already direct; unchanged
https://www.805shutters.com/shades/ojai-ca/,/faq/,200,,already direct; unchanged
https://www.805shutters.com/shades/ojai-ca/,/faq/,200,,already direct; unchanged
https://www.805shutters.com/blinds/ojai-ca/,/faq/,200,,already direct; unchanged
https://www.805shutters.com/blinds/ojai-ca/,/faq/,200,,already direct; unchanged
https://www.805shutters.com/drapery/ojai-ca/,/faq/,200,,already direct; unchanged
https://www.805shutters.com/drapery/ojai-ca/,/faq/,200,,already direct; unchanged
https://www.805shutters.com/window-coverings/ojai-ca/,/faq/,200,,already direct; unchanged
https://www.805shutters.com/window-coverings/ojai-ca/,/faq/,200,,already direct; unchanged
https://www.805shutters.com/window-treatments/ojai-ca/,/faq/,200,,already direct; unchanged
https://www.805shutters.com/window-treatments/ojai-ca/,/faq/,200,,already direct; unchanged
https://www.805shutters.com/shutters/oxnard/,/faq/,200,,already direct; unchanged
https://www.805shutters.com/shutters/oxnard/,/faq/,200,,already direct; unchanged
https://www.805shutters.com/shades/oxnard-ca/,/faq/,200,,already direct; unchanged
https://www.805shutters.com/shades/oxnard-ca/,/faq/,200,,already direct; unchanged
https://www.805shutters.com/blinds/oxnard-ca/,/faq/,200,,already direct; unchanged
https://www.805shutters.com/blinds/oxnard-ca/,/faq/,200,,already direct; unchanged
https://www.805shutters.com/drapery/oxnard-ca/,/faq/,200,,already direct; unchanged
https://www.805shutters.com/drapery/oxnard-ca/,/faq/,200,,already direct; unchanged
https://www.805shutters.com/window-coverings/oxnard-ca/,/faq/,200,,already direct; unchanged
https://www.805shutters.com/window-coverings/oxnard-ca/,/faq/,200,,already direct; unchanged
https://www.805shutters.com/window-treatments/oxnard-ca/,/faq/,200,,already direct; unchanged
https://www.805shutters.com/window-treatments/oxnard-ca/,/faq/,200,,already direct; unchanged
https://www.805shutters.com/shutters/port-hueneme/,/faq/,200,,already direct; unchanged
https://www.805shutters.com/shutters/port-hueneme/,/faq/,200,,already direct; unchanged
https://www.805shutters.com/shades/port-hueneme-ca/,/faq/,200,,already direct; unchanged
https://www.805shutters.com/shades/port-hueneme-ca/,/faq/,200,,already direct; unchanged
https://www.805shutters.com/blinds/port-hueneme-ca/,/faq/,200,,already direct; unchanged
https://www.805shutters.com/blinds/port-hueneme-ca/,/faq/,200,,already direct; unchanged
https://www.805shutters.com/drapery/port-hueneme-ca/,/faq/,200,,already direct; unchanged
https://www.805shutters.com/drapery/port-hueneme-ca/,/faq/,200,,already direct; unchanged
https://www.805shutters.com/window-coverings/port-hueneme-ca/,/faq/,200,,already direct; unchanged
https://www.805shutters.com/window-coverings/port-hueneme-ca/,/faq/,200,,already direct; unchanged
https://www.805shutters.com/window-treatments/port-hueneme-ca/,/faq/,200,,already direct; unchanged
https://www.805shutters.com/window-treatments/port-hueneme-ca/,/faq/,200,,already direct; unchanged
https://www.805shutters.com/shutters/santa-paula/,/faq/,200,,already direct; unchanged
https://www.805shutters.com/shutters/santa-paula/,/faq/,200,,already direct; unchanged
https://www.805shutters.com/shades/santa-paula-ca/,/faq/,200,,already direct; unchanged
https://www.805shutters.com/shades/santa-paula-ca/,/faq/,200,,already direct; unchanged
https://www.805shutters.com/blinds/santa-paula-ca/,/faq/,200,,already direct; unchanged
https://www.805shutters.com/blinds/santa-paula-ca/,/faq/,200,,already direct; unchanged
https://www.805shutters.com/drapery/santa-paula-ca/,/faq/,200,,already direct; unchanged
https://www.805shutters.com/drapery/santa-paula-ca/,/faq/,200,,already direct; unchanged
https://www.805shutters.com/window-coverings/santa-paula-ca/,/faq/,200,,already direct; unchanged
https://www.805shutters.com/window-coverings/santa-paula-ca/,/faq/,200,,already direct; unchanged
https://www.805shutters.com/window-treatments/santa-paula-ca/,/faq/,200,,already direct; unchanged
https://www.805shutters.com/window-treatments/santa-paula-ca/,/faq/,200,,already direct; unchanged
https://www.805shutters.com/shutters/santa-clarita/,/faq/,200,,already direct; unchanged
https://www.805shutters.com/shutters/santa-clarita/,/faq/,200,,already direct; unchanged
https://www.805shutters.com/shades/santa-clarita-ca/,/faq/,200,,already direct; unchanged
https://www.805shutters.com/shades/santa-clarita-ca/,/faq/,200,,already direct; unchanged
https://www.805shutters.com/blinds/santa-clarita-ca/,/faq/,200,,already direct; unchanged
https://www.805shutters.com/blinds/santa-clarita-ca/,/faq/,200,,already direct; unchanged
https://www.805shutters.com/drapery/santa-clarita-ca/,/faq/,200,,already direct; unchanged
https://www.805shutters.com/drapery/santa-clarita-ca/,/faq/,200,,already direct; unchanged
https://www.805shutters.com/window-coverings/santa-clarita-ca/,/faq/,200,,already direct; unchanged
https://www.805shutters.com/window-coverings/santa-clarita-ca/,/faq/,200,,already direct; unchanged
https://www.805shutters.com/window-treatments/santa-clarita-ca/,/faq/,200,,already direct; unchanged
https://www.805shutters.com/window-treatments/santa-clarita-ca/,/faq/,200,,already direct; unchanged
https://www.805shutters.com/shutters/santa-rosa-valley/,/faq/,200,,already direct; unchanged
https://www.805shutters.com/shutters/santa-rosa-valley/,/faq/,200,,already direct; unchanged
https://www.805shutters.com/shades/santa-rosa-valley-ca/,/faq/,200,,already direct; unchanged
https://www.805shutters.com/shades/santa-rosa-valley-ca/,/faq/,200,,already direct; unchanged
https://www.805shutters.com/blinds/santa-rosa-valley-ca/,/faq/,200,,already direct; unchanged
https://www.805shutters.com/blinds/santa-rosa-valley-ca/,/faq/,200,,already direct; unchanged
https://www.805shutters.com/drapery/santa-rosa-valley-ca/,/faq/,200,,already direct; unchanged
https://www.805shutters.com/drapery/santa-rosa-valley-ca/,/faq/,200,,already direct; unchanged
https://www.805shutters.com/window-coverings/santa-rosa-valley-ca/,/faq/,200,,already direct; unchanged
https://www.805shutters.com/window-coverings/santa-rosa-valley-ca/,/faq/,200,,already direct; unchanged
https://www.805shutters.com/window-treatments/santa-rosa-valley-ca/,/faq/,200,,already direct; unchanged
https://www.805shutters.com/window-treatments/santa-rosa-valley-ca/,/faq/,200,,already direct; unchanged
https://www.805shutters.com/shutters/simi-valley/,/faq/,200,,already direct; unchanged
https://www.805shutters.com/shutters/simi-valley/,/faq/,200,,already direct; unchanged
https://www.805shutters.com/shades/simi-valley-ca/,/faq/,200,,already direct; unchanged
https://www.805shutters.com/shades/simi-valley-ca/,/faq/,200,,already direct; unchanged
https://www.805shutters.com/blinds/simi-valley-ca/,/faq/,200,,already direct; unchanged
https://www.805shutters.com/blinds/simi-valley-ca/,/faq/,200,,already direct; unchanged
https://www.805shutters.com/drapery/simi-valley-ca/,/faq/,200,,already direct; unchanged
https://www.805shutters.com/drapery/simi-valley-ca/,/faq/,200,,already direct; unchanged
https://www.805shutters.com/window-coverings/simi-valley-ca/,/faq/,200,,already direct; unchanged
https://www.805shutters.com/window-coverings/simi-valley-ca/,/faq/,200,,already direct; unchanged
https://www.805shutters.com/window-treatments/simi-valley-ca/,/faq/,200,,already direct; unchanged
https://www.805shutters.com/window-treatments/simi-valley-ca/,/faq/,200,,already direct; unchanged
https://www.805shutters.com/shutters/thousand-oaks/,/faq/,200,,already direct; unchanged
https://www.805shutters.com/shutters/thousand-oaks/,/faq/,200,,already direct; unchanged
https://www.805shutters.com/shades/thousand-oaks-ca/,/faq/,200,,already direct; unchanged
https://www.805shutters.com/shades/thousand-oaks-ca/,/faq/,200,,already direct; unchanged
https://www.805shutters.com/blinds/thousand-oaks-ca/,/faq/,200,,already direct; unchanged
https://www.805shutters.com/blinds/thousand-oaks-ca/,/faq/,200,,already direct; unchanged
https://www.805shutters.com/drapery/thousand-oaks-ca/,/faq/,200,,already direct; unchanged
https://www.805shutters.com/drapery/thousand-oaks-ca/,/faq/,200,,already direct; unchanged
https://www.805shutters.com/window-coverings/thousand-oaks-ca/,/faq/,200,,already direct; unchanged
https://www.805shutters.com/window-coverings/thousand-oaks-ca/,/faq/,200,,already direct; unchanged
https://www.805shutters.com/window-treatments/thousand-oaks-ca/,/faq/,200,,already direct; unchanged
https://www.805shutters.com/window-treatments/thousand-oaks-ca/,/faq/,200,,already direct; unchanged
https://www.805shutters.com/shutters/ventura/,/faq/,200,,already direct; unchanged
https://www.805shutters.com/shutters/ventura/,/faq/,200,,already direct; unchanged
https://www.805shutters.com/shades/ventura-ca/,/faq/,200,,already direct; unchanged
https://www.805shutters.com/shades/ventura-ca/,/faq/,200,,already direct; unchanged
https://www.805shutters.com/blinds/ventura-ca/,/faq/,200,,already direct; unchanged
https://www.805shutters.com/blinds/ventura-ca/,/faq/,200,,already direct; unchanged
https://www.805shutters.com/drapery/ventura-ca/,/faq/,200,,already direct; unchanged
https://www.805shutters.com/drapery/ventura-ca/,/faq/,200,,already direct; unchanged
https://www.805shutters.com/window-coverings/ventura-ca/,/faq/,200,,already direct; unchanged
https://www.805shutters.com/window-coverings/ventura-ca/,/faq/,200,,already direct; unchanged
https://www.805shutters.com/window-treatments/ventura-ca/,/faq/,200,,already direct; unchanged
https://www.805shutters.com/window-treatments/ventura-ca/,/faq/,200,,already direct; unchanged
https://www.805shutters.com/shutters/westlake-village/,/faq/,200,,already direct; unchanged
https://www.805shutters.com/shutters/westlake-village/,/faq/,200,,already direct; unchanged
https://www.805shutters.com/shades/westlake-village-ca/,/faq/,200,,already direct; unchanged
https://www.805shutters.com/shades/westlake-village-ca/,/faq/,200,,already direct; unchanged
https://www.805shutters.com/blinds/westlake-village-ca/,/faq/,200,,already direct; unchanged
https://www.805shutters.com/blinds/westlake-village-ca/,/faq/,200,,already direct; unchanged
https://www.805shutters.com/drapery/westlake-village-ca/,/faq/,200,,already direct; unchanged
https://www.805shutters.com/drapery/westlake-village-ca/,/faq/,200,,already direct; unchanged
https://www.805shutters.com/window-coverings/westlake-village-ca/,/faq/,200,,already direct; unchanged
https://www.805shutters.com/window-coverings/westlake-village-ca/,/faq/,200,,already direct; unchanged
https://www.805shutters.com/window-treatments/westlake-village-ca/,/faq/,200,,already direct; unchanged
https://www.805shutters.com/window-treatments/westlake-village-ca/,/faq/,200,,already direct; unchanged
https://www.805shutters.com/commercial-window-coverings/camarillo-ca/,/faq/,200,,already direct; unchanged
https://www.805shutters.com/commercial-window-coverings/camarillo-ca/,/faq/,200,,already direct; unchanged
https://www.805shutters.com/commercial-window-coverings/fillmore-ca/,/faq/,200,,already direct; unchanged
https://www.805shutters.com/commercial-window-coverings/fillmore-ca/,/faq/,200,,already direct; unchanged
https://www.805shutters.com/commercial-window-coverings/moorpark-ca/,/faq/,200,,already direct; unchanged
https://www.805shutters.com/commercial-window-coverings/moorpark-ca/,/faq/,200,,already direct; unchanged
https://www.805shutters.com/commercial-window-coverings/newbury-park-ca/,/faq/,200,,already direct; unchanged
https://www.805shutters.com/commercial-window-coverings/newbury-park-ca/,/faq/,200,,already direct; unchanged
https://www.805shutters.com/commercial-window-coverings/oak-park-ca/,/faq/,200,,already direct; unchanged
https://www.805shutters.com/commercial-window-coverings/oak-park-ca/,/faq/,200,,already direct; unchanged
https://www.805shutters.com/commercial-window-coverings/ojai-ca/,/faq/,200,,already direct; unchanged
https://www.805shutters.com/commercial-window-coverings/ojai-ca/,/faq/,200,,already direct; unchanged
https://www.805shutters.com/commercial-window-coverings/oxnard-ca/,/faq/,200,,already direct; unchanged
https://www.805shutters.com/commercial-window-coverings/oxnard-ca/,/faq/,200,,already direct; unchanged
https://www.805shutters.com/commercial-window-coverings/port-hueneme-ca/,/faq/,200,,already direct; unchanged
https://www.805shutters.com/commercial-window-coverings/port-hueneme-ca/,/faq/,200,,already direct; unchanged
https://www.805shutters.com/commercial-window-coverings/santa-paula-ca/,/faq/,200,,already direct; unchanged
https://www.805shutters.com/commercial-window-coverings/santa-paula-ca/,/faq/,200,,already direct; unchanged
https://www.805shutters.com/commercial-window-coverings/santa-clarita-ca/,/faq/,200,,already direct; unchanged
https://www.805shutters.com/commercial-window-coverings/santa-clarita-ca/,/faq/,200,,already direct; unchanged
https://www.805shutters.com/commercial-window-coverings/santa-rosa-valley-ca/,/faq/,200,,already direct; unchanged
https://www.805shutters.com/commercial-window-coverings/santa-rosa-valley-ca/,/faq/,200,,already direct; unchanged
https://www.805shutters.com/commercial-window-coverings/simi-valley-ca/,/faq/,200,,already direct; unchanged
https://www.805shutters.com/commercial-window-coverings/simi-valley-ca/,/faq/,200,,already direct; unchanged
https://www.805shutters.com/commercial-window-coverings/thousand-oaks-ca/,/faq/,200,,already direct; unchanged
https://www.805shutters.com/commercial-window-coverings/thousand-oaks-ca/,/faq/,200,,already direct; unchanged
https://www.805shutters.com/commercial-window-coverings/ventura-ca/,/faq/,200,,already direct; unchanged
https://www.805shutters.com/commercial-window-coverings/ventura-ca/,/faq/,200,,already direct; unchanged
https://www.805shutters.com/commercial-window-coverings/westlake-village-ca/,/faq/,200,,already direct; unchanged
https://www.805shutters.com/commercial-window-coverings/westlake-village-ca/,/faq/,200,,already direct; unchanged
https://www.805shutters.com/blinds/ventura-county/,/faq/,200,,already direct; unchanged
https://www.805shutters.com/blinds/ventura-county/,/faq/,200,,already direct; unchanged
https://www.805shutters.com/window-treatments/camarillo/,/faq/,200,,already direct; unchanged
https://www.805shutters.com/window-treatments/camarillo/,/faq/,200,,already direct; unchanged
https://www.805shutters.com/ventura-county-window-treatments-camarillo-blinds-shades-shutters/,/faq/,200,,already direct; unchanged
https://www.805shutters.com/ventura-county-window-treatments-camarillo-blinds-shades-shutters/,/faq/,200,,already direct; unchanged
https://www.805shutters.com/shutters/plantation/,/faq/,200,,already direct; unchanged
https://www.805shutters.com/shutters/plantation/,/faq/,200,,already direct; unchanged
https://www.805shutters.com/shutters/interior-shutters-camarillo/,/faq/,200,,already direct; unchanged
https://www.805shutters.com/shutters/interior-shutters-camarillo/,/faq/,200,,already direct; unchanged
https://www.805shutters.com/shutters/wood-shutters-camarillo/,/faq/,200,,already direct; unchanged
https://www.805shutters.com/shutters/wood-shutters-camarillo/,/faq/,200,,already direct; unchanged
https://www.805shutters.com/recent-projects/sliding-door-shutters-ventura-county/,/faq/,200,,already direct; unchanged
https://www.805shutters.com/recent-projects/sliding-door-shutters-ventura-county/,/faq/,200,,already direct; unchanged
https://www.805shutters.com/recent-projects/roller-shades-large-window-ventura-county/,/faq/,200,,already direct; unchanged
https://www.805shutters.com/recent-projects/roller-shades-large-window-ventura-county/,/faq/,200,,already direct; unchanged
https://www.805shutters.com/recent-projects/layered-window-shades-ventura-county/,/faq/,200,,already direct; unchanged
https://www.805shutters.com/recent-projects/layered-window-shades-ventura-county/,/faq/,200,,already direct; unchanged
https://www.805shutters.com/recent-projects/arched-plantation-shutters-ventura-county/,/faq/,200,,already direct; unchanged
https://www.805shutters.com/recent-projects/arched-plantation-shutters-ventura-county/,/faq/,200,,already direct; unchanged
https://www.805shutters.com/recent-projects/dark-wood-plantation-shutters-ventura-county/,/faq/,200,,already direct; unchanged
https://www.805shutters.com/recent-projects/dark-wood-plantation-shutters-ventura-county/,/faq/,200,,already direct; unchanged
https://www.805shutters.com/recent-projects/plantation-shutters-ventura-county-project/,/faq/,200,,already direct; unchanged
https://www.805shutters.com/recent-projects/plantation-shutters-ventura-county-project/,/faq/,200,,already direct; unchanged
https://www.805shutters.com/best-window-treatments-ventura-county/,/faq/,200,,already direct; unchanged
https://www.805shutters.com/best-window-treatments-ventura-county/,/faq/,200,,already direct; unchanged
https://www.805shutters.com/plantation-shutters-vs-shades-ventura-county/,/faq/,200,,already direct; unchanged
https://www.805shutters.com/plantation-shutters-vs-shades-ventura-county/,/faq/,200,,already direct; unchanged
https://www.805shutters.com/custom-blinds-shades-shutters-camarillo/,/faq/,200,,already direct; unchanged
https://www.805shutters.com/custom-blinds-shades-shutters-camarillo/,/faq/,200,,already direct; unchanged
https://www.805shutters.com/commercial-roller-shades-ventura-county/,/faq/,200,,already direct; unchanged
https://www.805shutters.com/commercial-roller-shades-ventura-county/,/faq/,200,,already direct; unchanged
https://www.805shutters.com/sliding-door-window-treatments-ventura-county/,/faq/,200,,already direct; unchanged
https://www.805shutters.com/sliding-door-window-treatments-ventura-county/,/faq/,200,,already direct; unchanged
https://www.805shutters.com/motorized-window-shades-ventura-county/,/faq/,200,,already direct; unchanged
https://www.805shutters.com/motorized-window-shades-ventura-county/,/faq/,200,,already direct; unchanged
https://www.805shutters.com/coastal-window-treatments-ventura-county/,/faq/,200,,already direct; unchanged
https://www.805shutters.com/coastal-window-treatments-ventura-county/,/faq/,200,,already direct; unchanged
https://www.805shutters.com/window-treatment-installation-timeline-ventura-county/,/faq/,200,,already direct; unchanged
https://www.805shutters.com/window-treatment-installation-timeline-ventura-county/,/faq/,200,,already direct; unchanged
https://www.805shutters.com/window-treatment-cost-guide-ventura-county/,/faq/,200,,already direct; unchanged
https://www.805shutters.com/window-treatment-cost-guide-ventura-county/,/faq/,200,,already direct; unchanged
https://www.805shutters.com/custom-drapery-curtains-ventura-county/,/faq/,200,,already direct; unchanged
https://www.805shutters.com/custom-drapery-curtains-ventura-county/,/faq/,200,,already direct; unchanged
https://www.805shutters.com/shutters-near-me-ventura-county/,/faq/,200,,already direct; unchanged
https://www.805shutters.com/shutters-near-me-ventura-county/,/faq/,200,,already direct; unchanged
https://www.805shutters.com/blinds-near-me-ventura-county/,/faq/,200,,already direct; unchanged
https://www.805shutters.com/blinds-near-me-ventura-county/,/faq/,200,,already direct; unchanged
https://www.805shutters.com/window-shades-near-me-ventura-county/,/faq/,200,,already direct; unchanged
https://www.805shutters.com/window-shades-near-me-ventura-county/,/faq/,200,,already direct; unchanged
https://www.805shutters.com/window-treatment-company-near-me-ventura-county/,/faq/,200,,already direct; unchanged
https://www.805shutters.com/window-treatment-company-near-me-ventura-county/,/faq/,200,,already direct; unchanged
https://www.805shutters.com/window-treatment-comparison-guide/,/faq/,200,,already direct; unchanged
https://www.805shutters.com/window-treatment-comparison-guide/,/faq/,200,,already direct; unchanged
https://www.805shutters.com/book-consultation/,/faq/,200,,already direct; unchanged
https://www.805shutters.com/book-consultation/,/faq/,200,,already direct; unchanged
https://www.805shutters.com/official/,/faq/,200,,already direct; unchanged
https://www.805shutters.com/official/,/faq/,200,,already direct; unchanged
https://www.805shutters.com/,/contact/,200,,already direct; unchanged
https://www.805shutters.com/shutters/,/contact/,200,,already direct; unchanged
https://www.805shutters.com/shades/,/contact/,200,,already direct; unchanged
https://www.805shutters.com/blinds/,/contact/,200,,already direct; unchanged
https://www.805shutters.com/drapery/,/contact/,200,,already direct; unchanged
https://www.805shutters.com/exterior-shades/,/contact/,200,,already direct; unchanged
https://www.805shutters.com/window-treatments/,/contact/,200,,already direct; unchanged
https://www.805shutters.com/window-coverings/,/contact/,200,,already direct; unchanged
https://www.805shutters.com/commercial-window-coverings/,/contact/,200,,already direct; unchanged
https://www.805shutters.com/commercial-roller-shades/,/contact/,200,,already direct; unchanged
https://www.805shutters.com/about/,/contact/,200,,already direct; unchanged
https://www.805shutters.com/about/,/contact/,200,,already direct; unchanged
https://www.805shutters.com/contact/,/contact/,200,,already direct; unchanged
https://www.805shutters.com/free-window-treatment-consultation/,/contact/,200,,already direct; unchanged
https://www.805shutters.com/financing/,/contact/,200,,already direct; unchanged
https://www.805shutters.com/faq/,/contact/,200,,already direct; unchanged
https://www.805shutters.com/gallery/,/contact/,200,,already direct; unchanged
https://www.805shutters.com/reviews/,/contact/,200,,already direct; unchanged
https://www.805shutters.com/recent-projects/,/contact/,200,,already direct; unchanged
https://www.805shutters.com/shutters/camarillo/,/contact/,200,,already direct; unchanged
https://www.805shutters.com/shutters/camarillo/,/contact/,200,,already direct; unchanged
https://www.805shutters.com/shades/camarillo-ca/,/contact/,200,,already direct; unchanged
https://www.805shutters.com/shades/camarillo-ca/,/contact/,200,,already direct; unchanged
https://www.805shutters.com/blinds/camarillo-ca/,/contact/,200,,already direct; unchanged
https://www.805shutters.com/blinds/camarillo-ca/,/contact/,200,,already direct; unchanged
https://www.805shutters.com/drapery/camarillo-ca/,/contact/,200,,already direct; unchanged
https://www.805shutters.com/window-coverings/camarillo-ca/,/contact/,200,,already direct; unchanged
https://www.805shutters.com/window-treatments/camarillo-ca/,/contact/,200,,already direct; unchanged
https://www.805shutters.com/window-treatments/camarillo-ca/,/contact/,200,,already direct; unchanged
https://www.805shutters.com/shutters/fillmore/,/contact/,200,,already direct; unchanged
https://www.805shutters.com/shades/fillmore-ca/,/contact/,200,,already direct; unchanged
https://www.805shutters.com/blinds/fillmore-ca/,/contact/,200,,already direct; unchanged
https://www.805shutters.com/drapery/fillmore-ca/,/contact/,200,,already direct; unchanged
https://www.805shutters.com/window-coverings/fillmore-ca/,/contact/,200,,already direct; unchanged
https://www.805shutters.com/window-treatments/fillmore-ca/,/contact/,200,,already direct; unchanged
https://www.805shutters.com/shutters/moorpark/,/contact/,200,,already direct; unchanged
https://www.805shutters.com/shades/moorpark-ca/,/contact/,200,,already direct; unchanged
https://www.805shutters.com/blinds/moorpark-ca/,/contact/,200,,already direct; unchanged
https://www.805shutters.com/drapery/moorpark-ca/,/contact/,200,,already direct; unchanged
https://www.805shutters.com/window-coverings/moorpark-ca/,/contact/,200,,already direct; unchanged
https://www.805shutters.com/window-treatments/moorpark-ca/,/contact/,200,,already direct; unchanged
https://www.805shutters.com/shutters/newbury-park/,/contact/,200,,already direct; unchanged
https://www.805shutters.com/shades/newbury-park-ca/,/contact/,200,,already direct; unchanged
https://www.805shutters.com/blinds/newbury-park-ca/,/contact/,200,,already direct; unchanged
https://www.805shutters.com/drapery/newbury-park-ca/,/contact/,200,,already direct; unchanged
https://www.805shutters.com/window-coverings/newbury-park-ca/,/contact/,200,,already direct; unchanged
https://www.805shutters.com/window-treatments/newbury-park-ca/,/contact/,200,,already direct; unchanged
https://www.805shutters.com/shutters/oak-park/,/contact/,200,,already direct; unchanged
https://www.805shutters.com/shades/oak-park-ca/,/contact/,200,,already direct; unchanged
https://www.805shutters.com/blinds/oak-park-ca/,/contact/,200,,already direct; unchanged
https://www.805shutters.com/drapery/oak-park-ca/,/contact/,200,,already direct; unchanged
https://www.805shutters.com/window-coverings/oak-park-ca/,/contact/,200,,already direct; unchanged
https://www.805shutters.com/window-treatments/oak-park-ca/,/contact/,200,,already direct; unchanged
https://www.805shutters.com/shutters/ojai/,/contact/,200,,already direct; unchanged
https://www.805shutters.com/shades/ojai-ca/,/contact/,200,,already direct; unchanged
https://www.805shutters.com/blinds/ojai-ca/,/contact/,200,,already direct; unchanged
https://www.805shutters.com/drapery/ojai-ca/,/contact/,200,,already direct; unchanged
https://www.805shutters.com/window-coverings/ojai-ca/,/contact/,200,,already direct; unchanged
https://www.805shutters.com/window-treatments/ojai-ca/,/contact/,200,,already direct; unchanged
https://www.805shutters.com/shutters/oxnard/,/contact/,200,,already direct; unchanged
https://www.805shutters.com/shutters/oxnard/,/contact/,200,,already direct; unchanged
https://www.805shutters.com/shades/oxnard-ca/,/contact/,200,,already direct; unchanged
https://www.805shutters.com/blinds/oxnard-ca/,/contact/,200,,already direct; unchanged
https://www.805shutters.com/drapery/oxnard-ca/,/contact/,200,,already direct; unchanged
https://www.805shutters.com/window-coverings/oxnard-ca/,/contact/,200,,already direct; unchanged
https://www.805shutters.com/window-treatments/oxnard-ca/,/contact/,200,,already direct; unchanged
https://www.805shutters.com/shutters/port-hueneme/,/contact/,200,,already direct; unchanged
https://www.805shutters.com/shades/port-hueneme-ca/,/contact/,200,,already direct; unchanged
https://www.805shutters.com/blinds/port-hueneme-ca/,/contact/,200,,already direct; unchanged
https://www.805shutters.com/drapery/port-hueneme-ca/,/contact/,200,,already direct; unchanged
https://www.805shutters.com/window-coverings/port-hueneme-ca/,/contact/,200,,already direct; unchanged
https://www.805shutters.com/window-treatments/port-hueneme-ca/,/contact/,200,,already direct; unchanged
https://www.805shutters.com/shutters/santa-paula/,/contact/,200,,already direct; unchanged
https://www.805shutters.com/shades/santa-paula-ca/,/contact/,200,,already direct; unchanged
https://www.805shutters.com/blinds/santa-paula-ca/,/contact/,200,,already direct; unchanged
https://www.805shutters.com/drapery/santa-paula-ca/,/contact/,200,,already direct; unchanged
https://www.805shutters.com/window-coverings/santa-paula-ca/,/contact/,200,,already direct; unchanged
https://www.805shutters.com/window-treatments/santa-paula-ca/,/contact/,200,,already direct; unchanged
https://www.805shutters.com/shutters/santa-clarita/,/contact/,200,,already direct; unchanged
https://www.805shutters.com/shades/santa-clarita-ca/,/contact/,200,,already direct; unchanged
https://www.805shutters.com/blinds/santa-clarita-ca/,/contact/,200,,already direct; unchanged
https://www.805shutters.com/drapery/santa-clarita-ca/,/contact/,200,,already direct; unchanged
https://www.805shutters.com/window-coverings/santa-clarita-ca/,/contact/,200,,already direct; unchanged
https://www.805shutters.com/window-treatments/santa-clarita-ca/,/contact/,200,,already direct; unchanged
https://www.805shutters.com/shutters/santa-rosa-valley/,/contact/,200,,already direct; unchanged
https://www.805shutters.com/shades/santa-rosa-valley-ca/,/contact/,200,,already direct; unchanged
https://www.805shutters.com/blinds/santa-rosa-valley-ca/,/contact/,200,,already direct; unchanged
https://www.805shutters.com/drapery/santa-rosa-valley-ca/,/contact/,200,,already direct; unchanged
https://www.805shutters.com/window-coverings/santa-rosa-valley-ca/,/contact/,200,,already direct; unchanged
https://www.805shutters.com/window-treatments/santa-rosa-valley-ca/,/contact/,200,,already direct; unchanged
https://www.805shutters.com/shutters/simi-valley/,/contact/,200,,already direct; unchanged
https://www.805shutters.com/shades/simi-valley-ca/,/contact/,200,,already direct; unchanged
https://www.805shutters.com/blinds/simi-valley-ca/,/contact/,200,,already direct; unchanged
https://www.805shutters.com/drapery/simi-valley-ca/,/contact/,200,,already direct; unchanged
https://www.805shutters.com/window-coverings/simi-valley-ca/,/contact/,200,,already direct; unchanged
https://www.805shutters.com/window-treatments/simi-valley-ca/,/contact/,200,,already direct; unchanged
https://www.805shutters.com/shutters/thousand-oaks/,/contact/,200,,already direct; unchanged
https://www.805shutters.com/shutters/thousand-oaks/,/contact/,200,,already direct; unchanged
https://www.805shutters.com/shades/thousand-oaks-ca/,/contact/,200,,already direct; unchanged
https://www.805shutters.com/blinds/thousand-oaks-ca/,/contact/,200,,already direct; unchanged
https://www.805shutters.com/drapery/thousand-oaks-ca/,/contact/,200,,already direct; unchanged
https://www.805shutters.com/window-coverings/thousand-oaks-ca/,/contact/,200,,already direct; unchanged
https://www.805shutters.com/window-coverings/thousand-oaks-ca/,/contact/,200,,already direct; unchanged
https://www.805shutters.com/window-treatments/thousand-oaks-ca/,/contact/,200,,already direct; unchanged
https://www.805shutters.com/shutters/ventura/,/contact/,200,,already direct; unchanged
https://www.805shutters.com/shutters/ventura/,/contact/,200,,already direct; unchanged
https://www.805shutters.com/shades/ventura-ca/,/contact/,200,,already direct; unchanged
https://www.805shutters.com/blinds/ventura-ca/,/contact/,200,,already direct; unchanged
https://www.805shutters.com/drapery/ventura-ca/,/contact/,200,,already direct; unchanged
https://www.805shutters.com/window-coverings/ventura-ca/,/contact/,200,,already direct; unchanged
https://www.805shutters.com/window-treatments/ventura-ca/,/contact/,200,,already direct; unchanged
https://www.805shutters.com/shutters/westlake-village/,/contact/,200,,already direct; unchanged
https://www.805shutters.com/shades/westlake-village-ca/,/contact/,200,,already direct; unchanged
https://www.805shutters.com/blinds/westlake-village-ca/,/contact/,200,,already direct; unchanged
https://www.805shutters.com/drapery/westlake-village-ca/,/contact/,200,,already direct; unchanged
https://www.805shutters.com/window-coverings/westlake-village-ca/,/contact/,200,,already direct; unchanged
https://www.805shutters.com/window-treatments/westlake-village-ca/,/contact/,200,,already direct; unchanged
https://www.805shutters.com/commercial-window-coverings/camarillo-ca/,/contact/,200,,already direct; unchanged
https://www.805shutters.com/commercial-window-coverings/fillmore-ca/,/contact/,200,,already direct; unchanged
https://www.805shutters.com/commercial-window-coverings/moorpark-ca/,/contact/,200,,already direct; unchanged
https://www.805shutters.com/commercial-window-coverings/newbury-park-ca/,/contact/,200,,already direct; unchanged
https://www.805shutters.com/commercial-window-coverings/oak-park-ca/,/contact/,200,,already direct; unchanged
https://www.805shutters.com/commercial-window-coverings/ojai-ca/,/contact/,200,,already direct; unchanged
https://www.805shutters.com/commercial-window-coverings/oxnard-ca/,/contact/,200,,already direct; unchanged
https://www.805shutters.com/commercial-window-coverings/port-hueneme-ca/,/contact/,200,,already direct; unchanged
https://www.805shutters.com/commercial-window-coverings/santa-paula-ca/,/contact/,200,,already direct; unchanged
https://www.805shutters.com/commercial-window-coverings/santa-clarita-ca/,/contact/,200,,already direct; unchanged
https://www.805shutters.com/commercial-window-coverings/santa-rosa-valley-ca/,/contact/,200,,already direct; unchanged
https://www.805shutters.com/commercial-window-coverings/simi-valley-ca/,/contact/,200,,already direct; unchanged
https://www.805shutters.com/commercial-window-coverings/thousand-oaks-ca/,/contact/,200,,already direct; unchanged
https://www.805shutters.com/commercial-window-coverings/ventura-ca/,/contact/,200,,already direct; unchanged
https://www.805shutters.com/commercial-window-coverings/westlake-village-ca/,/contact/,200,,already direct; unchanged
https://www.805shutters.com/blinds/ventura-county/,/contact/,200,,already direct; unchanged
https://www.805shutters.com/blinds/ventura-county/,/contact/,200,,already direct; unchanged
https://www.805shutters.com/window-treatments/camarillo/,/contact/,200,,already direct; unchanged
https://www.805shutters.com/ventura-county-window-treatments-camarillo-blinds-shades-shutters/,/contact/,200,,already direct; unchanged
https://www.805shutters.com/shutters/plantation/,/contact/,200,,already direct; unchanged
https://www.805shutters.com/shutters/interior-shutters-camarillo/,/contact/,200,,already direct; unchanged
https://www.805shutters.com/shutters/wood-shutters-camarillo/,/contact/,200,,already direct; unchanged
https://www.805shutters.com/recent-projects/sliding-door-shutters-ventura-county/,/contact/,200,,already direct; unchanged
https://www.805shutters.com/recent-projects/roller-shades-large-window-ventura-county/,/contact/,200,,already direct; unchanged
https://www.805shutters.com/recent-projects/layered-window-shades-ventura-county/,/contact/,200,,already direct; unchanged
https://www.805shutters.com/recent-projects/arched-plantation-shutters-ventura-county/,/contact/,200,,already direct; unchanged
https://www.805shutters.com/recent-projects/dark-wood-plantation-shutters-ventura-county/,/contact/,200,,already direct; unchanged
https://www.805shutters.com/recent-projects/plantation-shutters-ventura-county-project/,/contact/,200,,already direct; unchanged
https://www.805shutters.com/best-window-treatments-ventura-county/,/contact/,200,,already direct; unchanged
https://www.805shutters.com/plantation-shutters-vs-shades-ventura-county/,/contact/,200,,already direct; unchanged
https://www.805shutters.com/custom-blinds-shades-shutters-camarillo/,/contact/,200,,already direct; unchanged
https://www.805shutters.com/commercial-roller-shades-ventura-county/,/contact/,200,,already direct; unchanged
https://www.805shutters.com/sliding-door-window-treatments-ventura-county/,/contact/,200,,already direct; unchanged
https://www.805shutters.com/motorized-window-shades-ventura-county/,/contact/,200,,already direct; unchanged
https://www.805shutters.com/coastal-window-treatments-ventura-county/,/contact/,200,,already direct; unchanged
https://www.805shutters.com/window-treatment-installation-timeline-ventura-county/,/contact/,200,,already direct; unchanged
https://www.805shutters.com/window-treatment-cost-guide-ventura-county/,/contact/,200,,already direct; unchanged
https://www.805shutters.com/custom-drapery-curtains-ventura-county/,/contact/,200,,already direct; unchanged
https://www.805shutters.com/shutters-near-me-ventura-county/,/contact/,200,,already direct; unchanged
https://www.805shutters.com/blinds-near-me-ventura-county/,/contact/,200,,already direct; unchanged
https://www.805shutters.com/window-shades-near-me-ventura-county/,/contact/,200,,already direct; unchanged
https://www.805shutters.com/window-treatment-company-near-me-ventura-county/,/contact/,200,,already direct; unchanged
https://www.805shutters.com/window-treatment-comparison-guide/,/contact/,200,,already direct; unchanged
https://www.805shutters.com/book-consultation/,/contact/,200,,already direct; unchanged
https://www.805shutters.com/official/,/contact/,200,,already direct; unchanged
https://www.805shutters.com/,/official/,200,,already direct; unchanged
https://www.805shutters.com/,/official/,200,,already direct; unchanged
https://www.805shutters.com/,/official/,200,,already direct; unchanged
https://www.805shutters.com/shutters/,/official/,200,,already direct; unchanged
https://www.805shutters.com/shutters/,/official/,200,,already direct; unchanged
https://www.805shutters.com/shutters/,/official/,200,,already direct; unchanged
https://www.805shutters.com/shades/,/official/,200,,already direct; unchanged
https://www.805shutters.com/shades/,/official/,200,,already direct; unchanged
https://www.805shutters.com/shades/,/official/,200,,already direct; unchanged
https://www.805shutters.com/blinds/,/official/,200,,already direct; unchanged
https://www.805shutters.com/blinds/,/official/,200,,already direct; unchanged
https://www.805shutters.com/blinds/,/official/,200,,already direct; unchanged
https://www.805shutters.com/drapery/,/official/,200,,already direct; unchanged
https://www.805shutters.com/drapery/,/official/,200,,already direct; unchanged
https://www.805shutters.com/drapery/,/official/,200,,already direct; unchanged
https://www.805shutters.com/exterior-shades/,/official/,200,,already direct; unchanged
https://www.805shutters.com/exterior-shades/,/official/,200,,already direct; unchanged
https://www.805shutters.com/exterior-shades/,/official/,200,,already direct; unchanged
https://www.805shutters.com/window-treatments/,/official/,200,,already direct; unchanged
https://www.805shutters.com/window-treatments/,/official/,200,,already direct; unchanged
https://www.805shutters.com/window-treatments/,/official/,200,,already direct; unchanged
https://www.805shutters.com/window-coverings/,/official/,200,,already direct; unchanged
https://www.805shutters.com/window-coverings/,/official/,200,,already direct; unchanged
https://www.805shutters.com/window-coverings/,/official/,200,,already direct; unchanged
https://www.805shutters.com/commercial-window-coverings/,/official/,200,,already direct; unchanged
https://www.805shutters.com/commercial-window-coverings/,/official/,200,,already direct; unchanged
https://www.805shutters.com/commercial-window-coverings/,/official/,200,,already direct; unchanged
https://www.805shutters.com/commercial-roller-shades/,/official/,200,,already direct; unchanged
https://www.805shutters.com/commercial-roller-shades/,/official/,200,,already direct; unchanged
https://www.805shutters.com/commercial-roller-shades/,/official/,200,,already direct; unchanged
https://www.805shutters.com/about/,/official/,200,,already direct; unchanged
https://www.805shutters.com/about/,/official/,200,,already direct; unchanged
https://www.805shutters.com/about/,/official/,200,,already direct; unchanged
https://www.805shutters.com/contact/,/official/,200,,already direct; unchanged
https://www.805shutters.com/contact/,/official/,200,,already direct; unchanged
https://www.805shutters.com/contact/,/official/,200,,already direct; unchanged
https://www.805shutters.com/free-window-treatment-consultation/,/official/,200,,already direct; unchanged
https://www.805shutters.com/free-window-treatment-consultation/,/official/,200,,already direct; unchanged
https://www.805shutters.com/free-window-treatment-consultation/,/official/,200,,already direct; unchanged
https://www.805shutters.com/financing/,/official/,200,,already direct; unchanged
https://www.805shutters.com/financing/,/official/,200,,already direct; unchanged
https://www.805shutters.com/financing/,/official/,200,,already direct; unchanged
https://www.805shutters.com/faq/,/official/,200,,already direct; unchanged
https://www.805shutters.com/faq/,/official/,200,,already direct; unchanged
https://www.805shutters.com/faq/,/official/,200,,already direct; unchanged
https://www.805shutters.com/gallery/,/official/,200,,already direct; unchanged
https://www.805shutters.com/gallery/,/official/,200,,already direct; unchanged
https://www.805shutters.com/gallery/,/official/,200,,already direct; unchanged
https://www.805shutters.com/reviews/,/official/,200,,already direct; unchanged
https://www.805shutters.com/reviews/,/official/,200,,already direct; unchanged
https://www.805shutters.com/reviews/,/official/,200,,already direct; unchanged
https://www.805shutters.com/recent-projects/,/official/,200,,already direct; unchanged
https://www.805shutters.com/recent-projects/,/official/,200,,already direct; unchanged
https://www.805shutters.com/recent-projects/,/official/,200,,already direct; unchanged
https://www.805shutters.com/shutters/camarillo/,/official/,200,,already direct; unchanged
https://www.805shutters.com/shutters/camarillo/,/official/,200,,already direct; unchanged
https://www.805shutters.com/shutters/camarillo/,/official/,200,,already direct; unchanged
https://www.805shutters.com/shades/camarillo-ca/,/official/,200,,already direct; unchanged
https://www.805shutters.com/shades/camarillo-ca/,/official/,200,,already direct; unchanged
https://www.805shutters.com/shades/camarillo-ca/,/official/,200,,already direct; unchanged
https://www.805shutters.com/blinds/camarillo-ca/,/official/,200,,already direct; unchanged
https://www.805shutters.com/blinds/camarillo-ca/,/official/,200,,already direct; unchanged
https://www.805shutters.com/blinds/camarillo-ca/,/official/,200,,already direct; unchanged
https://www.805shutters.com/drapery/camarillo-ca/,/official/,200,,already direct; unchanged
https://www.805shutters.com/drapery/camarillo-ca/,/official/,200,,already direct; unchanged
https://www.805shutters.com/drapery/camarillo-ca/,/official/,200,,already direct; unchanged
https://www.805shutters.com/window-coverings/camarillo-ca/,/official/,200,,already direct; unchanged
https://www.805shutters.com/window-coverings/camarillo-ca/,/official/,200,,already direct; unchanged
https://www.805shutters.com/window-coverings/camarillo-ca/,/official/,200,,already direct; unchanged
https://www.805shutters.com/window-treatments/camarillo-ca/,/official/,200,,already direct; unchanged
https://www.805shutters.com/window-treatments/camarillo-ca/,/official/,200,,already direct; unchanged
https://www.805shutters.com/window-treatments/camarillo-ca/,/official/,200,,already direct; unchanged
https://www.805shutters.com/shutters/fillmore/,/official/,200,,already direct; unchanged
https://www.805shutters.com/shutters/fillmore/,/official/,200,,already direct; unchanged
https://www.805shutters.com/shutters/fillmore/,/official/,200,,already direct; unchanged
https://www.805shutters.com/shades/fillmore-ca/,/official/,200,,already direct; unchanged
https://www.805shutters.com/shades/fillmore-ca/,/official/,200,,already direct; unchanged
https://www.805shutters.com/shades/fillmore-ca/,/official/,200,,already direct; unchanged
https://www.805shutters.com/blinds/fillmore-ca/,/official/,200,,already direct; unchanged
https://www.805shutters.com/blinds/fillmore-ca/,/official/,200,,already direct; unchanged
https://www.805shutters.com/blinds/fillmore-ca/,/official/,200,,already direct; unchanged
https://www.805shutters.com/drapery/fillmore-ca/,/official/,200,,already direct; unchanged
https://www.805shutters.com/drapery/fillmore-ca/,/official/,200,,already direct; unchanged
https://www.805shutters.com/drapery/fillmore-ca/,/official/,200,,already direct; unchanged
https://www.805shutters.com/window-coverings/fillmore-ca/,/official/,200,,already direct; unchanged
https://www.805shutters.com/window-coverings/fillmore-ca/,/official/,200,,already direct; unchanged
https://www.805shutters.com/window-coverings/fillmore-ca/,/official/,200,,already direct; unchanged
https://www.805shutters.com/window-treatments/fillmore-ca/,/official/,200,,already direct; unchanged
https://www.805shutters.com/window-treatments/fillmore-ca/,/official/,200,,already direct; unchanged
https://www.805shutters.com/window-treatments/fillmore-ca/,/official/,200,,already direct; unchanged
https://www.805shutters.com/shutters/moorpark/,/official/,200,,already direct; unchanged
https://www.805shutters.com/shutters/moorpark/,/official/,200,,already direct; unchanged
https://www.805shutters.com/shutters/moorpark/,/official/,200,,already direct; unchanged
https://www.805shutters.com/shades/moorpark-ca/,/official/,200,,already direct; unchanged
https://www.805shutters.com/shades/moorpark-ca/,/official/,200,,already direct; unchanged
https://www.805shutters.com/shades/moorpark-ca/,/official/,200,,already direct; unchanged
https://www.805shutters.com/blinds/moorpark-ca/,/official/,200,,already direct; unchanged
https://www.805shutters.com/blinds/moorpark-ca/,/official/,200,,already direct; unchanged
https://www.805shutters.com/blinds/moorpark-ca/,/official/,200,,already direct; unchanged
https://www.805shutters.com/drapery/moorpark-ca/,/official/,200,,already direct; unchanged
https://www.805shutters.com/drapery/moorpark-ca/,/official/,200,,already direct; unchanged
https://www.805shutters.com/drapery/moorpark-ca/,/official/,200,,already direct; unchanged
https://www.805shutters.com/window-coverings/moorpark-ca/,/official/,200,,already direct; unchanged
https://www.805shutters.com/window-coverings/moorpark-ca/,/official/,200,,already direct; unchanged
https://www.805shutters.com/window-coverings/moorpark-ca/,/official/,200,,already direct; unchanged
https://www.805shutters.com/window-treatments/moorpark-ca/,/official/,200,,already direct; unchanged
https://www.805shutters.com/window-treatments/moorpark-ca/,/official/,200,,already direct; unchanged
https://www.805shutters.com/window-treatments/moorpark-ca/,/official/,200,,already direct; unchanged
https://www.805shutters.com/shutters/newbury-park/,/official/,200,,already direct; unchanged
https://www.805shutters.com/shutters/newbury-park/,/official/,200,,already direct; unchanged
https://www.805shutters.com/shutters/newbury-park/,/official/,200,,already direct; unchanged
https://www.805shutters.com/shades/newbury-park-ca/,/official/,200,,already direct; unchanged
https://www.805shutters.com/shades/newbury-park-ca/,/official/,200,,already direct; unchanged
https://www.805shutters.com/shades/newbury-park-ca/,/official/,200,,already direct; unchanged
https://www.805shutters.com/blinds/newbury-park-ca/,/official/,200,,already direct; unchanged
https://www.805shutters.com/blinds/newbury-park-ca/,/official/,200,,already direct; unchanged
https://www.805shutters.com/blinds/newbury-park-ca/,/official/,200,,already direct; unchanged
https://www.805shutters.com/drapery/newbury-park-ca/,/official/,200,,already direct; unchanged
https://www.805shutters.com/drapery/newbury-park-ca/,/official/,200,,already direct; unchanged
https://www.805shutters.com/drapery/newbury-park-ca/,/official/,200,,already direct; unchanged
https://www.805shutters.com/window-coverings/newbury-park-ca/,/official/,200,,already direct; unchanged
https://www.805shutters.com/window-coverings/newbury-park-ca/,/official/,200,,already direct; unchanged
https://www.805shutters.com/window-coverings/newbury-park-ca/,/official/,200,,already direct; unchanged
https://www.805shutters.com/window-treatments/newbury-park-ca/,/official/,200,,already direct; unchanged
https://www.805shutters.com/window-treatments/newbury-park-ca/,/official/,200,,already direct; unchanged
https://www.805shutters.com/window-treatments/newbury-park-ca/,/official/,200,,already direct; unchanged
https://www.805shutters.com/shutters/oak-park/,/official/,200,,already direct; unchanged
https://www.805shutters.com/shutters/oak-park/,/official/,200,,already direct; unchanged
https://www.805shutters.com/shutters/oak-park/,/official/,200,,already direct; unchanged
https://www.805shutters.com/shades/oak-park-ca/,/official/,200,,already direct; unchanged
https://www.805shutters.com/shades/oak-park-ca/,/official/,200,,already direct; unchanged
https://www.805shutters.com/shades/oak-park-ca/,/official/,200,,already direct; unchanged
https://www.805shutters.com/blinds/oak-park-ca/,/official/,200,,already direct; unchanged
https://www.805shutters.com/blinds/oak-park-ca/,/official/,200,,already direct; unchanged
https://www.805shutters.com/blinds/oak-park-ca/,/official/,200,,already direct; unchanged
https://www.805shutters.com/drapery/oak-park-ca/,/official/,200,,already direct; unchanged
https://www.805shutters.com/drapery/oak-park-ca/,/official/,200,,already direct; unchanged
https://www.805shutters.com/drapery/oak-park-ca/,/official/,200,,already direct; unchanged
https://www.805shutters.com/window-coverings/oak-park-ca/,/official/,200,,already direct; unchanged
https://www.805shutters.com/window-coverings/oak-park-ca/,/official/,200,,already direct; unchanged
https://www.805shutters.com/window-coverings/oak-park-ca/,/official/,200,,already direct; unchanged
https://www.805shutters.com/window-treatments/oak-park-ca/,/official/,200,,already direct; unchanged
https://www.805shutters.com/window-treatments/oak-park-ca/,/official/,200,,already direct; unchanged
https://www.805shutters.com/window-treatments/oak-park-ca/,/official/,200,,already direct; unchanged
https://www.805shutters.com/shutters/ojai/,/official/,200,,already direct; unchanged
https://www.805shutters.com/shutters/ojai/,/official/,200,,already direct; unchanged
https://www.805shutters.com/shutters/ojai/,/official/,200,,already direct; unchanged
https://www.805shutters.com/shades/ojai-ca/,/official/,200,,already direct; unchanged
https://www.805shutters.com/shades/ojai-ca/,/official/,200,,already direct; unchanged
https://www.805shutters.com/shades/ojai-ca/,/official/,200,,already direct; unchanged
https://www.805shutters.com/blinds/ojai-ca/,/official/,200,,already direct; unchanged
https://www.805shutters.com/blinds/ojai-ca/,/official/,200,,already direct; unchanged
https://www.805shutters.com/blinds/ojai-ca/,/official/,200,,already direct; unchanged
https://www.805shutters.com/drapery/ojai-ca/,/official/,200,,already direct; unchanged
https://www.805shutters.com/drapery/ojai-ca/,/official/,200,,already direct; unchanged
https://www.805shutters.com/drapery/ojai-ca/,/official/,200,,already direct; unchanged
https://www.805shutters.com/window-coverings/ojai-ca/,/official/,200,,already direct; unchanged
https://www.805shutters.com/window-coverings/ojai-ca/,/official/,200,,already direct; unchanged
https://www.805shutters.com/window-coverings/ojai-ca/,/official/,200,,already direct; unchanged
https://www.805shutters.com/window-treatments/ojai-ca/,/official/,200,,already direct; unchanged
https://www.805shutters.com/window-treatments/ojai-ca/,/official/,200,,already direct; unchanged
https://www.805shutters.com/window-treatments/ojai-ca/,/official/,200,,already direct; unchanged
https://www.805shutters.com/shutters/oxnard/,/official/,200,,already direct; unchanged
https://www.805shutters.com/shutters/oxnard/,/official/,200,,already direct; unchanged
https://www.805shutters.com/shutters/oxnard/,/official/,200,,already direct; unchanged
https://www.805shutters.com/shades/oxnard-ca/,/official/,200,,already direct; unchanged
https://www.805shutters.com/shades/oxnard-ca/,/official/,200,,already direct; unchanged
https://www.805shutters.com/shades/oxnard-ca/,/official/,200,,already direct; unchanged
https://www.805shutters.com/blinds/oxnard-ca/,/official/,200,,already direct; unchanged
https://www.805shutters.com/blinds/oxnard-ca/,/official/,200,,already direct; unchanged
https://www.805shutters.com/blinds/oxnard-ca/,/official/,200,,already direct; unchanged
https://www.805shutters.com/drapery/oxnard-ca/,/official/,200,,already direct; unchanged
https://www.805shutters.com/drapery/oxnard-ca/,/official/,200,,already direct; unchanged
https://www.805shutters.com/drapery/oxnard-ca/,/official/,200,,already direct; unchanged
https://www.805shutters.com/window-coverings/oxnard-ca/,/official/,200,,already direct; unchanged
https://www.805shutters.com/window-coverings/oxnard-ca/,/official/,200,,already direct; unchanged
https://www.805shutters.com/window-coverings/oxnard-ca/,/official/,200,,already direct; unchanged
https://www.805shutters.com/window-treatments/oxnard-ca/,/official/,200,,already direct; unchanged
https://www.805shutters.com/window-treatments/oxnard-ca/,/official/,200,,already direct; unchanged
https://www.805shutters.com/window-treatments/oxnard-ca/,/official/,200,,already direct; unchanged
https://www.805shutters.com/shutters/port-hueneme/,/official/,200,,already direct; unchanged
https://www.805shutters.com/shutters/port-hueneme/,/official/,200,,already direct; unchanged
https://www.805shutters.com/shutters/port-hueneme/,/official/,200,,already direct; unchanged
https://www.805shutters.com/shades/port-hueneme-ca/,/official/,200,,already direct; unchanged
https://www.805shutters.com/shades/port-hueneme-ca/,/official/,200,,already direct; unchanged
https://www.805shutters.com/shades/port-hueneme-ca/,/official/,200,,already direct; unchanged
https://www.805shutters.com/blinds/port-hueneme-ca/,/official/,200,,already direct; unchanged
https://www.805shutters.com/blinds/port-hueneme-ca/,/official/,200,,already direct; unchanged
https://www.805shutters.com/blinds/port-hueneme-ca/,/official/,200,,already direct; unchanged
https://www.805shutters.com/drapery/port-hueneme-ca/,/official/,200,,already direct; unchanged
https://www.805shutters.com/drapery/port-hueneme-ca/,/official/,200,,already direct; unchanged
https://www.805shutters.com/drapery/port-hueneme-ca/,/official/,200,,already direct; unchanged
https://www.805shutters.com/window-coverings/port-hueneme-ca/,/official/,200,,already direct; unchanged
https://www.805shutters.com/window-coverings/port-hueneme-ca/,/official/,200,,already direct; unchanged
https://www.805shutters.com/window-coverings/port-hueneme-ca/,/official/,200,,already direct; unchanged
https://www.805shutters.com/window-treatments/port-hueneme-ca/,/official/,200,,already direct; unchanged
https://www.805shutters.com/window-treatments/port-hueneme-ca/,/official/,200,,already direct; unchanged
https://www.805shutters.com/window-treatments/port-hueneme-ca/,/official/,200,,already direct; unchanged
https://www.805shutters.com/shutters/santa-paula/,/official/,200,,already direct; unchanged
https://www.805shutters.com/shutters/santa-paula/,/official/,200,,already direct; unchanged
https://www.805shutters.com/shutters/santa-paula/,/official/,200,,already direct; unchanged
https://www.805shutters.com/shades/santa-paula-ca/,/official/,200,,already direct; unchanged
https://www.805shutters.com/shades/santa-paula-ca/,/official/,200,,already direct; unchanged
https://www.805shutters.com/shades/santa-paula-ca/,/official/,200,,already direct; unchanged
https://www.805shutters.com/blinds/santa-paula-ca/,/official/,200,,already direct; unchanged
https://www.805shutters.com/blinds/santa-paula-ca/,/official/,200,,already direct; unchanged
https://www.805shutters.com/blinds/santa-paula-ca/,/official/,200,,already direct; unchanged
https://www.805shutters.com/drapery/santa-paula-ca/,/official/,200,,already direct; unchanged
https://www.805shutters.com/drapery/santa-paula-ca/,/official/,200,,already direct; unchanged
https://www.805shutters.com/drapery/santa-paula-ca/,/official/,200,,already direct; unchanged
https://www.805shutters.com/window-coverings/santa-paula-ca/,/official/,200,,already direct; unchanged
https://www.805shutters.com/window-coverings/santa-paula-ca/,/official/,200,,already direct; unchanged
https://www.805shutters.com/window-coverings/santa-paula-ca/,/official/,200,,already direct; unchanged
https://www.805shutters.com/window-treatments/santa-paula-ca/,/official/,200,,already direct; unchanged
https://www.805shutters.com/window-treatments/santa-paula-ca/,/official/,200,,already direct; unchanged
https://www.805shutters.com/window-treatments/santa-paula-ca/,/official/,200,,already direct; unchanged
https://www.805shutters.com/shutters/santa-clarita/,/official/,200,,already direct; unchanged
https://www.805shutters.com/shutters/santa-clarita/,/official/,200,,already direct; unchanged
https://www.805shutters.com/shutters/santa-clarita/,/official/,200,,already direct; unchanged
https://www.805shutters.com/shades/santa-clarita-ca/,/official/,200,,already direct; unchanged
https://www.805shutters.com/shades/santa-clarita-ca/,/official/,200,,already direct; unchanged
https://www.805shutters.com/shades/santa-clarita-ca/,/official/,200,,already direct; unchanged
https://www.805shutters.com/blinds/santa-clarita-ca/,/official/,200,,already direct; unchanged
https://www.805shutters.com/blinds/santa-clarita-ca/,/official/,200,,already direct; unchanged
https://www.805shutters.com/blinds/santa-clarita-ca/,/official/,200,,already direct; unchanged
https://www.805shutters.com/drapery/santa-clarita-ca/,/official/,200,,already direct; unchanged
https://www.805shutters.com/drapery/santa-clarita-ca/,/official/,200,,already direct; unchanged
https://www.805shutters.com/drapery/santa-clarita-ca/,/official/,200,,already direct; unchanged
https://www.805shutters.com/window-coverings/santa-clarita-ca/,/official/,200,,already direct; unchanged
https://www.805shutters.com/window-coverings/santa-clarita-ca/,/official/,200,,already direct; unchanged
https://www.805shutters.com/window-coverings/santa-clarita-ca/,/official/,200,,already direct; unchanged
https://www.805shutters.com/window-treatments/santa-clarita-ca/,/official/,200,,already direct; unchanged
https://www.805shutters.com/window-treatments/santa-clarita-ca/,/official/,200,,already direct; unchanged
https://www.805shutters.com/window-treatments/santa-clarita-ca/,/official/,200,,already direct; unchanged
https://www.805shutters.com/shutters/santa-rosa-valley/,/official/,200,,already direct; unchanged
https://www.805shutters.com/shutters/santa-rosa-valley/,/official/,200,,already direct; unchanged
https://www.805shutters.com/shutters/santa-rosa-valley/,/official/,200,,already direct; unchanged
https://www.805shutters.com/shades/santa-rosa-valley-ca/,/official/,200,,already direct; unchanged
https://www.805shutters.com/shades/santa-rosa-valley-ca/,/official/,200,,already direct; unchanged
https://www.805shutters.com/shades/santa-rosa-valley-ca/,/official/,200,,already direct; unchanged
https://www.805shutters.com/blinds/santa-rosa-valley-ca/,/official/,200,,already direct; unchanged
https://www.805shutters.com/blinds/santa-rosa-valley-ca/,/official/,200,,already direct; unchanged
https://www.805shutters.com/blinds/santa-rosa-valley-ca/,/official/,200,,already direct; unchanged
https://www.805shutters.com/drapery/santa-rosa-valley-ca/,/official/,200,,already direct; unchanged
https://www.805shutters.com/drapery/santa-rosa-valley-ca/,/official/,200,,already direct; unchanged
https://www.805shutters.com/drapery/santa-rosa-valley-ca/,/official/,200,,already direct; unchanged
https://www.805shutters.com/window-coverings/santa-rosa-valley-ca/,/official/,200,,already direct; unchanged
https://www.805shutters.com/window-coverings/santa-rosa-valley-ca/,/official/,200,,already direct; unchanged
https://www.805shutters.com/window-coverings/santa-rosa-valley-ca/,/official/,200,,already direct; unchanged
https://www.805shutters.com/window-treatments/santa-rosa-valley-ca/,/official/,200,,already direct; unchanged
https://www.805shutters.com/window-treatments/santa-rosa-valley-ca/,/official/,200,,already direct; unchanged
https://www.805shutters.com/window-treatments/santa-rosa-valley-ca/,/official/,200,,already direct; unchanged
https://www.805shutters.com/shutters/simi-valley/,/official/,200,,already direct; unchanged
https://www.805shutters.com/shutters/simi-valley/,/official/,200,,already direct; unchanged
https://www.805shutters.com/shutters/simi-valley/,/official/,200,,already direct; unchanged
https://www.805shutters.com/shades/simi-valley-ca/,/official/,200,,already direct; unchanged
https://www.805shutters.com/shades/simi-valley-ca/,/official/,200,,already direct; unchanged
https://www.805shutters.com/shades/simi-valley-ca/,/official/,200,,already direct; unchanged
https://www.805shutters.com/blinds/simi-valley-ca/,/official/,200,,already direct; unchanged
https://www.805shutters.com/blinds/simi-valley-ca/,/official/,200,,already direct; unchanged
https://www.805shutters.com/blinds/simi-valley-ca/,/official/,200,,already direct; unchanged
https://www.805shutters.com/drapery/simi-valley-ca/,/official/,200,,already direct; unchanged
https://www.805shutters.com/drapery/simi-valley-ca/,/official/,200,,already direct; unchanged
https://www.805shutters.com/drapery/simi-valley-ca/,/official/,200,,already direct; unchanged
https://www.805shutters.com/window-coverings/simi-valley-ca/,/official/,200,,already direct; unchanged
https://www.805shutters.com/window-coverings/simi-valley-ca/,/official/,200,,already direct; unchanged
https://www.805shutters.com/window-coverings/simi-valley-ca/,/official/,200,,already direct; unchanged
https://www.805shutters.com/window-treatments/simi-valley-ca/,/official/,200,,already direct; unchanged
https://www.805shutters.com/window-treatments/simi-valley-ca/,/official/,200,,already direct; unchanged
https://www.805shutters.com/window-treatments/simi-valley-ca/,/official/,200,,already direct; unchanged
https://www.805shutters.com/shutters/thousand-oaks/,/official/,200,,already direct; unchanged
https://www.805shutters.com/shutters/thousand-oaks/,/official/,200,,already direct; unchanged
https://www.805shutters.com/shutters/thousand-oaks/,/official/,200,,already direct; unchanged
https://www.805shutters.com/shades/thousand-oaks-ca/,/official/,200,,already direct; unchanged
https://www.805shutters.com/shades/thousand-oaks-ca/,/official/,200,,already direct; unchanged
https://www.805shutters.com/shades/thousand-oaks-ca/,/official/,200,,already direct; unchanged
https://www.805shutters.com/blinds/thousand-oaks-ca/,/official/,200,,already direct; unchanged
https://www.805shutters.com/blinds/thousand-oaks-ca/,/official/,200,,already direct; unchanged
https://www.805shutters.com/blinds/thousand-oaks-ca/,/official/,200,,already direct; unchanged
https://www.805shutters.com/drapery/thousand-oaks-ca/,/official/,200,,already direct; unchanged
https://www.805shutters.com/drapery/thousand-oaks-ca/,/official/,200,,already direct; unchanged
https://www.805shutters.com/drapery/thousand-oaks-ca/,/official/,200,,already direct; unchanged
https://www.805shutters.com/window-coverings/thousand-oaks-ca/,/official/,200,,already direct; unchanged
https://www.805shutters.com/window-coverings/thousand-oaks-ca/,/official/,200,,already direct; unchanged
https://www.805shutters.com/window-coverings/thousand-oaks-ca/,/official/,200,,already direct; unchanged
https://www.805shutters.com/window-treatments/thousand-oaks-ca/,/official/,200,,already direct; unchanged
https://www.805shutters.com/window-treatments/thousand-oaks-ca/,/official/,200,,already direct; unchanged
https://www.805shutters.com/window-treatments/thousand-oaks-ca/,/official/,200,,already direct; unchanged
https://www.805shutters.com/shutters/ventura/,/official/,200,,already direct; unchanged
https://www.805shutters.com/shutters/ventura/,/official/,200,,already direct; unchanged
https://www.805shutters.com/shutters/ventura/,/official/,200,,already direct; unchanged
https://www.805shutters.com/shades/ventura-ca/,/official/,200,,already direct; unchanged
https://www.805shutters.com/shades/ventura-ca/,/official/,200,,already direct; unchanged
https://www.805shutters.com/shades/ventura-ca/,/official/,200,,already direct; unchanged
https://www.805shutters.com/blinds/ventura-ca/,/official/,200,,already direct; unchanged
https://www.805shutters.com/blinds/ventura-ca/,/official/,200,,already direct; unchanged
https://www.805shutters.com/blinds/ventura-ca/,/official/,200,,already direct; unchanged
https://www.805shutters.com/drapery/ventura-ca/,/official/,200,,already direct; unchanged
https://www.805shutters.com/drapery/ventura-ca/,/official/,200,,already direct; unchanged
https://www.805shutters.com/drapery/ventura-ca/,/official/,200,,already direct; unchanged
https://www.805shutters.com/window-coverings/ventura-ca/,/official/,200,,already direct; unchanged
https://www.805shutters.com/window-coverings/ventura-ca/,/official/,200,,already direct; unchanged
https://www.805shutters.com/window-coverings/ventura-ca/,/official/,200,,already direct; unchanged
https://www.805shutters.com/window-treatments/ventura-ca/,/official/,200,,already direct; unchanged
https://www.805shutters.com/window-treatments/ventura-ca/,/official/,200,,already direct; unchanged
https://www.805shutters.com/window-treatments/ventura-ca/,/official/,200,,already direct; unchanged
https://www.805shutters.com/shutters/westlake-village/,/official/,200,,already direct; unchanged
https://www.805shutters.com/shutters/westlake-village/,/official/,200,,already direct; unchanged
https://www.805shutters.com/shutters/westlake-village/,/official/,200,,already direct; unchanged
https://www.805shutters.com/shades/westlake-village-ca/,/official/,200,,already direct; unchanged
https://www.805shutters.com/shades/westlake-village-ca/,/official/,200,,already direct; unchanged
https://www.805shutters.com/shades/westlake-village-ca/,/official/,200,,already direct; unchanged
https://www.805shutters.com/blinds/westlake-village-ca/,/official/,200,,already direct; unchanged
https://www.805shutters.com/blinds/westlake-village-ca/,/official/,200,,already direct; unchanged
https://www.805shutters.com/blinds/westlake-village-ca/,/official/,200,,already direct; unchanged
https://www.805shutters.com/drapery/westlake-village-ca/,/official/,200,,already direct; unchanged
https://www.805shutters.com/drapery/westlake-village-ca/,/official/,200,,already direct; unchanged
https://www.805shutters.com/drapery/westlake-village-ca/,/official/,200,,already direct; unchanged
https://www.805shutters.com/window-coverings/westlake-village-ca/,/official/,200,,already direct; unchanged
https://www.805shutters.com/window-coverings/westlake-village-ca/,/official/,200,,already direct; unchanged
https://www.805shutters.com/window-coverings/westlake-village-ca/,/official/,200,,already direct; unchanged
https://www.805shutters.com/window-treatments/westlake-village-ca/,/official/,200,,already direct; unchanged
https://www.805shutters.com/window-treatments/westlake-village-ca/,/official/,200,,already direct; unchanged
https://www.805shutters.com/window-treatments/westlake-village-ca/,/official/,200,,already direct; unchanged
https://www.805shutters.com/commercial-window-coverings/camarillo-ca/,/official/,200,,already direct; unchanged
https://www.805shutters.com/commercial-window-coverings/camarillo-ca/,/official/,200,,already direct; unchanged
https://www.805shutters.com/commercial-window-coverings/camarillo-ca/,/official/,200,,already direct; unchanged
https://www.805shutters.com/commercial-window-coverings/fillmore-ca/,/official/,200,,already direct; unchanged
https://www.805shutters.com/commercial-window-coverings/fillmore-ca/,/official/,200,,already direct; unchanged
https://www.805shutters.com/commercial-window-coverings/fillmore-ca/,/official/,200,,already direct; unchanged
https://www.805shutters.com/commercial-window-coverings/moorpark-ca/,/official/,200,,already direct; unchanged
https://www.805shutters.com/commercial-window-coverings/moorpark-ca/,/official/,200,,already direct; unchanged
https://www.805shutters.com/commercial-window-coverings/moorpark-ca/,/official/,200,,already direct; unchanged
https://www.805shutters.com/commercial-window-coverings/newbury-park-ca/,/official/,200,,already direct; unchanged
https://www.805shutters.com/commercial-window-coverings/newbury-park-ca/,/official/,200,,already direct; unchanged
https://www.805shutters.com/commercial-window-coverings/newbury-park-ca/,/official/,200,,already direct; unchanged
https://www.805shutters.com/commercial-window-coverings/oak-park-ca/,/official/,200,,already direct; unchanged
https://www.805shutters.com/commercial-window-coverings/oak-park-ca/,/official/,200,,already direct; unchanged
https://www.805shutters.com/commercial-window-coverings/oak-park-ca/,/official/,200,,already direct; unchanged
https://www.805shutters.com/commercial-window-coverings/ojai-ca/,/official/,200,,already direct; unchanged
https://www.805shutters.com/commercial-window-coverings/ojai-ca/,/official/,200,,already direct; unchanged
https://www.805shutters.com/commercial-window-coverings/ojai-ca/,/official/,200,,already direct; unchanged
https://www.805shutters.com/commercial-window-coverings/oxnard-ca/,/official/,200,,already direct; unchanged
https://www.805shutters.com/commercial-window-coverings/oxnard-ca/,/official/,200,,already direct; unchanged
https://www.805shutters.com/commercial-window-coverings/oxnard-ca/,/official/,200,,already direct; unchanged
https://www.805shutters.com/commercial-window-coverings/port-hueneme-ca/,/official/,200,,already direct; unchanged
https://www.805shutters.com/commercial-window-coverings/port-hueneme-ca/,/official/,200,,already direct; unchanged
https://www.805shutters.com/commercial-window-coverings/port-hueneme-ca/,/official/,200,,already direct; unchanged
https://www.805shutters.com/commercial-window-coverings/santa-paula-ca/,/official/,200,,already direct; unchanged
https://www.805shutters.com/commercial-window-coverings/santa-paula-ca/,/official/,200,,already direct; unchanged
https://www.805shutters.com/commercial-window-coverings/santa-paula-ca/,/official/,200,,already direct; unchanged
https://www.805shutters.com/commercial-window-coverings/santa-clarita-ca/,/official/,200,,already direct; unchanged
https://www.805shutters.com/commercial-window-coverings/santa-clarita-ca/,/official/,200,,already direct; unchanged
https://www.805shutters.com/commercial-window-coverings/santa-clarita-ca/,/official/,200,,already direct; unchanged
https://www.805shutters.com/commercial-window-coverings/santa-rosa-valley-ca/,/official/,200,,already direct; unchanged
https://www.805shutters.com/commercial-window-coverings/santa-rosa-valley-ca/,/official/,200,,already direct; unchanged
https://www.805shutters.com/commercial-window-coverings/santa-rosa-valley-ca/,/official/,200,,already direct; unchanged
https://www.805shutters.com/commercial-window-coverings/simi-valley-ca/,/official/,200,,already direct; unchanged
https://www.805shutters.com/commercial-window-coverings/simi-valley-ca/,/official/,200,,already direct; unchanged
https://www.805shutters.com/commercial-window-coverings/simi-valley-ca/,/official/,200,,already direct; unchanged
https://www.805shutters.com/commercial-window-coverings/thousand-oaks-ca/,/official/,200,,already direct; unchanged
https://www.805shutters.com/commercial-window-coverings/thousand-oaks-ca/,/official/,200,,already direct; unchanged
https://www.805shutters.com/commercial-window-coverings/thousand-oaks-ca/,/official/,200,,already direct; unchanged
https://www.805shutters.com/commercial-window-coverings/ventura-ca/,/official/,200,,already direct; unchanged
https://www.805shutters.com/commercial-window-coverings/ventura-ca/,/official/,200,,already direct; unchanged
https://www.805shutters.com/commercial-window-coverings/ventura-ca/,/official/,200,,already direct; unchanged
https://www.805shutters.com/commercial-window-coverings/westlake-village-ca/,/official/,200,,already direct; unchanged
https://www.805shutters.com/commercial-window-coverings/westlake-village-ca/,/official/,200,,already direct; unchanged
https://www.805shutters.com/commercial-window-coverings/westlake-village-ca/,/official/,200,,already direct; unchanged
https://www.805shutters.com/blinds/ventura-county/,/official/,200,,already direct; unchanged
https://www.805shutters.com/blinds/ventura-county/,/official/,200,,already direct; unchanged
https://www.805shutters.com/blinds/ventura-county/,/official/,200,,already direct; unchanged
https://www.805shutters.com/window-treatments/camarillo/,/official/,200,,already direct; unchanged
https://www.805shutters.com/window-treatments/camarillo/,/official/,200,,already direct; unchanged
https://www.805shutters.com/window-treatments/camarillo/,/official/,200,,already direct; unchanged
https://www.805shutters.com/ventura-county-window-treatments-camarillo-blinds-shades-shutters/,/official/,200,,already direct; unchanged
https://www.805shutters.com/ventura-county-window-treatments-camarillo-blinds-shades-shutters/,/official/,200,,already direct; unchanged
https://www.805shutters.com/ventura-county-window-treatments-camarillo-blinds-shades-shutters/,/official/,200,,already direct; unchanged
https://www.805shutters.com/shutters/plantation/,/official/,200,,already direct; unchanged
https://www.805shutters.com/shutters/plantation/,/official/,200,,already direct; unchanged
https://www.805shutters.com/shutters/plantation/,/official/,200,,already direct; unchanged
https://www.805shutters.com/shutters/interior-shutters-camarillo/,/official/,200,,already direct; unchanged
https://www.805shutters.com/shutters/interior-shutters-camarillo/,/official/,200,,already direct; unchanged
https://www.805shutters.com/shutters/interior-shutters-camarillo/,/official/,200,,already direct; unchanged
https://www.805shutters.com/shutters/wood-shutters-camarillo/,/official/,200,,already direct; unchanged
https://www.805shutters.com/shutters/wood-shutters-camarillo/,/official/,200,,already direct; unchanged
https://www.805shutters.com/shutters/wood-shutters-camarillo/,/official/,200,,already direct; unchanged
https://www.805shutters.com/recent-projects/sliding-door-shutters-ventura-county/,/official/,200,,already direct; unchanged
https://www.805shutters.com/recent-projects/sliding-door-shutters-ventura-county/,/official/,200,,already direct; unchanged
https://www.805shutters.com/recent-projects/sliding-door-shutters-ventura-county/,/official/,200,,already direct; unchanged
https://www.805shutters.com/recent-projects/roller-shades-large-window-ventura-county/,/official/,200,,already direct; unchanged
https://www.805shutters.com/recent-projects/roller-shades-large-window-ventura-county/,/official/,200,,already direct; unchanged
https://www.805shutters.com/recent-projects/roller-shades-large-window-ventura-county/,/official/,200,,already direct; unchanged
https://www.805shutters.com/recent-projects/layered-window-shades-ventura-county/,/official/,200,,already direct; unchanged
https://www.805shutters.com/recent-projects/layered-window-shades-ventura-county/,/official/,200,,already direct; unchanged
https://www.805shutters.com/recent-projects/layered-window-shades-ventura-county/,/official/,200,,already direct; unchanged
https://www.805shutters.com/recent-projects/arched-plantation-shutters-ventura-county/,/official/,200,,already direct; unchanged
https://www.805shutters.com/recent-projects/arched-plantation-shutters-ventura-county/,/official/,200,,already direct; unchanged
https://www.805shutters.com/recent-projects/arched-plantation-shutters-ventura-county/,/official/,200,,already direct; unchanged
https://www.805shutters.com/recent-projects/dark-wood-plantation-shutters-ventura-county/,/official/,200,,already direct; unchanged
https://www.805shutters.com/recent-projects/dark-wood-plantation-shutters-ventura-county/,/official/,200,,already direct; unchanged
https://www.805shutters.com/recent-projects/dark-wood-plantation-shutters-ventura-county/,/official/,200,,already direct; unchanged
https://www.805shutters.com/recent-projects/plantation-shutters-ventura-county-project/,/official/,200,,already direct; unchanged
https://www.805shutters.com/recent-projects/plantation-shutters-ventura-county-project/,/official/,200,,already direct; unchanged
https://www.805shutters.com/recent-projects/plantation-shutters-ventura-county-project/,/official/,200,,already direct; unchanged
https://www.805shutters.com/best-window-treatments-ventura-county/,/official/,200,,already direct; unchanged
https://www.805shutters.com/best-window-treatments-ventura-county/,/official/,200,,already direct; unchanged
https://www.805shutters.com/best-window-treatments-ventura-county/,/official/,200,,already direct; unchanged
https://www.805shutters.com/plantation-shutters-vs-shades-ventura-county/,/official/,200,,already direct; unchanged
https://www.805shutters.com/plantation-shutters-vs-shades-ventura-county/,/official/,200,,already direct; unchanged
https://www.805shutters.com/plantation-shutters-vs-shades-ventura-county/,/official/,200,,already direct; unchanged
https://www.805shutters.com/custom-blinds-shades-shutters-camarillo/,/official/,200,,already direct; unchanged
https://www.805shutters.com/custom-blinds-shades-shutters-camarillo/,/official/,200,,already direct; unchanged
https://www.805shutters.com/custom-blinds-shades-shutters-camarillo/,/official/,200,,already direct; unchanged
https://www.805shutters.com/commercial-roller-shades-ventura-county/,/official/,200,,already direct; unchanged
https://www.805shutters.com/commercial-roller-shades-ventura-county/,/official/,200,,already direct; unchanged
https://www.805shutters.com/commercial-roller-shades-ventura-county/,/official/,200,,already direct; unchanged
https://www.805shutters.com/sliding-door-window-treatments-ventura-county/,/official/,200,,already direct; unchanged
https://www.805shutters.com/sliding-door-window-treatments-ventura-county/,/official/,200,,already direct; unchanged
https://www.805shutters.com/sliding-door-window-treatments-ventura-county/,/official/,200,,already direct; unchanged
https://www.805shutters.com/motorized-window-shades-ventura-county/,/official/,200,,already direct; unchanged
https://www.805shutters.com/motorized-window-shades-ventura-county/,/official/,200,,already direct; unchanged
https://www.805shutters.com/motorized-window-shades-ventura-county/,/official/,200,,already direct; unchanged
https://www.805shutters.com/coastal-window-treatments-ventura-county/,/official/,200,,already direct; unchanged
https://www.805shutters.com/coastal-window-treatments-ventura-county/,/official/,200,,already direct; unchanged
https://www.805shutters.com/coastal-window-treatments-ventura-county/,/official/,200,,already direct; unchanged
https://www.805shutters.com/window-treatment-installation-timeline-ventura-county/,/official/,200,,already direct; unchanged
https://www.805shutters.com/window-treatment-installation-timeline-ventura-county/,/official/,200,,already direct; unchanged
https://www.805shutters.com/window-treatment-installation-timeline-ventura-county/,/official/,200,,already direct; unchanged
https://www.805shutters.com/window-treatment-cost-guide-ventura-county/,/official/,200,,already direct; unchanged
https://www.805shutters.com/window-treatment-cost-guide-ventura-county/,/official/,200,,already direct; unchanged
https://www.805shutters.com/window-treatment-cost-guide-ventura-county/,/official/,200,,already direct; unchanged
https://www.805shutters.com/custom-drapery-curtains-ventura-county/,/official/,200,,already direct; unchanged
https://www.805shutters.com/custom-drapery-curtains-ventura-county/,/official/,200,,already direct; unchanged
https://www.805shutters.com/custom-drapery-curtains-ventura-county/,/official/,200,,already direct; unchanged
https://www.805shutters.com/shutters-near-me-ventura-county/,/official/,200,,already direct; unchanged
https://www.805shutters.com/shutters-near-me-ventura-county/,/official/,200,,already direct; unchanged
https://www.805shutters.com/shutters-near-me-ventura-county/,/official/,200,,already direct; unchanged
https://www.805shutters.com/blinds-near-me-ventura-county/,/official/,200,,already direct; unchanged
https://www.805shutters.com/blinds-near-me-ventura-county/,/official/,200,,already direct; unchanged
https://www.805shutters.com/blinds-near-me-ventura-county/,/official/,200,,already direct; unchanged
https://www.805shutters.com/window-shades-near-me-ventura-county/,/official/,200,,already direct; unchanged
https://www.805shutters.com/window-shades-near-me-ventura-county/,/official/,200,,already direct; unchanged
https://www.805shutters.com/window-shades-near-me-ventura-county/,/official/,200,,already direct; unchanged
https://www.805shutters.com/window-treatment-company-near-me-ventura-county/,/official/,200,,already direct; unchanged
https://www.805shutters.com/window-treatment-company-near-me-ventura-county/,/official/,200,,already direct; unchanged
https://www.805shutters.com/window-treatment-company-near-me-ventura-county/,/official/,200,,already direct; unchanged
https://www.805shutters.com/window-treatment-comparison-guide/,/official/,200,,already direct; unchanged
https://www.805shutters.com/window-treatment-comparison-guide/,/official/,200,,already direct; unchanged
https://www.805shutters.com/window-treatment-comparison-guide/,/official/,200,,already direct; unchanged
https://www.805shutters.com/book-consultation/,/official/,200,,already direct; unchanged
https://www.805shutters.com/book-consultation/,/official/,200,,already direct; unchanged
https://www.805shutters.com/book-consultation/,/official/,200,,already direct; unchanged
https://www.805shutters.com/official/,/official/,200,,already direct; unchanged
https://www.805shutters.com/official/,/official/,200,,already direct; unchanged
https://www.805shutters.com/official/,/official/,200,,already direct; unchanged
https://www.805shutters.com/,/commercial-window-coverings/,200,,already direct; unchanged
https://www.805shutters.com/window-coverings/,/commercial-window-coverings/,200,,already direct; unchanged
https://www.805shutters.com/commercial-window-coverings/,/commercial-window-coverings/,200,,already direct; unchanged
https://www.805shutters.com/commercial-window-coverings/,/commercial-window-coverings/,200,,already direct; unchanged
https://www.805shutters.com/commercial-window-coverings/,/commercial-window-coverings/,200,,already direct; unchanged
https://www.805shutters.com/commercial-window-coverings/,/commercial-window-coverings/,200,,already direct; unchanged
https://www.805shutters.com/commercial-window-coverings/,/commercial-window-coverings/,200,,already direct; unchanged
https://www.805shutters.com/commercial-roller-shades/,/commercial-window-coverings/,200,,already direct; unchanged
https://www.805shutters.com/free-window-treatment-consultation/,/commercial-window-coverings/,200,,already direct; unchanged
https://www.805shutters.com/window-coverings/thousand-oaks-ca/,/commercial-window-coverings/,200,,already direct; unchanged
https://www.805shutters.com/commercial-window-coverings/camarillo-ca/,/commercial-window-coverings/,200,,already direct; unchanged
https://www.805shutters.com/commercial-window-coverings/fillmore-ca/,/commercial-window-coverings/,200,,already direct; unchanged
https://www.805shutters.com/commercial-window-coverings/moorpark-ca/,/commercial-window-coverings/,200,,already direct; unchanged
https://www.805shutters.com/commercial-window-coverings/newbury-park-ca/,/commercial-window-coverings/,200,,already direct; unchanged
https://www.805shutters.com/commercial-window-coverings/oak-park-ca/,/commercial-window-coverings/,200,,already direct; unchanged
https://www.805shutters.com/commercial-window-coverings/ojai-ca/,/commercial-window-coverings/,200,,already direct; unchanged
https://www.805shutters.com/commercial-window-coverings/oxnard-ca/,/commercial-window-coverings/,200,,already direct; unchanged
https://www.805shutters.com/commercial-window-coverings/port-hueneme-ca/,/commercial-window-coverings/,200,,already direct; unchanged
https://www.805shutters.com/commercial-window-coverings/santa-paula-ca/,/commercial-window-coverings/,200,,already direct; unchanged
https://www.805shutters.com/commercial-window-coverings/santa-clarita-ca/,/commercial-window-coverings/,200,,already direct; unchanged
https://www.805shutters.com/commercial-window-coverings/santa-rosa-valley-ca/,/commercial-window-coverings/,200,,already direct; unchanged
https://www.805shutters.com/commercial-window-coverings/simi-valley-ca/,/commercial-window-coverings/,200,,already direct; unchanged
https://www.805shutters.com/commercial-window-coverings/thousand-oaks-ca/,/commercial-window-coverings/,200,,already direct; unchanged
https://www.805shutters.com/commercial-window-coverings/ventura-ca/,/commercial-window-coverings/,200,,already direct; unchanged
https://www.805shutters.com/commercial-window-coverings/westlake-village-ca/,/commercial-window-coverings/,200,,already direct; unchanged
https://www.805shutters.com/custom-blinds-shades-shutters-camarillo/,/commercial-window-coverings/,200,,already direct; unchanged
https://www.805shutters.com/commercial-roller-shades-ventura-county/,/commercial-window-coverings/,200,,already direct; unchanged
https://www.805shutters.com/,/motorized-window-shades-ventura-county/,200,,already direct; unchanged
https://www.805shutters.com/shutters/,/motorized-window-shades-ventura-county/,200,,already direct; unchanged
https://www.805shutters.com/shades/,/motorized-window-shades-ventura-county/,200,,already direct; unchanged
https://www.805shutters.com/blinds/,/motorized-window-shades-ventura-county/,200,,already direct; unchanged
https://www.805shutters.com/faq/,/motorized-window-shades-ventura-county/,200,,already direct; unchanged
https://www.805shutters.com/window-shades-near-me-ventura-county/,/motorized-window-shades-ventura-county/,200,,already direct; unchanged
https://www.805shutters.com/window-treatment-comparison-guide/,/motorized-window-shades-ventura-county/,200,,already direct; unchanged
https://www.805shutters.com/,/window-treatments/camarillo-ca/,200,,already direct; unchanged
https://www.805shutters.com/window-treatments/,/window-treatments/camarillo-ca/,200,,already direct; unchanged
https://www.805shutters.com/blinds/camarillo-ca/,/window-treatments/camarillo-ca/,200,,already direct; unchanged
https://www.805shutters.com/commercial-window-coverings/camarillo-ca/,/window-treatments/camarillo-ca/,200,,already direct; unchanged
https://www.805shutters.com/,/window-treatments/thousand-oaks-ca/,200,,already direct; unchanged
https://www.805shutters.com/commercial-window-coverings/thousand-oaks-ca/,/window-treatments/thousand-oaks-ca/,200,,already direct; unchanged
https://www.805shutters.com/,/window-treatments/ventura-ca/,200,,already direct; unchanged
https://www.805shutters.com/commercial-window-coverings/ventura-ca/,/window-treatments/ventura-ca/,200,,already direct; unchanged
https://www.805shutters.com/coastal-window-treatments-ventura-county/,/window-treatments/ventura-ca/,200,,already direct; unchanged
https://www.805shutters.com/,/window-treatments/oxnard-ca/,200,,already direct; unchanged
https://www.805shutters.com/commercial-window-coverings/oxnard-ca/,/window-treatments/oxnard-ca/,200,,already direct; unchanged
https://www.805shutters.com/coastal-window-treatments-ventura-county/,/window-treatments/oxnard-ca/,200,,already direct; unchanged
https://www.805shutters.com/,/window-treatments/simi-valley-ca/,200,,already direct; unchanged
https://www.805shutters.com/commercial-window-coverings/simi-valley-ca/,/window-treatments/simi-valley-ca/,200,,already direct; unchanged
https://www.805shutters.com/,/window-treatments/moorpark-ca/,200,,already direct; unchanged
https://www.805shutters.com/commercial-window-coverings/moorpark-ca/,/window-treatments/moorpark-ca/,200,,already direct; unchanged
https://www.805shutters.com/,/window-treatments/newbury-park-ca/,200,,already direct; unchanged
https://www.805shutters.com/commercial-window-coverings/newbury-park-ca/,/window-treatments/newbury-park-ca/,200,,already direct; unchanged
https://www.805shutters.com/,/window-treatments/westlake-village-ca/,200,,already direct; unchanged
https://www.805shutters.com/commercial-window-coverings/westlake-village-ca/,/window-treatments/westlake-village-ca/,200,,already direct; unchanged
https://www.805shutters.com/,/window-treatments/ojai-ca/,200,,already direct; unchanged
https://www.805shutters.com/commercial-window-coverings/ojai-ca/,/window-treatments/ojai-ca/,200,,already direct; unchanged
https://www.805shutters.com/,/window-treatments/santa-rosa-valley-ca/,200,,already direct; unchanged
https://www.805shutters.com/commercial-window-coverings/santa-rosa-valley-ca/,/window-treatments/santa-rosa-valley-ca/,200,,already direct; unchanged
https://www.805shutters.com/,/window-treatments/port-hueneme-ca/,200,,already direct; unchanged
https://www.805shutters.com/commercial-window-coverings/port-hueneme-ca/,/window-treatments/port-hueneme-ca/,200,,already direct; unchanged
https://www.805shutters.com/,/window-treatments/santa-paula-ca/,200,,already direct; unchanged
https://www.805shutters.com/commercial-window-coverings/santa-paula-ca/,/window-treatments/santa-paula-ca/,200,,already direct; unchanged
https://www.805shutters.com/,/window-treatments/oak-park-ca/,200,,already direct; unchanged
https://www.805shutters.com/commercial-window-coverings/oak-park-ca/,/window-treatments/oak-park-ca/,200,,already direct; unchanged
https://www.805shutters.com/,/window-treatments/fillmore-ca/,200,,already direct; unchanged
https://www.805shutters.com/commercial-window-coverings/fillmore-ca/,/window-treatments/fillmore-ca/,200,,already direct; unchanged
https://www.805shutters.com/,/window-treatments/santa-clarita-ca/,200,,already direct; unchanged
https://www.805shutters.com/commercial-window-coverings/santa-clarita-ca/,/window-treatments/santa-clarita-ca/,200,,already direct; unchanged
https://www.805shutters.com/,/api/crm/oauth/google?redirectTo=/crm/,308,/api/crm/oauth/google/?redirectTo=%2Fcrm%2F,protected homepage sign-in exception
https://www.805shutters.com/,/free-window-treatment-consultation/,200,,already direct; unchanged
https://www.805shutters.com/shutters/,/free-window-treatment-consultation/,200,,already direct; unchanged
https://www.805shutters.com/shutters/,/free-window-treatment-consultation/,200,,already direct; unchanged
https://www.805shutters.com/shades/,/free-window-treatment-consultation/,200,,already direct; unchanged
https://www.805shutters.com/shades/,/free-window-treatment-consultation/,200,,already direct; unchanged
https://www.805shutters.com/blinds/,/free-window-treatment-consultation/,200,,already direct; unchanged
https://www.805shutters.com/blinds/,/free-window-treatment-consultation/,200,,already direct; unchanged
https://www.805shutters.com/drapery/,/free-window-treatment-consultation/,200,,already direct; unchanged
https://www.805shutters.com/drapery/,/free-window-treatment-consultation/,200,,already direct; unchanged
https://www.805shutters.com/exterior-shades/,/free-window-treatment-consultation/,200,,already direct; unchanged
https://www.805shutters.com/exterior-shades/,/free-window-treatment-consultation/,200,,already direct; unchanged
https://www.805shutters.com/window-treatments/,/free-window-treatment-consultation/,200,,already direct; unchanged
https://www.805shutters.com/window-treatments/,/free-window-treatment-consultation/,200,,already direct; unchanged
https://www.805shutters.com/window-coverings/,/free-window-treatment-consultation/,200,,already direct; unchanged
https://www.805shutters.com/window-coverings/,/free-window-treatment-consultation/,200,,already direct; unchanged
https://www.805shutters.com/commercial-window-coverings/,/free-window-treatment-consultation/,200,,already direct; unchanged
https://www.805shutters.com/commercial-roller-shades/,/free-window-treatment-consultation/,200,,already direct; unchanged
https://www.805shutters.com/commercial-roller-shades/,/free-window-treatment-consultation/,200,,already direct; unchanged
https://www.805shutters.com/about/,/free-window-treatment-consultation/,200,,already direct; unchanged
https://www.805shutters.com/about/,/free-window-treatment-consultation/,200,,already direct; unchanged
https://www.805shutters.com/about/,/free-window-treatment-consultation/,200,,already direct; unchanged
https://www.805shutters.com/contact/,/free-window-treatment-consultation/,200,,already direct; unchanged
https://www.805shutters.com/contact/,/free-window-treatment-consultation/,200,,already direct; unchanged
https://www.805shutters.com/free-window-treatment-consultation/,#consultation-form,200,,already direct; unchanged
https://www.805shutters.com/free-window-treatment-consultation/,#consultation-form,200,,already direct; unchanged
https://www.805shutters.com/free-window-treatment-consultation/,/free-window-treatment-consultation/,200,,already direct; unchanged
https://www.805shutters.com/financing/,/free-window-treatment-consultation/,200,,already direct; unchanged
https://www.805shutters.com/financing/,/free-window-treatment-consultation/,200,,already direct; unchanged
https://www.805shutters.com/financing/,/free-window-treatment-consultation/,200,,already direct; unchanged
https://www.805shutters.com/faq/,/free-window-treatment-consultation/,200,,already direct; unchanged
https://www.805shutters.com/faq/,/free-window-treatment-consultation/,200,,already direct; unchanged
https://www.805shutters.com/faq/,/free-window-treatment-consultation/,200,,already direct; unchanged
https://www.805shutters.com/gallery/,/free-window-treatment-consultation/,200,,already direct; unchanged
https://www.805shutters.com/gallery/,/free-window-treatment-consultation/,200,,already direct; unchanged
https://www.805shutters.com/gallery/,/free-window-treatment-consultation/,200,,already direct; unchanged
https://www.805shutters.com/reviews/,/free-window-treatment-consultation/,200,,already direct; unchanged
https://www.805shutters.com/reviews/,/free-window-treatment-consultation/,200,,already direct; unchanged
https://www.805shutters.com/reviews/,/free-window-treatment-consultation/,200,,already direct; unchanged
https://www.805shutters.com/recent-projects/,/free-window-treatment-consultation/,200,,already direct; unchanged
https://www.805shutters.com/recent-projects/,/free-window-treatment-consultation/,200,,already direct; unchanged
https://www.805shutters.com/recent-projects/,/free-window-treatment-consultation/,200,,already direct; unchanged
https://www.805shutters.com/shutters/camarillo/,/free-window-treatment-consultation/,200,,already direct; unchanged
https://www.805shutters.com/shutters/camarillo/,/free-window-treatment-consultation/,200,,already direct; unchanged
https://www.805shutters.com/shutters/camarillo/,/free-window-treatment-consultation/,200,,already direct; unchanged
https://www.805shutters.com/shutters/camarillo/,/free-window-treatment-consultation/,200,,already direct; unchanged
https://www.805shutters.com/shades/camarillo-ca/,/free-window-treatment-consultation/,200,,already direct; unchanged
https://www.805shutters.com/shades/camarillo-ca/,/free-window-treatment-consultation/,200,,already direct; unchanged
https://www.805shutters.com/shades/camarillo-ca/,/free-window-treatment-consultation/,200,,already direct; unchanged
https://www.805shutters.com/shades/camarillo-ca/,/free-window-treatment-consultation/,200,,already direct; unchanged
https://www.805shutters.com/blinds/camarillo-ca/,/free-window-treatment-consultation/,200,,already direct; unchanged
https://www.805shutters.com/blinds/camarillo-ca/,/free-window-treatment-consultation/,200,,already direct; unchanged
https://www.805shutters.com/blinds/camarillo-ca/,/free-window-treatment-consultation/,200,,already direct; unchanged
https://www.805shutters.com/blinds/camarillo-ca/,/free-window-treatment-consultation/,200,,already direct; unchanged
https://www.805shutters.com/blinds/camarillo-ca/,/free-window-treatment-consultation/,200,,already direct; unchanged
https://www.805shutters.com/drapery/camarillo-ca/,/free-window-treatment-consultation/,200,,already direct; unchanged
https://www.805shutters.com/drapery/camarillo-ca/,/free-window-treatment-consultation/,200,,already direct; unchanged
https://www.805shutters.com/drapery/camarillo-ca/,/free-window-treatment-consultation/,200,,already direct; unchanged
https://www.805shutters.com/window-coverings/camarillo-ca/,/free-window-treatment-consultation/,200,,already direct; unchanged
https://www.805shutters.com/window-coverings/camarillo-ca/,/free-window-treatment-consultation/,200,,already direct; unchanged
https://www.805shutters.com/window-coverings/camarillo-ca/,/free-window-treatment-consultation/,200,,already direct; unchanged
https://www.805shutters.com/window-treatments/camarillo-ca/,/free-window-treatment-consultation/,200,,already direct; unchanged
https://www.805shutters.com/window-treatments/camarillo-ca/,/free-window-treatment-consultation/,200,,already direct; unchanged
https://www.805shutters.com/window-treatments/camarillo-ca/,/free-window-treatment-consultation/,200,,already direct; unchanged
https://www.805shutters.com/window-treatments/camarillo-ca/,/free-window-treatment-consultation/,200,,already direct; unchanged
https://www.805shutters.com/shutters/fillmore/,/free-window-treatment-consultation/,200,,already direct; unchanged
https://www.805shutters.com/shutters/fillmore/,/free-window-treatment-consultation/,200,,already direct; unchanged
https://www.805shutters.com/shutters/fillmore/,/free-window-treatment-consultation/,200,,already direct; unchanged
https://www.805shutters.com/shades/fillmore-ca/,/free-window-treatment-consultation/,200,,already direct; unchanged
https://www.805shutters.com/shades/fillmore-ca/,/free-window-treatment-consultation/,200,,already direct; unchanged
https://www.805shutters.com/shades/fillmore-ca/,/free-window-treatment-consultation/,200,,already direct; unchanged
https://www.805shutters.com/blinds/fillmore-ca/,/free-window-treatment-consultation/,200,,already direct; unchanged
https://www.805shutters.com/blinds/fillmore-ca/,/free-window-treatment-consultation/,200,,already direct; unchanged
https://www.805shutters.com/blinds/fillmore-ca/,/free-window-treatment-consultation/,200,,already direct; unchanged
https://www.805shutters.com/drapery/fillmore-ca/,/free-window-treatment-consultation/,200,,already direct; unchanged
https://www.805shutters.com/drapery/fillmore-ca/,/free-window-treatment-consultation/,200,,already direct; unchanged
https://www.805shutters.com/drapery/fillmore-ca/,/free-window-treatment-consultation/,200,,already direct; unchanged
https://www.805shutters.com/window-coverings/fillmore-ca/,/free-window-treatment-consultation/,200,,already direct; unchanged
https://www.805shutters.com/window-coverings/fillmore-ca/,/free-window-treatment-consultation/,200,,already direct; unchanged
https://www.805shutters.com/window-coverings/fillmore-ca/,/free-window-treatment-consultation/,200,,already direct; unchanged
https://www.805shutters.com/window-treatments/fillmore-ca/,/free-window-treatment-consultation/,200,,already direct; unchanged
https://www.805shutters.com/window-treatments/fillmore-ca/,/free-window-treatment-consultation/,200,,already direct; unchanged
https://www.805shutters.com/window-treatments/fillmore-ca/,/free-window-treatment-consultation/,200,,already direct; unchanged
https://www.805shutters.com/shutters/moorpark/,/free-window-treatment-consultation/,200,,already direct; unchanged
https://www.805shutters.com/shutters/moorpark/,/free-window-treatment-consultation/,200,,already direct; unchanged
https://www.805shutters.com/shutters/moorpark/,/free-window-treatment-consultation/,200,,already direct; unchanged
https://www.805shutters.com/shades/moorpark-ca/,/free-window-treatment-consultation/,200,,already direct; unchanged
https://www.805shutters.com/shades/moorpark-ca/,/free-window-treatment-consultation/,200,,already direct; unchanged
https://www.805shutters.com/shades/moorpark-ca/,/free-window-treatment-consultation/,200,,already direct; unchanged
https://www.805shutters.com/blinds/moorpark-ca/,/free-window-treatment-consultation/,200,,already direct; unchanged
https://www.805shutters.com/blinds/moorpark-ca/,/free-window-treatment-consultation/,200,,already direct; unchanged
https://www.805shutters.com/blinds/moorpark-ca/,/free-window-treatment-consultation/,200,,already direct; unchanged
https://www.805shutters.com/drapery/moorpark-ca/,/free-window-treatment-consultation/,200,,already direct; unchanged
https://www.805shutters.com/drapery/moorpark-ca/,/free-window-treatment-consultation/,200,,already direct; unchanged
https://www.805shutters.com/drapery/moorpark-ca/,/free-window-treatment-consultation/,200,,already direct; unchanged
https://www.805shutters.com/window-coverings/moorpark-ca/,/free-window-treatment-consultation/,200,,already direct; unchanged
https://www.805shutters.com/window-coverings/moorpark-ca/,/free-window-treatment-consultation/,200,,already direct; unchanged
https://www.805shutters.com/window-coverings/moorpark-ca/,/free-window-treatment-consultation/,200,,already direct; unchanged
https://www.805shutters.com/window-treatments/moorpark-ca/,/free-window-treatment-consultation/,200,,already direct; unchanged
https://www.805shutters.com/window-treatments/moorpark-ca/,/free-window-treatment-consultation/,200,,already direct; unchanged
https://www.805shutters.com/window-treatments/moorpark-ca/,/free-window-treatment-consultation/,200,,already direct; unchanged
https://www.805shutters.com/shutters/newbury-park/,/free-window-treatment-consultation/,200,,already direct; unchanged
https://www.805shutters.com/shutters/newbury-park/,/free-window-treatment-consultation/,200,,already direct; unchanged
https://www.805shutters.com/shutters/newbury-park/,/free-window-treatment-consultation/,200,,already direct; unchanged
https://www.805shutters.com/shades/newbury-park-ca/,/free-window-treatment-consultation/,200,,already direct; unchanged
https://www.805shutters.com/shades/newbury-park-ca/,/free-window-treatment-consultation/,200,,already direct; unchanged
https://www.805shutters.com/shades/newbury-park-ca/,/free-window-treatment-consultation/,200,,already direct; unchanged
https://www.805shutters.com/blinds/newbury-park-ca/,/free-window-treatment-consultation/,200,,already direct; unchanged
https://www.805shutters.com/blinds/newbury-park-ca/,/free-window-treatment-consultation/,200,,already direct; unchanged
https://www.805shutters.com/blinds/newbury-park-ca/,/free-window-treatment-consultation/,200,,already direct; unchanged
https://www.805shutters.com/drapery/newbury-park-ca/,/free-window-treatment-consultation/,200,,already direct; unchanged
https://www.805shutters.com/drapery/newbury-park-ca/,/free-window-treatment-consultation/,200,,already direct; unchanged
https://www.805shutters.com/drapery/newbury-park-ca/,/free-window-treatment-consultation/,200,,already direct; unchanged
https://www.805shutters.com/window-coverings/newbury-park-ca/,/free-window-treatment-consultation/,200,,already direct; unchanged
https://www.805shutters.com/window-coverings/newbury-park-ca/,/free-window-treatment-consultation/,200,,already direct; unchanged
https://www.805shutters.com/window-coverings/newbury-park-ca/,/free-window-treatment-consultation/,200,,already direct; unchanged
https://www.805shutters.com/window-treatments/newbury-park-ca/,/free-window-treatment-consultation/,200,,already direct; unchanged
https://www.805shutters.com/window-treatments/newbury-park-ca/,/free-window-treatment-consultation/,200,,already direct; unchanged
https://www.805shutters.com/window-treatments/newbury-park-ca/,/free-window-treatment-consultation/,200,,already direct; unchanged
https://www.805shutters.com/shutters/oak-park/,/free-window-treatment-consultation/,200,,already direct; unchanged
https://www.805shutters.com/shutters/oak-park/,/free-window-treatment-consultation/,200,,already direct; unchanged
https://www.805shutters.com/shutters/oak-park/,/free-window-treatment-consultation/,200,,already direct; unchanged
https://www.805shutters.com/shades/oak-park-ca/,/free-window-treatment-consultation/,200,,already direct; unchanged
https://www.805shutters.com/shades/oak-park-ca/,/free-window-treatment-consultation/,200,,already direct; unchanged
https://www.805shutters.com/shades/oak-park-ca/,/free-window-treatment-consultation/,200,,already direct; unchanged
https://www.805shutters.com/blinds/oak-park-ca/,/free-window-treatment-consultation/,200,,already direct; unchanged
https://www.805shutters.com/blinds/oak-park-ca/,/free-window-treatment-consultation/,200,,already direct; unchanged
https://www.805shutters.com/blinds/oak-park-ca/,/free-window-treatment-consultation/,200,,already direct; unchanged
https://www.805shutters.com/drapery/oak-park-ca/,/free-window-treatment-consultation/,200,,already direct; unchanged
https://www.805shutters.com/drapery/oak-park-ca/,/free-window-treatment-consultation/,200,,already direct; unchanged
https://www.805shutters.com/drapery/oak-park-ca/,/free-window-treatment-consultation/,200,,already direct; unchanged
https://www.805shutters.com/window-coverings/oak-park-ca/,/free-window-treatment-consultation/,200,,already direct; unchanged
https://www.805shutters.com/window-coverings/oak-park-ca/,/free-window-treatment-consultation/,200,,already direct; unchanged
https://www.805shutters.com/window-coverings/oak-park-ca/,/free-window-treatment-consultation/,200,,already direct; unchanged
https://www.805shutters.com/window-treatments/oak-park-ca/,/free-window-treatment-consultation/,200,,already direct; unchanged
https://www.805shutters.com/window-treatments/oak-park-ca/,/free-window-treatment-consultation/,200,,already direct; unchanged
https://www.805shutters.com/window-treatments/oak-park-ca/,/free-window-treatment-consultation/,200,,already direct; unchanged
https://www.805shutters.com/shutters/ojai/,/free-window-treatment-consultation/,200,,already direct; unchanged
https://www.805shutters.com/shutters/ojai/,/free-window-treatment-consultation/,200,,already direct; unchanged
https://www.805shutters.com/shutters/ojai/,/free-window-treatment-consultation/,200,,already direct; unchanged
https://www.805shutters.com/shades/ojai-ca/,/free-window-treatment-consultation/,200,,already direct; unchanged
https://www.805shutters.com/shades/ojai-ca/,/free-window-treatment-consultation/,200,,already direct; unchanged
https://www.805shutters.com/shades/ojai-ca/,/free-window-treatment-consultation/,200,,already direct; unchanged
https://www.805shutters.com/blinds/ojai-ca/,/free-window-treatment-consultation/,200,,already direct; unchanged
https://www.805shutters.com/blinds/ojai-ca/,/free-window-treatment-consultation/,200,,already direct; unchanged
https://www.805shutters.com/blinds/ojai-ca/,/free-window-treatment-consultation/,200,,already direct; unchanged
https://www.805shutters.com/drapery/ojai-ca/,/free-window-treatment-consultation/,200,,already direct; unchanged
https://www.805shutters.com/drapery/ojai-ca/,/free-window-treatment-consultation/,200,,already direct; unchanged
https://www.805shutters.com/drapery/ojai-ca/,/free-window-treatment-consultation/,200,,already direct; unchanged
https://www.805shutters.com/window-coverings/ojai-ca/,/free-window-treatment-consultation/,200,,already direct; unchanged
https://www.805shutters.com/window-coverings/ojai-ca/,/free-window-treatment-consultation/,200,,already direct; unchanged
https://www.805shutters.com/window-coverings/ojai-ca/,/free-window-treatment-consultation/,200,,already direct; unchanged
https://www.805shutters.com/window-treatments/ojai-ca/,/free-window-treatment-consultation/,200,,already direct; unchanged
https://www.805shutters.com/window-treatments/ojai-ca/,/free-window-treatment-consultation/,200,,already direct; unchanged
https://www.805shutters.com/window-treatments/ojai-ca/,/free-window-treatment-consultation/,200,,already direct; unchanged
https://www.805shutters.com/shutters/oxnard/,/free-window-treatment-consultation/,200,,already direct; unchanged
https://www.805shutters.com/shutters/oxnard/,/free-window-treatment-consultation/,200,,already direct; unchanged
https://www.805shutters.com/shutters/oxnard/,/free-window-treatment-consultation/,200,,already direct; unchanged
https://www.805shutters.com/shutters/oxnard/,/free-window-treatment-consultation/,200,,already direct; unchanged
https://www.805shutters.com/shades/oxnard-ca/,/free-window-treatment-consultation/,200,,already direct; unchanged
https://www.805shutters.com/shades/oxnard-ca/,/free-window-treatment-consultation/,200,,already direct; unchanged
https://www.805shutters.com/shades/oxnard-ca/,/free-window-treatment-consultation/,200,,already direct; unchanged
https://www.805shutters.com/blinds/oxnard-ca/,/free-window-treatment-consultation/,200,,already direct; unchanged
https://www.805shutters.com/blinds/oxnard-ca/,/free-window-treatment-consultation/,200,,already direct; unchanged
https://www.805shutters.com/blinds/oxnard-ca/,/free-window-treatment-consultation/,200,,already direct; unchanged
https://www.805shutters.com/drapery/oxnard-ca/,/free-window-treatment-consultation/,200,,already direct; unchanged
https://www.805shutters.com/drapery/oxnard-ca/,/free-window-treatment-consultation/,200,,already direct; unchanged
https://www.805shutters.com/drapery/oxnard-ca/,/free-window-treatment-consultation/,200,,already direct; unchanged
https://www.805shutters.com/window-coverings/oxnard-ca/,/free-window-treatment-consultation/,200,,already direct; unchanged
https://www.805shutters.com/window-coverings/oxnard-ca/,/free-window-treatment-consultation/,200,,already direct; unchanged
https://www.805shutters.com/window-coverings/oxnard-ca/,/free-window-treatment-consultation/,200,,already direct; unchanged
https://www.805shutters.com/window-treatments/oxnard-ca/,/free-window-treatment-consultation/,200,,already direct; unchanged
https://www.805shutters.com/window-treatments/oxnard-ca/,/free-window-treatment-consultation/,200,,already direct; unchanged
https://www.805shutters.com/window-treatments/oxnard-ca/,/free-window-treatment-consultation/,200,,already direct; unchanged
https://www.805shutters.com/shutters/port-hueneme/,/free-window-treatment-consultation/,200,,already direct; unchanged
https://www.805shutters.com/shutters/port-hueneme/,/free-window-treatment-consultation/,200,,already direct; unchanged
https://www.805shutters.com/shutters/port-hueneme/,/free-window-treatment-consultation/,200,,already direct; unchanged
https://www.805shutters.com/shades/port-hueneme-ca/,/free-window-treatment-consultation/,200,,already direct; unchanged
https://www.805shutters.com/shades/port-hueneme-ca/,/free-window-treatment-consultation/,200,,already direct; unchanged
https://www.805shutters.com/shades/port-hueneme-ca/,/free-window-treatment-consultation/,200,,already direct; unchanged
https://www.805shutters.com/blinds/port-hueneme-ca/,/free-window-treatment-consultation/,200,,already direct; unchanged
https://www.805shutters.com/blinds/port-hueneme-ca/,/free-window-treatment-consultation/,200,,already direct; unchanged
https://www.805shutters.com/blinds/port-hueneme-ca/,/free-window-treatment-consultation/,200,,already direct; unchanged
https://www.805shutters.com/drapery/port-hueneme-ca/,/free-window-treatment-consultation/,200,,already direct; unchanged
https://www.805shutters.com/drapery/port-hueneme-ca/,/free-window-treatment-consultation/,200,,already direct; unchanged
https://www.805shutters.com/drapery/port-hueneme-ca/,/free-window-treatment-consultation/,200,,already direct; unchanged
https://www.805shutters.com/window-coverings/port-hueneme-ca/,/free-window-treatment-consultation/,200,,already direct; unchanged
https://www.805shutters.com/window-coverings/port-hueneme-ca/,/free-window-treatment-consultation/,200,,already direct; unchanged
https://www.805shutters.com/window-coverings/port-hueneme-ca/,/free-window-treatment-consultation/,200,,already direct; unchanged
https://www.805shutters.com/window-treatments/port-hueneme-ca/,/free-window-treatment-consultation/,200,,already direct; unchanged
https://www.805shutters.com/window-treatments/port-hueneme-ca/,/free-window-treatment-consultation/,200,,already direct; unchanged
https://www.805shutters.com/window-treatments/port-hueneme-ca/,/free-window-treatment-consultation/,200,,already direct; unchanged
https://www.805shutters.com/shutters/santa-paula/,/free-window-treatment-consultation/,200,,already direct; unchanged
https://www.805shutters.com/shutters/santa-paula/,/free-window-treatment-consultation/,200,,already direct; unchanged
https://www.805shutters.com/shutters/santa-paula/,/free-window-treatment-consultation/,200,,already direct; unchanged
https://www.805shutters.com/shades/santa-paula-ca/,/free-window-treatment-consultation/,200,,already direct; unchanged
https://www.805shutters.com/shades/santa-paula-ca/,/free-window-treatment-consultation/,200,,already direct; unchanged
https://www.805shutters.com/shades/santa-paula-ca/,/free-window-treatment-consultation/,200,,already direct; unchanged
https://www.805shutters.com/blinds/santa-paula-ca/,/free-window-treatment-consultation/,200,,already direct; unchanged
https://www.805shutters.com/blinds/santa-paula-ca/,/free-window-treatment-consultation/,200,,already direct; unchanged
https://www.805shutters.com/blinds/santa-paula-ca/,/free-window-treatment-consultation/,200,,already direct; unchanged
https://www.805shutters.com/drapery/santa-paula-ca/,/free-window-treatment-consultation/,200,,already direct; unchanged
https://www.805shutters.com/drapery/santa-paula-ca/,/free-window-treatment-consultation/,200,,already direct; unchanged
https://www.805shutters.com/drapery/santa-paula-ca/,/free-window-treatment-consultation/,200,,already direct; unchanged
https://www.805shutters.com/window-coverings/santa-paula-ca/,/free-window-treatment-consultation/,200,,already direct; unchanged
https://www.805shutters.com/window-coverings/santa-paula-ca/,/free-window-treatment-consultation/,200,,already direct; unchanged
https://www.805shutters.com/window-coverings/santa-paula-ca/,/free-window-treatment-consultation/,200,,already direct; unchanged
https://www.805shutters.com/window-treatments/santa-paula-ca/,/free-window-treatment-consultation/,200,,already direct; unchanged
https://www.805shutters.com/window-treatments/santa-paula-ca/,/free-window-treatment-consultation/,200,,already direct; unchanged
https://www.805shutters.com/window-treatments/santa-paula-ca/,/free-window-treatment-consultation/,200,,already direct; unchanged
https://www.805shutters.com/shutters/santa-clarita/,/free-window-treatment-consultation/,200,,already direct; unchanged
https://www.805shutters.com/shutters/santa-clarita/,/free-window-treatment-consultation/,200,,already direct; unchanged
https://www.805shutters.com/shutters/santa-clarita/,/free-window-treatment-consultation/,200,,already direct; unchanged
https://www.805shutters.com/shades/santa-clarita-ca/,/free-window-treatment-consultation/,200,,already direct; unchanged
https://www.805shutters.com/shades/santa-clarita-ca/,/free-window-treatment-consultation/,200,,already direct; unchanged
https://www.805shutters.com/shades/santa-clarita-ca/,/free-window-treatment-consultation/,200,,already direct; unchanged
https://www.805shutters.com/blinds/santa-clarita-ca/,/free-window-treatment-consultation/,200,,already direct; unchanged
https://www.805shutters.com/blinds/santa-clarita-ca/,/free-window-treatment-consultation/,200,,already direct; unchanged
https://www.805shutters.com/blinds/santa-clarita-ca/,/free-window-treatment-consultation/,200,,already direct; unchanged
https://www.805shutters.com/drapery/santa-clarita-ca/,/free-window-treatment-consultation/,200,,already direct; unchanged
https://www.805shutters.com/drapery/santa-clarita-ca/,/free-window-treatment-consultation/,200,,already direct; unchanged
https://www.805shutters.com/drapery/santa-clarita-ca/,/free-window-treatment-consultation/,200,,already direct; unchanged
https://www.805shutters.com/window-coverings/santa-clarita-ca/,/free-window-treatment-consultation/,200,,already direct; unchanged
https://www.805shutters.com/window-coverings/santa-clarita-ca/,/free-window-treatment-consultation/,200,,already direct; unchanged
https://www.805shutters.com/window-coverings/santa-clarita-ca/,/free-window-treatment-consultation/,200,,already direct; unchanged
https://www.805shutters.com/window-treatments/santa-clarita-ca/,/free-window-treatment-consultation/,200,,already direct; unchanged
https://www.805shutters.com/window-treatments/santa-clarita-ca/,/free-window-treatment-consultation/,200,,already direct; unchanged
https://www.805shutters.com/window-treatments/santa-clarita-ca/,/free-window-treatment-consultation/,200,,already direct; unchanged
https://www.805shutters.com/shutters/santa-rosa-valley/,/free-window-treatment-consultation/,200,,already direct; unchanged
https://www.805shutters.com/shutters/santa-rosa-valley/,/free-window-treatment-consultation/,200,,already direct; unchanged
https://www.805shutters.com/shutters/santa-rosa-valley/,/free-window-treatment-consultation/,200,,already direct; unchanged
https://www.805shutters.com/shades/santa-rosa-valley-ca/,/free-window-treatment-consultation/,200,,already direct; unchanged
https://www.805shutters.com/shades/santa-rosa-valley-ca/,/free-window-treatment-consultation/,200,,already direct; unchanged
https://www.805shutters.com/shades/santa-rosa-valley-ca/,/free-window-treatment-consultation/,200,,already direct; unchanged
https://www.805shutters.com/blinds/santa-rosa-valley-ca/,/free-window-treatment-consultation/,200,,already direct; unchanged
https://www.805shutters.com/blinds/santa-rosa-valley-ca/,/free-window-treatment-consultation/,200,,already direct; unchanged
https://www.805shutters.com/blinds/santa-rosa-valley-ca/,/free-window-treatment-consultation/,200,,already direct; unchanged
https://www.805shutters.com/drapery/santa-rosa-valley-ca/,/free-window-treatment-consultation/,200,,already direct; unchanged
https://www.805shutters.com/drapery/santa-rosa-valley-ca/,/free-window-treatment-consultation/,200,,already direct; unchanged
https://www.805shutters.com/drapery/santa-rosa-valley-ca/,/free-window-treatment-consultation/,200,,already direct; unchanged
https://www.805shutters.com/window-coverings/santa-rosa-valley-ca/,/free-window-treatment-consultation/,200,,already direct; unchanged
https://www.805shutters.com/window-coverings/santa-rosa-valley-ca/,/free-window-treatment-consultation/,200,,already direct; unchanged
https://www.805shutters.com/window-coverings/santa-rosa-valley-ca/,/free-window-treatment-consultation/,200,,already direct; unchanged
https://www.805shutters.com/window-treatments/santa-rosa-valley-ca/,/free-window-treatment-consultation/,200,,already direct; unchanged
https://www.805shutters.com/window-treatments/santa-rosa-valley-ca/,/free-window-treatment-consultation/,200,,already direct; unchanged
https://www.805shutters.com/window-treatments/santa-rosa-valley-ca/,/free-window-treatment-consultation/,200,,already direct; unchanged
https://www.805shutters.com/shutters/simi-valley/,/free-window-treatment-consultation/,200,,already direct; unchanged
https://www.805shutters.com/shutters/simi-valley/,/free-window-treatment-consultation/,200,,already direct; unchanged
https://www.805shutters.com/shutters/simi-valley/,/free-window-treatment-consultation/,200,,already direct; unchanged
https://www.805shutters.com/shades/simi-valley-ca/,/free-window-treatment-consultation/,200,,already direct; unchanged
https://www.805shutters.com/shades/simi-valley-ca/,/free-window-treatment-consultation/,200,,already direct; unchanged
https://www.805shutters.com/shades/simi-valley-ca/,/free-window-treatment-consultation/,200,,already direct; unchanged
https://www.805shutters.com/blinds/simi-valley-ca/,/free-window-treatment-consultation/,200,,already direct; unchanged
https://www.805shutters.com/blinds/simi-valley-ca/,/free-window-treatment-consultation/,200,,already direct; unchanged
https://www.805shutters.com/blinds/simi-valley-ca/,/free-window-treatment-consultation/,200,,already direct; unchanged
https://www.805shutters.com/drapery/simi-valley-ca/,/free-window-treatment-consultation/,200,,already direct; unchanged
https://www.805shutters.com/drapery/simi-valley-ca/,/free-window-treatment-consultation/,200,,already direct; unchanged
https://www.805shutters.com/drapery/simi-valley-ca/,/free-window-treatment-consultation/,200,,already direct; unchanged
https://www.805shutters.com/window-coverings/simi-valley-ca/,/free-window-treatment-consultation/,200,,already direct; unchanged
https://www.805shutters.com/window-coverings/simi-valley-ca/,/free-window-treatment-consultation/,200,,already direct; unchanged
https://www.805shutters.com/window-coverings/simi-valley-ca/,/free-window-treatment-consultation/,200,,already direct; unchanged
https://www.805shutters.com/window-treatments/simi-valley-ca/,/free-window-treatment-consultation/,200,,already direct; unchanged
https://www.805shutters.com/window-treatments/simi-valley-ca/,/free-window-treatment-consultation/,200,,already direct; unchanged
https://www.805shutters.com/window-treatments/simi-valley-ca/,/free-window-treatment-consultation/,200,,already direct; unchanged
https://www.805shutters.com/shutters/thousand-oaks/,/free-window-treatment-consultation/,200,,already direct; unchanged
https://www.805shutters.com/shutters/thousand-oaks/,/free-window-treatment-consultation/,200,,already direct; unchanged
https://www.805shutters.com/shutters/thousand-oaks/,/free-window-treatment-consultation/,200,,already direct; unchanged
https://www.805shutters.com/shutters/thousand-oaks/,/free-window-treatment-consultation/,200,,already direct; unchanged
https://www.805shutters.com/shades/thousand-oaks-ca/,/free-window-treatment-consultation/,200,,already direct; unchanged
https://www.805shutters.com/shades/thousand-oaks-ca/,/free-window-treatment-consultation/,200,,already direct; unchanged
https://www.805shutters.com/shades/thousand-oaks-ca/,/free-window-treatment-consultation/,200,,already direct; unchanged
https://www.805shutters.com/blinds/thousand-oaks-ca/,/free-window-treatment-consultation/,200,,already direct; unchanged
https://www.805shutters.com/blinds/thousand-oaks-ca/,/free-window-treatment-consultation/,200,,already direct; unchanged
https://www.805shutters.com/blinds/thousand-oaks-ca/,/free-window-treatment-consultation/,200,,already direct; unchanged
https://www.805shutters.com/drapery/thousand-oaks-ca/,/free-window-treatment-consultation/,200,,already direct; unchanged
https://www.805shutters.com/drapery/thousand-oaks-ca/,/free-window-treatment-consultation/,200,,already direct; unchanged
https://www.805shutters.com/drapery/thousand-oaks-ca/,/free-window-treatment-consultation/,200,,already direct; unchanged
https://www.805shutters.com/window-coverings/thousand-oaks-ca/,/free-window-treatment-consultation/,200,,already direct; unchanged
https://www.805shutters.com/window-coverings/thousand-oaks-ca/,/free-window-treatment-consultation/,200,,already direct; unchanged
https://www.805shutters.com/window-coverings/thousand-oaks-ca/,/free-window-treatment-consultation/,200,,already direct; unchanged
https://www.805shutters.com/window-coverings/thousand-oaks-ca/,/free-window-treatment-consultation/,200,,already direct; unchanged
https://www.805shutters.com/window-treatments/thousand-oaks-ca/,/free-window-treatment-consultation/,200,,already direct; unchanged
https://www.805shutters.com/window-treatments/thousand-oaks-ca/,/free-window-treatment-consultation/,200,,already direct; unchanged
https://www.805shutters.com/window-treatments/thousand-oaks-ca/,/free-window-treatment-consultation/,200,,already direct; unchanged
https://www.805shutters.com/shutters/ventura/,/free-window-treatment-consultation/,200,,already direct; unchanged
https://www.805shutters.com/shutters/ventura/,/free-window-treatment-consultation/,200,,already direct; unchanged
https://www.805shutters.com/shutters/ventura/,/free-window-treatment-consultation/,200,,already direct; unchanged
https://www.805shutters.com/shutters/ventura/,/free-window-treatment-consultation/,200,,already direct; unchanged
https://www.805shutters.com/shades/ventura-ca/,/free-window-treatment-consultation/,200,,already direct; unchanged
https://www.805shutters.com/shades/ventura-ca/,/free-window-treatment-consultation/,200,,already direct; unchanged
https://www.805shutters.com/shades/ventura-ca/,/free-window-treatment-consultation/,200,,already direct; unchanged
https://www.805shutters.com/blinds/ventura-ca/,/free-window-treatment-consultation/,200,,already direct; unchanged
https://www.805shutters.com/blinds/ventura-ca/,/free-window-treatment-consultation/,200,,already direct; unchanged
https://www.805shutters.com/blinds/ventura-ca/,/free-window-treatment-consultation/,200,,already direct; unchanged
https://www.805shutters.com/drapery/ventura-ca/,/free-window-treatment-consultation/,200,,already direct; unchanged
https://www.805shutters.com/drapery/ventura-ca/,/free-window-treatment-consultation/,200,,already direct; unchanged
https://www.805shutters.com/drapery/ventura-ca/,/free-window-treatment-consultation/,200,,already direct; unchanged
https://www.805shutters.com/window-coverings/ventura-ca/,/free-window-treatment-consultation/,200,,already direct; unchanged
https://www.805shutters.com/window-coverings/ventura-ca/,/free-window-treatment-consultation/,200,,already direct; unchanged
https://www.805shutters.com/window-coverings/ventura-ca/,/free-window-treatment-consultation/,200,,already direct; unchanged
https://www.805shutters.com/window-treatments/ventura-ca/,/free-window-treatment-consultation/,200,,already direct; unchanged
https://www.805shutters.com/window-treatments/ventura-ca/,/free-window-treatment-consultation/,200,,already direct; unchanged
https://www.805shutters.com/window-treatments/ventura-ca/,/free-window-treatment-consultation/,200,,already direct; unchanged
https://www.805shutters.com/shutters/westlake-village/,/free-window-treatment-consultation/,200,,already direct; unchanged
https://www.805shutters.com/shutters/westlake-village/,/free-window-treatment-consultation/,200,,already direct; unchanged
https://www.805shutters.com/shutters/westlake-village/,/free-window-treatment-consultation/,200,,already direct; unchanged
https://www.805shutters.com/shades/westlake-village-ca/,/free-window-treatment-consultation/,200,,already direct; unchanged
https://www.805shutters.com/shades/westlake-village-ca/,/free-window-treatment-consultation/,200,,already direct; unchanged
https://www.805shutters.com/shades/westlake-village-ca/,/free-window-treatment-consultation/,200,,already direct; unchanged
https://www.805shutters.com/blinds/westlake-village-ca/,/free-window-treatment-consultation/,200,,already direct; unchanged
https://www.805shutters.com/blinds/westlake-village-ca/,/free-window-treatment-consultation/,200,,already direct; unchanged
https://www.805shutters.com/blinds/westlake-village-ca/,/free-window-treatment-consultation/,200,,already direct; unchanged
https://www.805shutters.com/drapery/westlake-village-ca/,/free-window-treatment-consultation/,200,,already direct; unchanged
https://www.805shutters.com/drapery/westlake-village-ca/,/free-window-treatment-consultation/,200,,already direct; unchanged
https://www.805shutters.com/drapery/westlake-village-ca/,/free-window-treatment-consultation/,200,,already direct; unchanged
https://www.805shutters.com/window-coverings/westlake-village-ca/,/free-window-treatment-consultation/,200,,already direct; unchanged
https://www.805shutters.com/window-coverings/westlake-village-ca/,/free-window-treatment-consultation/,200,,already direct; unchanged
https://www.805shutters.com/window-coverings/westlake-village-ca/,/free-window-treatment-consultation/,200,,already direct; unchanged
https://www.805shutters.com/window-treatments/westlake-village-ca/,/free-window-treatment-consultation/,200,,already direct; unchanged
https://www.805shutters.com/window-treatments/westlake-village-ca/,/free-window-treatment-consultation/,200,,already direct; unchanged
https://www.805shutters.com/window-treatments/westlake-village-ca/,/free-window-treatment-consultation/,200,,already direct; unchanged
https://www.805shutters.com/commercial-window-coverings/camarillo-ca/,/free-window-treatment-consultation/,200,,already direct; unchanged
https://www.805shutters.com/commercial-window-coverings/camarillo-ca/,/free-window-treatment-consultation/,200,,already direct; unchanged
https://www.805shutters.com/commercial-window-coverings/camarillo-ca/,/free-window-treatment-consultation/,200,,already direct; unchanged
https://www.805shutters.com/commercial-window-coverings/fillmore-ca/,/free-window-treatment-consultation/,200,,already direct; unchanged
https://www.805shutters.com/commercial-window-coverings/fillmore-ca/,/free-window-treatment-consultation/,200,,already direct; unchanged
https://www.805shutters.com/commercial-window-coverings/fillmore-ca/,/free-window-treatment-consultation/,200,,already direct; unchanged
https://www.805shutters.com/commercial-window-coverings/moorpark-ca/,/free-window-treatment-consultation/,200,,already direct; unchanged
https://www.805shutters.com/commercial-window-coverings/moorpark-ca/,/free-window-treatment-consultation/,200,,already direct; unchanged
https://www.805shutters.com/commercial-window-coverings/moorpark-ca/,/free-window-treatment-consultation/,200,,already direct; unchanged
https://www.805shutters.com/commercial-window-coverings/newbury-park-ca/,/free-window-treatment-consultation/,200,,already direct; unchanged
https://www.805shutters.com/commercial-window-coverings/newbury-park-ca/,/free-window-treatment-consultation/,200,,already direct; unchanged
https://www.805shutters.com/commercial-window-coverings/newbury-park-ca/,/free-window-treatment-consultation/,200,,already direct; unchanged
https://www.805shutters.com/commercial-window-coverings/oak-park-ca/,/free-window-treatment-consultation/,200,,already direct; unchanged
https://www.805shutters.com/commercial-window-coverings/oak-park-ca/,/free-window-treatment-consultation/,200,,already direct; unchanged
https://www.805shutters.com/commercial-window-coverings/oak-park-ca/,/free-window-treatment-consultation/,200,,already direct; unchanged
https://www.805shutters.com/commercial-window-coverings/ojai-ca/,/free-window-treatment-consultation/,200,,already direct; unchanged
https://www.805shutters.com/commercial-window-coverings/ojai-ca/,/free-window-treatment-consultation/,200,,already direct; unchanged
https://www.805shutters.com/commercial-window-coverings/ojai-ca/,/free-window-treatment-consultation/,200,,already direct; unchanged
https://www.805shutters.com/commercial-window-coverings/oxnard-ca/,/free-window-treatment-consultation/,200,,already direct; unchanged
https://www.805shutters.com/commercial-window-coverings/oxnard-ca/,/free-window-treatment-consultation/,200,,already direct; unchanged
https://www.805shutters.com/commercial-window-coverings/oxnard-ca/,/free-window-treatment-consultation/,200,,already direct; unchanged
https://www.805shutters.com/commercial-window-coverings/port-hueneme-ca/,/free-window-treatment-consultation/,200,,already direct; unchanged
https://www.805shutters.com/commercial-window-coverings/port-hueneme-ca/,/free-window-treatment-consultation/,200,,already direct; unchanged
https://www.805shutters.com/commercial-window-coverings/port-hueneme-ca/,/free-window-treatment-consultation/,200,,already direct; unchanged
https://www.805shutters.com/commercial-window-coverings/santa-paula-ca/,/free-window-treatment-consultation/,200,,already direct; unchanged
https://www.805shutters.com/commercial-window-coverings/santa-paula-ca/,/free-window-treatment-consultation/,200,,already direct; unchanged
https://www.805shutters.com/commercial-window-coverings/santa-paula-ca/,/free-window-treatment-consultation/,200,,already direct; unchanged
https://www.805shutters.com/commercial-window-coverings/santa-clarita-ca/,/free-window-treatment-consultation/,200,,already direct; unchanged
https://www.805shutters.com/commercial-window-coverings/santa-clarita-ca/,/free-window-treatment-consultation/,200,,already direct; unchanged
https://www.805shutters.com/commercial-window-coverings/santa-clarita-ca/,/free-window-treatment-consultation/,200,,already direct; unchanged
https://www.805shutters.com/commercial-window-coverings/santa-rosa-valley-ca/,/free-window-treatment-consultation/,200,,already direct; unchanged
https://www.805shutters.com/commercial-window-coverings/santa-rosa-valley-ca/,/free-window-treatment-consultation/,200,,already direct; unchanged
https://www.805shutters.com/commercial-window-coverings/santa-rosa-valley-ca/,/free-window-treatment-consultation/,200,,already direct; unchanged
https://www.805shutters.com/commercial-window-coverings/simi-valley-ca/,/free-window-treatment-consultation/,200,,already direct; unchanged
https://www.805shutters.com/commercial-window-coverings/simi-valley-ca/,/free-window-treatment-consultation/,200,,already direct; unchanged
https://www.805shutters.com/commercial-window-coverings/simi-valley-ca/,/free-window-treatment-consultation/,200,,already direct; unchanged
https://www.805shutters.com/commercial-window-coverings/thousand-oaks-ca/,/free-window-treatment-consultation/,200,,already direct; unchanged
https://www.805shutters.com/commercial-window-coverings/thousand-oaks-ca/,/free-window-treatment-consultation/,200,,already direct; unchanged
https://www.805shutters.com/commercial-window-coverings/thousand-oaks-ca/,/free-window-treatment-consultation/,200,,already direct; unchanged
https://www.805shutters.com/commercial-window-coverings/ventura-ca/,/free-window-treatment-consultation/,200,,already direct; unchanged
https://www.805shutters.com/commercial-window-coverings/ventura-ca/,/free-window-treatment-consultation/,200,,already direct; unchanged
https://www.805shutters.com/commercial-window-coverings/ventura-ca/,/free-window-treatment-consultation/,200,,already direct; unchanged
https://www.805shutters.com/commercial-window-coverings/westlake-village-ca/,/free-window-treatment-consultation/,200,,already direct; unchanged
https://www.805shutters.com/commercial-window-coverings/westlake-village-ca/,/free-window-treatment-consultation/,200,,already direct; unchanged
https://www.805shutters.com/commercial-window-coverings/westlake-village-ca/,/free-window-treatment-consultation/,200,,already direct; unchanged
https://www.805shutters.com/blinds/ventura-county/,/free-window-treatment-consultation/,200,,already direct; unchanged
https://www.805shutters.com/blinds/ventura-county/,/free-window-treatment-consultation/,200,,already direct; unchanged
https://www.805shutters.com/blinds/ventura-county/,/free-window-treatment-consultation/,200,,already direct; unchanged
https://www.805shutters.com/blinds/ventura-county/,/free-window-treatment-consultation/,200,,already direct; unchanged
https://www.805shutters.com/blinds/ventura-county/,/free-window-treatment-consultation/,200,,already direct; unchanged
https://www.805shutters.com/window-treatments/camarillo/,/free-window-treatment-consultation/,200,,already direct; unchanged
https://www.805shutters.com/window-treatments/camarillo/,/free-window-treatment-consultation/,200,,already direct; unchanged
https://www.805shutters.com/window-treatments/camarillo/,/free-window-treatment-consultation/,200,,already direct; unchanged
https://www.805shutters.com/ventura-county-window-treatments-camarillo-blinds-shades-shutters/,/free-window-treatment-consultation/,200,,already direct; unchanged
https://www.805shutters.com/ventura-county-window-treatments-camarillo-blinds-shades-shutters/,/free-window-treatment-consultation/,200,,already direct; unchanged
https://www.805shutters.com/ventura-county-window-treatments-camarillo-blinds-shades-shutters/,/free-window-treatment-consultation/,200,,already direct; unchanged
https://www.805shutters.com/shutters/plantation/,/free-window-treatment-consultation/,200,,already direct; unchanged
https://www.805shutters.com/shutters/plantation/,/free-window-treatment-consultation/,200,,already direct; unchanged
https://www.805shutters.com/shutters/plantation/,/free-window-treatment-consultation/,200,,already direct; unchanged
https://www.805shutters.com/shutters/interior-shutters-camarillo/,/free-window-treatment-consultation/,200,,already direct; unchanged
https://www.805shutters.com/shutters/interior-shutters-camarillo/,/free-window-treatment-consultation/,200,,already direct; unchanged
https://www.805shutters.com/shutters/interior-shutters-camarillo/,/free-window-treatment-consultation/,200,,already direct; unchanged
https://www.805shutters.com/shutters/wood-shutters-camarillo/,/free-window-treatment-consultation/,200,,already direct; unchanged
https://www.805shutters.com/shutters/wood-shutters-camarillo/,/free-window-treatment-consultation/,200,,already direct; unchanged
https://www.805shutters.com/shutters/wood-shutters-camarillo/,/free-window-treatment-consultation/,200,,already direct; unchanged
https://www.805shutters.com/recent-projects/sliding-door-shutters-ventura-county/,/free-window-treatment-consultation/,200,,already direct; unchanged
https://www.805shutters.com/recent-projects/sliding-door-shutters-ventura-county/,/free-window-treatment-consultation/,200,,already direct; unchanged
https://www.805shutters.com/recent-projects/sliding-door-shutters-ventura-county/,/free-window-treatment-consultation/,200,,already direct; unchanged
https://www.805shutters.com/recent-projects/roller-shades-large-window-ventura-county/,/free-window-treatment-consultation/,200,,already direct; unchanged
https://www.805shutters.com/recent-projects/roller-shades-large-window-ventura-county/,/free-window-treatment-consultation/,200,,already direct; unchanged
https://www.805shutters.com/recent-projects/roller-shades-large-window-ventura-county/,/free-window-treatment-consultation/,200,,already direct; unchanged
https://www.805shutters.com/recent-projects/layered-window-shades-ventura-county/,/free-window-treatment-consultation/,200,,already direct; unchanged
https://www.805shutters.com/recent-projects/layered-window-shades-ventura-county/,/free-window-treatment-consultation/,200,,already direct; unchanged
https://www.805shutters.com/recent-projects/layered-window-shades-ventura-county/,/free-window-treatment-consultation/,200,,already direct; unchanged
https://www.805shutters.com/recent-projects/arched-plantation-shutters-ventura-county/,/free-window-treatment-consultation/,200,,already direct; unchanged
https://www.805shutters.com/recent-projects/arched-plantation-shutters-ventura-county/,/free-window-treatment-consultation/,200,,already direct; unchanged
https://www.805shutters.com/recent-projects/arched-plantation-shutters-ventura-county/,/free-window-treatment-consultation/,200,,already direct; unchanged
https://www.805shutters.com/recent-projects/dark-wood-plantation-shutters-ventura-county/,/free-window-treatment-consultation/,200,,already direct; unchanged
https://www.805shutters.com/recent-projects/dark-wood-plantation-shutters-ventura-county/,/free-window-treatment-consultation/,200,,already direct; unchanged
https://www.805shutters.com/recent-projects/dark-wood-plantation-shutters-ventura-county/,/free-window-treatment-consultation/,200,,already direct; unchanged
https://www.805shutters.com/recent-projects/plantation-shutters-ventura-county-project/,/free-window-treatment-consultation/,200,,already direct; unchanged
https://www.805shutters.com/recent-projects/plantation-shutters-ventura-county-project/,/free-window-treatment-consultation/,200,,already direct; unchanged
https://www.805shutters.com/recent-projects/plantation-shutters-ventura-county-project/,/free-window-treatment-consultation/,200,,already direct; unchanged
https://www.805shutters.com/best-window-treatments-ventura-county/,/free-window-treatment-consultation/,200,,already direct; unchanged
https://www.805shutters.com/best-window-treatments-ventura-county/,/free-window-treatment-consultation/,200,,already direct; unchanged
https://www.805shutters.com/best-window-treatments-ventura-county/,/free-window-treatment-consultation/,200,,already direct; unchanged
https://www.805shutters.com/plantation-shutters-vs-shades-ventura-county/,/free-window-treatment-consultation/,200,,already direct; unchanged
https://www.805shutters.com/plantation-shutters-vs-shades-ventura-county/,/free-window-treatment-consultation/,200,,already direct; unchanged
https://www.805shutters.com/plantation-shutters-vs-shades-ventura-county/,/free-window-treatment-consultation/,200,,already direct; unchanged
https://www.805shutters.com/custom-blinds-shades-shutters-camarillo/,/free-window-treatment-consultation/,200,,already direct; unchanged
https://www.805shutters.com/custom-blinds-shades-shutters-camarillo/,/free-window-treatment-consultation/,200,,already direct; unchanged
https://www.805shutters.com/custom-blinds-shades-shutters-camarillo/,/free-window-treatment-consultation/,200,,already direct; unchanged
https://www.805shutters.com/commercial-roller-shades-ventura-county/,/free-window-treatment-consultation/,200,,already direct; unchanged
https://www.805shutters.com/commercial-roller-shades-ventura-county/,/free-window-treatment-consultation/,200,,already direct; unchanged
https://www.805shutters.com/commercial-roller-shades-ventura-county/,/free-window-treatment-consultation/,200,,already direct; unchanged
https://www.805shutters.com/sliding-door-window-treatments-ventura-county/,/free-window-treatment-consultation/,200,,already direct; unchanged
https://www.805shutters.com/sliding-door-window-treatments-ventura-county/,/free-window-treatment-consultation/,200,,already direct; unchanged
https://www.805shutters.com/sliding-door-window-treatments-ventura-county/,/free-window-treatment-consultation/,200,,already direct; unchanged
https://www.805shutters.com/motorized-window-shades-ventura-county/,/free-window-treatment-consultation/,200,,already direct; unchanged
https://www.805shutters.com/motorized-window-shades-ventura-county/,/free-window-treatment-consultation/,200,,already direct; unchanged
https://www.805shutters.com/coastal-window-treatments-ventura-county/,/free-window-treatment-consultation/,200,,already direct; unchanged
https://www.805shutters.com/coastal-window-treatments-ventura-county/,/free-window-treatment-consultation/,200,,already direct; unchanged
https://www.805shutters.com/coastal-window-treatments-ventura-county/,/free-window-treatment-consultation/,200,,already direct; unchanged
https://www.805shutters.com/window-treatment-installation-timeline-ventura-county/,/free-window-treatment-consultation/,200,,already direct; unchanged
https://www.805shutters.com/window-treatment-installation-timeline-ventura-county/,/free-window-treatment-consultation/,200,,already direct; unchanged
https://www.805shutters.com/window-treatment-installation-timeline-ventura-county/,/free-window-treatment-consultation/,200,,already direct; unchanged
https://www.805shutters.com/window-treatment-cost-guide-ventura-county/,/free-window-treatment-consultation/,200,,already direct; unchanged
https://www.805shutters.com/window-treatment-cost-guide-ventura-county/,/free-window-treatment-consultation/,200,,already direct; unchanged
https://www.805shutters.com/window-treatment-cost-guide-ventura-county/,/free-window-treatment-consultation/,200,,already direct; unchanged
https://www.805shutters.com/custom-drapery-curtains-ventura-county/,/free-window-treatment-consultation/,200,,already direct; unchanged
https://www.805shutters.com/custom-drapery-curtains-ventura-county/,/free-window-treatment-consultation/,200,,already direct; unchanged
https://www.805shutters.com/custom-drapery-curtains-ventura-county/,/free-window-treatment-consultation/,200,,already direct; unchanged
https://www.805shutters.com/shutters-near-me-ventura-county/,/free-window-treatment-consultation/,200,,already direct; unchanged
https://www.805shutters.com/shutters-near-me-ventura-county/,/free-window-treatment-consultation/,200,,already direct; unchanged
https://www.805shutters.com/shutters-near-me-ventura-county/,/free-window-treatment-consultation/,200,,already direct; unchanged
https://www.805shutters.com/blinds-near-me-ventura-county/,/free-window-treatment-consultation/,200,,already direct; unchanged
https://www.805shutters.com/blinds-near-me-ventura-county/,/free-window-treatment-consultation/,200,,already direct; unchanged
https://www.805shutters.com/blinds-near-me-ventura-county/,/free-window-treatment-consultation/,200,,already direct; unchanged
https://www.805shutters.com/window-shades-near-me-ventura-county/,/free-window-treatment-consultation/,200,,already direct; unchanged
https://www.805shutters.com/window-shades-near-me-ventura-county/,/free-window-treatment-consultation/,200,,already direct; unchanged
https://www.805shutters.com/window-shades-near-me-ventura-county/,/free-window-treatment-consultation/,200,,already direct; unchanged
https://www.805shutters.com/window-treatment-company-near-me-ventura-county/,/free-window-treatment-consultation/,200,,already direct; unchanged
https://www.805shutters.com/window-treatment-company-near-me-ventura-county/,/free-window-treatment-consultation/,200,,already direct; unchanged
https://www.805shutters.com/window-treatment-company-near-me-ventura-county/,/free-window-treatment-consultation/,200,,already direct; unchanged
https://www.805shutters.com/window-treatment-comparison-guide/,/free-window-treatment-consultation/,200,,already direct; unchanged
https://www.805shutters.com/window-treatment-comparison-guide/,/free-window-treatment-consultation/,200,,already direct; unchanged
https://www.805shutters.com/book-consultation/,/free-window-treatment-consultation/,200,,already direct; unchanged
https://www.805shutters.com/official/,/free-window-treatment-consultation/,200,,already direct; unchanged
https://www.805shutters.com/,/best-window-treatments-ventura-county/,200,,already direct; unchanged
https://www.805shutters.com/shutters/,/best-window-treatments-ventura-county/,200,,already direct; unchanged
https://www.805shutters.com/shades/,/best-window-treatments-ventura-county/,200,,already direct; unchanged
https://www.805shutters.com/blinds/,/best-window-treatments-ventura-county/,200,,already direct; unchanged
https://www.805shutters.com/drapery/,/best-window-treatments-ventura-county/,200,,already direct; unchanged
https://www.805shutters.com/exterior-shades/,/best-window-treatments-ventura-county/,200,,already direct; unchanged
https://www.805shutters.com/window-treatments/,/best-window-treatments-ventura-county/,200,,already direct; unchanged
https://www.805shutters.com/window-coverings/,/best-window-treatments-ventura-county/,200,,already direct; unchanged
https://www.805shutters.com/commercial-window-coverings/,/best-window-treatments-ventura-county/,200,,already direct; unchanged
https://www.805shutters.com/commercial-roller-shades/,/best-window-treatments-ventura-county/,200,,already direct; unchanged
https://www.805shutters.com/about/,/best-window-treatments-ventura-county/,200,,already direct; unchanged
https://www.805shutters.com/contact/,/best-window-treatments-ventura-county/,200,,already direct; unchanged
https://www.805shutters.com/free-window-treatment-consultation/,/best-window-treatments-ventura-county/,200,,already direct; unchanged
https://www.805shutters.com/financing/,/best-window-treatments-ventura-county/,200,,already direct; unchanged
https://www.805shutters.com/faq/,/best-window-treatments-ventura-county/,200,,already direct; unchanged
https://www.805shutters.com/gallery/,/best-window-treatments-ventura-county/,200,,already direct; unchanged
https://www.805shutters.com/reviews/,/best-window-treatments-ventura-county/,200,,already direct; unchanged
https://www.805shutters.com/recent-projects/,/best-window-treatments-ventura-county/,200,,already direct; unchanged
https://www.805shutters.com/shutters/camarillo/,/best-window-treatments-ventura-county/,200,,already direct; unchanged
https://www.805shutters.com/shades/camarillo-ca/,/best-window-treatments-ventura-county/,200,,already direct; unchanged
https://www.805shutters.com/blinds/camarillo-ca/,/best-window-treatments-ventura-county/,200,,already direct; unchanged
https://www.805shutters.com/drapery/camarillo-ca/,/best-window-treatments-ventura-county/,200,,already direct; unchanged
https://www.805shutters.com/window-coverings/camarillo-ca/,/best-window-treatments-ventura-county/,200,,already direct; unchanged
https://www.805shutters.com/window-treatments/camarillo-ca/,/best-window-treatments-ventura-county/,200,,already direct; unchanged
https://www.805shutters.com/shutters/fillmore/,/best-window-treatments-ventura-county/,200,,already direct; unchanged
https://www.805shutters.com/shades/fillmore-ca/,/best-window-treatments-ventura-county/,200,,already direct; unchanged
https://www.805shutters.com/blinds/fillmore-ca/,/best-window-treatments-ventura-county/,200,,already direct; unchanged
https://www.805shutters.com/drapery/fillmore-ca/,/best-window-treatments-ventura-county/,200,,already direct; unchanged
https://www.805shutters.com/window-coverings/fillmore-ca/,/best-window-treatments-ventura-county/,200,,already direct; unchanged
https://www.805shutters.com/window-treatments/fillmore-ca/,/best-window-treatments-ventura-county/,200,,already direct; unchanged
https://www.805shutters.com/shutters/moorpark/,/best-window-treatments-ventura-county/,200,,already direct; unchanged
https://www.805shutters.com/shades/moorpark-ca/,/best-window-treatments-ventura-county/,200,,already direct; unchanged
https://www.805shutters.com/blinds/moorpark-ca/,/best-window-treatments-ventura-county/,200,,already direct; unchanged
https://www.805shutters.com/drapery/moorpark-ca/,/best-window-treatments-ventura-county/,200,,already direct; unchanged
https://www.805shutters.com/window-coverings/moorpark-ca/,/best-window-treatments-ventura-county/,200,,already direct; unchanged
https://www.805shutters.com/window-treatments/moorpark-ca/,/best-window-treatments-ventura-county/,200,,already direct; unchanged
https://www.805shutters.com/shutters/newbury-park/,/best-window-treatments-ventura-county/,200,,already direct; unchanged
https://www.805shutters.com/shades/newbury-park-ca/,/best-window-treatments-ventura-county/,200,,already direct; unchanged
https://www.805shutters.com/blinds/newbury-park-ca/,/best-window-treatments-ventura-county/,200,,already direct; unchanged
https://www.805shutters.com/drapery/newbury-park-ca/,/best-window-treatments-ventura-county/,200,,already direct; unchanged
https://www.805shutters.com/window-coverings/newbury-park-ca/,/best-window-treatments-ventura-county/,200,,already direct; unchanged
https://www.805shutters.com/window-treatments/newbury-park-ca/,/best-window-treatments-ventura-county/,200,,already direct; unchanged
https://www.805shutters.com/shutters/oak-park/,/best-window-treatments-ventura-county/,200,,already direct; unchanged
https://www.805shutters.com/shades/oak-park-ca/,/best-window-treatments-ventura-county/,200,,already direct; unchanged
https://www.805shutters.com/blinds/oak-park-ca/,/best-window-treatments-ventura-county/,200,,already direct; unchanged
https://www.805shutters.com/drapery/oak-park-ca/,/best-window-treatments-ventura-county/,200,,already direct; unchanged
https://www.805shutters.com/window-coverings/oak-park-ca/,/best-window-treatments-ventura-county/,200,,already direct; unchanged
https://www.805shutters.com/window-treatments/oak-park-ca/,/best-window-treatments-ventura-county/,200,,already direct; unchanged
https://www.805shutters.com/shutters/ojai/,/best-window-treatments-ventura-county/,200,,already direct; unchanged
https://www.805shutters.com/shades/ojai-ca/,/best-window-treatments-ventura-county/,200,,already direct; unchanged
https://www.805shutters.com/blinds/ojai-ca/,/best-window-treatments-ventura-county/,200,,already direct; unchanged
https://www.805shutters.com/drapery/ojai-ca/,/best-window-treatments-ventura-county/,200,,already direct; unchanged
https://www.805shutters.com/window-coverings/ojai-ca/,/best-window-treatments-ventura-county/,200,,already direct; unchanged
https://www.805shutters.com/window-treatments/ojai-ca/,/best-window-treatments-ventura-county/,200,,already direct; unchanged
https://www.805shutters.com/shutters/oxnard/,/best-window-treatments-ventura-county/,200,,already direct; unchanged
https://www.805shutters.com/shades/oxnard-ca/,/best-window-treatments-ventura-county/,200,,already direct; unchanged
https://www.805shutters.com/blinds/oxnard-ca/,/best-window-treatments-ventura-county/,200,,already direct; unchanged
https://www.805shutters.com/drapery/oxnard-ca/,/best-window-treatments-ventura-county/,200,,already direct; unchanged
https://www.805shutters.com/window-coverings/oxnard-ca/,/best-window-treatments-ventura-county/,200,,already direct; unchanged
https://www.805shutters.com/window-treatments/oxnard-ca/,/best-window-treatments-ventura-county/,200,,already direct; unchanged
https://www.805shutters.com/shutters/port-hueneme/,/best-window-treatments-ventura-county/,200,,already direct; unchanged
https://www.805shutters.com/shades/port-hueneme-ca/,/best-window-treatments-ventura-county/,200,,already direct; unchanged
https://www.805shutters.com/blinds/port-hueneme-ca/,/best-window-treatments-ventura-county/,200,,already direct; unchanged
https://www.805shutters.com/drapery/port-hueneme-ca/,/best-window-treatments-ventura-county/,200,,already direct; unchanged
https://www.805shutters.com/window-coverings/port-hueneme-ca/,/best-window-treatments-ventura-county/,200,,already direct; unchanged
https://www.805shutters.com/window-treatments/port-hueneme-ca/,/best-window-treatments-ventura-county/,200,,already direct; unchanged
https://www.805shutters.com/shutters/santa-paula/,/best-window-treatments-ventura-county/,200,,already direct; unchanged
https://www.805shutters.com/shades/santa-paula-ca/,/best-window-treatments-ventura-county/,200,,already direct; unchanged
https://www.805shutters.com/blinds/santa-paula-ca/,/best-window-treatments-ventura-county/,200,,already direct; unchanged
https://www.805shutters.com/drapery/santa-paula-ca/,/best-window-treatments-ventura-county/,200,,already direct; unchanged
https://www.805shutters.com/window-coverings/santa-paula-ca/,/best-window-treatments-ventura-county/,200,,already direct; unchanged
https://www.805shutters.com/window-treatments/santa-paula-ca/,/best-window-treatments-ventura-county/,200,,already direct; unchanged
https://www.805shutters.com/shutters/santa-clarita/,/best-window-treatments-ventura-county/,200,,already direct; unchanged
https://www.805shutters.com/shades/santa-clarita-ca/,/best-window-treatments-ventura-county/,200,,already direct; unchanged
https://www.805shutters.com/blinds/santa-clarita-ca/,/best-window-treatments-ventura-county/,200,,already direct; unchanged
https://www.805shutters.com/drapery/santa-clarita-ca/,/best-window-treatments-ventura-county/,200,,already direct; unchanged
https://www.805shutters.com/window-coverings/santa-clarita-ca/,/best-window-treatments-ventura-county/,200,,already direct; unchanged
https://www.805shutters.com/window-treatments/santa-clarita-ca/,/best-window-treatments-ventura-county/,200,,already direct; unchanged
https://www.805shutters.com/shutters/santa-rosa-valley/,/best-window-treatments-ventura-county/,200,,already direct; unchanged
https://www.805shutters.com/shades/santa-rosa-valley-ca/,/best-window-treatments-ventura-county/,200,,already direct; unchanged
https://www.805shutters.com/blinds/santa-rosa-valley-ca/,/best-window-treatments-ventura-county/,200,,already direct; unchanged
https://www.805shutters.com/drapery/santa-rosa-valley-ca/,/best-window-treatments-ventura-county/,200,,already direct; unchanged
https://www.805shutters.com/window-coverings/santa-rosa-valley-ca/,/best-window-treatments-ventura-county/,200,,already direct; unchanged
https://www.805shutters.com/window-treatments/santa-rosa-valley-ca/,/best-window-treatments-ventura-county/,200,,already direct; unchanged
https://www.805shutters.com/shutters/simi-valley/,/best-window-treatments-ventura-county/,200,,already direct; unchanged
https://www.805shutters.com/shades/simi-valley-ca/,/best-window-treatments-ventura-county/,200,,already direct; unchanged
https://www.805shutters.com/blinds/simi-valley-ca/,/best-window-treatments-ventura-county/,200,,already direct; unchanged
https://www.805shutters.com/drapery/simi-valley-ca/,/best-window-treatments-ventura-county/,200,,already direct; unchanged
https://www.805shutters.com/window-coverings/simi-valley-ca/,/best-window-treatments-ventura-county/,200,,already direct; unchanged
https://www.805shutters.com/window-treatments/simi-valley-ca/,/best-window-treatments-ventura-county/,200,,already direct; unchanged
https://www.805shutters.com/shutters/thousand-oaks/,/best-window-treatments-ventura-county/,200,,already direct; unchanged
https://www.805shutters.com/shades/thousand-oaks-ca/,/best-window-treatments-ventura-county/,200,,already direct; unchanged
https://www.805shutters.com/blinds/thousand-oaks-ca/,/best-window-treatments-ventura-county/,200,,already direct; unchanged
https://www.805shutters.com/drapery/thousand-oaks-ca/,/best-window-treatments-ventura-county/,200,,already direct; unchanged
https://www.805shutters.com/window-coverings/thousand-oaks-ca/,/best-window-treatments-ventura-county/,200,,already direct; unchanged
https://www.805shutters.com/window-treatments/thousand-oaks-ca/,/best-window-treatments-ventura-county/,200,,already direct; unchanged
https://www.805shutters.com/shutters/ventura/,/best-window-treatments-ventura-county/,200,,already direct; unchanged
https://www.805shutters.com/shades/ventura-ca/,/best-window-treatments-ventura-county/,200,,already direct; unchanged
https://www.805shutters.com/blinds/ventura-ca/,/best-window-treatments-ventura-county/,200,,already direct; unchanged
https://www.805shutters.com/drapery/ventura-ca/,/best-window-treatments-ventura-county/,200,,already direct; unchanged
https://www.805shutters.com/window-coverings/ventura-ca/,/best-window-treatments-ventura-county/,200,,already direct; unchanged
https://www.805shutters.com/window-treatments/ventura-ca/,/best-window-treatments-ventura-county/,200,,already direct; unchanged
https://www.805shutters.com/shutters/westlake-village/,/best-window-treatments-ventura-county/,200,,already direct; unchanged
https://www.805shutters.com/shades/westlake-village-ca/,/best-window-treatments-ventura-county/,200,,already direct; unchanged
https://www.805shutters.com/blinds/westlake-village-ca/,/best-window-treatments-ventura-county/,200,,already direct; unchanged
https://www.805shutters.com/drapery/westlake-village-ca/,/best-window-treatments-ventura-county/,200,,already direct; unchanged
https://www.805shutters.com/window-coverings/westlake-village-ca/,/best-window-treatments-ventura-county/,200,,already direct; unchanged
https://www.805shutters.com/window-treatments/westlake-village-ca/,/best-window-treatments-ventura-county/,200,,already direct; unchanged
https://www.805shutters.com/commercial-window-coverings/camarillo-ca/,/best-window-treatments-ventura-county/,200,,already direct; unchanged
https://www.805shutters.com/commercial-window-coverings/fillmore-ca/,/best-window-treatments-ventura-county/,200,,already direct; unchanged
https://www.805shutters.com/commercial-window-coverings/moorpark-ca/,/best-window-treatments-ventura-county/,200,,already direct; unchanged
https://www.805shutters.com/commercial-window-coverings/newbury-park-ca/,/best-window-treatments-ventura-county/,200,,already direct; unchanged
https://www.805shutters.com/commercial-window-coverings/oak-park-ca/,/best-window-treatments-ventura-county/,200,,already direct; unchanged
https://www.805shutters.com/commercial-window-coverings/ojai-ca/,/best-window-treatments-ventura-county/,200,,already direct; unchanged
https://www.805shutters.com/commercial-window-coverings/oxnard-ca/,/best-window-treatments-ventura-county/,200,,already direct; unchanged
https://www.805shutters.com/commercial-window-coverings/port-hueneme-ca/,/best-window-treatments-ventura-county/,200,,already direct; unchanged
https://www.805shutters.com/commercial-window-coverings/santa-paula-ca/,/best-window-treatments-ventura-county/,200,,already direct; unchanged
https://www.805shutters.com/commercial-window-coverings/santa-clarita-ca/,/best-window-treatments-ventura-county/,200,,already direct; unchanged
https://www.805shutters.com/commercial-window-coverings/santa-rosa-valley-ca/,/best-window-treatments-ventura-county/,200,,already direct; unchanged
https://www.805shutters.com/commercial-window-coverings/simi-valley-ca/,/best-window-treatments-ventura-county/,200,,already direct; unchanged
https://www.805shutters.com/commercial-window-coverings/thousand-oaks-ca/,/best-window-treatments-ventura-county/,200,,already direct; unchanged
https://www.805shutters.com/commercial-window-coverings/ventura-ca/,/best-window-treatments-ventura-county/,200,,already direct; unchanged
https://www.805shutters.com/commercial-window-coverings/westlake-village-ca/,/best-window-treatments-ventura-county/,200,,already direct; unchanged
https://www.805shutters.com/blinds/ventura-county/,/best-window-treatments-ventura-county/,200,,already direct; unchanged
https://www.805shutters.com/window-treatments/camarillo/,/best-window-treatments-ventura-county/,200,,already direct; unchanged
https://www.805shutters.com/ventura-county-window-treatments-camarillo-blinds-shades-shutters/,/best-window-treatments-ventura-county/,200,,already direct; unchanged
https://www.805shutters.com/shutters/plantation/,/best-window-treatments-ventura-county/,200,,already direct; unchanged
https://www.805shutters.com/shutters/interior-shutters-camarillo/,/best-window-treatments-ventura-county/,200,,already direct; unchanged
https://www.805shutters.com/shutters/wood-shutters-camarillo/,/best-window-treatments-ventura-county/,200,,already direct; unchanged
https://www.805shutters.com/recent-projects/sliding-door-shutters-ventura-county/,/best-window-treatments-ventura-county/,200,,already direct; unchanged
https://www.805shutters.com/recent-projects/roller-shades-large-window-ventura-county/,/best-window-treatments-ventura-county/,200,,already direct; unchanged
https://www.805shutters.com/recent-projects/layered-window-shades-ventura-county/,/best-window-treatments-ventura-county/,200,,already direct; unchanged
https://www.805shutters.com/recent-projects/arched-plantation-shutters-ventura-county/,/best-window-treatments-ventura-county/,200,,already direct; unchanged
https://www.805shutters.com/recent-projects/dark-wood-plantation-shutters-ventura-county/,/best-window-treatments-ventura-county/,200,,already direct; unchanged
https://www.805shutters.com/recent-projects/plantation-shutters-ventura-county-project/,/best-window-treatments-ventura-county/,200,,already direct; unchanged
https://www.805shutters.com/best-window-treatments-ventura-county/,/best-window-treatments-ventura-county/,200,,already direct; unchanged
https://www.805shutters.com/plantation-shutters-vs-shades-ventura-county/,/best-window-treatments-ventura-county/,200,,already direct; unchanged
https://www.805shutters.com/plantation-shutters-vs-shades-ventura-county/,/best-window-treatments-ventura-county/,200,,already direct; unchanged
https://www.805shutters.com/custom-blinds-shades-shutters-camarillo/,/best-window-treatments-ventura-county/,200,,already direct; unchanged
https://www.805shutters.com/commercial-roller-shades-ventura-county/,/best-window-treatments-ventura-county/,200,,already direct; unchanged
https://www.805shutters.com/sliding-door-window-treatments-ventura-county/,/best-window-treatments-ventura-county/,200,,already direct; unchanged
https://www.805shutters.com/motorized-window-shades-ventura-county/,/best-window-treatments-ventura-county/,200,,already direct; unchanged
https://www.805shutters.com/motorized-window-shades-ventura-county/,/best-window-treatments-ventura-county/,200,,already direct; unchanged
https://www.805shutters.com/coastal-window-treatments-ventura-county/,/best-window-treatments-ventura-county/,200,,already direct; unchanged
https://www.805shutters.com/coastal-window-treatments-ventura-county/,/best-window-treatments-ventura-county/,200,,already direct; unchanged
https://www.805shutters.com/window-treatment-installation-timeline-ventura-county/,/best-window-treatments-ventura-county/,200,,already direct; unchanged
https://www.805shutters.com/window-treatment-cost-guide-ventura-county/,/best-window-treatments-ventura-county/,200,,already direct; unchanged
https://www.805shutters.com/window-treatment-cost-guide-ventura-county/,/best-window-treatments-ventura-county/,200,,already direct; unchanged
https://www.805shutters.com/custom-drapery-curtains-ventura-county/,/best-window-treatments-ventura-county/,200,,already direct; unchanged
https://www.805shutters.com/custom-drapery-curtains-ventura-county/,/best-window-treatments-ventura-county/,200,,already direct; unchanged
https://www.805shutters.com/shutters-near-me-ventura-county/,/best-window-treatments-ventura-county/,200,,already direct; unchanged
https://www.805shutters.com/blinds-near-me-ventura-county/,/best-window-treatments-ventura-county/,200,,already direct; unchanged
https://www.805shutters.com/window-shades-near-me-ventura-county/,/best-window-treatments-ventura-county/,200,,already direct; unchanged
https://www.805shutters.com/window-treatment-company-near-me-ventura-county/,/best-window-treatments-ventura-county/,200,,already direct; unchanged
https://www.805shutters.com/window-treatment-comparison-guide/,/best-window-treatments-ventura-county/,200,,already direct; unchanged
https://www.805shutters.com/book-consultation/,/best-window-treatments-ventura-county/,200,,already direct; unchanged
https://www.805shutters.com/official/,/best-window-treatments-ventura-county/,200,,already direct; unchanged
https://www.805shutters.com/,/privacy-policy/,200,,already direct; unchanged
https://www.805shutters.com/shutters/,/privacy-policy/,200,,already direct; unchanged
https://www.805shutters.com/shutters/,/privacy-policy/,200,,already direct; unchanged
https://www.805shutters.com/shades/,/privacy-policy/,200,,already direct; unchanged
https://www.805shutters.com/shades/,/privacy-policy/,200,,already direct; unchanged
https://www.805shutters.com/blinds/,/privacy-policy/,200,,already direct; unchanged
https://www.805shutters.com/blinds/,/privacy-policy/,200,,already direct; unchanged
https://www.805shutters.com/drapery/,/privacy-policy/,200,,already direct; unchanged
https://www.805shutters.com/drapery/,/privacy-policy/,200,,already direct; unchanged
https://www.805shutters.com/exterior-shades/,/privacy-policy/,200,,already direct; unchanged
https://www.805shutters.com/exterior-shades/,/privacy-policy/,200,,already direct; unchanged
https://www.805shutters.com/window-treatments/,/privacy-policy/,200,,already direct; unchanged
https://www.805shutters.com/window-treatments/,/privacy-policy/,200,,already direct; unchanged
https://www.805shutters.com/window-coverings/,/privacy-policy/,200,,already direct; unchanged
https://www.805shutters.com/window-coverings/,/privacy-policy/,200,,already direct; unchanged
https://www.805shutters.com/commercial-window-coverings/,/privacy-policy/,200,,already direct; unchanged
https://www.805shutters.com/commercial-window-coverings/,/privacy-policy/,200,,already direct; unchanged
https://www.805shutters.com/commercial-roller-shades/,/privacy-policy/,200,,already direct; unchanged
https://www.805shutters.com/commercial-roller-shades/,/privacy-policy/,200,,already direct; unchanged
https://www.805shutters.com/about/,/privacy-policy/,200,,already direct; unchanged
https://www.805shutters.com/contact/,/privacy-policy/,200,,already direct; unchanged
https://www.805shutters.com/contact/,/privacy-policy/,200,,already direct; unchanged
https://www.805shutters.com/free-window-treatment-consultation/,/privacy-policy/,200,,already direct; unchanged
https://www.805shutters.com/free-window-treatment-consultation/,/privacy-policy/,200,,already direct; unchanged
https://www.805shutters.com/financing/,/privacy-policy/,200,,already direct; unchanged
https://www.805shutters.com/faq/,/privacy-policy/,200,,already direct; unchanged
https://www.805shutters.com/gallery/,/privacy-policy/,200,,already direct; unchanged
https://www.805shutters.com/reviews/,/privacy-policy/,200,,already direct; unchanged
https://www.805shutters.com/recent-projects/,/privacy-policy/,200,,already direct; unchanged
https://www.805shutters.com/shutters/camarillo/,/privacy-policy/,200,,already direct; unchanged
https://www.805shutters.com/shades/camarillo-ca/,/privacy-policy/,200,,already direct; unchanged
https://www.805shutters.com/blinds/camarillo-ca/,/privacy-policy/,200,,already direct; unchanged
https://www.805shutters.com/drapery/camarillo-ca/,/privacy-policy/,200,,already direct; unchanged
https://www.805shutters.com/window-coverings/camarillo-ca/,/privacy-policy/,200,,already direct; unchanged
https://www.805shutters.com/window-treatments/camarillo-ca/,/privacy-policy/,200,,already direct; unchanged
https://www.805shutters.com/shutters/fillmore/,/privacy-policy/,200,,already direct; unchanged
https://www.805shutters.com/shades/fillmore-ca/,/privacy-policy/,200,,already direct; unchanged
https://www.805shutters.com/blinds/fillmore-ca/,/privacy-policy/,200,,already direct; unchanged
https://www.805shutters.com/drapery/fillmore-ca/,/privacy-policy/,200,,already direct; unchanged
https://www.805shutters.com/window-coverings/fillmore-ca/,/privacy-policy/,200,,already direct; unchanged
https://www.805shutters.com/window-treatments/fillmore-ca/,/privacy-policy/,200,,already direct; unchanged
https://www.805shutters.com/shutters/moorpark/,/privacy-policy/,200,,already direct; unchanged
https://www.805shutters.com/shades/moorpark-ca/,/privacy-policy/,200,,already direct; unchanged
https://www.805shutters.com/blinds/moorpark-ca/,/privacy-policy/,200,,already direct; unchanged
https://www.805shutters.com/drapery/moorpark-ca/,/privacy-policy/,200,,already direct; unchanged
https://www.805shutters.com/window-coverings/moorpark-ca/,/privacy-policy/,200,,already direct; unchanged
https://www.805shutters.com/window-treatments/moorpark-ca/,/privacy-policy/,200,,already direct; unchanged
https://www.805shutters.com/shutters/newbury-park/,/privacy-policy/,200,,already direct; unchanged
https://www.805shutters.com/shades/newbury-park-ca/,/privacy-policy/,200,,already direct; unchanged
https://www.805shutters.com/blinds/newbury-park-ca/,/privacy-policy/,200,,already direct; unchanged
https://www.805shutters.com/drapery/newbury-park-ca/,/privacy-policy/,200,,already direct; unchanged
https://www.805shutters.com/window-coverings/newbury-park-ca/,/privacy-policy/,200,,already direct; unchanged
https://www.805shutters.com/window-treatments/newbury-park-ca/,/privacy-policy/,200,,already direct; unchanged
https://www.805shutters.com/shutters/oak-park/,/privacy-policy/,200,,already direct; unchanged
https://www.805shutters.com/shades/oak-park-ca/,/privacy-policy/,200,,already direct; unchanged
https://www.805shutters.com/blinds/oak-park-ca/,/privacy-policy/,200,,already direct; unchanged
https://www.805shutters.com/drapery/oak-park-ca/,/privacy-policy/,200,,already direct; unchanged
https://www.805shutters.com/window-coverings/oak-park-ca/,/privacy-policy/,200,,already direct; unchanged
https://www.805shutters.com/window-treatments/oak-park-ca/,/privacy-policy/,200,,already direct; unchanged
https://www.805shutters.com/shutters/ojai/,/privacy-policy/,200,,already direct; unchanged
https://www.805shutters.com/shades/ojai-ca/,/privacy-policy/,200,,already direct; unchanged
https://www.805shutters.com/blinds/ojai-ca/,/privacy-policy/,200,,already direct; unchanged
https://www.805shutters.com/drapery/ojai-ca/,/privacy-policy/,200,,already direct; unchanged
https://www.805shutters.com/window-coverings/ojai-ca/,/privacy-policy/,200,,already direct; unchanged
https://www.805shutters.com/window-treatments/ojai-ca/,/privacy-policy/,200,,already direct; unchanged
https://www.805shutters.com/shutters/oxnard/,/privacy-policy/,200,,already direct; unchanged
https://www.805shutters.com/shades/oxnard-ca/,/privacy-policy/,200,,already direct; unchanged
https://www.805shutters.com/blinds/oxnard-ca/,/privacy-policy/,200,,already direct; unchanged
https://www.805shutters.com/drapery/oxnard-ca/,/privacy-policy/,200,,already direct; unchanged
https://www.805shutters.com/window-coverings/oxnard-ca/,/privacy-policy/,200,,already direct; unchanged
https://www.805shutters.com/window-treatments/oxnard-ca/,/privacy-policy/,200,,already direct; unchanged
https://www.805shutters.com/shutters/port-hueneme/,/privacy-policy/,200,,already direct; unchanged
https://www.805shutters.com/shades/port-hueneme-ca/,/privacy-policy/,200,,already direct; unchanged
https://www.805shutters.com/blinds/port-hueneme-ca/,/privacy-policy/,200,,already direct; unchanged
https://www.805shutters.com/drapery/port-hueneme-ca/,/privacy-policy/,200,,already direct; unchanged
https://www.805shutters.com/window-coverings/port-hueneme-ca/,/privacy-policy/,200,,already direct; unchanged
https://www.805shutters.com/window-treatments/port-hueneme-ca/,/privacy-policy/,200,,already direct; unchanged
https://www.805shutters.com/shutters/santa-paula/,/privacy-policy/,200,,already direct; unchanged
https://www.805shutters.com/shades/santa-paula-ca/,/privacy-policy/,200,,already direct; unchanged
https://www.805shutters.com/blinds/santa-paula-ca/,/privacy-policy/,200,,already direct; unchanged
https://www.805shutters.com/drapery/santa-paula-ca/,/privacy-policy/,200,,already direct; unchanged
https://www.805shutters.com/window-coverings/santa-paula-ca/,/privacy-policy/,200,,already direct; unchanged
https://www.805shutters.com/window-treatments/santa-paula-ca/,/privacy-policy/,200,,already direct; unchanged
https://www.805shutters.com/shutters/santa-clarita/,/privacy-policy/,200,,already direct; unchanged
https://www.805shutters.com/shades/santa-clarita-ca/,/privacy-policy/,200,,already direct; unchanged
https://www.805shutters.com/blinds/santa-clarita-ca/,/privacy-policy/,200,,already direct; unchanged
https://www.805shutters.com/drapery/santa-clarita-ca/,/privacy-policy/,200,,already direct; unchanged
https://www.805shutters.com/window-coverings/santa-clarita-ca/,/privacy-policy/,200,,already direct; unchanged
https://www.805shutters.com/window-treatments/santa-clarita-ca/,/privacy-policy/,200,,already direct; unchanged
https://www.805shutters.com/shutters/santa-rosa-valley/,/privacy-policy/,200,,already direct; unchanged
https://www.805shutters.com/shades/santa-rosa-valley-ca/,/privacy-policy/,200,,already direct; unchanged
https://www.805shutters.com/blinds/santa-rosa-valley-ca/,/privacy-policy/,200,,already direct; unchanged
https://www.805shutters.com/drapery/santa-rosa-valley-ca/,/privacy-policy/,200,,already direct; unchanged
https://www.805shutters.com/window-coverings/santa-rosa-valley-ca/,/privacy-policy/,200,,already direct; unchanged
https://www.805shutters.com/window-treatments/santa-rosa-valley-ca/,/privacy-policy/,200,,already direct; unchanged
https://www.805shutters.com/shutters/simi-valley/,/privacy-policy/,200,,already direct; unchanged
https://www.805shutters.com/shades/simi-valley-ca/,/privacy-policy/,200,,already direct; unchanged
https://www.805shutters.com/blinds/simi-valley-ca/,/privacy-policy/,200,,already direct; unchanged
https://www.805shutters.com/drapery/simi-valley-ca/,/privacy-policy/,200,,already direct; unchanged
https://www.805shutters.com/window-coverings/simi-valley-ca/,/privacy-policy/,200,,already direct; unchanged
https://www.805shutters.com/window-treatments/simi-valley-ca/,/privacy-policy/,200,,already direct; unchanged
https://www.805shutters.com/shutters/thousand-oaks/,/privacy-policy/,200,,already direct; unchanged
https://www.805shutters.com/shades/thousand-oaks-ca/,/privacy-policy/,200,,already direct; unchanged
https://www.805shutters.com/blinds/thousand-oaks-ca/,/privacy-policy/,200,,already direct; unchanged
https://www.805shutters.com/drapery/thousand-oaks-ca/,/privacy-policy/,200,,already direct; unchanged
https://www.805shutters.com/window-coverings/thousand-oaks-ca/,/privacy-policy/,200,,already direct; unchanged
https://www.805shutters.com/window-treatments/thousand-oaks-ca/,/privacy-policy/,200,,already direct; unchanged
https://www.805shutters.com/shutters/ventura/,/privacy-policy/,200,,already direct; unchanged
https://www.805shutters.com/shades/ventura-ca/,/privacy-policy/,200,,already direct; unchanged
https://www.805shutters.com/blinds/ventura-ca/,/privacy-policy/,200,,already direct; unchanged
https://www.805shutters.com/drapery/ventura-ca/,/privacy-policy/,200,,already direct; unchanged
https://www.805shutters.com/window-coverings/ventura-ca/,/privacy-policy/,200,,already direct; unchanged
https://www.805shutters.com/window-treatments/ventura-ca/,/privacy-policy/,200,,already direct; unchanged
https://www.805shutters.com/shutters/westlake-village/,/privacy-policy/,200,,already direct; unchanged
https://www.805shutters.com/shades/westlake-village-ca/,/privacy-policy/,200,,already direct; unchanged
https://www.805shutters.com/blinds/westlake-village-ca/,/privacy-policy/,200,,already direct; unchanged
https://www.805shutters.com/drapery/westlake-village-ca/,/privacy-policy/,200,,already direct; unchanged
https://www.805shutters.com/window-coverings/westlake-village-ca/,/privacy-policy/,200,,already direct; unchanged
https://www.805shutters.com/window-treatments/westlake-village-ca/,/privacy-policy/,200,,already direct; unchanged
https://www.805shutters.com/commercial-window-coverings/camarillo-ca/,/privacy-policy/,200,,already direct; unchanged
https://www.805shutters.com/commercial-window-coverings/fillmore-ca/,/privacy-policy/,200,,already direct; unchanged
https://www.805shutters.com/commercial-window-coverings/moorpark-ca/,/privacy-policy/,200,,already direct; unchanged
https://www.805shutters.com/commercial-window-coverings/newbury-park-ca/,/privacy-policy/,200,,already direct; unchanged
https://www.805shutters.com/commercial-window-coverings/oak-park-ca/,/privacy-policy/,200,,already direct; unchanged
https://www.805shutters.com/commercial-window-coverings/ojai-ca/,/privacy-policy/,200,,already direct; unchanged
https://www.805shutters.com/commercial-window-coverings/oxnard-ca/,/privacy-policy/,200,,already direct; unchanged
https://www.805shutters.com/commercial-window-coverings/port-hueneme-ca/,/privacy-policy/,200,,already direct; unchanged
https://www.805shutters.com/commercial-window-coverings/santa-paula-ca/,/privacy-policy/,200,,already direct; unchanged
https://www.805shutters.com/commercial-window-coverings/santa-clarita-ca/,/privacy-policy/,200,,already direct; unchanged
https://www.805shutters.com/commercial-window-coverings/santa-rosa-valley-ca/,/privacy-policy/,200,,already direct; unchanged
https://www.805shutters.com/commercial-window-coverings/simi-valley-ca/,/privacy-policy/,200,,already direct; unchanged
https://www.805shutters.com/commercial-window-coverings/thousand-oaks-ca/,/privacy-policy/,200,,already direct; unchanged
https://www.805shutters.com/commercial-window-coverings/ventura-ca/,/privacy-policy/,200,,already direct; unchanged
https://www.805shutters.com/commercial-window-coverings/westlake-village-ca/,/privacy-policy/,200,,already direct; unchanged
https://www.805shutters.com/blinds/ventura-county/,/privacy-policy/,200,,already direct; unchanged
https://www.805shutters.com/window-treatments/camarillo/,/privacy-policy/,200,,already direct; unchanged
https://www.805shutters.com/ventura-county-window-treatments-camarillo-blinds-shades-shutters/,/privacy-policy/,200,,already direct; unchanged
https://www.805shutters.com/shutters/plantation/,/privacy-policy/,200,,already direct; unchanged
https://www.805shutters.com/shutters/interior-shutters-camarillo/,/privacy-policy/,200,,already direct; unchanged
https://www.805shutters.com/shutters/wood-shutters-camarillo/,/privacy-policy/,200,,already direct; unchanged
https://www.805shutters.com/recent-projects/sliding-door-shutters-ventura-county/,/privacy-policy/,200,,already direct; unchanged
https://www.805shutters.com/recent-projects/roller-shades-large-window-ventura-county/,/privacy-policy/,200,,already direct; unchanged
https://www.805shutters.com/recent-projects/layered-window-shades-ventura-county/,/privacy-policy/,200,,already direct; unchanged
https://www.805shutters.com/recent-projects/arched-plantation-shutters-ventura-county/,/privacy-policy/,200,,already direct; unchanged
https://www.805shutters.com/recent-projects/dark-wood-plantation-shutters-ventura-county/,/privacy-policy/,200,,already direct; unchanged
https://www.805shutters.com/recent-projects/plantation-shutters-ventura-county-project/,/privacy-policy/,200,,already direct; unchanged
https://www.805shutters.com/best-window-treatments-ventura-county/,/privacy-policy/,200,,already direct; unchanged
https://www.805shutters.com/plantation-shutters-vs-shades-ventura-county/,/privacy-policy/,200,,already direct; unchanged
https://www.805shutters.com/custom-blinds-shades-shutters-camarillo/,/privacy-policy/,200,,already direct; unchanged
https://www.805shutters.com/commercial-roller-shades-ventura-county/,/privacy-policy/,200,,already direct; unchanged
https://www.805shutters.com/sliding-door-window-treatments-ventura-county/,/privacy-policy/,200,,already direct; unchanged
https://www.805shutters.com/motorized-window-shades-ventura-county/,/privacy-policy/,200,,already direct; unchanged
https://www.805shutters.com/coastal-window-treatments-ventura-county/,/privacy-policy/,200,,already direct; unchanged
https://www.805shutters.com/window-treatment-installation-timeline-ventura-county/,/privacy-policy/,200,,already direct; unchanged
https://www.805shutters.com/window-treatment-cost-guide-ventura-county/,/privacy-policy/,200,,already direct; unchanged
https://www.805shutters.com/custom-drapery-curtains-ventura-county/,/privacy-policy/,200,,already direct; unchanged
https://www.805shutters.com/shutters-near-me-ventura-county/,/privacy-policy/,200,,already direct; unchanged
https://www.805shutters.com/blinds-near-me-ventura-county/,/privacy-policy/,200,,already direct; unchanged
https://www.805shutters.com/window-shades-near-me-ventura-county/,/privacy-policy/,200,,already direct; unchanged
https://www.805shutters.com/window-treatment-company-near-me-ventura-county/,/privacy-policy/,200,,already direct; unchanged
https://www.805shutters.com/window-treatment-comparison-guide/,/privacy-policy/,200,,already direct; unchanged
https://www.805shutters.com/book-consultation/,/privacy-policy/,200,,already direct; unchanged
https://www.805shutters.com/official/,/privacy-policy/,200,,already direct; unchanged
https://www.805shutters.com/shutters/,/shutters/plantation/,200,,already direct; unchanged
https://www.805shutters.com/shutters/camarillo/,/shutters/plantation/,200,,already direct; unchanged
https://www.805shutters.com/shutters/oxnard/,/shutters/plantation/,200,,already direct; unchanged
https://www.805shutters.com/shutters/thousand-oaks/,/shutters/plantation/,200,,already direct; unchanged
https://www.805shutters.com/shutters/,/recent-projects/,200,,already direct; unchanged
https://www.805shutters.com/window-treatments/,/recent-projects/,200,,already direct; unchanged
https://www.805shutters.com/reviews/,/recent-projects/,200,,already direct; unchanged
https://www.805shutters.com/shutters/camarillo/,/recent-projects/,200,,already direct; unchanged
https://www.805shutters.com/shades/camarillo-ca/,/recent-projects/,200,,already direct; unchanged
https://www.805shutters.com/blinds/camarillo-ca/,/recent-projects/,200,,already direct; unchanged
https://www.805shutters.com/window-treatments/camarillo-ca/,/recent-projects/,200,,already direct; unchanged
https://www.805shutters.com/window-treatments/camarillo-ca/,/recent-projects/,200,,already direct; unchanged
https://www.805shutters.com/shutters/oxnard/,/recent-projects/,200,,already direct; unchanged
https://www.805shutters.com/shutters/oxnard/,/recent-projects/,200,,already direct; unchanged
https://www.805shutters.com/shutters/thousand-oaks/,/recent-projects/,200,,already direct; unchanged
https://www.805shutters.com/shutters/thousand-oaks/,/recent-projects/,200,,already direct; unchanged
https://www.805shutters.com/window-coverings/thousand-oaks-ca/,/recent-projects/,200,,already direct; unchanged
https://www.805shutters.com/shutters/ventura/,/recent-projects/,200,,already direct; unchanged
https://www.805shutters.com/shutters/ventura/,/recent-projects/,200,,already direct; unchanged
https://www.805shutters.com/blinds/ventura-county/,/recent-projects/,200,,already direct; unchanged
https://www.805shutters.com/shades/,/recent-projects/roller-shades-large-window-ventura-county/,200,,already direct; unchanged
https://www.805shutters.com/shades/camarillo-ca/,/recent-projects/roller-shades-large-window-ventura-county/,200,,already direct; unchanged
https://www.805shutters.com/shades/,/recent-projects/layered-window-shades-ventura-county/,200,,already direct; unchanged
https://www.805shutters.com/shades/camarillo-ca/,/recent-projects/layered-window-shades-ventura-county/,200,,already direct; unchanged
https://www.805shutters.com/shades/,/commercial-roller-shades/,200,,already direct; unchanged
https://www.805shutters.com/window-coverings/,/commercial-roller-shades/,200,,already direct; unchanged
https://www.805shutters.com/commercial-window-coverings/,/commercial-roller-shades/,200,,already direct; unchanged
https://www.805shutters.com/commercial-window-coverings/,/commercial-roller-shades/,200,,already direct; unchanged
https://www.805shutters.com/commercial-window-coverings/,/commercial-roller-shades/,200,,already direct; unchanged
https://www.805shutters.com/window-coverings/thousand-oaks-ca/,/commercial-roller-shades/,200,,already direct; unchanged
https://www.805shutters.com/commercial-window-coverings/camarillo-ca/,/commercial-roller-shades/,200,,already direct; unchanged
https://www.805shutters.com/commercial-window-coverings/fillmore-ca/,/commercial-roller-shades/,200,,already direct; unchanged
https://www.805shutters.com/commercial-window-coverings/moorpark-ca/,/commercial-roller-shades/,200,,already direct; unchanged
https://www.805shutters.com/commercial-window-coverings/newbury-park-ca/,/commercial-roller-shades/,200,,already direct; unchanged
https://www.805shutters.com/commercial-window-coverings/oak-park-ca/,/commercial-roller-shades/,200,,already direct; unchanged
https://www.805shutters.com/commercial-window-coverings/ojai-ca/,/commercial-roller-shades/,200,,already direct; unchanged
https://www.805shutters.com/commercial-window-coverings/oxnard-ca/,/commercial-roller-shades/,200,,already direct; unchanged
https://www.805shutters.com/commercial-window-coverings/port-hueneme-ca/,/commercial-roller-shades/,200,,already direct; unchanged
https://www.805shutters.com/commercial-window-coverings/santa-paula-ca/,/commercial-roller-shades/,200,,already direct; unchanged
https://www.805shutters.com/commercial-window-coverings/santa-clarita-ca/,/commercial-roller-shades/,200,,already direct; unchanged
https://www.805shutters.com/commercial-window-coverings/santa-rosa-valley-ca/,/commercial-roller-shades/,200,,already direct; unchanged
https://www.805shutters.com/commercial-window-coverings/simi-valley-ca/,/commercial-roller-shades/,200,,already direct; unchanged
https://www.805shutters.com/commercial-window-coverings/thousand-oaks-ca/,/commercial-roller-shades/,200,,already direct; unchanged
https://www.805shutters.com/commercial-window-coverings/ventura-ca/,/commercial-roller-shades/,200,,already direct; unchanged
https://www.805shutters.com/commercial-window-coverings/westlake-village-ca/,/commercial-roller-shades/,200,,already direct; unchanged
https://www.805shutters.com/commercial-roller-shades-ventura-county/,/commercial-roller-shades/,200,,already direct; unchanged
https://www.805shutters.com/motorized-window-shades-ventura-county/,/commercial-roller-shades/,200,,already direct; unchanged
https://www.805shutters.com/shades/,/shades/camarillo-ca/,200,,already direct; unchanged
https://www.805shutters.com/window-treatments/camarillo-ca/,/shades/camarillo-ca/,200,,already direct; unchanged
https://www.805shutters.com/shades/,/shades/thousand-oaks-ca/,200,,already direct; unchanged
https://www.805shutters.com/window-shades-near-me-ventura-county/,/shades/thousand-oaks-ca/,200,,already direct; unchanged
https://www.805shutters.com/shades/,/shades/ventura-ca/,200,,already direct; unchanged
https://www.805shutters.com/blinds/,/blinds/ventura-county/,200,,already direct; unchanged
https://www.805shutters.com/blinds/camarillo-ca/,/blinds/ventura-county/,200,,already direct; unchanged
https://www.805shutters.com/blinds/,/window-treatments/,200,,already direct; unchanged
https://www.805shutters.com/drapery/,/window-treatments/,200,,already direct; unchanged
https://www.805shutters.com/window-coverings/,/window-treatments/,200,,already direct; unchanged
https://www.805shutters.com/blinds/ventura-county/,/window-treatments/,200,,already direct; unchanged
https://www.805shutters.com/blinds/,/blinds/camarillo-ca/,200,,already direct; unchanged
https://www.805shutters.com/window-treatments/camarillo-ca/,/blinds/camarillo-ca/,200,,already direct; unchanged
https://www.805shutters.com/blinds/ventura-county/,/blinds/camarillo-ca/,200,,already direct; unchanged
https://www.805shutters.com/blinds-near-me-ventura-county/,/blinds/camarillo-ca/,200,,already direct; unchanged
https://www.805shutters.com/blinds/,/blinds/oxnard-ca/,200,,already direct; unchanged
https://www.805shutters.com/blinds/,/blinds/simi-valley-ca/,200,,already direct; unchanged
https://www.805shutters.com/drapery/,/drapery/camarillo-ca/,200,,already direct; unchanged
https://www.805shutters.com/drapery/,/drapery/fillmore-ca/,200,,already direct; unchanged
https://www.805shutters.com/drapery/,/drapery/moorpark-ca/,200,,already direct; unchanged
https://www.805shutters.com/drapery/,/drapery/newbury-park-ca/,200,,already direct; unchanged
https://www.805shutters.com/drapery/,/drapery/oak-park-ca/,200,,already direct; unchanged
https://www.805shutters.com/drapery/,/drapery/ojai-ca/,200,,already direct; unchanged
https://www.805shutters.com/drapery/,/drapery/oxnard-ca/,200,,already direct; unchanged
https://www.805shutters.com/drapery/,/drapery/port-hueneme-ca/,200,,already direct; unchanged
https://www.805shutters.com/drapery/,/drapery/santa-paula-ca/,200,,already direct; unchanged
https://www.805shutters.com/drapery/,/drapery/santa-clarita-ca/,200,,already direct; unchanged
https://www.805shutters.com/drapery/,/drapery/santa-rosa-valley-ca/,200,,already direct; unchanged
https://www.805shutters.com/drapery/,/drapery/simi-valley-ca/,200,,already direct; unchanged
https://www.805shutters.com/drapery/,/drapery/thousand-oaks-ca/,200,,already direct; unchanged
https://www.805shutters.com/drapery/,/drapery/ventura-ca/,200,,already direct; unchanged
https://www.805shutters.com/drapery/,/drapery/westlake-village-ca/,200,,already direct; unchanged
https://www.805shutters.com/exterior-shades/,/window-coverings/,200,,already direct; unchanged
https://www.805shutters.com/window-coverings/thousand-oaks-ca/,/window-coverings/,200,,already direct; unchanged
https://www.805shutters.com/window-coverings/,/window-coverings/camarillo-ca/,200,,already direct; unchanged
https://www.805shutters.com/custom-blinds-shades-shutters-camarillo/,/window-coverings/camarillo-ca/,200,,already direct; unchanged
https://www.805shutters.com/window-coverings/,/window-coverings/thousand-oaks-ca/,200,,already direct; unchanged
https://www.805shutters.com/window-coverings/,/window-coverings/ventura-ca/,200,,already direct; unchanged
https://www.805shutters.com/commercial-window-coverings/,/commercial-window-coverings/camarillo-ca/,200,,already direct; unchanged
https://www.805shutters.com/commercial-roller-shades/,/commercial-window-coverings/camarillo-ca/,200,,already direct; unchanged
https://www.805shutters.com/commercial-window-coverings/fillmore-ca/,/commercial-window-coverings/camarillo-ca/,200,,already direct; unchanged
https://www.805shutters.com/commercial-window-coverings/moorpark-ca/,/commercial-window-coverings/camarillo-ca/,200,,already direct; unchanged
https://www.805shutters.com/commercial-window-coverings/newbury-park-ca/,/commercial-window-coverings/camarillo-ca/,200,,already direct; unchanged
https://www.805shutters.com/commercial-window-coverings/oak-park-ca/,/commercial-window-coverings/camarillo-ca/,200,,already direct; unchanged
https://www.805shutters.com/commercial-window-coverings/ojai-ca/,/commercial-window-coverings/camarillo-ca/,200,,already direct; unchanged
https://www.805shutters.com/commercial-window-coverings/oxnard-ca/,/commercial-window-coverings/camarillo-ca/,200,,already direct; unchanged
https://www.805shutters.com/commercial-window-coverings/port-hueneme-ca/,/commercial-window-coverings/camarillo-ca/,200,,already direct; unchanged
https://www.805shutters.com/commercial-window-coverings/santa-paula-ca/,/commercial-window-coverings/camarillo-ca/,200,,already direct; unchanged
https://www.805shutters.com/commercial-window-coverings/santa-clarita-ca/,/commercial-window-coverings/camarillo-ca/,200,,already direct; unchanged
https://www.805shutters.com/commercial-window-coverings/santa-rosa-valley-ca/,/commercial-window-coverings/camarillo-ca/,200,,already direct; unchanged
https://www.805shutters.com/commercial-window-coverings/simi-valley-ca/,/commercial-window-coverings/camarillo-ca/,200,,already direct; unchanged
https://www.805shutters.com/commercial-window-coverings/thousand-oaks-ca/,/commercial-window-coverings/camarillo-ca/,200,,already direct; unchanged
https://www.805shutters.com/commercial-window-coverings/ventura-ca/,/commercial-window-coverings/camarillo-ca/,200,,already direct; unchanged
https://www.805shutters.com/commercial-window-coverings/westlake-village-ca/,/commercial-window-coverings/camarillo-ca/,200,,already direct; unchanged
https://www.805shutters.com/commercial-window-coverings/,/commercial-window-coverings/fillmore-ca/,200,,already direct; unchanged
https://www.805shutters.com/commercial-window-coverings/,/commercial-window-coverings/moorpark-ca/,200,,already direct; unchanged
https://www.805shutters.com/commercial-window-coverings/,/commercial-window-coverings/newbury-park-ca/,200,,already direct; unchanged
https://www.805shutters.com/commercial-window-coverings/,/commercial-window-coverings/oak-park-ca/,200,,already direct; unchanged
https://www.805shutters.com/commercial-window-coverings/,/commercial-window-coverings/ojai-ca/,200,,already direct; unchanged
https://www.805shutters.com/commercial-window-coverings/,/commercial-window-coverings/oxnard-ca/,200,,already direct; unchanged
https://www.805shutters.com/commercial-roller-shades/,/commercial-window-coverings/oxnard-ca/,200,,already direct; unchanged
https://www.805shutters.com/commercial-window-coverings/camarillo-ca/,/commercial-window-coverings/oxnard-ca/,200,,already direct; unchanged
https://www.805shutters.com/commercial-window-coverings/thousand-oaks-ca/,/commercial-window-coverings/oxnard-ca/,200,,already direct; unchanged
https://www.805shutters.com/commercial-window-coverings/ventura-ca/,/commercial-window-coverings/oxnard-ca/,200,,already direct; unchanged
https://www.805shutters.com/commercial-window-coverings/,/commercial-window-coverings/port-hueneme-ca/,200,,already direct; unchanged
https://www.805shutters.com/commercial-window-coverings/,/commercial-window-coverings/santa-paula-ca/,200,,already direct; unchanged
https://www.805shutters.com/commercial-window-coverings/,/commercial-window-coverings/santa-clarita-ca/,200,,already direct; unchanged
https://www.805shutters.com/commercial-window-coverings/,/commercial-window-coverings/santa-rosa-valley-ca/,200,,already direct; unchanged
https://www.805shutters.com/commercial-window-coverings/,/commercial-window-coverings/simi-valley-ca/,200,,already direct; unchanged
https://www.805shutters.com/commercial-window-coverings/,/commercial-window-coverings/thousand-oaks-ca/,200,,already direct; unchanged
https://www.805shutters.com/commercial-roller-shades/,/commercial-window-coverings/thousand-oaks-ca/,200,,already direct; unchanged
https://www.805shutters.com/commercial-window-coverings/camarillo-ca/,/commercial-window-coverings/thousand-oaks-ca/,200,,already direct; unchanged
https://www.805shutters.com/commercial-window-coverings/fillmore-ca/,/commercial-window-coverings/thousand-oaks-ca/,200,,already direct; unchanged
https://www.805shutters.com/commercial-window-coverings/moorpark-ca/,/commercial-window-coverings/thousand-oaks-ca/,200,,already direct; unchanged
https://www.805shutters.com/commercial-window-coverings/newbury-park-ca/,/commercial-window-coverings/thousand-oaks-ca/,200,,already direct; unchanged
https://www.805shutters.com/commercial-window-coverings/oak-park-ca/,/commercial-window-coverings/thousand-oaks-ca/,200,,already direct; unchanged
https://www.805shutters.com/commercial-window-coverings/ojai-ca/,/commercial-window-coverings/thousand-oaks-ca/,200,,already direct; unchanged
https://www.805shutters.com/commercial-window-coverings/oxnard-ca/,/commercial-window-coverings/thousand-oaks-ca/,200,,already direct; unchanged
https://www.805shutters.com/commercial-window-coverings/port-hueneme-ca/,/commercial-window-coverings/thousand-oaks-ca/,200,,already direct; unchanged
https://www.805shutters.com/commercial-window-coverings/santa-paula-ca/,/commercial-window-coverings/thousand-oaks-ca/,200,,already direct; unchanged
https://www.805shutters.com/commercial-window-coverings/santa-clarita-ca/,/commercial-window-coverings/thousand-oaks-ca/,200,,already direct; unchanged
https://www.805shutters.com/commercial-window-coverings/santa-rosa-valley-ca/,/commercial-window-coverings/thousand-oaks-ca/,200,,already direct; unchanged
https://www.805shutters.com/commercial-window-coverings/simi-valley-ca/,/commercial-window-coverings/thousand-oaks-ca/,200,,already direct; unchanged
https://www.805shutters.com/commercial-window-coverings/ventura-ca/,/commercial-window-coverings/thousand-oaks-ca/,200,,already direct; unchanged
https://www.805shutters.com/commercial-window-coverings/westlake-village-ca/,/commercial-window-coverings/thousand-oaks-ca/,200,,already direct; unchanged
https://www.805shutters.com/commercial-window-coverings/,/commercial-window-coverings/ventura-ca/,200,,already direct; unchanged
https://www.805shutters.com/commercial-roller-shades/,/commercial-window-coverings/ventura-ca/,200,,already direct; unchanged
https://www.805shutters.com/commercial-window-coverings/camarillo-ca/,/commercial-window-coverings/ventura-ca/,200,,already direct; unchanged
https://www.805shutters.com/commercial-window-coverings/fillmore-ca/,/commercial-window-coverings/ventura-ca/,200,,already direct; unchanged
https://www.805shutters.com/commercial-window-coverings/moorpark-ca/,/commercial-window-coverings/ventura-ca/,200,,already direct; unchanged
https://www.805shutters.com/commercial-window-coverings/newbury-park-ca/,/commercial-window-coverings/ventura-ca/,200,,already direct; unchanged
https://www.805shutters.com/commercial-window-coverings/oak-park-ca/,/commercial-window-coverings/ventura-ca/,200,,already direct; unchanged
https://www.805shutters.com/commercial-window-coverings/ojai-ca/,/commercial-window-coverings/ventura-ca/,200,,already direct; unchanged
https://www.805shutters.com/commercial-window-coverings/oxnard-ca/,/commercial-window-coverings/ventura-ca/,200,,already direct; unchanged
https://www.805shutters.com/commercial-window-coverings/port-hueneme-ca/,/commercial-window-coverings/ventura-ca/,200,,already direct; unchanged
https://www.805shutters.com/commercial-window-coverings/santa-paula-ca/,/commercial-window-coverings/ventura-ca/,200,,already direct; unchanged
https://www.805shutters.com/commercial-window-coverings/santa-clarita-ca/,/commercial-window-coverings/ventura-ca/,200,,already direct; unchanged
https://www.805shutters.com/commercial-window-coverings/santa-rosa-valley-ca/,/commercial-window-coverings/ventura-ca/,200,,already direct; unchanged
https://www.805shutters.com/commercial-window-coverings/simi-valley-ca/,/commercial-window-coverings/ventura-ca/,200,,already direct; unchanged
https://www.805shutters.com/commercial-window-coverings/thousand-oaks-ca/,/commercial-window-coverings/ventura-ca/,200,,already direct; unchanged
https://www.805shutters.com/commercial-window-coverings/westlake-village-ca/,/commercial-window-coverings/ventura-ca/,200,,already direct; unchanged
https://www.805shutters.com/commercial-window-coverings/,/commercial-window-coverings/westlake-village-ca/,200,,already direct; unchanged
https://www.805shutters.com/shutters/camarillo/,/recent-projects/plantation-shutters-ventura-county-project/,200,,already direct; unchanged
https://www.805shutters.com/shutters/oxnard/,/recent-projects/plantation-shutters-ventura-county-project/,200,,already direct; unchanged
https://www.805shutters.com/shutters/camarillo/,/recent-projects/arched-plantation-shutters-ventura-county/,200,,already direct; unchanged
https://www.805shutters.com/shutters/ventura/,/recent-projects/arched-plantation-shutters-ventura-county/,200,,already direct; unchanged
https://www.805shutters.com/window-treatments/camarillo-ca/,/shutters/camarillo/,200,,already direct; unchanged
https://www.805shutters.com/shutters-near-me-ventura-county/,/shutters/camarillo/,200,,already direct; unchanged
https://www.805shutters.com/shutters/thousand-oaks/,/recent-projects/dark-wood-plantation-shutters-ventura-county/,200,,already direct; unchanged
https://www.805shutters.com/window-coverings/thousand-oaks-ca/,/shutters/thousand-oaks/,200,,already direct; unchanged
https://www.805shutters.com/shutters-near-me-ventura-county/,/shutters/thousand-oaks/,200,,already direct; unchanged
https://www.805shutters.com/shutters/ventura/,/recent-projects/sliding-door-shutters-ventura-county/,200,,already direct; unchanged
https://www.805shutters.com/sliding-door-window-treatments-ventura-county/,/recent-projects/sliding-door-shutters-ventura-county/,200,,already direct; unchanged
https://www.805shutters.com/best-window-treatments-ventura-county/,/coastal-window-treatments-ventura-county/,200,,already direct; unchanged
https://www.805shutters.com/best-window-treatments-ventura-county/,/window-treatment-installation-timeline-ventura-county/,200,,already direct; unchanged
https://www.805shutters.com/window-treatment-cost-guide-ventura-county/,/window-treatment-installation-timeline-ventura-county/,200,,already direct; unchanged
https://www.805shutters.com/best-window-treatments-ventura-county/,/window-treatment-cost-guide-ventura-county/,200,,already direct; unchanged
https://www.805shutters.com/window-treatment-installation-timeline-ventura-county/,/window-treatment-comparison-guide/,200,,already direct; unchanged
https://www.805shutters.com/window-treatment-cost-guide-ventura-county/,/window-treatment-comparison-guide/,200,,already direct; unchanged
https://www.805shutters.com/shutters-near-me-ventura-county/,/shutters/moorpark/,200,,already direct; unchanged
https://www.805shutters.com/blinds-near-me-ventura-county/,/blinds/moorpark-ca/,200,,already direct; unchanged
https://www.805shutters.com/blinds-near-me-ventura-county/,/blinds/thousand-oaks-ca/,200,,already direct; unchanged
https://www.805shutters.com/window-shades-near-me-ventura-county/,/shades/moorpark-ca/,200,,already direct; unchanged
https://www.805shutters.com/window-treatment-company-near-me-ventura-county/,/shutters-near-me-ventura-county/,200,,already direct; unchanged
https://www.805shutters.com/window-treatment-company-near-me-ventura-county/,/window-shades-near-me-ventura-county/,200,,already direct; unchanged
https://www.805shutters.com/window-treatment-company-near-me-ventura-county/,/blinds-near-me-ventura-county/,200,,already direct; unchanged
https://www.805shutters.com/window-treatment-company-near-me-ventura-county/,/custom-drapery-curtains-ventura-county/,200,,already direct; unchanged
https://www.805shutters.com/window-treatment-comparison-guide/,/plantation-shutters-vs-shades-ventura-county/,200,,already direct; unchanged
https://www.805shutters.com/window-treatment-comparison-guide/,/sliding-door-window-treatments-ventura-county/,200,,already direct; unchanged
https://www.805shutters.com/window-treatment-comparison-guide/,/commercial-roller-shades-ventura-county/,200,,already direct; unchanged
https://www.805shutters.com/book-consultation/,https://www.805shutters.com,200,,already direct; unchanged
https://www.805shutters.com/official/,https://www.805shutters.com,200,,already direct; unchanged
